,Almonds; with shell,Anise; badian; fennel; coriander,Apples,Apricots,Artichokes,Asparagus,Avocados,Bananas,Barley,Beans; dry,Beans; green,Berries nes,Blueberries,Brazil nuts; with shell,Broad beans; horse beans; dry,"Butter, Cream & Ghee",Cabbages and other brassicas,Carrots and turnips,Cashew nuts; with shell,Cassava,Cauliflowers and broccoli,Cheese,Cherries,Chestnut,Chillies and peppers; green,Cocoa; beans,Coconuts,Coffee; green,Cranberries,Crustaceans,Cucumbers and gherkins,Currants,Dates,Eggplants (aubergines),Eggs; hen; in shell,Eggs; other bird; in shell,Figs,Fish,Fruit; fresh nes,Fruit; tropical fresh nes,Garlic,Ginger,Gooseberries,Grain; mixed,Grapefruit (inc. pomelos),Grapes,Groundnuts; with shell,Hazelnuts; with shell,Kiwi fruit,Leeks; other alliaceous vegetables,Lemons and limes,Lentils,Lettuce and chicory,Maize,Mangoes; mangosteens; guavas,Meat; cattle,Meat; chicken,Meat; duck,Meat; pig,Meat; rabbit,Meat; sheep,Meat; turkey,Melons; other (inc.cantaloupes),Milk; whole fresh cow,Mushrooms and truffles,Nuts nes,Oats,Oil palm fruit,Olives,Onions; dry,Onions; shallots; green,Oranges,Peaches and nectarines,Pears,Peas; green,Pepper (piper spp.),Persimmons,Pineapples,Pistachios,Plums and sloes,Potatoes,Pulses nes,Pumpkins; squash and gourds,Quinoa,Rapeseed,Raspberries,Rice; paddy,Soybeans,Spices nes,Spinach,Strawberries,Sugar beet,Sugar cane,Sunflower seed,Tangerines; mandarins; clementines; satsumas,Tea,Tomatoes,Vegetables; fresh nes,Vegetables; leguminous nes,Walnuts; with shell,Water,Watermelons,Wheat,nan
CEREAL BARS,2.47936171119375,0.0,1.16875529886019,0.0,0.0,0.0,0.0,0.155411452457203,0.235363163837742,0.698234217787057,0.0,0.8115680047262381,0.0568420302845919,0.0,0.0,0.78152461317255,0.0,0.0745176383166046,2.84743164846849,0.301925136833405,0.0,0.0,0.0,0.0,0.0,3.52064806891791,0.0,0.0002235896001202,0.333150370561372,0.0,0.0,0.0115390142166911,0.0,0.0,0.0626945774944067,0.0,0.0,0.0,7.5779850912134,0.0,0.0,0.0,0.0,1.2295238749197923,0.0663856379928591,3.17187007248671,6.16566231868004,0.155640143593215,0.0369628350830174,0.0,0.009156604103606305,0.0,0.876951310363085,0.826714144329388,0.0,0.0763637932457294,0.0072437817997192,0.0,0.0053516773948339,0.0,0.0,0.0,0.0369628350830174,1.67877248841845,0.0004694417189021,0.459268791072246,13.793543463641,1.69498873359356,0.0,3.39102415686052e-05,0.0,0.0548099141523033,0.446114743370602,0.0050600365942869,0.0430129277117763,0.0002721085120203,0.0,0.0,9.31615867878988e-07,0.0,0.0,0.0,0.116333905764369,0.0,0.387366737656538,0.0551464312470231,6.03562954174729,4.7584721563654e-06,0.0003507638134238,0.0,0.124604314610823,0.0168116365092991,9.8657638366497,1.665415716028361,0.0,0.0,0.0,0.220008474657311,0.0,0.0527395551355718,1.12537381130727,0.0,3.089672860681,0.0
FLOUR-BREAD,0.0,0.0,0.0,0.0,0.0,0.0,0.0,0.0,0.510987308194083,0.020455643287405,0.0,0.0,0.0,0.0,0.0,0.0,0.0,0.0,0.0,0.895014941426556,0.0,0.0,0.0,0.0,0.0,0.0,0.0,0.0,0.0,0.0,0.0,0.0,0.0,0.0,0.0,0.0,0.0,0.0,0.0,0.0,0.0,0.0,0.0,0.56533217081166,0.484802930303738,0.0,0.0,0.0,0.0,0.0,0.0,0.0,0.0,0.010502605791707,0.0,0.0,0.0,0.0,0.0,0.0,0.0,0.0,0.0,0.283522402062897,0.0,0.0,0.230542225233596,0.216780066246097,0.0,0.0,0.0,0.0,0.0,0.0,0.0,0.0,0.0,0.0,0.0,0.0,0.0,0.0,0.126775735534257,0.0,0.0521346346333842,0.0,1.30522695254937,0.0,0.0,0.0,0.0,0.589224259058169,0.0898926898311855,0.176535213955666,0.0,0.0,0.0,0.0026820389245082,0.0,0.0,0.59586060052111,0.0,88.5158247000878,0.0
ICE CREAM WAFERS,0.0,0.0,0.0015618001189612,0.0,0.0,0.0,0.0,0.0,0.0,3.79829214338781,0.0,0.0,0.0,0.0,0.0,0.256993794163023,0.0,0.0089646335167032,0.0,0.0014796902991815,0.0,0.0,0.0,0.0,0.0,0.3391489066041417,0.0,0.0,0.0,0.0,0.0,0.0005701226590991,0.0,0.0,0.48245708593854,0.0,0.0,0.0,0.685516837200034,0.0,0.0,0.0,0.0,0.0001001105016454,2.74751772500755,0.130407065639719,0.0,0.0,0.0,0.0,0.000335117191486,0.0,0.11694041040792,0.500854631958433,0.0,0.0923964923853677,0.0,0.0,0.0923964923853677,0.0,0.0,0.0,0.0,2.08098827913428,0.0,0.0,0.0,5.12092509678311,0.0,0.0,0.0,0.0,0.0280273019697203,0.0804910233937774,0.0059253182683298,0.0,0.0,0.0,0.0,0.0,0.0,0.0,0.0,0.0,8.52819137419293,0.075023334567366,0.121272234647569,0.0,0.0,0.0,0.0,0.0,12.3759028129966,0.133427888153615,0.0,0.0,0.0,0.0428865725256891,0.0,0.0,1.82022274380645,0.0,48.3509613386617,0.0
BABY FOODS-WET,0.0625542803725944,0.0,3.03399144735143,0.0,0.0,0.0,0.0,2.73883892572906,0.0,0.310016801005087,0.0,0.0,0.0973227953794655,0.0,0.0,1.38771679164085,0.0,4.7632904159905,0.0,0.0,0.172396218594579,1.437125115302168,0.0,0.0,0.0,0.0,0.0,0.0,0.0,0.110038776169974,0.0,0.0,0.0,0.0,0.0199653316332504,0.0,0.0,2.041686733645245,3.34694635018714,0.0,0.0,0.0,0.0,0.0059885966774704,11.2818122133284,0.19697656562832971,0.0,0.0,0.0,0.468028867135826,0.3727800063193852,0.153509629019662,0.0501256243496236,1.02262368816961,0.0,6.23495133675988,5.69444528037958,0.0,0.102832946078521,0.0,0.0,0.0,0.0,2.61351671011634,0.127438813326487,0.0,0.0,0.696566522475059,0.0250930840814789,4.63757512890353,0.0,0.0,0.0,0.0,0.446492354360414,2.74401593762615,0.0,0.0,0.0,0.0,0.0,0.0,0.778084695342833,0.0,0.933954220827953,0.0,7.27400336461068,0.0,1.01816116194417,0.0,1.12206634367742,0.0,0.235597806952169,0.275576060015982,0.0,0.0,9.69556380589594,2.723788688473902,0.0,0.0,13.1184263110279,0.0,4.354416153424335,0.0
FRUIT - BANANAS,0.0,0.0,0.0,0.0,0.0,0.0,0.0,96.3288004945742,0.0,0.0,0.0,0.0,0.0,0.0,0.0,0.0,0.0,0.0,0.0,0.0,0.0,0.0,0.0,0.0,0.0,0.0,0.0,0.0,0.0,0.0,0.0,0.0,0.0,0.0,0.0,0.0,0.0,0.0,0.0,0.0,0.0,0.0,0.0,0.0,0.0,0.0,0.0,0.0,0.0,0.0,0.0,0.0,0.0,0.0150127491693721,0.0,0.0,0.0,0.0,0.0,0.0,0.0,0.0,0.0,3.48448344587381,0.0,0.0,0.0,0.0,0.0,0.0,0.0,0.0,0.0,0.0,0.0,0.0,0.0,0.0,0.0,0.0,0.0,0.0,0.0,0.0,0.0,0.0,0.0,0.0,0.0,0.0,0.0,0.0,0.0555917773752569,0.0,0.0,0.0,0.0,0.0,0.0,0.0,0.0,0.0,0.0,0.0
FRUIT - MELONS,0.0,0.0,0.0,0.0,0.0,0.0,0.0,0.0,0.0,0.0,0.0,0.0,0.0,0.0,0.0,0.0,0.0,0.0148380999842855,0.0,0.0,0.0,0.0,0.0,0.0,0.0,0.0,0.0,0.0,0.0,0.0,0.0,0.0148380999842855,0.0,0.0,0.0,0.0,0.0,0.0,0.840515888693247,0.0,0.0,0.0,0.0,0.011768923361421,0.0,2.17883345665867,0.0,0.0,0.215498481499993,0.0,0.498978308877412,0.0,0.0,0.411580737444431,0.0,0.0,0.0,0.0,0.0554213462920317,0.0,0.0,0.0,87.2010985730802,0.0,0.0,0.0,0.0,0.0,0.0,0.0,0.0,0.0,2.8280014171711,0.0,0.0,0.0,0.0,0.0,0.0,0.0,0.0,0.0,0.0,0.0,0.0,0.166540783193029,0.0,0.0,0.0,0.0,0.17958206791666,0.0,0.661426689706921,0.0,0.0,0.0,0.0,0.0114083759611416,0.0,0.0,2.57996268257261,0.0,0.0,0.0
FRUIT - NECTARINES,0.0,0.0,0.0,0.0,0.0,0.0,0.0,0.0,0.0,0.0,0.0,0.0,0.0,0.0,0.0,0.0,0.0,0.0,0.0,0.0,0.0,0.0,0.0,0.0,0.0,0.0,0.0,0.0,0.0,0.0,0.0,0.125666372503797,0.0,0.0,0.0,0.0,0.0,0.0,0.905306031175611,0.0,0.0,0.0,0.0,0.0263871664472851,0.0,0.0,0.0,0.0,5.80242627638488,0.0,0.5974803131100377,0.0,0.0,0.212452886244804,0.0,0.0,0.0,0.0,0.0,0.0,0.0,0.0,0.0,4.18486101589113,0.0,0.0,0.0,0.0,0.0,0.0,0.0,0.330183063705071,72.3882207841821,0.534699754906346,0.0,0.0,0.0,0.0,0.0,0.0,0.0,0.0,0.0,0.0,0.0,0.227924718104435,0.0,0.0,0.0,0.0,0.0,0.0,2.88463648280007,0.0,0.0,0.0,0.0,0.0,0.0,0.0,1.67432334542852,0.0,1.67432334542852,0.0
FRUIT - PEACHES,0.0,0.0,2.47658644876845,0.0,0.0,0.0,0.0,0.438702859722314,0.312345402850471,0.0,0.0,0.0,0.0,0.0,0.0,0.0,0.0,0.195786859887442,0.0,0.0,0.0,0.0,0.0,0.0,0.0,0.0,0.0,0.0,0.0,0.0,0.0,0.0,0.0,0.0,0.0,0.0,0.0,0.0,1.00020642876481,0.0,0.0,0.0,0.0,0.0,0.0,3.90315821187967,0.0,0.0,3.12345402850471,0.0,0.29768461011359,0.0,0.0,0.0,0.0,0.0,0.0,0.0,0.0,0.0,0.0,0.0,0.0,0.0,0.0,0.0,0.0,0.0,0.0,0.0,0.0,1.21932339990984,48.7862359538915,5.89144433994704,0.0,0.0,0.0,0.0,0.0,0.0,0.0,0.0,0.0,0.0,0.0,0.0379500819543417,1.49925793368226,0.0,0.0,0.0,0.353008627984,0.0,6.21698577709683,0.0,0.0,0.0,0.0,0.0,0.0,0.0,19.2736595561416,0.0,1.09320890997665,0.0
FRUIT - PLUMS,0.0,0.0,4.58488826290044,0.0,0.0,0.0,0.0,0.167310535814133,0.0,0.0,0.0,0.0,0.0,0.0,0.0,1.24384085296735,0.0,0.0,0.0,1.20712393869013,0.0,0.953250514477824,0.0,0.0,0.0,0.0,0.0,0.0,0.0,0.0,0.0812283050878385,0.0,0.0,0.0,0.0,0.0,0.0,0.0,0.0032654828868498,0.0,0.0,0.0,0.0,0.0,0.0,0.0,0.0,0.0,2.02759099076858,0.0,0.0696249806547905,0.0,0.0653125339629071,1.131678692522,0.0,0.0,0.0,0.0,0.0,0.0,0.0,0.0,0.0,0.0,0.0,0.0,0.0,0.0,0.0,0.0,0.0,0.0,79.6663219027022,0.3395036077566,0.0,0.0,0.0,0.0,0.0,0.0,0.0,0.0,0.0,0.0,0.0,0.0,0.0377226230840667,0.0,0.0,0.0,0.0,0.0,4.983816199348,1.20712393869013,0.0,0.0,0.0,0.0648276622186054,0.0,0.0,1.11281724533281,0.0,0.0,0.0
FRUIT - GRAPES,0.0,0.0,0.631910863446834,0.0,0.0,0.0,0.0,0.0,0.0,0.0,0.0,0.0745847844373819,3.07780780256486,0.0,0.0,0.0,0.0,0.0,0.0,0.0,0.0,0.0627948824203682,0.0,0.0,0.0,0.0,0.0,0.0,0.0,0.0,0.0,0.0007824281904552,0.0,0.0,0.0,0.0,0.0,0.0,0.743805168907255,0.0,0.0,0.0,0.0,0.000312677325555,0.0,82.0421956765467,0.0,0.0,0.0,0.0,0.005411210397838,0.0,0.0,0.0,0.0,0.0,0.0,0.0,0.0,0.0,0.0,0.0,6.60039646678132,0.0,0.0,0.0,0.0,0.0,0.0,0.0,0.0,0.0064171314630166,0.0615599176512233,0.0010910625649446,0.0,0.0,0.0,0.0,0.0,0.0,0.0,0.0,0.0,0.0,0.0,0.0008595867840775,0.0,0.0,0.0,0.0,4.8689150111337,0.0,0.19580267160808,0.001243079740623,0.0,0.0,0.0,0.0091078183947827,0.0,0.0,1.14083532903645,0.0,0.0830594678481497,0.0
VEGETABLES - CARROTS,0.0,0.0,0.0,0.0,0.0,0.0,0.0,0.0,0.0,0.286980100522752,0.0,0.0460243461467001,0.0,0.0,0.0,0.335210636715733,0.161776318395164,83.0064210890617,0.0,0.462628851799807,1.1133652360509971,0.310998443203717,0.0,0.0,0.0,0.0,0.0,0.0,0.0,0.0,0.0,0.0,0.0,0.0,0.0,0.0,0.0,0.0,0.0155122115539546,0.0,0.0,0.0,0.0,0.134122280000985,0.0022464847656886,0.0,0.0,0.0,0.0,0.0,0.0901021592101124,0.0,0.244856421624118,1.7565232345762,0.0,0.0,0.0,0.0,0.0,0.0,0.0,0.0,0.0,0.0,0.0,0.0,0.0,0.152364228954592,0.0,0.0,0.0,0.0,0.0,0.0,4.32348849650832,0.0314486533681747,0.0,0.0,0.0,0.0,0.0,0.0,0.0,0.0,0.373134824715692,0.0,0.0278658575639483,0.0,0.113159416032955,0.0,0.0,0.0,0.72269867258008,0.460382367034118,0.0,0.0,0.0,0.563444300382893,0.0,0.0,3.12489375384952,0.0,1.6235726656304,0.0
ICING-READY TO USE,0.0,0.0,0.0186345746090382,0.0,0.0,0.0,0.0,0.0,0.0,0.0,0.0,0.0,0.0,0.0,0.0,0.0235678894752955,0.0,0.103819035420734,0.106941564600907,0.0802407894911203,0.0,0.0128286029093228,0.0,0.0,0.0,0.89497613835498,0.0,0.0,0.0,0.0,0.0,0.0,0.0,0.0,0.725461555689818,0.0,0.0,0.0,0.166670408829859,0.0,0.0,0.0,0.0,0.659872324184512,2.90131975724015,0.15522936725778902,0.106941564600907,0.0,0.0,0.0031612790844199,0.109229143741541,0.0,0.0,0.284794982701772,0.0,0.0668657232743306,0.0,0.0,0.0,0.0,0.0,0.0,0.0,0.7084474033003,0.0,0.0,0.0,10.3674944800199,0.008517104993824,0.149041949914656,0.0,0.0,0.0143582160046419,0.0,0.0,0.005238327826952,0.0,0.0,0.0,0.0,0.0,0.0,0.0,0.0,1.1242717397483,0.0,0.313917368276829,0.0,0.0641995254294302,0.0,0.0,3.91038179271979,39.2419998664273,0.0,0.0,0.0,0.0291377308147679,1.2757026162989937,0.0,0.0,9.66384014246446,0.0,0.467639911659629,0.0
QUORN PRODUCTS EXC FRZN PRSCD,0.0,0.0,0.0203532481017266,0.0,0.0,0.0,0.0,0.0039013397088711,0.0153209096548732,0.286864953723078,0.0,0.0049274571578783,0.0015589385743597,0.0,0.0,0.764602149528115,0.0,0.152241050998932,0.0,0.366714457997713,0.0,1.473148395997426,0.0,0.0,0.0,0.0,0.0,0.0,0.0,0.0,0.0,0.0011249902186936,0.0,0.0,4.67881139864899,0.0,0.0,0.0,0.210134116815918,0.0,0.0,0.0,0.0,0.810107278313479,1.61427958352891,0.1031724585901784,0.0,0.0,0.0,0.0036628013213857,0.0383962387081475,0.0861726185889393,0.0839289630102693,0.369759020105476,0.0,0.0,0.0,0.0,0.0,0.0,0.0,0.0,0.0,1.69692777886804,47.5762486395375,0.0,0.0,0.863792807196668,0.0001542339912907,2.32578468379679,0.0,0.0017319014907578,0.0,0.0,0.786688689925541,0.741325893072114,0.0,0.0,0.0,0.0,0.0,0.0,0.0157350482826121,0.0,1.62330930983814,0.0,1.73363419872606,0.0061262118430597,0.850933078135145,0.0,0.0,0.0,0.714400550668403,0.395338111193354,0.0,0.0,1.18115338026856,1.096065288348079,0.0,0.0,10.7470911926615,0.0,8.805175832461828,0.0
VEGETABLES - ONIONS,0.0,0.0,0.0262387925772115,0.0,0.0,0.0,0.0,0.0,0.0837562992261381,0.0106982551617372,0.0,0.0,0.0,0.0,0.0,0.023097556477818,0.528199961540885,0.556633596898409,0.0,2.03038243732094,0.0,0.0442852489746357,0.0,0.0,0.0,0.0,0.0,0.0,0.0,0.0,0.0,0.0,0.0,0.0,0.0,0.0,0.0,0.0,0.0,0.0,0.0,0.0,0.0,0.0460940445208994,0.174700335254125,0.2273627846916783,0.0,0.0,0.0,0.0035816142406823,0.0350216692216229,0.0,0.0,1.9928670506325,0.0,0.0016898347590399,0.0,0.0,0.0,0.0,0.0,0.0,0.0,0.0033444739511247,0.0,0.0,0.0,0.233728388840948,0.02619297892909,74.0192733336061,0.0,0.0,0.0,0.0,0.0420725051254153,0.0519713670396402,0.0,0.0,0.0,0.0,0.0,0.0,0.0,0.0,0.123447537247189,0.0,0.118870800598619,0.0,0.0345184686358436,0.0,0.0,0.0,2.88432899252855,2.08892453716278,0.0,0.0,0.0073159216154664,0.537492308135343,0.0,0.0,7.78764441883365,0.0,0.841094806194865,0.0
VEGETABLES - TOMATOES,0.0,0.0,0.107195097034845,0.0,0.0,0.0,0.0,0.0,0.0306536256446723,0.0,0.0,0.0026979067203239,0.0,0.0,0.0,0.0635271936438724,0.111124125387363,0.122559761604961,0.0,1.00287417729396,0.0,0.1751673305329584,0.0,0.0,0.0,0.0,0.0,0.0,0.0009974668209046,0.0,0.013981070662845,0.0,0.0,0.0,0.0,0.0,0.0,0.0029072142777889,0.0,0.0,0.0,0.0,0.0,0.0235707285243651,0.273838477927807,0.1634654955382053,0.0,0.0,0.0,0.0,0.0506544236493979,0.0,0.251329168424396,0.970769279117321,0.0,0.4913052787757956,0.0,0.0,0.0,0.0,0.0083390058431264,0.0,0.176209519785876,0.0,0.0,0.0122936191293304,0.0,0.0027741571915188,0.669646870349511,0.0777844556585292,0.0,0.0533070831158152,3.24000013206862,0.0,0.0,0.10332961053227,0.0,0.0,0.0,0.0,0.0,0.0,0.0109912830198889,0.0,0.118930189209725,0.0,0.0313398180404362,0.0,0.353215236060011,0.0,0.178440235816452,0.0,0.437880311627704,3.31864996061224,0.0,0.0,85.6464548951636,0.2860955114646289,0.0,0.0,0.310075444958012,0.0,0.0335342912343519,0.0
VEGETABLES - PEPPERS,0.0,0.0,0.0368274462444456,0.0,0.0,0.0,0.0,0.0,0.0,0.190490114374134,0.0,0.0,0.0,0.0,0.0,0.160115047738568,0.859918184219321,0.149775632446078,0.0,0.0,0.0,0.23024002551101042,0.0,0.0,0.0,0.0,0.0,0.0,0.0,0.0007602787939769,0.0,0.0,0.0,0.0,0.0111549373240248,0.0,0.0,0.0,0.0257792123711119,0.0,0.0,0.0,0.0,0.0737942533383226,0.0037124422450398,0.1931820992942071,0.0,0.0,0.0,0.0,0.0275901625940112,0.0,0.17346260503571,0.262586915464343,0.0,0.413227675099127,0.602467398787012,0.0,0.381378236044782,0.0,0.0,0.0,0.0,0.08505193738779,0.004013739683626,0.0,0.0,0.036264620654484,0.173398002438547,0.264591602431392,0.0,0.0254109379086674,0.0397240287591667,0.0,0.0026158400932008,75.1574901592176,0.0,0.0,0.0,0.0,0.0,0.0,0.0,0.0,0.377865598546814,0.0,0.215844878942973,0.0,0.118719357954503,0.0,0.0,0.0,1.35951560560559,0.646803554045643,0.0,0.0,4.13256700980513,7.2825241562012915,0.0,0.0,3.96134494346949,0.0,1.16262141070076,0.0
VEGETABLES - LETTUCE,0.0,0.0,0.339665651425668,0.0,0.0,0.0,0.0,0.0,0.0,0.0,0.0,0.0,0.0,0.0,0.0,0.0413845566209044,0.378937556550503,0.184366138292764,0.0,0.0,0.0,0.0135173566155483,0.0,0.0,0.0,0.2239419986130219,0.0,0.0,0.0,0.0,0.0164286643954333,0.0,0.0,0.0,0.0118545600635803,0.0,0.0,0.0,0.327858004170017,0.0,0.0,0.0,0.0,0.0188710180586825,0.0,0.3801238048782852,0.0,0.0,0.19021879352771,0.0,0.0341748079867617,0.0,89.325936266665,0.0059272800317901,0.0,0.0,0.0,0.0,0.0,0.0,3.11741077149446,0.0,0.455095980400982,0.356687097547928,0.0,0.017433885698816,0.0,0.0399679280453521,0.0417800406270859,0.0248245073527268,0.0,0.177095841604805,0.0,0.0,0.0,0.0965970998950326,0.0,0.0,0.0,0.0,0.0,0.0,0.0,0.0,0.143871898898005,0.0,0.0,0.0,0.157818716181875,0.0,0.180351108633125,0.0,0.896771786942353,0.0264982422735594,0.0,0.0,0.116327463214224,0.255884258355062,0.0,0.042142963106834,0.301587225856996,0.0,0.276843647902495,0.0
VEGETABLES - CUCUMBER,0.0,0.0,4.83206666934495,0.0,0.0,0.0,0.0,0.414774775758407,0.0,0.0,0.0,0.0,0.0,0.0,0.0,0.0,0.0,3.20304543594516,0.0,1.06300643580073,0.0,0.0688514612611728,0.0,0.0,0.0,0.0,0.0,0.0,0.0,0.0,81.2929889154354,0.0,0.0,0.0,0.0,0.0,0.0,0.0,0.228294459360056,0.0,0.0,0.0,0.0,0.0921138780380536,0.0,0.5698918572431877,0.0,0.0,0.479624120324383,0.0,0.115906130236649,0.0,0.0093250286916969,0.996568533563187,0.0,0.0,0.0,0.0,0.0,0.0,0.0,0.0,0.0,0.0033724470270345,0.0,0.0,0.0,0.0277423144125355,1.205334666188298,0.0,0.0,0.0,0.0,3.00781670183784,0.0,0.0031880796495437,0.0,0.0,0.0,0.0,0.0,0.0,0.0,0.0,0.0,0.0,0.0332189511187729,0.0,0.0607386986151742,0.0,0.0,0.0,0.0332189511187729,1.16613085145651,0.0,0.0,0.0,0.137869122159339,0.0,0.0,0.447651715234523,0.0,0.0,0.0
COOKING OILS,0.26506389425436,0.0,0.0015880558167175,0.0,0.0,0.0,0.0,0.0,0.0014883570965705,2.72220192873204,0.0,0.000411204445144,0.0,0.0,0.0,0.117839716212867,0.1463447109656942,0.0977948304816879,0.0,0.0002581146357455,0.0047630545496663,0.0,0.0,0.0,0.0,0.07304245562246771,0.0,0.0,0.0,0.0,0.0,0.0,0.0,0.0,0.0004869234434862,0.0,0.0,0.179754625267759,3.17424683301029,0.0,0.0,0.0,0.0,0.687781153319157,0.0,0.3852224713437591,2.01556409895239,0.0029295196417785,0.0,0.0026195534438331,0.0384944725844884,0.0,0.0017002030382265,0.498550590652847,0.0,0.0,0.0001132611948153,0.0,0.0,0.0,0.0,0.0,0.0689039348678725,0.106275805406105,0.0006290457829656,0.0,0.0096751712950716,7.73712196555846,40.551155965899426,0.0350242781684851,0.0,0.0932905219248977,0.0,0.0,0.001038739404116,0.281221240536966,0.0,0.0,0.0,0.0,0.0,0.0,0.0,0.0,16.0550268613357,0.0,0.156589884278606,0.208184118197472,0.100676106437504,0.0,0.0014821854289363,0.0,0.14943314863824,13.7250678507333,0.0,0.0,1.58427642699922,1.2686773786802938,0.0,0.284836294591033,2.39835889270926,0.0,0.496437500009638,0.0
FLOUR-CHAPATI,0.0,0.0,0.0,0.0,0.0,0.0,0.0,0.0,0.0,0.236327401386862,0.0,0.0,0.0,0.0,0.0,0.0,0.0,0.0,0.0,0.0,0.0,0.0,0.0,0.0,0.0,0.0,0.0,0.0,0.0,0.0,0.0,0.0,0.0,0.0,0.0,0.0,0.0,0.0,0.0,0.0,0.0,0.0,0.0,0.0158668349983644,0.0,0.0,0.0,0.0,0.0,0.0,0.0,0.0,0.0,0.0351878939845079,0.0,0.0,0.0,0.0,0.0,0.0,0.0,0.0,0.0,0.0,0.0,0.0,0.102051795744043,0.0,0.0,0.0,0.0,0.0,0.0,0.0,0.0,0.0,0.0,0.0,0.0,0.0,0.0,0.0,0.0,0.0,0.0,0.0,0.0,0.0,0.0,0.0,0.0,0.0,0.0,0.0,0.0,0.0,0.0,0.0,0.0,0.0,0.0,0.0,95.9823533563688,0.0
SAVOURY PASTA,0.0,0.0,0.0190745333898966,0.0,0.0,0.0,0.0,0.0,0.0450810715476436,0.0604144883599763,0.0,0.0,0.0,0.0,0.0,0.634294896996753,0.0,0.130037950496044,0.0,0.0043578077859022,0.30135889561199,3.7827078780463532,0.0,0.0,0.0,0.0,0.0,0.0,0.0,0.0,0.0,0.0,0.0,0.0,0.171614798466466,0.0,0.0,0.0,0.0,0.0,0.0,0.0,0.0,0.0959371079715046,0.619694775328719,0.1570437765124036,0.0,0.0,0.0,0.0492503113859736,0.106309135884056,0.107952487928956,0.047985924805335,2.16197477792484,0.0,0.0,1.02087708664502,0.0,0.103621853736508,0.0,0.0,0.0,0.0,3.20189360983055,0.244382141362629,0.0,0.0,0.453977316467741,0.0590559928560332,1.96473643084105,0.0,0.0056571883158043,0.0,0.0,0.0528917784072283,0.821725682538926,0.0,0.0,0.0,0.0,0.0,0.0,0.018237189478608,0.0,0.796862440141264,0.0,0.0398584083296762,0.0,0.859841187071638,0.0,0.0,0.0,1.13370521648165,0.0907154132378055,0.0,0.0,5.85136077802489,1.3607859230685275,0.0,0.0,6.86980922919076,0.0,52.9364728167073,0.0
PATE,0.0,0.0,0.165753647592737,0.0,0.0,0.0,0.0,0.0,0.0065094020987743,0.220118148624399,0.0,0.0,0.001332869079782,0.0,0.0,6.50212273822131,0.0036909952633427,0.0261328182124155,0.0010575571038765,1.44697931052053,0.007348570964454,1.9729410131050864,0.0,0.0,0.0,0.0022198434608473,0.0,0.0,0.570324228707863,1.18879356314325,0.0159391219162333,0.0580345932514004,0.0,0.0,0.499941824372567,0.0,0.0,10.359471048873658,0.0017098684812001,0.0,0.0,0.0,0.0,0.0821213753932409,1.05256285416483,0.5618915795301439,0.156484084649079,0.0,0.0,0.0044301306181041,0.4543252852668998,0.0458630503403109,0.0303330800188627,0.302366285596781,0.0,0.0152166275825506,9.65635728103111,0.0,29.3556938012661,0.0,0.0574377576761385,0.0,0.0,0.335183171954864,1.91615534848902,0.0004016416455268,0.156430036178097,0.432759576911962,0.07147827614523253,2.45035183698825,0.0,0.395279994401126,0.0277549709903152,0.0152837432838006,0.019969704420369,0.67611286533052,0.0,0.0,0.0,0.0,0.0,0.0,0.287945901433117,0.0,1.12763837329158,0.0,0.343922406099215,0.0,0.48917428003104,0.0,0.0,0.0,1.38027164003132,0.3247399183618702,0.0,0.0,0.426560715516905,0.7948997512475582,0.0,0.0,10.9051288517562,0.0,0.76515674371721,0.0
SANDWICH FILLERS,0.0,0.0,0.0100512119851443,0.0,0.0,0.0,0.0,0.0,0.0230739676188373,0.23076836283371,0.0,0.202241600884113,0.0,0.0,0.0,0.376536537828394,0.0,0.608905419337061,0.001008241403,0.272973285345442,0.0,3.0706072501957995,0.0,0.0,0.0,0.0,0.0,0.0,0.0,2.7647881553321616,0.161457249050972,0.0,0.0,0.0,12.0868941457965,0.0,0.0,6.8747884890520945,0.731234354580127,0.0,0.0,0.0,0.0,0.523306700708483,2.17290099250335,0.7460991339407387,0.0,0.0,0.0,0.0063696133548127,0.41710092908061597,0.0,0.0963077090174366,9.13387353793675,0.0,1.69587170876525,11.8771102823151,0.0,3.18023751721954,0.0,0.0739768524798518,0.0,0.0097002013441117,0.411512463546922,0.0003351213179087,0.0,0.103374316672756,0.459262038360928,0.0723441422821838,1.79565177933265,0.0,0.0053393654469074,0.33453830259077,0.0,0.0625003734765276,0.712566351348785,0.0,0.0,0.0,0.0,0.0,0.0,0.0637277624716332,0.0,7.5634158573761,0.0,0.238253013883683,0.0,0.90993530512303,0.0,0.0194004026882234,0.0,2.0492623313383,0.568868893154536,0.0,0.0,0.664812192183126,0.2961740599897887,0.0,0.0,14.6979224557243,0.0,3.3137695110229,0.0
MAYONNAISE AND SALAD CREAM,0.0,0.0,0.378360407452731,0.0,0.0,0.0,0.0,0.0,0.0753829515992377,0.510774639834685,0.0,0.0,0.0,0.0,0.0,0.15651352287719,0.0122644024505594,0.0366810771829866,0.0,0.0142855067329075,0.0144956483833997,0.0937562563637229,0.0,0.0,0.0,0.0,0.0,0.0,0.0,0.0,0.0048324558633297,0.0,0.0,0.0,5.89558753591654,0.0,0.0,7.4870757852919e-05,0.0530800242661834,0.0,0.0,0.0,0.0,1.03120978838734,0.0917965152857449,0.8310610561551331,0.0005634978945236,0.0,0.0,0.0,0.5856547111041616,0.00076023910065,0.250794237819043,1.56911702626955,0.0,0.0,0.0533566661944033,0.0,0.194069510130936,0.0,0.0,0.0,0.0432690675225842,0.0231411245894136,0.0283758138244577,0.0,0.0,0.0336391574619854,0.648819260659486,0.482202993224961,0.0,0.100561605157845,0.0,0.0,0.0076345233706875,0.907791771265442,0.0,0.0,0.0,0.0,0.0,0.0,0.0,0.0,32.4909768299933,0.0,0.143207039310982,0.340236411954047,0.0795728378675975,0.0,0.0491465745915216,0.0,4.43440363260813,6.44339612370919,0.0,0.0,0.681441986099123,2.522125227878736,0.0,0.0,25.5652910504769,0.0,0.47477327890424,0.0
MEAT-FREE SLICED COOKED MEATS,0.0,0.0,0.0782884568656671,0.0,0.0,0.0,0.0,0.0,0.0,8.85067163622379,0.0,0.0,0.0,0.0,0.0,0.0,0.0,0.117335328127174,0.0,0.0,0.0,0.0,0.0,0.0,0.0,0.0,0.0,0.0,0.0,0.0,0.0,0.0,0.0,0.0,0.0,0.0,0.0,0.0,0.175601782139115,0.0,0.0,0.0,0.0,0.168755492481273,0.971380142354082,0.0,0.0,0.0,0.0,0.0124710310853098,0.086712435683719,0.0,0.0843409340205926,1.09646908147854,0.0,0.0,4.95311317867147,0.0,16.8384689426269,0.0,0.0,0.0,0.0,0.0,0.819182146030249,0.0,0.121126385625053,1.26828356487367,0.0,0.407041219984326,0.0,0.178489471677062,0.0,0.0,2.54114299919613,0.557806649268196,0.0,0.0,0.0,0.0,0.0,0.0,0.0,0.0,0.82889374052468,0.0,0.161874091953781,0.093397734767221,0.182258423140239,0.0,0.0,0.0,0.542101205628108,3.45366484326604,0.0,0.0,0.0888422688287863,1.334907286016404,0.0,0.0,29.3410220022865,0.0,12.3245565583704,0.0
NUTS IN SHELLS,15.5124625697675,0.0,0.0,0.0,0.0,0.0,0.0,0.0,0.0380797798046274,0.0,0.0,0.0,0.0,0.0,0.0,0.0194307716960877,0.0,0.0,4.35411919820726,0.0,0.0,0.0,0.0,2.27188915910338,0.0,0.6168746669510802,0.0,0.0,0.0037473230167351,0.0,0.0,0.0,0.0,0.0,0.0,0.0,0.0,0.0,0.0352348691989476,0.0,0.0,0.0,0.0,0.0206194823960776,0.0,0.057964514257346,2.31465674470701,13.9316785203509,0.0,0.0,0.0075108301601342,0.0,0.0,0.0033856999322195,0.0,0.0,0.0,0.0,0.0,0.0,0.0,0.0,0.0,0.48489907438103,0.0,13.3608308272007,0.0,0.145498503624724,0.0,0.0,0.0,0.0,0.0,0.0,0.0,0.0,0.0,0.0,0.0450232317033197,0.0,0.0,0.0,0.0,0.0,0.0955651226371195,0.0,0.0,0.0,0.0,0.0,0.0,0.0,1.97421106176435,0.0177086854958367,0.0,0.0,0.0,0.8519189422934063,0.0,20.0431167951605,0.397093654205369,0.0,0.736934940495116,0.0
CRISPBREADS,0.0054695272525898,0.0,0.0,0.0,0.0,0.0,0.0,0.0,0.129786306523402,0.0637729547363051,0.0,0.0,0.0,0.0,0.0,0.0063262314229924,0.0,0.0,0.0,0.0,0.0,1.051019867045073,0.0,0.0,0.0,0.0,0.0,0.0,0.0,0.0,0.0,0.309841742078338,0.0,0.0,0.0,0.0,0.0,0.0,0.25307445072875,0.0,0.0,0.0,0.0,11.8461969461954,0.094241095503286,0.077457845809634,0.0,0.0041715817371767,0.0,0.0,0.0074396234914977,0.573781003848775,0.0592710821906171,1.30774809208237,0.0,0.0,0.0,0.0,0.0,0.0,0.0,0.0,0.0,3.05650603007119,0.0,0.0088623415432165,3.98383832642323,0.392417369542138,0.528521373370562,0.294033322945661,0.0,0.0,0.001570283486756,0.0,1.12209987364189,0.07032277510163,0.0,0.0,0.0,0.0,0.0,0.0,0.0,0.0,1.32708069531937,0.0,4.7182453588605,0.0,0.110919822556666,0.0,0.0,0.286012617440829,2.55596030846368,1.647440861343659,0.0,0.0,0.0001247557715395,2.9244890299708066,0.0,0.0,0.9813550229397,0.0,52.40780990307033,0.0
CHEESE-COTTAGE,0.0,0.0,0.0,0.0,0.0,0.0,0.0,0.0,0.0,0.0,0.0,0.0,0.0,0.0,0.0,2.50616449874222,0.0,0.0,0.0,0.0013553276793859,0.0,69.3172609507124,0.0,0.0,0.0,0.0,0.0,0.0,0.0,0.101535964860828,0.0,0.0,0.0,0.0,0.109649619465667,0.0,0.0,0.0,4.15726349208037,0.0,0.0,0.0,0.0,0.107773046430284,0.0186825794212446,0.0,0.0,0.0,0.0,0.0,0.0549669160216073,0.0,0.0,0.324828444872015,0.0,0.0,0.0,0.0,0.0120771541914647,0.0,0.0,0.0,0.0,16.7948104311441,0.0,0.0,0.0,0.158154206207618,0.0,1.38595552778385,0.0,0.0316915619839583,0.0,0.0,0.0,0.0014017893285543,0.0,0.0,0.0,0.0,0.0,0.0,0.0,0.0,0.191559779479421,0.0,0.0,0.0,0.401930924629344,0.0,0.0,0.0,1.70669317726879,0.0,0.0,0.0,0.0,0.0,0.0,0.0,0.829929890128827,0.0,0.0,0.0
PREPARED CHILLED FRUIT,0.0064828906633777,0.0,9.38646782295229,0.0,0.0,0.0,0.0,0.345326606601965,0.0392267595591215,0.021067240721481,0.0,0.7371652942925251,0.722782444685969,0.0,0.0,0.0779704541877377,0.179658159460166,0.0524453694072729,0.0482041307117647,0.0043435684575191,0.0392181612571325,0.3678413866311646,0.0,0.0,0.0,0.0200882748614233,0.0,0.0,0.0305509466105393,0.0,0.0594854472561362,0.239284265835885,0.0,0.0,0.0448244492504047,0.0,0.0,0.029013997644221,32.6692032708766,0.0,0.0,0.0,0.0,1.1299671158517688,0.0042243452632721,7.74932365413283,0.106441009746698,0.0080776603260671,1.42212543678909,0.0,0.063462752300387,0.0,0.435114741223211,0.193064855540242,0.0,0.0205312398075895,0.0,0.0,0.029936845078816,0.0,0.0037869667344355,0.0,28.8398346037562,0.324470431540679,0.0,0.0238101727648319,0.0087871728473215,0.089025305482793,0.0404838761673733,0.0031752079207602,0.0,1.74683356912644,0.61436559051414,0.125906027840202,0.0183608220804533,0.0351528186710779,0.0,0.0,0.004573878870208,0.0,0.0,0.0,0.0006481365879901,0.0,0.112420557528393,1.3721511095304,0.0076274876509967,0.0,0.0104188349711042,0.0,5.91923778562968,0.0,1.10217452505149,0.2047225555278153,0.0,0.0,0.145747938548436,0.261271346761018,0.0,0.0055433641317738,1.22277025328582,0.0,0.488467876687297,0.0
PREPARED CHILLED LAYERD SALADS,0.204687757364571,0.0,1.15740766153192,0.0,0.0,0.0,0.0,0.0,0.0527227717326367,4.07542676422045,0.0,0.0107874838958366,0.0205179106760383,0.0,0.0,1.00283103313135,1.2957347952135403,2.5615621769669,0.151149235442957,0.0,0.680094790217472,2.0386751169959934,0.0,0.0086414506773196,0.0,0.0026011392694585,0.0,0.0,0.0,0.43819448485308,2.63501201192204,0.0,0.0,0.0,3.13375738005377,0.0,0.0,0.491883495039643,0.86969873033876,0.0,0.0,0.0,0.0,2.40837051768308,7.0487380211618,0.8246826036128052,0.214973587737253,0.0077773056095877,0.2634182009352,0.130822438914068,1.308374348329805,1.70086960727932,10.3813733100366,1.68385455121336,0.0,0.0,3.19712873941035,0.0,1.98133767234391,0.0,0.573169131964886,0.0,0.338071623650847,0.352887113616816,0.0,0.0,0.0,0.106077600653073,0.5086979667956331,1.61709732985878,0.0,0.0452263196442638,0.461314606310476,0.0,1.71657887607949,2.16347842796934,0.0,0.0,0.0623095807329277,0.0,0.0,0.0,0.7067066749031,0.0,2.58543361030107,0.0,1.24769052491391,0.0,1.58983345252401,0.0,0.0,0.0,1.53044095044326,0.7547663868107334,0.0,0.0,5.52253284766052,3.192965772454141,0.0,0.0177108208242576,10.2842690272906,0.0,4.40277364793882,0.0
CUSTARD,0.0,0.0,0.0,0.0,0.0,0.0,0.0,0.0408707941735581,0.0,0.0505240635292019,0.0,0.0,0.0,0.0,0.0,3.57853595986166,0.0,0.0,0.0,0.12116520730503,0.0,0.38921239707184,0.0,0.0,0.0,0.22974554214186,0.0,0.0,0.0,0.0,0.0,0.0,0.0,0.0,0.231823122116776,0.0,0.0,0.0,0.0519059587745945,0.0,0.0,0.0,0.0,0.144418002461239,0.189876763344267,0.0,0.0,0.0,0.0,0.0,0.0014135465121897,0.0,0.0184610504107254,3.5901192770687,0.0,0.0,0.0,0.0,0.0,0.0,0.0,0.0,0.0,49.1056133924826,0.0,0.0,0.0945410396905805,2.04093425377824,0.0,0.0,0.0,0.0,0.0,0.0,0.0,0.0,0.0,0.0,0.0,0.0,0.0,0.0,0.0,0.0,0.436714738443431,0.0,0.533887741454671,0.0,0.0,0.0,0.117983621109826,0.140266493794382,16.2809786010437,0.0086540430474036,0.0,0.0,0.0,0.0,0.0,0.0,8.19736079572711,0.0,1.09817571992424,0.0
NOODLES - Ambient,0.0,0.0,0.0023522403653547,0.0,0.0,0.0,0.0,0.0,0.0006241090962593,0.929063674311856,0.0,0.0,0.0,0.0,0.0,0.0083316249274902,0.0839126232925863,0.0168867877531302,0.0,1.12263458017891,0.0588539920074593,0.0046661131125131,0.0,0.0,0.0,0.0,0.0,0.0,0.0,0.0078669194931775,0.0,0.0,0.0,0.0,1.41793535727882,0.0,0.0,8.25502121189248e-05,0.0586260550974975,0.0,0.0,0.0,0.0,1.99340026777808,1.17932453557658,0.0197256186995571,0.0565103020653827,0.0,0.0,0.0001795991254476,0.03889205964061827,0.0,0.0706205783813305,0.219793531201412,0.0,0.0,0.0289432841930173,0.0,0.0030255917358513,0.0,0.0,0.0,0.0,0.0301481493049338,0.0027342835374272,0.0,0.0093913177941127,0.49690513564798,0.0,0.0877367106377099,0.0,0.0,0.0,0.0,0.0612316314182749,0.0843016485706754,0.0,0.0,0.0,0.0,0.0,0.0,0.0,0.0,0.360253578028066,0.0,16.7374942643391,0.0537323133426193,0.030320197393996,0.0,0.0,0.0,0.354966931197508,0.870450885993754,0.0,0.0,0.0134666667778391,0.2914030317230395,0.0,0.0,21.8998949084185,0.0,46.6190179908465,0.0
TORTILLA WRAPS,0.0,0.0,0.0017807606170063,0.0,0.0,0.0,0.0,0.0,0.0,0.380330319531238,0.0,0.0,0.0,0.0,0.0,0.0,0.0008004735598228,0.021940150842615,0.0,0.275452098875965,0.0,0.0,0.0,0.0,0.0,0.0,0.0,0.0,0.0,0.0,0.0,0.0,0.0,0.0,0.0042271734069114,0.0,0.0,0.0,0.0,0.0,0.0,0.0,0.0,0.934627863613944,0.149820684818658,0.0055522459366068,0.0,0.0,0.0,0.0,0.009562967309256,0.0,0.100248829950788,2.78236678023025,0.0,0.0,0.0,0.0,0.0,0.0,0.0,0.0,0.0,0.0,0.0,0.0,0.0,5.31475788841333,0.0147266368141756,0.0431037276305841,0.0,0.0,0.0,0.0352744474005781,0.507166797262152,0.0847452582851877,0.0,0.0,0.0,0.0,0.0,0.0,0.0041462473794874,0.0,2.70986815480489,0.0,1.12351142157136,0.0,0.0251698615309235,0.0,0.0,0.0225537578923764,1.91747724638972,0.8582732800142765,0.0,0.0,0.0185993052711428,1.7393535900650583,0.0,0.0,24.6392704177944,0.0,44.7403372213625,0.0
SALT,0.0,0.0,0.0,0.0,0.0,0.0,0.0,0.0,4.25924517545737,0.0823524034643651,0.0,0.0,0.0,0.0,0.0,8.01374124061843,0.0,0.0,0.584669345914257,0.0,0.0,0.0,0.0,0.0,0.0,1.10320606862849,0.0,0.0,0.0,0.0,0.0,0.0,0.0,0.0,0.009048092011075,0.0,0.0,1.00970477506433,0.208584951681095,0.0,0.0,0.0,0.0,1.85323559332749,7.95108279890282,0.0029049600714882,0.0,0.0,0.0,0.0,0.0484520870853164,0.0,0.0176348643148904,0.152093099630696,0.0,0.0,0.0,0.0,0.0,0.0,0.0,0.0,0.0,0.0,0.0,0.0,0.0,0.243159583416966,0.0662688031146945,2.56374426776441,0.0,0.0,0.0,0.0,0.0,0.798422238313371,0.0,0.0,0.0,0.0,0.0,0.0,0.0,0.0,3.47316145306179,0.0,0.0,0.0,0.946109045399752,0.0,0.0,0.0,1.2186843379183,3.23316307385792,0.0,0.0,1.10132966334844,8.50524714643935,0.0,0.0,1.93222260462453,0.0,3.49125590943392,0.0
,0.0,0.0,0.0,0.0,0.0,0.0,0.0,0.0,0.0,0.0,0.0,0.0,0.0,0.0,0.0,0.0,0.0,0.0,0.0,0.0,0.0,0.0,0.0,0.0,0.0,0.0,0.0,0.0,0.0,0.0,0.0,0.0,0.0,0.0,0.0,0.0,0.0,0.0,0.0,0.0,0.0,0.0,0.0,0.0,0.0,0.0,0.0,0.0,0.0,0.0,0.0,0.0,0.0,0.0,0.0,0.0,0.0,0.0,0.0,0.0,0.0,0.0,0.0,0.0,0.0,0.0,0.0,0.0,0.0,0.0,0.0,0.0,0.0,0.0,0.0,0.0,0.0,0.0,0.0,0.0,0.0,0.0,0.0,0.0,0.0,0.0,0.0,0.0,0.0,0.0,0.0,0.0,0.0,0.0,0.0,0.0,0.0,0.0,0.0,0.0,0.0,0.0,0.0,0.0
ALCOHOL-GIN,0.984941329357137,0.0,0.176147554901043,0.0,0.0,0.0,0.0,0.0,0.0,0.0,0.0,5.593074446285872,0.0047370479219828,0.0,0.0,0.157473335986566,0.0,0.0,0.0,0.0,0.0,0.0,0.0,0.0,0.0,0.028826895545450638,0.0,0.0,7.76205631346062e-05,0.0,0.0,0.232323010627561,0.0,0.0,0.0840105081342691,0.0,0.0,0.0,0.16989075546354,0.0,0.0,0.0,0.0,0.0120980318021878,0.114360229139534,0.0423614579252447,0.0,0.0,0.0,0.0024925802761534,1.7718505699428024,0.0,0.354057347371467,0.0231136000794772,0.0,0.0577927278625511,0.0,0.0,0.0,0.0,0.0,0.0,0.0,0.0196100401989448,0.0,0.0,0.0,0.182369921674533,0.0,0.0199850662160896,0.0,5.02359916226969,0.0110340478273559,0.0,0.163279592013555,0.0041374713284622,0.0,0.0,0.0,0.0,0.0,0.0,0.000606752698084,0.0,0.0013121895810266,0.0051912444216587,0.516528281147291,0.0,11.0744950547673,0.0,0.972025100152897,0.0067850272706811,2.07194598289644,0.0,0.0,0.0,0.000606752698084,0.775597039752451,0.0,0.0,5.97177359025662,0.0,4.08110641072331,0.0
ALCOHOL-VODKA,0.0,0.0,4.71781880040166,0.0,0.0,0.0,0.0,0.516433056249149,0.0,0.0,0.0,0.469585851693172,0.0,0.0,0.0,0.0,0.0,0.0,0.0,0.0,0.0,0.0,0.0,0.0,0.0,0.0,0.0,0.0,1.20307381246268,0.0,0.0,0.0,0.0,0.0,0.0,0.0,0.0,0.0,1.91987077890229,0.0,0.0,0.0,0.0,0.0,0.0,0.0,0.0,0.0,0.0,0.0,0.858460879328031,0.0,0.0816555829457497,0.0,0.0,0.0,0.0,0.0,0.0,0.0,0.0,0.0,0.0,0.0,0.0,0.0,0.0,0.0,0.0,0.0,0.0,0.322343149347565,0.13029785935454,0.0,0.0,0.0,0.0,0.0,0.0,0.0,0.0,0.0,0.0,0.0,0.0,0.0,0.0,0.0,0.0,0.0,2.13755404076635,0.0,23.0803964321664,0.0,0.0,0.0,0.0,0.0,0.0,0.0,42.1855900357607,0.0,0.0,0.0
ALCOHOL-RUM,0.0,0.0,0.0,0.0,0.0,0.0,0.0,0.0,0.0,0.0,0.0,0.0,0.0,0.0,0.0,0.0,0.0,0.0,0.0,0.0,0.0,0.0,0.0,0.0,0.0,0.0,0.0,0.0,0.0,0.0,0.0,0.0,0.0,0.0,0.0,0.0,0.0,0.0,5.13779578749019,0.0,0.0,0.0,0.0,0.0,0.0,0.0,0.0,0.0,0.0,0.0,0.415334312217705,0.0,0.0,0.0,0.0,0.0,0.0,0.0,0.0,0.0,0.0,0.0,0.0,0.0,0.0,0.0,0.0,0.0,0.0,0.0,0.0,0.153877030783448,0.0,0.0,0.0,0.0,0.0,0.0,0.0,0.0,0.0,0.0,0.0,0.0,0.0,0.0,0.0,0.0,0.0,0.0,0.855651077401848,0.0,28.8823765031828,0.0,0.0,0.0,0.0,0.0,0.0,0.0,31.1945581051137,0.0,0.0,0.0
ALCOHOL-OTHR SPIRITS & LIQUEUR,0.0,0.0,0.002508829001622,0.0,0.0,0.0,0.0,0.0,0.0,0.0364197554296372,0.0,0.0,0.0,0.0,0.0,9.48983915023769,0.0,0.0203295930831189,0.0,0.0237091490322862,0.0,0.0,0.0,0.0,0.0,0.5321883947408381,0.0,1.58372968985902,0.0,0.0,0.0,1.1483888664351,0.0,0.0,0.947509766749045,0.0,0.0,0.0,5.13289921439039,0.0,0.0,0.0,0.0,0.019190635279777,1.52908630069208e-05,2.327276738887532,0.0013069465289366,0.0,0.0,0.0,0.8687834815683706,0.0,0.0,0.0418467940419333,0.0,0.0,0.0,0.0,0.0,0.0,0.0,0.0,0.0,3.52492514888225,0.0,0.0052258865735256,0.0675425659109467,1.33911283196528,0.0,0.0,0.0,0.472768905765956,1.45376234287453,0.307622813884856,0.0,0.0,0.0,0.0,0.0,0.0,0.0,0.0,0.0,0.0,0.212129078854989,0.111315306130724,0.0,0.0,0.016191317255378,0.0,0.787850528232747,0.0,17.0430306104336,0.0215610929398355,0.0,0.016165444499935,0.0,0.0840712187043317,0.0,0.0,24.1004233313958,0.0,1.83926314810736,0.0
PASTA-FRESH INC NDLS (WOUT SC,0.0,0.0,0.0,0.0,0.0,0.0,0.0,0.0,0.0029552800423281,0.208623234414023,0.0008224094080394,0.0024310012167274,0.0,0.0,0.0,0.974583947041315,0.0723338976211456,0.3482180919093,0.0061267798957161,0.0617949495202081,0.0111485983263351,8.18519325381825,0.0,0.0,0.0,0.0,0.0,0.0,0.0,0.6017210902183409,0.0,0.0059120167107846,0.0,0.0,8.46721242831742,0.0,0.0,0.0470052877715623,0.0561765222212364,0.0,0.0,0.0,0.0,0.0279163811510154,4.57535871675652,0.21597537741496708,0.0028991558063161,0.0,0.0,0.003192506975345,0.214235455811185,0.0614373048264443,2.22390765981277,1.33521458285531,0.0,0.6950284605202283,0.477233691071818,0.0,1.88344799642666,0.0,0.184179209721768,0.0,0.0,1.52975951879716,1.22844693941535,0.051874300838429,0.0067089542251261,0.179763694598208,0.1377957531372132,0.706417620422869,0.0,0.005233876644917,0.0752259573592436,0.0,0.104946117155567,0.584647877438545,0.0,0.0,0.0,0.0,0.0,0.0,1.26694208793499,0.0,0.532856341685924,0.0,2.5059785607024,0.0,0.651751309494837,0.0,0.0,0.000223325656128,0.453048420005654,1.6659537734240575,0.0,0.0,1.92918058417889,1.5015851962147182,0.0,0.0108918157155543,11.9087937642974,0.0,36.3967632888841,0.0
VINEGAR,0.0,0.0,14.9766309219487,0.0,0.0,0.0,0.0,0.0,16.0061590393093,0.12467476298643,0.0,0.0,0.132307543574746,0.0,0.0,0.306660390536451,0.0,0.0,0.0,0.0,0.0,0.0,0.0,0.0,0.0,0.0,0.0,0.0,0.0,0.0,0.0,0.0,0.0,0.0,0.0,0.0,0.0,0.0,0.0592519926203679,0.0,0.0,0.0,0.0,0.0,0.071022644156842,42.611404263159315,0.0,0.0,0.0,0.0,0.0,0.0,0.0,0.059239561962046,0.0,0.0,0.0,0.0,0.0,0.0,0.0,0.0,0.0,0.0,0.0,0.0,0.0,0.0,0.0,0.0993326868537064,0.0,0.0,0.0,0.0,0.0,0.0157333893928964,0.0,0.0,0.0,0.0,0.0,0.0,0.0,0.0,0.0,0.0,6.62324979743725,0.0,0.0215466276899437,0.0,0.0,0.0,0.390180560716613,0.04749865832818,0.0,0.0,0.314936608668273,0.0,0.0,0.0,12.5148022099574,0.0,0.192783692649328,0.0
SUGAR,0.0,0.0,0.0,0.0,0.0,0.0,0.0,0.0,0.0,0.0,0.0,0.0,0.0,0.0,0.0,0.0,0.0,0.0,0.0,0.0,0.0,0.0,0.0,0.0,0.0,0.0,0.0,0.0,0.0,0.0,0.0,0.0,0.0,0.0,0.0,0.0,0.0,0.0,0.0,0.0,0.0,0.0,0.0,0.0,0.0,0.0,0.0,0.0,0.0,0.0,0.0,0.0,0.0,0.0,0.0,0.0,0.0,0.0,0.0,0.0,0.0,0.0,0.0,0.0,0.0,0.0,0.0,0.0,0.0,0.0,0.0,0.0,0.0,0.0,0.0,0.0,0.0,0.0,0.0,0.0,0.0,0.0,0.0,0.0,0.0,0.0,0.0,0.0,0.0,0.0,0.0,0.0,0.0,0.0,0.0,0.0,0.0,0.0,0.0,0.0,0.0,0.0,0.0,0.0
BREAD - PREPKD(400G+) / SPCLTY,0.0044843774864671,0.0,0.0496006198461982,0.0,0.0,0.0,0.0,0.0,0.32418950844678,0.644152054564832,0.0,0.0855777069405077,0.0,0.0,0.0,0.179723010879076,0.0528441193462472,0.139872822232351,0.0156953212026352,0.377347031359704,0.0,0.3415507324127746,0.0,0.0010389488038872,0.0,0.0180000633105826,0.0,0.0006527157088079,0.0283581193331238,0.0,0.0127467204796931,0.0046583484950663,0.0,0.0,0.190844453153746,0.0,0.0,0.0002521894887402,0.0345574089816155,0.0,0.0,0.0,0.0,2.25704461684038,0.416254755169861,0.1960115159596294,0.0008966791518853,0.0044843774864671,0.0,0.021268908911379,0.0096777653998925,0.0058543700476455,0.0092335964989642,0.43422986040378,0.0,0.0126881592004726,0.0,0.0,0.0,0.0,0.0,0.0,0.0,0.714269555107033,4.04480599843671e-06,0.0010760149822624,0.201868130790129,0.595483262241495,0.3400211004172695,0.0197515085683358,0.0,0.0354888366918309,0.0223811098754433,0.0,0.0263880227370076,0.0273259454861375,0.0,0.0,0.0,0.0,0.0,0.0,0.202898955655444,0.0,1.34693509833022,0.0002371236105396,1.1986969750883,0.0,0.0104099195102508,0.0,0.0,0.0330254071824452,0.966300581840317,0.910050025103859,0.0,0.0,0.120565922290261,0.2604163135664837,0.0,0.09038618425873,27.9861317725252,0.0,51.23284353235055,0.0
BREAKFAST CEREALS,0.0,0.0,0.0,0.0,0.0,0.0,0.0,0.0,0.0,0.0,0.0,0.0,0.0,0.0,0.0,0.0,0.0,0.0,0.0,0.0,0.0,0.0,0.0,0.0,0.0,0.0,0.0,0.0,0.0,0.0,0.0,0.0,0.0,0.0,0.0,0.0,0.0,0.0,0.0,0.0,0.0,0.0,0.0,0.0,0.0,0.0,0.0,0.0,0.0,0.0,0.0,0.0,0.0,0.0,0.0,0.0,0.0,0.0,0.0,0.0,0.0,0.0,0.0,0.0,0.0,0.0,0.0,0.0,0.0,0.0,0.0,0.0,0.0,0.0,0.0,0.0,0.0,0.0,0.0,0.0,0.0,0.0,0.0,0.0,0.0,0.0,0.0,0.0,0.0,0.0,0.0,0.0,0.0,0.0,0.0,0.0,0.0,0.0,0.0,0.0,0.0,0.0,0.0,0.0
BREAD - DIETARY,0.0,0.0,0.0,0.0,0.0,0.0,0.0,0.0,0.0271169358608541,1.03629807437876,0.0,0.0,0.0,0.0,0.0,0.0,0.0,0.0,0.0,0.0,0.0,0.0,0.0,0.0,0.0,0.0,0.0,0.0,0.0,0.0,0.0,0.0,0.0,0.0,0.0,0.0,0.0,0.0,0.0,0.0,0.0,0.0,0.0,0.353462820699839,0.0,0.0,0.0,0.0,0.0,0.0,0.0,0.0,0.0,0.0,0.0,0.0,0.0,0.0,0.0,0.0,0.0,0.0,0.0,0.0,0.0,0.0,0.0,0.295263509198542,0.0,0.0,0.0,0.0,0.0,0.0,0.0,0.0,0.0,0.0,0.0,0.0,0.0,0.0,0.0,0.0,0.0,0.0,0.0,0.0,0.0,0.0,0.0,0.0,0.627598226133731,0.0,0.0,0.0,0.0,0.0,0.0,0.0,31.2830119332468,0.0,57.144078627475,0.0
RICE+SAVOURY NOODLES,0.0013206175210476,0.0,0.0050687766670331,0.0,0.0,0.0,0.0,0.0,0.0220141300661525,0.688466611718107,0.0044598889794432,0.0,0.0,0.0,0.0,0.227450968230058,0.110688322489093,0.371572402791665,0.0021711712836618,0.105899477733123,0.371701598807552,0.0795202437875329,0.0,0.0,0.0,0.0010029904675901,0.0,0.0,0.0004402058403492,0.0274902512350999,0.0,0.0,0.0,0.0,0.598862635794968,0.0,0.0,0.0091675812506537,0.173136391709753,0.0,0.0,0.0,0.0,0.355970650199617,0.507635467109373,0.0623831336820703,0.0079101954663239,0.0,0.0,0.0224540840065903,0.2498033017170997,0.0051444684791934,0.101788643329969,0.539104907847505,0.0,0.0594583357130664,0.639422583685548,0.0,0.0348935873291204,0.0,0.0,0.0,0.0,0.959076122884984,0.348806330996683,0.0003683085066169,0.0,2.43003531125881,0.0085039208471967,1.22290892799918,0.0,0.0018713136169013,0.0088187460497399,0.0,0.420912319938919,1.25697861858237,0.0,0.0,0.0078691203917471,0.0,0.0,0.0,0.136450461992958,0.0,1.04206204683421,0.0,58.7503215935217,0.0007878438301001,0.228574999411249,0.0,0.0,0.0,1.01097487349573,0.5401849793461567,0.0,0.0,0.754585862485123,0.8690141240095419,0.0,0.0,10.8722405959085,0.0,9.70454668305093,0.0
PASTE+SPREADS,0.0,0.0,0.0,0.0,0.0,0.0,0.0,0.0,0.0,0.0,0.0,0.0,0.0,0.0,0.0,0.0,0.0,0.0,0.0,0.0,0.0,0.0,0.0,0.0,0.0,0.0,0.0,0.0,0.0,0.0,0.0,0.0,0.0,0.0,0.0,0.0,0.0,0.0,0.0,0.0,0.0,0.0,0.0,0.0,0.0,0.0,0.0,0.0,0.0,0.0,0.0,0.0,0.0,0.0,0.0,0.0,0.0,0.0,0.0,0.0,0.0,0.0,0.0,0.0,0.0,0.0,0.0,0.0,0.0,0.0,0.0,0.0,0.0,0.0,0.0,0.0,0.0,0.0,0.0,0.0,0.0,0.0,0.0,0.0,0.0,0.0,0.0,0.0,0.0,0.0,0.0,0.0,0.0,0.0,0.0,0.0,0.0,0.0,0.0,0.0,0.0,0.0,0.0,0.0
PASTA-CANNED,0.0,0.0,0.0026033697112573,0.0,0.0,0.0,0.0,0.0,0.0013314681643063,1.78534576773486,0.0,0.001036731038998,0.0,0.0,0.0,0.454113637180304,0.0,0.255464716305099,0.0,0.0022537135173754,0.0088148610741664,1.9924731539554121,0.0,0.0,0.0,0.0,0.0,0.0,0.0,0.0,0.0,0.0,0.0,0.0,0.355239957290318,0.0,0.0,0.0,0.0019972022464594,0.0,0.0,0.0,0.0,0.139601504104515,0.145099152382888,0.10539380674763571,0.0,0.0,0.0,1.71739832603541e-05,0.0411393578681341,0.0,0.0167452173585201,2.14403829671895,0.0,1.39665247225579,0.0281734386097904,0.0,0.322488331636324,0.0,0.0,0.0,0.0,1.68690975992551,0.180090604327845,0.0,0.042501894269433,0.0310104733738263,0.061669146691281,0.710325907366663,0.0,0.0,0.0,0.0,0.0514173835576111,0.493844154966485,0.0,0.0,0.0,0.0,0.0,0.0,0.0209401094752186,0.0,0.516918903007646,0.0,0.170348273223349,0.0,0.300614160087207,0.0,0.0,0.0,2.95139975619846,0.119635871592667,0.0,0.0,30.4632816146983,0.8238592797046721,0.0,0.0,26.6878956628778,0.0,13.237470863086102,0.0
AMBIENT HOT MEAT/SOYA/VEG PROD,0.0470542756030323,0.0,0.075486643419605,0.0,0.0,0.0,0.0,0.0,0.0789116598459368,5.61986055604098,0.0,0.0095201152054836,0.0,0.0,0.0,0.733943952842425,0.163208133389365,1.78486766942418,0.0527549237900477,0.0380770016935246,0.1276621935482281,0.0890520452065839,0.0,0.0,0.0,0.0457442595229178,0.0,0.0,0.0,0.0011546889891132,0.0,0.0,0.0,0.0,0.0541619466719321,0.0,0.0,0.014088240298702,0.626146513186871,0.0,0.0,0.0,0.0,0.188602054032018,1.45120284084804,0.2107808279568011,0.0020635723902471,0.0,0.0,0.0309119536586939,0.1582551227921647,0.955345829222276,0.130821034720516,1.67042834744011,0.0,10.008163599859138,11.2415398924464,0.0,5.98869763589269,0.0,0.590430087746844,0.378142647328592,0.0,0.779970850779502,0.321665576268333,0.0,0.031061620173202,0.374487765709368,0.0078382853730266,5.183160185626,0.0,0.0038719120834686,0.0777083687775987,0.0,0.392690465411256,2.40846918374891,0.0,0.0,0.0,0.0,0.0,0.0,0.118542983084404,0.0,0.981529270392367,0.0,0.868611762520505,0.2572297032464565,0.890893750892729,0.0,0.0,0.0008455980630444,1.20524400528508,0.263912787084392,0.0,0.0,11.0052360873581,2.666768631139703,0.0,0.0,20.1238483613241,0.0,2.8963006865859264,0.0
INSTANT MASHED POTATOES,0.0,0.0,0.0,0.0,0.0,0.0,0.0,0.0,0.0,0.0332697954264558,0.0,0.0,0.0,0.0,0.0,2.80432466748397,0.151278619336611,0.0665395908529116,0.0,0.0,0.0,0.907742210782416,0.0,0.0,0.0,0.0,0.0,0.0,0.0,0.0,0.0,0.0,0.0,0.0,0.250942898442793,0.0,0.0,0.0,0.810295429676228,0.0,0.0,0.0,0.0,0.377495810312425,48.8795709945232,0.027931033229098602,0.0,0.0,0.0,0.0332697954264558,0.000149066608387,0.0,0.0648336940014047,0.190081235196114,0.0,0.0,0.0,0.0,0.0077830154656959,0.0,0.0,0.0,0.0,4.40595812594875,0.0,0.0,0.0,2.49717036395101,0.0,1.67578101002135,0.0,0.0,0.0,0.0,0.0045911388820596,0.163483753791268,0.0,0.0,0.0,0.0,0.0,0.0,0.0,0.0,0.168158945069977,0.0,0.0257804030187031,0.0,0.0540793405664011,0.0,0.0,0.0,0.431367387526626,0.0018975342718896,0.0,0.0,0.0374961953470362,4.1801398869628565,0.0,0.0,1.53542913528757,0.0,1.78683739587785,0.0
COMPLETE DRY MEALS,0.0,0.0,0.0,0.0,0.0,0.0,0.0,0.0,0.0168360329182742,0.593501771488198,0.0,0.0,0.0,0.0,0.0,0.0,0.0,4.35477729409445,0.0,1.16649981075653,0.0,0.0,0.0,0.0,0.0,0.0,0.0,0.0,0.0,0.0,0.0,0.0,0.0,0.0,0.0,0.0,0.0,0.0,0.420900822956854,0.0,0.0,0.0,0.0,0.0203694249812137,0.0,0.0,0.0,0.0,0.0,0.0,0.420900822956854,0.0,0.420900822956854,2.1501903146375,0.0,20.7426467561596,0.0,0.0,0.0,0.0,0.0,0.0,0.0,0.0,0.0,0.0,0.0,0.24705103683066,0.0,9.64053179592895,0.0,0.0,0.0,0.0,1.98600210725483,4.45346159452641,0.0,0.0,0.0,0.0,0.0,0.0,0.0,0.0,0.863267587884508,0.0,2.36460308165349,0.0,0.753661988963732,0.0,0.0,0.0,0.437736855875128,0.0,0.0,0.0,9.44093270503633,4.74272822839868,0.0,0.0,1.59942312723605,0.0,16.393321268937,0.0
BAKED BEANS,0.0,0.0,0.0557969635900998,0.0,0.0,0.0,0.0,0.0,0.0009491362719061,45.7396589268088,0.0,0.0,0.0,0.0,0.0,0.191374892140889,0.0,0.0438574170287752,0.0,0.0006894990399693,0.0,0.019377519413177603,0.0,0.0,0.0,0.0,0.0,0.0,0.0,0.0,0.0,0.0,0.0,0.0,0.14129799996759,0.0,0.0,0.0,0.0015701202761895,0.0,0.0,0.0,0.0,0.0607417013625905,0.267679441735181,0.0037052587698929,0.0,0.0,0.0,0.0176494273503135,0.0029163734135957,0.0916054220037772,0.0178632451569711,1.49159539010328,0.0,0.0352437324281921,0.0,0.0,2.39462314716516,0.0,0.0,0.0,0.0,0.0794650369923324,0.268571557752441,0.0,0.0,0.0257048612534032,0.0079040012293687,0.818334922551975,0.0,0.0099226885906624,0.0,0.0,0.0907991339047034,0.425245204206448,0.0,0.0,0.0,0.0,0.0,0.0,0.0,0.0,0.2259390188081,0.0,0.082657563868623,0.0,0.0716329156645094,0.0,0.0,0.0145787520495081,3.16034254300898,0.0425527588379327,0.0,0.0,27.1060094115308,1.4637058454048186,0.0,0.0,10.3265723374743,0.0,0.55666057607254,0.0
SANDWICH SPREAD,0.0,0.0,0.0,0.0,0.0,0.0,0.0,0.0,0.0,0.0,0.0,0.0,0.0,0.0,0.0,0.0,0.0,2.74333390297515,0.0,0.0,0.0,0.0,0.0,0.0,0.0,0.0,0.0,0.0,0.0,0.0,0.0,0.0,0.0,0.0,1.01176718688034,0.0,0.0,0.0,0.0,0.0,0.0,0.0,0.0,0.96302118106534,0.0,0.0,0.0,0.0,0.0,0.0,0.0,0.0,0.0,1.62780617486936,0.0,0.0,0.0,0.0,0.0,0.0,0.0,0.0,0.0,0.0,0.0,0.0,0.0,0.0,5.27185436506121,1.02519567981086,0.0,0.0,0.0,0.0,0.0,0.936874185541981,0.0,0.0,0.0,0.0,0.0,0.0,0.0,0.0,5.11128974174944,0.0,0.0,0.0,0.0,0.0,0.0,0.0,10.6605203991698,0.0,0.0,0.0,0.0,27.05378873119728,0.0,0.0,10.159898857888,0.0,0.0,0.0
SOUP-DRIED,0.0,0.0,0.0011550244378714,0.0,0.0,0.0,0.0,0.0,0.159196572844175,0.920867830992137,0.0,0.0,0.0,0.0,0.0,0.302664415578137,0.08902690910429889,1.41117779516657,0.0,0.0474573956400678,0.696283416250289,0.1693344761225756,0.0,0.0,0.0,0.032213732124983796,0.0,0.0,0.0,0.0007568588462722,0.0425250528194336,0.0,0.0,0.0,1.27399483868246,0.0,0.0,0.0168796520977383,0.0576968109917008,0.0,0.0,0.0,0.0,0.0904891250300503,5.35221969951257,0.0268473290114433,0.13308681358946,0.0,0.0,0.520314888475504,0.0347218265208718,0.178692664523985,0.320895214265696,2.91076323477147,0.0,0.0597762380858159,0.913610287335339,0.0,0.0199463680959103,0.0,0.0,0.000671413647612,0.0,1.77254329799651,0.499857451287256,0.0,0.0,3.13679941154197,0.0122458578115978,2.69422750735799,0.0,0.000265653163078,0.0,0.0,0.978237879599229,0.6765773565163,0.0,0.0,0.0,0.0,0.0,0.0,0.14700220241518,0.0,0.3180142013801,0.0,1.04622019674929,0.0056119961070495005,0.911416477081077,0.0,0.0,0.0049329552060004,3.93200330603862,0.11361892824841,0.0,0.0,7.05860719271238,2.1991476797544847,0.0,0.0,20.4383763094459,0.0,15.7494380851325,0.0
SOUPS-LIQUID,0.0019608979070422,0.0,0.0457749469645241,0.0,0.0,0.0,0.0,0.0,0.351673716454959,1.4821465364424,0.0272399591778887,0.0005663589995884,0.0,0.0,0.0,1.40500147356886,0.329570406647912,6.55442829190948,9.9902237577592e-05,0.0162667404324493,0.768952615902051,0.2200695623270449,0.0,0.0,0.0,0.0143918294920746,0.0,0.0,0.0001726315247774,0.0328685340117956,0.0274002617721562,0.0,0.0,0.0,0.0427411299925163,0.0,0.0,0.1001417165974065,0.428539085259126,0.0,0.0,0.0,0.0,0.132467776946062,3.76863305738781,0.2670439544577088,0.0008789808550141,0.0,0.0,0.856773422448808,0.238779243126929,1.59414337737146,0.376657428638834,2.65266621877812,0.0,0.4660574714996538,2.15941260951839,0.0,0.303368799442925,0.0,0.101956097506862,0.003100109072622,0.0,0.877574483751872,0.627292061920817,0.0016989303105053,0.0,0.309862199989281,0.10693136216646561,5.15987041351391,0.0,0.0466593333829001,0.0334497186603206,0.0019429377883126,2.32390529721513,1.63134968699718,0.0,0.0,0.0,0.0,0.0,0.0,1.46146795443911,0.0,1.19916833410103,0.0,0.584714740102421,0.0,1.11812601616045,0.0,0.0,0.0,1.09397038430233,0.2471938954882649,0.0,0.0,13.7469649293516,4.271564216701357,0.0,0.0,34.2939493964524,0.0,1.2112243027081595,0.0
VEGETABLES-CANNED PEAS & BEANS,0.0,0.0,0.0,0.0,0.0,0.0,0.0,0.0,0.0887787830714523,47.275067045336,0.161881516485968,0.0042306113246722,0.0,0.0,0.0,0.876124369542485,0.0,0.149042799956421,0.0,0.0,0.0,0.0,0.0,0.0,0.0,0.0,0.0,0.0,0.0005403352859048,0.0,0.0016601875450239,0.0,0.0,0.0,0.029599496373331,0.0,0.0,0.0,0.0,0.0,0.0,0.0,0.0,0.0230905586751198,0.0177113527605889,0.0323512968228332,0.0122661882304032,0.0,0.0,0.0,0.0162018875524725,0.0718786797905034,0.0484898351688838,0.454178945186897,0.0,0.0,0.0,0.0,0.0274161762219101,0.0,0.0,0.0,0.0,0.0,0.0362118861517092,0.002703246815547,0.0,0.0,0.0246911912511248,0.255112166446346,0.0,0.0,0.0042306113246722,0.0,21.2717989188695,0.409976508472831,0.0,0.0,0.0,0.0,0.0,0.0,0.0002898800773028,0.0,0.087883446480101,0.0,0.0299933437613573,0.0,0.171502538167955,0.0,0.0,0.0,1.25640734545651,0.0672965351019935,0.0,0.0,1.91834094571395,0.4702156654535993,0.0,0.0,22.333361439755,0.0,0.205890658004356,0.0
AMBIENT VEGETABLES-SWEETCORN,0.0,0.0,0.120077036979779,0.0,0.0,0.0,0.0,0.0,0.0,0.075454487291435,0.0,0.0,0.0,0.0,0.0,0.0106446044576788,0.0,0.0,0.0,0.0391377993881299,0.0226615323790475,0.0,0.0,0.0,0.0,0.3666266909388096,0.0,0.120291741572806,0.0,0.0,0.105636282208009,0.0,0.0,0.0,0.0,0.0,0.0,0.0,0.0,0.0,0.0,0.0,0.0,0.0336943649024591,0.0,0.0,0.0,0.0,0.0,0.0,0.012520345226028,0.0,0.0801857155391215,69.1966977144531,0.0,0.0,0.0,0.0,6.30287920683494,0.0,0.0,0.0,0.0,0.334106562192522,0.0,0.0061215449143276,0.0,0.0947298185364885,0.0146701888287881,0.0136644151547459,0.0,0.0,0.0,0.0,0.326729228737412,0.0532292108593609,0.0,0.0,0.0,0.0,0.0,0.0,0.0175102811173594,0.0,0.0513621082490664,0.0,0.0,0.0,0.0662927745237997,0.0,0.0,0.0,2.10369254429313,0.7410724538397753,0.0,0.0,0.0,0.3067271677425808,0.0,0.0,16.81867312316,0.0,1.2197762373972,0.0
GRAVY & STOCK,0.0,0.0,0.0198819300358554,0.0,0.0,0.0,0.0,0.0,0.582721433156238,0.148212232225525,0.0,0.0,0.0,0.0,0.0,0.436132097598176,0.0225507667203848,0.950222527123355,0.0004747747210235,0.0382107013600309,0.0341926322204379,0.0,0.0,0.0,0.0,0.0,0.0,0.0,0.0122863398227266,0.008097301710452,0.0,0.0,0.0,0.0,0.0350064871574225,0.0,0.0,0.0998412098927436,0.0086004747634638,0.0,0.0,0.0,0.0,0.290374029329701,5.73041121252024,0.7584067127858001,0.0,0.0,0.0,0.391673996254213,0.1179427899903944,0.0039182986739279,0.0282741331193581,2.89589218850392,0.0,2.263223624191099,3.40521343087935,0.0,0.141216968158666,0.0,0.659220753467331,0.234007991431527,0.0,0.164627905483796,0.139421584464031,0.0,0.156590954560603,10.1442711924524,0.0002853537047326,3.57393167029408,0.0,0.0,0.0,0.0,0.0801476600195144,0.718925371887987,0.0,0.0,0.0,0.0,0.0,0.0,0.0140635093550355,0.0,0.602407985297305,0.0,0.338330688170363,0.0,1.13871701487276,0.0,0.0,0.0,4.51373756968604,0.364702288708532,0.0,0.0,0.766714181734505,1.256589084921028,0.0,0.0,19.5232248489111,0.0,7.64916208230093,0.0
SWEET & SAVOURY MIXES,0.0222408850736639,0.0,0.0117942682819312,0.0,0.0,0.0,0.0,0.0481022607495375,0.0703759025273568,1.19389637510588,0.0,0.17258659732570752,0.0060850552651116,0.0,0.0,0.601785983579116,0.0029010156186721,0.169524965251558,0.173607514167495,0.556916986680318,0.0,0.23274068497259948,0.0,0.0,0.0,4.380108014677672,0.0,0.0002145538660174,0.0234986698779923,0.0,0.0,0.0140314930739674,0.0,0.0,1.45241696130255,0.0,0.0,0.0,0.75106975258774,0.0,0.0,0.0,0.0,1.5191882027468029,0.62983618881181,0.0407966383909757,0.254252594202413,0.0036693076855136,0.0,0.0003917493413215,0.0693873312201247,0.0332458982875973,0.0641385087485649,1.39367525789522,0.0,0.3489219526749202,0.0,0.0,0.0223335037951401,0.0,0.0,0.0,0.0008334709891377,2.37292004304014,0.0072052952688823,0.0001650478995165,1.15479963436074,2.76091966778995,0.243514597775765,0.369271749563793,0.0,0.0325501925824671,0.049923010037864,0.0,0.124488500350267,0.232737318261896,0.0,0.0,0.0015287035126007,0.0,0.0,0.0,0.0473896111240201,0.0,1.58674425730149,0.0118030028528624,3.71925595665163,0.0002042302669417,0.164138192403021,0.0,0.0398686137652494,2.45937491327154,19.144889664113,0.2652717338393875,0.0,0.0,0.12990499665453,0.4229345917056119,0.0,0.0021114843985879,2.52257600268266,0.0,38.73112168625182,0.0
CAKES+DESSERTS - FROZEN,0.2145881854566,0.0,2.48752729728852,0.0,0.0,0.0,0.0,0.682874073504053,0.0027066110353569,0.0636510199377301,0.0,2.230358038303056,3.08777159683338,0.0,0.0,9.85101125910825,0.1076194236438818,0.226058217427166,0.0,0.084591543051113,0.0399814293241647,3.0625337932682837,0.0,0.0,0.0,2.799121938867034,0.0,0.0066652233938208,0.150630946395877,0.0027152074243914,0.0072292397674423,0.845346564835076,0.0,0.0,3.22891714485766,0.0,0.0,0.0298185875713432,6.76889269398176,0.0,0.0,0.0,0.0,0.3449765902781094,0.229257650991219,0.39846387800787497,0.0372826993941748,0.0546953399138127,0.114765328713021,0.00039159544715,1.077544137576526,0.0039096026095927,0.395601840441674,1.30243388067332,0.0,0.0825818521277482,0.0,0.0,0.0138394225637161,0.0,0.0028058847814665,0.0,0.0788470816992366,4.63571004368879,0.0,0.0815638312579766,0.486636446286991,2.63673630111679,0.0016947980888706,0.0130835010615089,0.0,0.165617481566969,2.0493555154967,0.00245438167115,0.107196586341034,0.0060274610066102,0.0,0.0,0.0052056780703095,0.0,0.0,0.0,0.0002770169209594,0.0,1.18694372242934,3.80195810034482,0.197297121130192,0.0510598587938367,0.0040715910347318,0.0,3.78530884671814,0.248698664138745,12.8963426475463,0.3946853516506028,0.0,0.0,0.0061110054678119,1.0134010260488144,0.0,0.0017147527711627,6.96343075637341,0.0,9.58198882482705,0.0
JELLIES,0.0,0.0,2.74769055928356,0.0,0.0,0.0,0.0,0.0,0.0,3.37971145461197,0.0,0.0061127918520059,0.0246525560900953,0.0,0.0,0.704834951038351,0.0,0.0112059560339819,0.0,0.0161324099692901,0.0,0.934740185869058,0.0,0.0,0.0,0.193407745766672,0.0,0.0,0.0,0.0,0.0,0.0077766386510733,0.0,0.0,0.0726535625924785,0.0,0.0,0.0,0.317771864815959,0.0,0.0,0.0,0.0,0.0023168037396782,0.0057379212242742,0.0,0.0,0.0,0.0,0.0,0.3337407055110174,0.0,0.0,0.100020090761575,0.0,0.574422329077131,0.0,0.0,32.934009261402,0.0,0.0,0.0,0.0,1.30345870657145,0.0,0.0,0.0,0.0841218244630805,0.0,0.0,0.0,0.034300448073058,0.39948675881596,0.0534573720171166,0.0,0.0,0.0,0.0,0.0,0.0,0.0,0.0,0.0,0.0,0.040758601898541,0.711488769522535,0.0019436820997979,0.0,0.0,0.0,0.298055051009145,0.0,25.2168889951329,0.0283517329947826,0.0,0.0,0.0,0.0,0.0,0.0,10.96329998533,0.0,0.453272727623969,0.0
AMBIENT MILK PUDDINGS,0.0,0.0,0.03567867550016,0.0,0.0,0.0,0.0,0.0,0.0,0.0,0.0,0.0369916117383807,0.0,0.0,0.0,6.7596160401445,0.0,0.0,0.0,0.159680151915326,0.0,0.0,0.0,0.0,0.0,0.0265577438798025,0.0,0.0,0.0,0.0,0.0,0.0,0.0,0.0,0.571215366184386,0.0,0.0,0.0,0.0,0.0,0.0,0.0,0.0,0.0,0.0,0.0,0.0,0.0,0.0,0.0,0.0,0.0,0.0,0.319272113276922,0.0,0.0,0.0,0.0,0.0,0.0,0.0,0.0,0.0,53.1857873265362,0.0,0.0,0.0,0.0023742421143589,0.0,0.0,0.0,0.0,0.0023570899103991,0.0,0.0,0.0,0.0,0.0,0.0,0.0,0.0,0.0,0.0,0.0,0.0649297332685349,0.0079285945555911,9.23431223453963,0.0,0.0,0.0,0.20699969375319,0.0,4.59391491842652,0.0,0.0,0.0,0.0,0.0,0.0,0.0,10.4853454030098,0.0,0.875949254462589,0.0
CORNFLOUR,0.0,0.0,0.0,0.0,0.0,0.0,0.0,0.0,0.0,0.0,0.0,0.0,0.0,0.0,0.0,0.0,0.0,0.368752909878941,0.0,0.0,0.0,0.0,0.0,0.0,0.0,0.0,0.0,0.0,0.0,0.0,0.0,0.0,0.0,0.0,0.0,0.0,0.0,0.0,0.0,0.0,0.0,0.0,0.0,0.0,0.976102579629274,0.0063703363768553,0.0,0.0,0.0,0.101009917539205,0.0926134702418908,0.0,0.0,83.4899523137669,0.0,0.0,0.0,0.0,0.0,0.0,0.0,0.0,0.0,0.0,0.0,0.0,0.0,1.38081172171502,0.0522010806803867,0.590279986442648,0.0,0.0,0.0,0.0,0.0,0.0055419450930904,0.0,0.0,0.0,0.0,0.0,0.0,0.0,0.0,0.07939609492625,0.0,0.0,0.0,0.0386671709814132,0.0,0.0,0.0,3.72841876112822,0.0,0.0,0.0,0.0,1.080316465673008,0.0,0.0,0.525140873645276,0.0,3.05773536957674,0.0
DESSERTS+DESSERT SAUCES,0.0270831431364458,0.0,0.544760762884642,0.0,0.0,0.0,0.0,0.240245459247013,0.0382420305894164,0.267335066608254,0.0,0.063125641118428,0.0,0.0,0.0,4.72619336729676,0.0,0.0555856477725705,0.0,0.0260555015926131,0.0,0.1057950733799761,0.0,0.0,0.0,3.1176247839107427,0.0,0.0,0.0005739233332459,0.0,0.005271923348799,0.0180109397644126,0.0,0.0,0.884734553621028,0.0,0.0,0.0,1.85124619894782,0.0,0.0,0.0,0.0,0.4172902836831021,0.578844750211951,2.014435569649016,0.0250681665988299,0.0069925138218271,0.0,0.0,0.032373218146845996,0.0,0.246594949198297,2.63404527727831,0.0,1.0514167958271,0.0004749640460585,0.0,0.426944917452686,0.0,0.0,0.0,0.0,6.32258638442062,0.0018998561842341,0.0027899414713022,0.0167672547963157,4.86597713161004,0.0015877801217965,0.108962347734628,0.0,0.0230503404098038,1.1534150215917,0.0185709305115208,0.0,0.0554434153859042,0.0,0.0,0.0,0.0,0.0,0.0,0.0010509866683323,0.0,0.885726437602749,1.44806762423136,0.471675666764673,0.0,0.0044620880175921,0.0,0.716632332441301,0.102381854264824,30.1246937817113,0.1932956809425955,0.0,0.0,0.217320190733926,0.0684903079547818,0.0,0.0,6.17561881339309,0.0,7.05472901102759,0.0
ICE CREAM TUBS+HANDHELD MLTPCK,0.34277574843369,0.0,0.485782310974183,0.0,0.0,0.0,0.0,0.104977642027875,0.0144712748622751,0.286665205594887,0.0,0.0177843294557019,0.0403325052220805,0.0,0.0,5.33003984396581,0.0,0.0598371535256629,0.0395847584612099,0.0637577195135414,0.0,0.0625629541397487,0.0,0.0,0.0,3.638425031107666,0.0,0.017489198292522,0.0546314135027787,0.0002156890185147,0.00254213179058,0.169205225502596,0.0,0.0,0.808182985735021,0.0,0.0,0.0002156890185147,2.53863799475244,0.0,0.0,0.0,0.0,0.09137289206919731,0.0437308136043028,0.15085639994489722,0.287887242302245,0.235110449288588,0.0019553562707368,0.0,0.40606107072925823,0.0,0.0891989412113079,0.432196751357263,0.0,0.0063939016071852,0.0,0.0,0.0066417224436418,0.0,0.0,0.0335603745523345,0.0167585749630155,27.22574360654,0.0,0.217584962195526,0.179969973834181,2.93539662962952,0.0,0.0,0.0,0.715192656366437,0.0865993555327205,0.0178159174494914,0.0506709221705577,0.0,0.0,0.0,0.0581562729013356,0.0,0.0,0.0,0.0002151363417029,0.0,0.206584774115208,0.559759786975451,0.329528300873159,0.0584442204319771,0.0651828664251299,0.0,1.07904059297616,0.0446427013183753,13.959361050394,0.13134051716788753,0.0,0.0,3.48744251601261e-05,0.19703465616726779,0.0,0.0036114724163446,16.9770299792724,0.0,1.97220094257143,0.0
FISH FOOD,0.0,0.0,0.0,0.0,0.0,0.0,0.0,0.0,0.0,0.0,0.0,0.0,0.0,0.0,0.0,0.0,0.0,0.0,0.0,0.0,0.0,0.0,0.0,0.0,0.0,0.0,0.0,0.0,0.0,21.9025682280041,0.0,0.0,0.0,0.0,0.0,0.0,0.0,39.97881613266896,0.0,0.0,0.0,0.0,0.0,25.3195022599381,0.0,0.0,0.0,0.0,0.0,0.0,0.0,0.0,0.0,0.0,0.0,0.0,0.0,0.0,0.0,0.0,0.0,0.0,0.0,0.0,0.0,0.0,0.0,0.0,0.0,0.0,0.0,0.0,0.0,0.0,0.0,0.0,0.0,0.0,0.0,0.0,0.0,0.0,0.0,0.0,0.0,0.0,0.0,0.0,0.0,0.0,0.0,0.0,0.0,0.0,0.0,0.0,0.0,9.25241788548015,0.0,0.0,0.0,0.0,0.0,0.0
CHRISTMAS PUDDINGS,0.711795955318941,0.0,0.355287408607224,0.0,0.0,0.0,0.0,0.0,0.0186937773800078,0.0234088116080972,0.0,11.972628600757,0.0,0.0,0.0,3.34714932680009,0.0,0.0038295010901212,0.0,0.0441371745968189,0.0,0.0,0.0,0.0,0.0,1.60069425900739,0.0,0.0007954288292939,0.0044510804954803,0.0,0.0,0.576903091642627,0.0,0.0,4.08843960282799,0.0,0.0,0.0,4.41378071335828,0.0,0.0,0.0,0.0,0.0709649387600608,0.0839822580863789,5.64648584989258,0.0,0.0357662444957031,0.0,0.0,1.1878851203341783,0.0,0.0171400972769312,0.646320660984057,0.0,0.0283933656558093,0.0,0.0,0.102891318139927,0.0,0.0,0.0,0.0,2.46744698259871,0.0,0.436448554583885,0.193359508376765,3.71210844382914,0.0088018829397616,0.0147215001572727,0.0,2.9050238480019,0.973088202797416,0.0,0.0,0.0009698243494737,0.0,0.0,0.0,0.0,0.0,0.0,0.0,0.0,1.04246327054948,0.129674811169125,1.40727170377499,0.0,0.0154493675453946,0.0,0.0220874826475498,0.101771500957683,16.0630891117055,0.352453559161178,0.0,0.0,0.0,0.2951713577396788,0.0,0.0415603888469086,4.38050236002969,0.0,13.74872313836192,0.0
BISCUITS - CHOCOLATE COATED,0.0484749701861199,0.0,0.0335667798872818,0.0,0.0,0.0,0.0,0.0,0.0028535119642161,0.137819634132744,0.0,0.0242687225252297,0.0001035983396697,0.0,0.0,2.70740184030296,0.0,0.0200051763843826,0.0,0.0554504840397822,0.0,0.0270540985695721,0.0,0.0,0.0,15.099540633833964,0.0,0.0085455399109211,0.0001757466130777,0.0,0.0,0.0062098294576022,0.0,0.0,1.08432372302062,0.0,0.0,0.0,0.524241229917564,0.0,0.0,0.0,0.0,0.2839777955682511,0.133323278525976,0.0255692978067735,0.0320071529646134,0.350190204501669,0.0,0.0,0.090574856685514,0.0,0.0008321859770799,0.48993232448801,0.0,0.0045294649170432,0.0,0.0,0.0,0.0,0.0,8.78733065388536e-05,0.0,5.88059821432305,0.0,0.0003572485696923,3.03047480300822,4.15104135220082,0.0048992948915931,7.88528773153579e-06,0.0,0.27562938732136,0.0043883545150376,0.0,0.0180469467380653,0.0010000728201802,0.0,0.0,0.0,0.0,0.0,0.0,0.0,0.0,0.422285777906444,0.0668200779537182,0.25777845644264,0.0,0.0005311404855311,0.0,0.0090627304451297,0.0887392906967776,24.655944226955,0.0652970310069621,0.0,0.0,0.0,2.813251831923565,0.0,0.0,0.701690476004109,0.0,22.2429713255697,0.0
BISCUITS - SWEET,0.212788523046787,0.0,0.260847869431042,0.0,0.0,0.0,0.0,0.0,0.0483860876995262,0.216724222281972,0.017184009596559,0.6183104708083682,0.0193810761389698,0.0,0.0,4.57606140815765,0.0,0.0180983469103841,0.0259801944412562,0.151559794422708,0.0,0.1239608553584667,0.0,0.0,0.0,3.983758110589086,0.0,0.0080098076195158,0.0188409859837492,0.0,0.0,0.567464557390674,0.0,0.0,0.412186363951512,0.0,0.0,0.0,1.40461008812179,0.0,0.0,0.0,0.0,1.7949904185705277,0.161473575426582,0.2102175673643193,0.215741850741614,0.234376839355655,0.0,0.0,0.0485355923053265,0.0,0.0549562808136081,1.16906195355072,0.0,0.0007877677754602,0.0044799677843339,0.0,0.0012254961008268,0.0,0.0,2.06665926289745e-05,0.0,2.69101940113671,0.0001044947692125,0.0437898364648724,3.92300120216303,7.48728194690786,0.0219152984611502,0.0011014612090351,0.0,0.0615852074156723,0.151170830377004,0.0006006003181736,0.0652685960855023,0.0065766045972834,0.0,0.0,0.0286831575974626,0.0,0.0,0.0,0.0,0.0,1.82924556098093,0.0722711262027438,1.44531525711588,0.0058700264375839,0.0023243425958707,0.0,0.114838998560588,0.125727435345473,20.0726082219297,0.3933602212499569,0.0,0.0999439170196536,0.029313934299636,2.4299566473892145,0.0,0.0008036142377336,0.855042413390888,0.0,31.9808855639974,0.0
BISCUITS - PLAIN+SAVOURY,0.0086377516367349,0.0,0.0038380461768194,0.0,0.0,0.0,0.0,0.0,0.176740004247213,0.150701415766018,0.0,0.0022684319924308,0.0,0.0,0.0,2.33797697603499,0.0202947906615333,0.086387659982399,0.0,0.412668751897678,0.0178381911134078,4.6103596981735695,0.0,0.0047713980537057,0.0,0.1456822686172008,0.0,0.0,0.0076113065921077,0.0651311584324301,0.0013264159841736,0.0,0.0,0.0,0.171380750981991,0.0,0.0,0.0,0.360832249844939,0.0,0.0,0.0,0.0,1.3742644451798829,1.5090026880521,0.2067904374516206,0.0017393732771452,0.0055314556386235,0.0,0.0025242974386162,0.0096717754859172,0.0273987991662975,0.0397252665172968,1.68429612186008,0.0,0.0067581476948089005,0.0,0.0,0.449171640542909,0.0,0.0,0.0,0.0,0.985447776017865,0.0023508294305236,0.002302075145146,3.06020125796401,6.84075869392343,0.834334127288439,0.312591752618827,0.0,0.0033484264500296,0.0118018126327124,0.0,0.0291935146918489,0.307975459728633,0.0,0.0,0.0,0.0,0.0,0.0,0.006631583314037,0.0,1.76161849049643,0.0009334663035774,1.48458084430718,0.0094573754067198,0.239342434399594,0.0,0.0,0.0146941018184531,3.4824111337052,2.950485028553226,0.0,0.0,0.126395222327568,4.171236367052975,0.0,0.0023706238451243,1.44060024968177,0.0,46.172061060525586,0.0
BISCUITS - SEASONAL,1.35288810386196,0.0,0.270875621183101,0.0,0.0,0.0,0.0,0.0,0.013073935030915,0.0431490708009176,0.0,0.46731024850152,0.0026861505712638,0.0,0.0,12.8726430689242,0.0,0.0044980026564952,0.0061008758347561,0.0587744011447146,0.0,0.18737753391765388,0.0,0.0,0.0,9.901843655647149,0.0,0.0007619897735702,0.042700203421811,0.0,0.0,0.0279269376492951,0.0,0.0,0.327875008651701,0.0,0.0,0.0,0.430902266974438,0.0,0.0,0.0,0.0,0.1406822085226106,0.152464672002476,0.23547144286019558,0.0,0.200660126925943,0.0,0.0,0.0949751762702386,0.0,0.0171745961755966,1.11838317929385,0.0,0.0,0.0,0.0,0.0052139227780268,0.0,0.0,0.0,0.0003046760262003,3.18113996628925,0.0011295645947332,0.0490283114543353,0.966618871515585,3.04441639965311,0.0,0.0045182583789328,0.0,0.20293290497944,0.298839351671195,0.0,0.0003134937739931,0.0197573489171721,0.0,0.0,0.0011920198141252,0.0,0.0,0.0,0.0,0.0,0.922431581032202,0.0227949495851209,1.00920985674601,0.0,0.014142005712131,0.0,0.0105886122906527,0.223372592133233,22.0274449752002,0.35527816824492325,0.0,0.0,0.0,1.5081759807372201,0.0,0.0010155828916949,0.526613077116247,0.0,28.84355823042815,0.0
BISCUITS - CHOCOLATE BISC BARS,0.0275937058226115,0.0,0.104865300517614,0.0,0.0,0.0,0.0,0.0,0.012765899868434,0.152027641118485,0.0,0.0469680800398695,0.0,0.0,0.0,1.17332274294474,0.0,0.0,0.039195934884412,0.0126892607717971,0.0,0.1821189914791577,0.0,0.0,0.0,13.26413162051534,0.0,0.0,0.0028207245480627,0.0,0.0,0.0622693671356718,0.0,0.0,0.606319053816171,0.0,0.0,0.0,1.23007024427998,0.0,0.0,0.0,0.0,0.21815056559580961,0.16662304776205,0.0665643473366133,0.166428172756712,1.02017277973499,0.0,0.0,0.0021801771782207,0.0,0.0891651016724213,0.22202512559889,0.0,0.0120758778064217,0.0,0.0,0.0703761975702791,0.0,0.0,0.0,0.0,8.50670818639603,0.0,0.0031900794513224,0.443758866217575,5.46932529281289,0.0,0.0,0.0,0.0273954572169027,0.0075113314821457,0.0,0.0,0.0036185769806915,0.0,0.0,0.0,0.0,0.0,0.0,0.0,0.0,0.43575699238389,0.0118171135884739,0.423901385715309,0.0,0.0006824532397826,0.0,0.0015616068414982,0.0498651352387554,28.839379793873,0.1142429343090665,0.0,0.0,0.0,1.5975732617838054,0.0,0.0,0.421227871316122,0.0,20.6383659687995,0.0
MILK CREAMERS/WHITENERS,0.0,0.0,0.0,0.0,0.0,0.0,0.0,0.0,0.0,0.0,0.0,0.0,0.0,0.0,0.0,0.0,0.0,0.0,0.0,0.0,0.0,0.0,0.0,0.0,0.0,0.0,0.0,0.160591368674784,0.0,0.0,0.0,0.0,0.0,0.0,0.0,0.0,0.0,0.0,0.634187049009742,0.0,0.0,0.0,0.0,0.0,0.0,0.0,0.0,0.0,0.0,0.0,0.0,0.0,0.0,0.0,0.0,0.0,0.0,0.0,0.0,0.0,0.0,0.0,0.0,56.1179007211243,0.0,0.0,0.0,11.5727664178019,0.0,0.0,0.0,0.0,0.0,0.0,0.0,0.0,0.0,0.0,0.0,0.0,0.0,0.0,0.0,0.0,0.0,0.0,0.0,0.0,0.0,0.0,0.0,0.0,3.83108578637153,0.0,0.0,0.0,0.0,0.0,0.0,0.0,0.947253404561907,0.0,0.0,0.0
YOGHURT,0.0,0.0,0.0,0.0,0.0,0.0,0.0,0.0,0.0,0.0,0.0,0.0,0.0,0.0,0.0,0.0,0.0,0.0,0.0,0.0,0.0,0.0,0.0,0.0,0.0,0.0,0.0,0.0,0.0,0.0,0.0,0.0,0.0,0.0,0.0,0.0,0.0,0.0,0.0,0.0,0.0,0.0,0.0,0.0,0.0,0.0,0.0,0.0,0.0,0.0,0.0,0.0,0.0,0.0,0.0,0.0,0.0,0.0,0.0,0.0,0.0,0.0,0.0,0.0,0.0,0.0,0.0,0.0,0.0,0.0,0.0,0.0,0.0,0.0,0.0,0.0,0.0,0.0,0.0,0.0,0.0,0.0,0.0,0.0,0.0,0.0,0.0,0.0,0.0,0.0,0.0,0.0,0.0,0.0,0.0,0.0,0.0,0.0,0.0,0.0,0.0,0.0,0.0,0.0
BUTTER,0.0,0.0,0.0,0.0,0.0,0.0,0.0,0.0,0.0,0.156996835821413,0.0,0.189664106128254,0.0,0.0,0.0,79.5815377661971,0.0,0.0,0.0,0.0053446376046122,0.0,0.0,0.0,0.0,0.0,0.0267737102083985,0.0,0.0,0.0057296256697044,0.0,0.0,0.077790666990076,0.0,0.0,0.0838356975464148,0.0,0.0,0.0,0.0260739654330182,0.0,0.0,0.0,0.0,0.0037781313278235,0.128980861783061,0.5011015341698184,0.0417658273414526,0.0,0.0,0.0,0.0333025352031339,0.0,0.0,0.0001038126435824,0.0,0.0,0.0,0.0,0.112215586702141,0.0,0.0,0.0,0.0,1.49789317465656,0.0,0.0030420636847392,0.0,0.344420711762986,0.0444041342245574,0.0592067718741294,0.0,0.0215645413955868,0.0571224103290964,0.0,0.0,0.0047070849395611,0.0,0.0,0.0,0.0,0.0,0.0,0.0,0.0,5.81545249815679,0.0,0.0103829165759702,0.0,0.032925023705553,0.0,0.0,0.101008649595734,0.508280570699036,0.638328854982824,0.0,0.0,0.0021441506729657,0.12196637872050256,0.0,0.0,4.63330490117159,0.0,0.39509465099609,0.0
MARGARINE,0.0,0.0,0.0,0.0,0.0,0.0,0.0,0.0,0.0,0.0,0.0,0.0,0.0,0.0,0.0,0.0,0.0,0.0,0.0,0.0,0.0,0.0,0.0,0.0,0.0,0.0,0.0,0.0,0.0,0.0,0.0,0.0,0.0,0.0,0.0,0.0,0.0,0.0,0.0,0.0,0.0,0.0,0.0,0.0,0.0,0.0,0.0,0.0,0.0,0.0,0.0,0.0,0.0,0.0,0.0,0.0,0.0,0.0,0.0,0.0,0.0,0.0,0.0,0.0,0.0,0.0,0.0,0.0,0.0,0.0,0.0,0.0,0.0,0.0,0.0,0.0,0.0,0.0,0.0,0.0,0.0,0.0,0.0,0.0,0.0,0.0,0.0,0.0,0.0,0.0,0.0,0.0,0.0,0.0,0.0,0.0,0.0,0.0,0.0,0.0,0.0,0.0,0.0,0.0
WHITE FATS,0.0,0.0,0.0,0.0,0.0,0.0,0.0,0.0,0.0,0.0672369481996695,0.0,0.0,0.0,0.0,0.0,0.126304703316412,0.0,0.0206415441465654,0.0,0.0,0.0,0.0,0.0,0.0,0.0,0.0,0.0,0.0,0.0,0.0,0.0,0.0,0.0,0.0,0.147496167327675,0.0,0.0,0.0,0.0,0.0,0.0,0.0,0.0,0.0054050153938495,4.51205236664997,0.0207599746104214,0.0,0.0,0.0,0.00304688170331,0.0,0.0,0.0,0.0284535323123836,0.0,9.77907413936544,0.788218642651245,0.0,5.5299173539931,0.0,0.0,0.0,0.0,0.136757482944018,0.0081230398974197,0.0,0.0,3.12856425748609,0.0,0.0431681186029481,0.0,0.258904346392174,0.0,0.0,0.0,0.130550176137153,0.0,0.0,0.0,0.0,0.0,0.0,0.0,0.0,0.0175512146273729,0.0,0.169587479972659,0.0,0.0026121020710882,0.0,0.0,0.0,0.163882077159095,0.442985656266746,0.0,0.0,0.0141653781004879,0.0,0.0,0.0,2.61137655658381,0.0,0.3169262256892,0.0
YOGHURT DRINKS AND JUICES,0.0154445216552393,0.0,1.17391961720186,0.0,0.0,0.0,0.0,0.201030174102935,0.0,0.0102387702454096,0.0,0.1595117021658023,0.104749930928988,0.0,0.0,1.39481426961648,0.0,0.134814056368899,0.0,0.0928868924540784,0.0,0.110297194984622,0.0,0.0,0.0,0.1008522711155795,0.0,0.0111084820803028,0.0,0.0,0.0,0.0517805736618975,0.0,0.0,0.0,0.0,0.0,0.0,2.71383700596533,0.0,0.0,0.0,0.0,0.127293990393747,2.80722769531365e-06,0.357778097189408,0.0,0.0003219014013359,0.0,0.0,0.45843722292569056,0.0,0.0026977742195021,0.449845729627082,0.0,0.0,0.0,0.0,0.582046995529695,0.0,0.0,0.0,0.0,47.6418642932692,0.0,0.0,0.0809633393595334,0.206419253472733,0.0,0.0,0.0,0.0902363968736046,0.431081126217936,0.0050232215869648,0.0008582771193133,0.0,0.0,0.0,0.0,0.0,0.0,0.0,0.0112330441208824,0.0,0.0,0.403393995757863,0.101372545151285,0.0,0.0,0.0,1.08475373886038,0.0,3.53816111642776,0.350838139460145,0.0,0.0,0.0003485961080594,0.0292392676285631,0.0,0.0,8.42342986103334,0.0,0.580478949765103,0.0
FRUIT JUICE & FRUIT DRINKS,0.0,0.0,0.0,0.0,0.0,0.0,0.0,0.0,0.0,0.0,0.0,0.0,0.0,0.0,0.0,0.0,0.0,0.0,0.0,0.0,0.0,0.0,0.0,0.0,0.0,0.0,0.0,0.0,0.0,0.0,0.0,0.0,0.0,0.0,0.0,0.0,0.0,0.0,0.0,0.0,0.0,0.0,0.0,0.0,0.0,0.0,0.0,0.0,0.0,0.0,0.0,0.0,0.0,0.0,0.0,0.0,0.0,0.0,0.0,0.0,0.0,0.0,0.0,0.0,0.0,0.0,0.0,0.0,0.0,0.0,0.0,0.0,0.0,0.0,0.0,0.0,0.0,0.0,0.0,0.0,0.0,0.0,0.0,0.0,0.0,0.0,0.0,0.0,0.0,0.0,0.0,0.0,0.0,0.0,0.0,0.0,0.0,0.0,0.0,0.0,0.0,0.0,0.0,0.0
TEA-STANDARD,0.0,0.0,0.140167092147904,0.0,0.0,0.0,0.0,0.0002922244248368,0.0,0.114751916700704,0.0,0.044684884611970406,0.0043151796011365,0.0,0.0,0.0020829147874619,0.0,0.0,0.0,0.0,0.0,0.011556895570781,0.0,0.0,0.0,0.0631002564657883,0.0,0.709206713980181,0.0009864509196265,0.0,0.0,0.0,0.0,0.0,0.0424789830902304,0.0,0.0,0.0,0.0319277886141019,0.0,0.0,0.0,0.0,0.0200583270956907,0.025964524677613,0.0068608298574337,0.0,0.0003588160066781,0.0,0.0,0.2146651792813181,0.0,0.0325454014640296,0.0311729970633,0.0,0.0588760524680941,0.0044392684650887,0.0,0.0556530934006188,0.0,0.0,0.0,0.0,1.38051148804681,0.0,0.0,0.0,0.367291531274059,0.0,0.0496124622517284,0.0,0.113755812978117,0.0207626795671747,0.0002634922531657,0.001335163527121,0.125459595544032,0.0,0.0,0.0,0.0,0.0,0.0,0.0,0.0,0.0376101345839051,0.0086236763978652,1.25762794659305,0.0,0.0142700836895279,0.0,0.0644225116533056,0.0,2.14991940934991,0.0113636301687018,0.0,81.4091095875274,0.163920151974998,0.5091387974017231,0.0,0.0,0.29354387373679,0.0,0.336488572624134,0.0
DRINKING CHOC+COCOA,0.0801366791928054,0.0,0.0,0.0,0.0,0.0,0.0,0.0,1.47716612942688,0.0180126033661732,0.0,0.0,0.0,0.0,0.0,0.468344525650114,0.0,0.0,0.0103240689293085,0.128559554811106,0.0,0.0,0.0,0.0,0.0,25.343921809507023,0.0,0.0025646847015442,0.0,0.0,0.0,0.002703598365215,0.0,0.0,0.0551842950562338,0.0,0.0,0.0,0.374583548663687,0.0,0.0,0.0,0.0,0.119204380798991,0.0176159598309819,0.0256677398624907,0.0430406446657182,0.13817964271821,0.0,0.0,0.007069662874231,0.0,0.0154334124206926,0.126357120994777,0.0,0.0,0.0,0.0,0.0016701354660865,0.0,0.0,0.0,0.0,22.0664762581447,0.0,0.0241908812972344,0.0789654495463082,2.65193849903504,0.0,0.0,0.0,0.0,0.0148703537034775,0.0,0.0155756753901504,0.0,0.0,0.0,0.0,0.0,0.0,0.0,0.0,0.0,0.202261248478813,0.007069662874231,0.111505684331381,0.0,0.0,0.0,0.0,0.0070572740894725,25.6771870902055,0.0332945048315539,0.0,0.0,0.0,0.204911785704209,0.0,0.0,0.230036192362146,0.0,2.43492816365002,0.0
FRUIT SQUASHES,0.0,0.0,0.0,0.0,0.0,0.0,0.0,0.0,0.0,0.0,0.0,0.0,0.0,0.0,0.0,0.0,0.0,0.0,0.0,0.0,0.0,0.0,0.0,0.0,0.0,0.0,0.0,0.0,0.0,0.0,0.0,0.0,0.0,0.0,0.0,0.0,0.0,0.0,0.0,0.0,0.0,0.0,0.0,0.0,0.0,0.0,0.0,0.0,0.0,0.0,0.0,0.0,0.0,0.0,0.0,0.0,0.0,0.0,0.0,0.0,0.0,0.0,0.0,0.0,0.0,0.0,0.0,0.0,0.0,0.0,0.0,0.0,0.0,0.0,0.0,0.0,0.0,0.0,0.0,0.0,0.0,0.0,0.0,0.0,0.0,0.0,0.0,0.0,0.0,0.0,0.0,0.0,0.0,0.0,0.0,0.0,0.0,0.0,0.0,0.0,0.0,0.0,0.0,0.0
COFFEE-INSTANT,0.0298517387381944,0.0,0.0192416888448807,0.0,0.0,0.0,0.0,0.0,0.0,0.0342569368049114,0.0,0.0152732956492117,0.0,0.0,0.0,0.558447446805208,0.0,0.0,0.0,0.0067291755553124,0.0,0.0008981499966937,0.0,0.0,0.0,0.43265460570393,0.0,50.74404692515348,0.0130985058610955,0.0007419967428737,0.0,0.0021562895175929,0.0,0.0,0.0262578721886128,0.0,0.0,0.0007419967428737,0.074784782356515,0.0,0.0,0.0,0.0,0.0212762568331866,0.34454230669616,0.0227982718434958,0.0154778158366062,0.178813160761701,0.0021562895175929,0.0,0.004476421981371,0.0,0.553534479251265,0.0315625629726003,0.0,0.211912262196564,0.262675922560335,0.0,0.0867390970557694,0.0,0.0,0.0,0.0,12.2475831872111,0.0392955175832866,0.0007419967428737,1.00626940703671,4.02095226913159,0.0049119396979108,0.101981415821596,0.0,0.0141992186467961,0.0,0.0,0.0,0.0145979868896293,0.0,0.0,0.0,0.0,0.0,0.0,0.0245596984895541,0.0,0.0781491611743082,0.0021562895175929,0.100916636070678,0.0,0.0065650356878597,0.0,0.0021562895175929,0.0,10.6848116624137,0.207021427668492,0.0,0.0,0.0048426903127802,0.0668937686444313,0.0,0.0077191643115349,2.46977723002465,0.0,0.16231613548385,0.0
COFFEE-LIQUID & GROUND,0.0323570432479994,0.0,0.0005772729997838,0.0,0.0,0.0,0.0,0.0,0.0,2.34596571741797,0.0,0.0,0.0,0.0,0.0,2.27446427055048,0.0,0.021049034002341,0.0111332626648099,0.0001624048906064,0.0,0.0,0.0,0.0,0.0,0.574592784367458,0.0,60.49379750392431,0.0031516338106472,0.0077273142895864,0.0,0.0,0.0,0.0,0.078483822029722,0.0,0.0,0.0077273142895864,0.0925769031749117,0.0,0.0,0.0,0.0,0.0242073655091807,0.026728026427026,0.024704994185226727,0.0077273142895864,0.188911496729738,0.0,0.0,0.059278256046916805,0.0,0.0038028415471864,0.0373789499608887,0.0,0.153677597995439,0.0781396341247219,0.0,0.0340492449400304,0.0,0.0,0.0,0.0,12.2152421271658,0.0004421028762671,0.02858430069473,0.105965391563271,0.768816151789303,0.0,0.0018002326237497,0.0,0.0,0.0585038190034778,0.0,0.0159859757554776,0.0004101690561685,0.0,0.0,0.0,0.0,0.0,0.0,0.0,0.0,0.000638703368087,0.0016876550516074,0.102771075341067,0.0,0.0,0.0,0.0,0.0163390056953009,6.43915464454521,0.0155392237349371,0.0,0.0779973356315926,0.0010020500783998,0.058353989916247295,0.0,0.0,4.39101212250663,0.0,0.0736533700471209,0.0
Fish - Frozen Snacks,0.0,0.0,0.0,0.0,0.0,0.0,0.0,0.0,0.022157623881154,1.45006182078297,0.0,0.0,0.0,0.0,0.0,0.173078537857656,0.198408453636208,0.166393619669372,0.0,1.00685449960278,0.0,0.1213779784849653,0.0,0.0042315258808339,0.0,0.0499004849710358,0.0,0.0,0.0,18.605612476365557,0.0,0.0,0.0,0.0,0.0170906718157349,0.0,0.0,16.68426661821128,0.0119332976484006,0.0,0.0,0.0,0.0,0.3236387344763661,1.48518266064015,0.0518825172668908,0.0218693367921114,0.0,0.0,0.0,0.4684184800929983,0.0,0.052911996704879,1.79953684988566,0.0,0.0,0.871754513892618,0.0,3.75601700870453,0.0,0.0,1.326378780201,0.0,0.463584041457288,0.0125275437261531,0.0,0.0032070348872512,0.511798262087053,0.0858372122150581,0.565949730648493,0.0,0.0,0.0,0.0,0.088958113170955,0.651172414458185,0.0,0.0,0.0,0.0,0.0,0.0,0.0,0.0,2.2015835033119,0.0,0.787834410201896,0.87572004853431,0.850799428154119,0.0,0.0,0.0,0.539175724672298,0.784701045193244,0.0,0.0,0.0669338313715345,1.0047886797457037,0.0,0.0,9.48410788370865,0.0,13.63958585617487,0.0
MISCELLANEOUS FOODS - FROZEN,0.0,0.0,0.0,0.0,0.0,0.0,0.0,0.0,0.0,0.0,0.0,0.0,0.0,0.0,0.0,0.0,0.0,0.0,0.0,0.0,0.0,0.0,0.0,0.0,0.0,0.0,0.0,0.0,0.0,0.0,0.0,0.0,0.0,0.0,0.0,0.0,0.0,0.0,0.0,0.0,0.0,0.0,0.0,0.0,0.0,0.0,0.0,0.0,0.0,0.0,0.0,0.0,0.0,0.0,0.0,0.0,0.0,0.0,0.0,0.0,0.0,0.0,0.0,0.0,0.0,0.0,0.0,0.0,0.0,0.0,0.0,0.0,0.0,0.0,0.0,0.0,0.0,0.0,0.0,0.0,0.0,0.0,0.0,0.0,0.0,0.0,0.0,0.0,0.0,0.0,0.0,0.0,0.0,0.0,0.0,0.0,0.0,0.0,0.0,0.0,0.0,0.0,0.0,0.0
Veg - Frozen Vegetables,0.0279184293554582,0.0,0.0610489278885461,0.0,0.0,0.0,0.0,0.0081360734674889,0.053751750551004,5.954085118009,0.0100151589825745,0.0003980130192885,0.0,0.0,0.0,0.213698649301531,4.465010859359182,8.10723656951938,0.014244853458951,0.425854698730579,12.13894110053813,0.1703434638736867,0.0,0.117606346226362,0.0,0.019298692002029706,0.0,0.0,0.0027621738946479,0.0392381033167016,0.0247140864614002,0.0,0.0,0.0,0.089896688867189,0.0,0.0,0.0012913737043783,0.0086469191379584,0.0,0.0,0.0,0.0,0.0462904423392706,0.680398037533112,0.5150037918087902,0.0011847181141432,0.0037573845450048,0.0,0.439450548551281,0.0336396490455132,0.0,2.56915696971641,6.5781815887138,0.0,0.0084939413049436,0.0344199303787272,0.0,1.00375988296381,0.0,0.0,0.0,0.0,0.0592114376368128,1.9635795130288,0.0014216617369719,0.0,0.20820074221867,0.1110511727817783,7.37494972560437,0.0,0.0044697464147508,0.0596932013408533,0.0011989891015012,15.5012395799942,3.09700926686719,0.0,0.0,0.0,0.0,0.0,0.0,1.8515048203067,0.0,0.874396085115775,0.0,1.41325932148855,0.0001493573541029,2.5686682455261,0.0,0.0,3.01348940824765e-05,0.44365304407797,0.7726176232909002,0.0,0.0,0.402238748796267,9.006794269552188,0.0,0.0,6.42695378124425,0.0,2.15211522627008,0.0
VEGETABLE IN A JAR,0.0,0.0,0.0,0.0,0.0,0.0,0.0,0.0,0.0,0.0,0.0,0.0,0.0,0.0,0.0,0.23766168936753,0.0,25.3438074718146,0.0,0.0,0.0,0.0,0.0,0.0,0.0,0.0,0.0,0.0,0.0,0.0,0.0,0.0,0.0,0.0,0.0,0.0,0.0,0.0,0.0,0.0,0.0,0.0,0.0,0.0,0.144783833359876,0.0299179802614196,0.0,0.0,0.0,0.0,0.0023123897023703,0.0,0.0,1.59932816323535,0.0,0.0,0.0,0.0,0.0,0.0,0.0,0.0,0.0,0.0,12.1623849925122,0.0,0.0,0.0,0.0299179802614196,0.0048544980778737,0.0,0.0,0.0,0.0,23.124804249458,0.0478495407258117,0.0,0.0,0.0,0.0,0.0,0.0,0.0,0.0,0.0528315429312201,0.0,0.0,0.0,0.142680144076995,0.0,0.0,0.0,1.51798815970045,0.679909539482656,0.0,0.0,0.0,12.573511692953815,0.0,0.0,13.9901172249993,0.0,0.0,0.0
PICKLES-SOUR,0.0,0.0,0.163240306022446,0.0,0.0,0.0,0.0,0.0,2.18794616861479,0.0131462821367054,0.0,0.0054515582576892,0.0,0.0,0.0,0.0582974943409605,9.98538148977865,0.795070980355294,0.0,0.0,0.387944163412257,0.0516290294309073,0.0,0.0,0.0,0.0,0.0,0.0,0.0057104867632027,0.0,10.419950181546,0.0,0.0,0.0,0.0151298835741067,0.0,0.0,0.0,0.322811049532887,0.0,0.0,0.0,0.0,0.422136421162638,0.0017411000315045,0.340257671402058,0.0,0.0,0.0,0.0,0.094848602471608,0.0,0.132191490536481,0.0583005741956024,0.0,0.0879849119985833,0.0,0.0,0.0,0.0,0.0,0.0,0.0,0.0144226577419318,0.0,0.0,0.0,0.0067381228228659,0.0312514465645539,15.2773970060003,0.0,0.0011835473004988,0.0,0.0,0.0007949281409147,0.36597305238723,0.0,0.0,0.0,0.0,0.0,0.0,0.0004810962152644,0.0,0.117721736482073,0.0,0.0020441259219112,0.0,0.248795588936279,0.0,0.0,0.0,6.81447969954197,0.0053124855326826,0.0,0.0,0.238792275167813,15.303322039272182,0.0,0.157990027654491,21.6044022698887,0.0,0.0385013785430406,0.0
COOKING SAUCES AND CONDIMENTS,0.0,0.0,0.0,0.0,0.0,0.0,0.0,0.0,0.0,0.0,0.0,0.0,0.0,0.0,0.0,0.0,0.0,0.0,0.0,0.0,0.0,0.0,0.0,0.0,0.0,0.0,0.0,0.0,0.0,0.0,0.0,0.0,0.0,0.0,0.0,0.0,0.0,0.0,0.0,0.0,0.0,0.0,0.0,0.0,0.0,0.0,0.0,0.0,0.0,0.0,0.0,0.0,0.0,0.0,0.0,0.0,0.0,0.0,0.0,0.0,0.0,0.0,0.0,0.0,0.0,0.0,0.0,0.0,0.0,0.0,0.0,0.0,0.0,0.0,0.0,0.0,0.0,0.0,0.0,0.0,0.0,0.0,0.0,0.0,0.0,0.0,0.0,0.0,0.0,0.0,0.0,0.0,0.0,0.0,0.0,0.0,0.0,0.0,0.0,0.0,0.0,0.0,0.0,0.0
CHUTNEY & RELISH,0.001435775683959,0.0,3.77715656602759,0.0,0.0,0.0,0.0,0.0,1.33248914211384,0.0356396244517945,0.0,0.560208424278568,0.0118923439330687,0.0,0.0,0.315371233439301,0.035463956625793,1.24677180549448,0.0,0.0133672616329666,2.11553947657683,0.5384547435542342,0.0,0.0080079529352095,0.0,0.0853940943809437,0.0,0.0,0.0069875342541798,0.0,1.0266240929001,0.117991574829119,0.0,0.0,0.0261030807942798,0.0,0.0,0.0008398767599947,15.2338060258921,0.0,0.0,0.0,0.0,1.663291237370817,0.0555790722327921,2.016906956198765,0.0014358175188836,0.0076404459369153,0.0,0.0012110934258529,4.052942028584721,0.0,0.0112252349671034,1.67749817333738,0.0,0.722418589700966,0.0,0.0,0.0,0.0,0.0,0.0,0.0727909987969117,0.449705982250127,0.000568992659822,0.0,0.0388429764834521,0.0204636366391583,0.0263292825157753,9.34230034838144,0.0,0.0503499725899091,0.915244716200513,0.439036493899321,0.0016191863631862,2.90034829120349,0.0,0.0,0.0,0.0,0.0,0.0,0.431940339371304,0.0,0.907314879990323,0.0250658114120918,0.225303284597406,0.0,0.145109047377749,0.0,0.0201858320878848,0.0,21.5689662295916,0.4244552154754907,0.0,0.0,3.6858716450718,3.164899608121229,0.0,0.0,7.84396613521627,0.0,0.639257061004723,0.0
SYRUP AND TREACLE,0.003281418022315,0.0,1.16247689268164,0.0,0.0,0.0,0.0,0.041714235486319,0.0,0.0024691217612637,0.0,0.1135668887944776,0.0167502103457138,0.0,0.0,1.53105469800908,0.0,0.156342798986783,0.0,0.0106983753439203,0.0,0.0,0.0,0.0,0.0,1.36532953612482,0.0,1.05467493909766,0.0323181176496051,0.0,0.0,1.6115249266968,0.0,0.0,0.235347836657441,0.0,0.0,0.0,8.39773119733631,0.0,0.0,0.0,0.0,0.0639196932786462,0.0,7.246479852676224,0.0063375216838594,0.0,0.0,0.0,0.0045463764137199,0.0,0.0,0.0395262707422546,0.0,0.0,0.0,0.0,0.0,0.0,0.0,0.0,0.0,7.36412071165202,0.0,0.0083761879395389,5.30793559725272,0.116565725866177,0.0,0.0,0.0,0.0,0.347290149384272,0.0,0.0,0.0,0.0,0.0,0.0,0.0,0.0,0.0,0.0,0.0,0.0274308127883629,0.0706424373018845,1.08217907213792,0.0,0.0,0.0,0.418099110674682,0.0,33.1145392379031,0.38014589517479,0.0,0.0,0.0,0.291940388588365,0.0,0.0,11.9610587335229,0.0,0.17974807007926,0.0
SAUCES-TABLE & KETCHUPS,0.0,0.0,0.0,0.0,0.0,0.0,0.0,0.0,0.0,0.0,0.0,0.0,0.0,0.0,0.0,0.0,0.0,0.0,0.0,0.0,0.0,0.0,0.0,0.0,0.0,0.0,0.0,0.0,0.0,0.0,0.0,0.0,0.0,0.0,0.0,0.0,0.0,0.0,0.0,0.0,0.0,0.0,0.0,0.0,0.0,0.0,0.0,0.0,0.0,0.0,0.0,0.0,0.0,0.0,0.0,0.0,0.0,0.0,0.0,0.0,0.0,0.0,0.0,0.0,0.0,0.0,0.0,0.0,0.0,0.0,0.0,0.0,0.0,0.0,0.0,0.0,0.0,0.0,0.0,0.0,0.0,0.0,0.0,0.0,0.0,0.0,0.0,0.0,0.0,0.0,0.0,0.0,0.0,0.0,0.0,0.0,0.0,0.0,0.0,0.0,0.0,0.0,0.0,0.0
SALAD DRESSING,0.0,0.0,0.525540884869402,0.0,0.0,0.0,0.0,0.0,0.0539778111328782,0.106646067640465,0.0,0.0,0.0,0.0,0.0,0.190307544337663,0.0101823183160498,0.0199810019468716,0.0,0.00473730365893,0.0,1.385025786950232,0.0,0.0,0.0,0.0,0.0,0.0,0.0,0.0,0.0974457043408929,0.0,0.0,0.0,1.50742943136521,0.0,0.0,0.0332455681418761,0.549529313767393,0.0,0.0,0.0,0.0,1.13663413501149,0.0176317543486397,10.772546839120322,0.0,0.0,0.0,0.0,3.298511907610567,0.0,0.733351314911114,1.58865863803992,0.0,0.0,0.0184593057616051,0.0,0.0,0.0,0.0107159378650892,0.0,0.0,0.190732939884227,0.0,0.0045380059621661,0.0,0.0759246787990472,1.0067884209995364,0.444562880659958,0.0,0.0648119125804133,0.0,0.0,0.0039638683241921,1.12017412314759,0.0,0.0,0.0,0.0,0.0,0.0,0.10607275906591,0.0,21.6013092641738,0.0063840047511582,0.0092435261419883,0.0,0.740871716166458,0.0,0.0,0.0,6.57833704534162,1.02150559328667,0.0,0.0,0.614382617541154,1.434577213568193,0.0,0.0,32.4801325842349,0.0,0.829365568619056,0.0
JAMS & MARMALADES,0.0,0.0,0.252388180882683,0.0,0.0,0.0,0.0,0.0217877816828186,0.0,0.0538414308796547,0.0,0.2668479602939364,0.469527483348108,0.0,0.0,0.540631941376318,0.0,0.0045036121197444,0.0,0.0054914421764262,0.0,0.0221073723740402,0.0,0.0,0.0,0.0566963455785607,0.0,0.0,0.0065506975713162,0.0,0.0,1.87639878417755,0.0,0.0,0.610636192607238,0.0,0.0,0.0,2.61034092588219,0.0,0.0,0.0,0.0,0.0044696815776607,0.0273146608199553,1.2929468880796748,0.0,0.0003194188531516,0.0,0.0,2.376119199166053,0.0,0.0036514994541978,0.0801369470828331,0.0,0.0,0.0,0.0,0.126149254309705,0.0,0.0,0.0,0.0,0.800213989848279,0.0,0.0,0.0160447009647368,0.0996523038063161,0.0,0.0320037068015663,0.0,6.11461422790754,6.2486438740703,0.001192281323739,0.0010996103518953,0.179183780585865,0.0,0.0,0.0,0.0,0.0,0.0,0.0,0.0,0.0845959299008629,5.09895721181275,0.116617009655687,0.0015025412586737,0.0014046331374331,0.0,7.59195299950366,0.0016673621486092,34.9499117596987,0.0093690912203001,0.0,0.0,0.146350036198742,1.242857916935143,0.0,0.0,3.89259150631076,0.0,0.238302588235577,0.0
PREPARED SALADS,0.0013262887970862,0.0,0.242182002840697,0.0,0.0,0.0,0.0,0.0,0.0999297339728018,2.87980664227412,0.0020045706352017,0.102993348861021,0.0,0.0,0.0,0.833236671249544,10.28489803059557,4.0947864316639,0.0022260213176853,0.0148159732706165,0.329832035227167,2.209052362520565,0.0,0.0,0.0,0.0,0.0,0.0,0.0466049782407484,0.266034645509233,0.707013837344723,0.0031234526388185,0.0,0.0,2.24425742997047,0.0,0.0,0.4404011751718378,0.120465621634007,0.0,0.0,0.0,0.0,0.670434876284003,6.98062500363449,1.3053112545730845,0.0422604829897675,0.0,0.0132321859699938,0.0015408817998437,0.8650229456401373,0.191271854838701,1.91737554680088,1.94192383771798,0.0,0.0598731344437144,2.14425484255846,0.0,0.410939981626035,0.0,0.0294400919609828,0.0,0.0462759449450196,0.44586381575087,0.0409118139046671,0.0501638352514333,0.0040524745119981,0.0498844728408647,0.1717327236674708,2.48839090488486,0.0,0.181430721041225,0.375789953008149,0.0,0.362788111520519,2.29098654334747,0.0,0.0,0.0,0.0,0.0,0.0,0.581976673431555,0.0,6.50710923392806,0.0,0.477401156502907,0.0012103314971949,1.82277193210761,0.0,0.0273549602612217,0.0,2.09662135901217,0.7383583787789376,0.0,0.0,3.98155355593988,2.50467839944781,0.0,0.0242362955025054,17.391027666909,0.0,9.81033723636634,0.0
SAUSAGES - FRNKFRTR/CNTNTL SSG,0.0,0.0,0.0,0.0,0.0,0.0,0.0,0.0,0.0,0.0,0.0,0.0,0.0,0.0,0.0,0.0,0.0,0.0,0.0,0.0,0.0,0.0,0.0,0.0,0.0,0.0,0.0,0.0,0.0,0.0,0.0,0.0,0.0,0.0,0.0,0.0,0.0,0.0,0.0,0.0,0.0,0.0,0.0,0.0,0.0,0.0,0.0,0.0,0.0,0.0,0.0,0.0,0.0,0.0,0.0,0.0,0.0,0.0,0.0,0.0,0.0,0.0,0.0,0.0,0.0,0.0,0.0,0.0,0.0,0.0,0.0,0.0,0.0,0.0,0.0,0.0,0.0,0.0,0.0,0.0,0.0,0.0,0.0,0.0,0.0,0.0,0.0,0.0,0.0,0.0,0.0,0.0,0.0,0.0,0.0,0.0,0.0,0.0,0.0,0.0,0.0,0.0,0.0,0.0
Meat - Frozen Meat+Pastry,0.0,0.0,0.0080404090864246,0.0,0.0,0.0,0.0,0.0,0.0566724971189955,0.211274959594991,0.0,0.0094799637558568,0.000296763826728,0.0,0.0,1.56397498390714,0.0,0.918229778491857,0.0,0.236645622825328,0.0063056897757734,0.7642309829987828,0.0,0.0078439178517284,0.0,0.0172018519859741,0.0,0.0034713317015577,0.0,0.0,0.0,0.0,0.0,0.0,0.52565374938306,0.0,0.0,0.0053794995607413,0.0465192445573666,0.0,0.0,0.0,0.0,0.909397096309243,6.65786053476859,0.2879434466199705,0.0022516825790548,0.0,0.0,0.279800260708363,0.153251461914648,0.0021471343898824,0.0291754142228283,2.06290622986949,0.0,11.254548271220216,5.1192810120409,0.0,5.23932460545694,0.0,1.42100911120866,0.0,0.0,0.853146052342562,0.533160756337456,0.0,0.0,3.21618343893439,0.0146925671403807,3.2573107368874,0.0,0.0001413472901927,0.0115156087186314,0.0,0.39457915525946,0.898668219431668,0.0,0.0,0.0,0.0,0.0,0.0,0.0248547579014399,0.0,1.47162024108477,0.0010868489576572,0.051223668598713,0.0,0.696278070195883,0.0,0.0,0.0,0.973613822633357,0.49395809732670054,0.0,0.0,0.805117817092827,0.8658572030792545,0.0,0.0,21.7042555469736,0.0,18.934651511687477,0.0
Sausages - Loose,0.0,0.0,0.0,0.0,0.0,0.0,0.0,0.0,0.0,0.245235425322852,0.0,0.0,0.0,0.0,0.0,0.0,0.0,0.0,0.0,0.0,0.0,0.0,0.0,0.0,0.0,0.0,0.0,0.0,0.0,0.0,0.0,0.0,0.0,0.0,0.0673610353245765,0.0,0.0,0.0,0.0,0.0,0.0,0.0,0.0,0.0,0.658970972470148,0.0,0.0,0.0,0.0,0.0,0.0301504703795859,0.223837563734819,0.22050290838617,0.159484216707756,0.0,11.66817869356341,0.0,0.0,65.8266609582998,0.0,0.0,0.0,0.0,0.0411403635838769,0.0,0.0,0.0,0.247513476750108,0.0,0.334408490890172,0.0,0.0303191499030983,0.0,0.0,0.342142626506026,0.808804195959703,0.0,0.0,0.0,0.0,0.0,0.0,0.0,0.0,0.0927888006172412,0.0,0.122197935934172,0.0,0.399238597793024,0.0,0.0,0.0,0.253736130223819,0.0,0.0,0.0,0.055563428600527,0.1577867352009763,0.0,0.0,8.32556063359226,0.0,3.24941660368691,0.0
Meat - Frozen Primary,0.0,0.0,0.0,0.0,0.0,0.0,0.0,0.0,0.0,0.0,0.0,0.0,0.0,0.0,0.0,0.0,0.0,0.0,0.0,0.0,0.0,0.0,0.0,0.0,0.0,0.0,0.0,0.0,0.0,0.0,0.0,0.0,0.0,0.0,0.0,0.0,0.0,0.0,0.0,0.0,0.0,0.0,0.0,0.0,0.0,0.0,0.0,0.0,0.0,0.0,0.0,0.0,0.0,0.0,0.0,0.0,0.0,0.0,0.0,0.0,0.0,0.0,0.0,0.0,0.0,0.0,0.0,0.0,0.0,0.0,0.0,0.0,0.0,0.0,0.0,0.0,0.0,0.0,0.0,0.0,0.0,0.0,0.0,0.0,0.0,0.0,0.0,0.0,0.0,0.0,0.0,0.0,0.0,0.0,0.0,0.0,0.0,0.0,0.0,0.0,0.0,0.0,0.0,0.0
Poultry - Cooked Primary,0.0,0.0,0.0339900514963857,0.0,0.0,0.0,0.0,0.0,0.0,0.181569025547088,0.0,0.0,0.0,0.0,0.0,0.117813011039487,0.0,0.0577812155203258,0.0,0.101409701537325,0.0,0.002297842574734,0.0,0.0,0.0,0.0002723554642473,0.0,0.0,0.0,0.0051644710257327,0.0,0.0,0.0,0.0,0.0116343536716615,0.0,0.0,0.0,0.0122764262185349,0.0,0.0,0.0,0.0,0.0293523715832005,0.422162436641508,0.006542216678696,0.0,0.0,0.0,0.0125256167140749,0.0395092423428086,0.0007292358680261,0.0485117254057897,0.811434519769892,0.0,0.0,84.8849082022717,0.0,0.611762800306037,0.0,0.0,2.29352517846714,0.0,0.146766057321009,0.0017472716246227,0.0,0.0091032183554856,0.024074074237163,0.0158813577812808,0.206423623429198,0.0,0.0100375307725523,0.0,0.0,0.0921036019005196,0.285196434222104,0.0,0.0,0.0,0.0,0.0,0.0,0.0,0.0,0.368210591498995,0.0,0.544182852157432,0.0007727930606516,0.125920110950658,0.0,0.0,0.0,2.34185498338158,0.121622841019907,0.0,0.0,0.103568485186819,0.2447039555020914,0.0,0.0,1.72571673873852,0.0,1.0521428710234917,0.0
Meat+Pastry Products - Loose,0.0,0.0,0.0,0.0,0.0,0.0,0.0,0.0,0.0,0.0,0.0,0.0,0.0,0.0,0.0,0.0,0.0,0.0,0.0,0.0,0.0,0.0,0.0,0.0,0.0,0.0,0.0,0.0,0.0,0.0,0.0,0.0,0.0,0.0,0.0,0.0,0.0,0.0,0.0,0.0,0.0,0.0,0.0,0.0,0.0,0.0,0.0,0.0,0.0,0.0,0.0,0.0,0.0,0.0,0.0,0.0,0.0,0.0,0.0,0.0,0.0,0.0,0.0,0.0,0.0,0.0,0.0,0.0,0.0,0.0,0.0,0.0,0.0,0.0,0.0,0.0,0.0,0.0,0.0,0.0,0.0,0.0,0.0,0.0,0.0,0.0,0.0,0.0,0.0,0.0,0.0,0.0,0.0,0.0,0.0,0.0,0.0,0.0,0.0,0.0,0.0,0.0,0.0,0.0
Poultry - Fresh Prcsd Cmplt Ml,0.0668591620523994,0.0,0.0106532413414343,0.0,0.0,0.0,0.0,0.0,0.233591246901611,1.18264883412148,0.0540182793987566,0.0343651726914012,0.0,0.0,0.0,1.96570562732483,0.498245048948961,1.18147194987758,0.175616847232113,0.0586738260245571,0.1853755719904372,0.5796998655460687,0.0,0.0,0.0,7.40838877071185e-05,0.0,0.0,0.0018737029069959,0.22735073939462222,0.0160233658279869,0.0,0.0,0.0,0.318585806469133,0.0,0.0,0.0965564339498366,1.08280282959817,0.0,0.0,0.0,0.0,0.47420117081498,3.44268482176867,0.5210328698591496,0.0211403869567618,0.0,0.0,0.194215757525381,0.766479214514322,0.0086250782108293,0.44278574570898,2.00023335257837,0.0,0.0190915462461908,17.4767051012638,0.0,0.641167595955156,0.0,0.0,0.150602054852485,0.0016893756345585,2.83399875509235,0.506091637745585,0.0094326401549722,0.0265115025024393,0.480342597819798,0.080130588930474,5.19815425819118,0.0,0.0273999875628268,0.0539735599581951,0.0,0.640350149902594,3.58104063035045,0.0,0.0,0.0179355256264018,0.0,0.0,0.0,0.117535467547478,0.0,2.72352658194613,0.0,5.02298134655839,0.070637151405232,1.77213822080487,0.0,0.0,0.0073277034445443,1.9125881989665,0.354959935301026,0.0,0.0,4.25963871908622,3.443373884695472,0.0,0.0,19.7862571893174,0.0,4.349150332313311,0.0
BACON - FRESH+FROZEN,0.0,0.0,0.0,0.0,0.0,0.0,0.0,0.0,0.0,0.0,0.0,0.0,0.0,0.0,0.0,0.0,0.0,0.0,0.0,0.0,0.0,0.0,0.0,0.0,0.0,0.0,0.0,0.0,0.0,0.0,0.0,0.0,0.0,0.0,0.0,0.0,0.0,0.0,0.0,0.0,0.0,0.0,0.0,0.0,0.0,0.0,0.0,0.0,0.0,0.0,0.0,0.0,0.0,0.0,0.0,0.0,0.0,0.0,0.0,0.0,0.0,0.0,0.0,0.0,0.0,0.0,0.0,0.0,0.0,0.0,0.0,0.0,0.0,0.0,0.0,0.0,0.0,0.0,0.0,0.0,0.0,0.0,0.0,0.0,0.0,0.0,0.0,0.0,0.0,0.0,0.0,0.0,0.0,0.0,0.0,0.0,0.0,0.0,0.0,0.0,0.0,0.0,0.0,0.0
Cooked Meat - Slcd Ham-Loose,0.0,0.0,0.0,0.0,0.0,0.0,0.0,0.0,0.0,0.0,0.0,0.0,0.0,0.0,0.0,0.0,0.0,0.0,0.0,0.0,0.0,0.0,0.0,0.0,0.0,0.0,0.0,0.0,0.0,0.0,0.0,0.0,0.0,0.0,0.0,0.0,0.0,0.0,0.0,0.0,0.0,0.0,0.0,0.0,0.0,0.0,0.0,0.0,0.0,0.0,0.0,0.0,0.0,0.0,0.0,0.0,0.0,0.0,0.0,0.0,0.0,0.0,0.0,0.0,0.0,0.0,0.0,0.0,0.0,0.0,0.0,0.0,0.0,0.0,0.0,0.0,0.0,0.0,0.0,0.0,0.0,0.0,0.0,0.0,0.0,0.0,0.0,0.0,0.0,0.0,0.0,0.0,0.0,0.0,0.0,0.0,0.0,0.0,0.0,0.0,0.0,0.0,0.0,0.0
CANNED CREAM,0.0,0.0,0.0,0.0,0.0,0.0,0.0,0.0,0.0,0.0,0.0,0.0,0.0,0.0,0.0,99.85,0.0,0.0,0.0,0.0,0.0,0.0,0.0,0.0,0.0,0.0,0.0,0.0,0.0,0.0,0.0,0.0,0.0,0.0,0.0,0.0,0.0,0.0,0.0,0.0,0.0,0.0,0.0,0.0,0.0,0.0,0.0,0.0,0.0,0.0,0.0,0.0,0.0,0.0,0.0,0.0,0.0,0.0,0.0,0.0,0.0,0.0,0.0,0.0,0.0,0.0,0.0,0.0,0.0,0.0,0.0,0.0,0.0,0.0,0.0,0.0,0.0,0.0,0.0,0.0,0.0,0.0,0.0,0.0,0.0,0.0,0.0,0.0,0.0,0.0,0.0,0.0,0.0,0.0,0.0,0.0,0.0,0.0,0.0,0.0,0.0,0.0,0.0,0.0
PIZZA - FROZEN,0.0,0.0,0.0,0.0,0.0,0.0,0.0,0.0,0.0,0.0,0.0,0.0,0.0,0.0,0.0,0.0,0.0,0.0,0.0,0.0,0.0,0.0,0.0,0.0,0.0,0.0,0.0,0.0,0.0,0.0,0.0,0.0,0.0,0.0,0.0,0.0,0.0,0.0,0.0,0.0,0.0,0.0,0.0,0.0,0.0,0.0,0.0,0.0,0.0,0.0,0.0,0.0,0.0,0.0,0.0,0.0,0.0,0.0,0.0,0.0,0.0,0.0,0.0,0.0,0.0,0.0,0.0,0.0,0.0,0.0,0.0,0.0,0.0,0.0,0.0,0.0,0.0,0.0,0.0,0.0,0.0,0.0,0.0,0.0,0.0,0.0,0.0,0.0,0.0,0.0,0.0,0.0,0.0,0.0,0.0,0.0,0.0,0.0,0.0,0.0,0.0,0.0,0.0,0.0
STUFFING-PACKET,0.0362671021536434,0.0,2.46974460400928,0.0,0.0,0.0,0.0,0.0,0.146385003097428,0.006539816312824,0.0,0.0,0.0277424474424908,0.0,0.0,0.878768442138899,0.0,5.35960588550666e-05,0.0362671021536434,0.0227932601808376,0.0,0.0,0.0,1.28651228660236,0.0,0.0,0.0,0.0,0.412083769324926,0.0,0.0,0.0,0.0,0.0,0.0987640482465021,0.0,0.0,0.0,0.0,0.0,0.0,0.0,0.0,0.0142481416462642,0.638495860757767,1.1232355396916753,0.0,0.0,0.0,0.0341026439905164,0.140300801191307,0.0,0.0,0.38079078545341,0.0,0.2070848749086503,0.0,0.0,0.0011866676734488,0.0,0.0,0.0,0.0,0.0796608697803482,1.08606980741425,0.0906677553841085,0.0034774706240398,2.37483920792575,0.663254730367682,12.9291727550447,0.0,0.0478202316500909,0.0803313805584095,0.0,0.0,0.342428325280511,0.0,0.0,0.0362671021536434,0.0,0.0,0.0,0.0,0.0,1.44531869668932,0.0,2.22149239510442,0.0,3.00527572181394,0.0,0.314248535815854,0.0,0.683533276458195,0.45040776962589957,0.0,0.0,0.192630435637778,0.85744731065906,0.0,0.0,4.06338337029938,0.0,54.9232045971745,0.0
Poultry - Frozen Prcsd Ml Acmp,0.0848219993625852,0.0,0.0,0.0,0.0,0.0,0.0,0.0,0.0581091271420101,0.718328471175888,0.0,0.0,0.0,0.0,0.0,3.50756276227613,0.0879942490850924,0.251794391291435,0.0648062183098525,0.156593741443916,0.1058706456662985,0.4117699809848204,0.0,0.0,0.0,0.0,0.0,0.0,0.0,0.0091959207920387,0.0,0.0,0.0,0.0,0.0658505804589552,0.0,0.0,0.0072074404161391,0.851854061068121,0.0,0.0,0.0,0.0,0.195643682586074,0.0919326983285468,0.3186907732110166,0.0048109261187444,0.0,0.0,0.0528879432479533,0.2211654947036432,0.0,0.334106891739484,1.50331503439254,0.0,0.0,34.4934426047981,0.0,0.895664969381221,0.0,0.0,0.386255403827463,0.0,1.52608335136073,0.116710003789999,2.16741739589435e-05,0.0,0.130561161794752,0.0,6.67150724750165,0.0,0.0194870443078506,0.349277162569137,0.0,0.2429432790868,3.57386267212693,0.0,0.0,0.0,0.0,0.0,0.0,0.0482702909407634,0.0,2.65603575484286,0.0,1.12314031961723,0.0310518562105429,0.982377486998752,0.0,0.0,0.0848529839844096,2.18173505673586,0.30722831482543,0.0,0.0,5.99714574890532,2.8831158312788,0.0,0.0,15.9937358484252,0.0,1.95656909413577,0.0
SAUSAGEMEAT - FRESH+FROZEN,0.0,0.0,0.13996965898585,0.0,0.0,0.0,0.0,0.0,0.0,0.300705853962261,0.0,0.0129300887128716,0.0,0.0,0.0,0.525529135409765,0.0,0.0993186575740493,0.0,0.0443834837738207,0.0,0.0666774910446028,0.0,0.167096689496231,0.0,0.0,0.0,0.0,0.0768767973826322,0.0,0.0,0.0,0.0,0.0,0.179424191955283,0.0,0.0,0.0,0.0,0.0,0.0,0.0,0.0,0.03722334687658,0.719536466384727,0.071999761114487,0.0,0.0,0.0,0.0329760737143369,0.0163806102946291,0.0294466104893159,0.07243763746423,0.283338128072154,0.0,11.421849664397897,0.649085448300251,0.0,54.047009845189,0.0,0.0,0.245671685544561,0.0,0.0571752174591649,0.0946248276063852,0.0,0.0096975665346537,0.166989756286676,0.0017747613041323,2.73820991613956,0.0,0.0789721226463662,0.328167759833966,0.0,0.538636505536396,0.622368418143837,0.0,0.0,0.0,0.0,0.0,0.0,0.0890652446372991,0.0,0.136822673268958,0.0,1.09504916868856,0.0,1.138022174661,0.0,0.0,0.0,0.447640621384235,0.0666567397779615,0.0,0.0,0.0400326184125449,0.29819321640279217,0.0,0.0,11.6386358524758,0.0,3.9554650772722693,0.0
DEFINED AMBIENT MEALS,0.0,0.0,0.0184531084999861,0.0,0.0,0.0,0.0,0.0065100659641385,0.0240325766057237,3.54244707404776,0.0,0.0134738498036967,0.0,0.0,0.0,0.302207996263352,0.0445582501102139,0.560737865847537,0.0162203447301655,0.356448741523223,0.0081388240915396,0.09115413367142589,0.0,0.0,0.0,0.0,0.0,0.0,0.0,0.0173182919975188,0.0,0.0,0.0,0.0,0.514863024271103,0.0,0.0,0.676736071774236,1.22973424750375,0.0,0.0,0.0,0.0,0.611231409501018,1.14807287889626,0.21860098996360441,0.273292287118073,0.0,0.0,0.0461078249033858,0.47824124251547995,1.25183683144252,0.044607896445498,1.3295009158621,0.0,0.486953723935175,2.23682625704321,0.0,0.0994877402487158,0.0,0.0,0.0,0.0,0.234953868524836,0.882665373000126,0.0,0.0005826460995707,2.40028142662205,0.0359924114442754,4.81468821933839,0.0,0.0297547355022582,0.0,0.0,1.76896081128081,3.17253170371659,0.0,0.0,0.0,0.0,0.0,0.0,0.441246797231704,0.0,0.747087292703572,0.0,9.77592273611002,0.49823982463572897,2.43069400144243,0.0,0.0,0.0,4.53396272881399,1.4310244605015856,0.0,0.0,5.6987537575032,4.914097268594304,0.0,0.0,20.2664844539424,0.0,7.0044692189813125,0.0
Cooked Meat - Slcd Mt+Plt-Lse,0.0,0.0,0.0,0.0,0.0,0.0,0.0,0.0,0.0,0.0,0.0,0.0,0.0,0.0,0.0,0.0,0.0,0.0,0.0,0.0,0.0,0.0,0.0,0.0,0.0,0.0,0.0,0.0,0.0,0.0,0.0,0.0,0.0,0.0,0.0,0.0,0.0,0.0,0.0,0.0,0.0,0.0,0.0,0.0,0.0,0.0,0.0,0.0,0.0,0.0,0.0,0.0,0.0,0.0,0.0,0.0,0.0,0.0,0.0,0.0,0.0,0.0,0.0,0.0,0.0,0.0,0.0,0.0,0.0,0.0,0.0,0.0,0.0,0.0,0.0,0.0,0.0,0.0,0.0,0.0,0.0,0.0,0.0,0.0,0.0,0.0,0.0,0.0,0.0,0.0,0.0,0.0,0.0,0.0,0.0,0.0,0.0,0.0,0.0,0.0,0.0,0.0,0.0,0.0
TINNED COLD MEATS,0.0,0.0,0.0,0.0,0.0,0.0,0.0,0.0,0.0,0.441724150089472,0.0,0.0,0.0,0.0,0.0,0.0043641863311118,0.0,0.0089000830327312,0.0,0.0,0.0,0.0,0.0,0.0,0.0,0.0,0.0,0.0,0.0,0.0,0.0,0.0,0.0,0.0,0.0,0.0,0.0,0.0,0.0,0.0,0.0,0.0,0.0,0.0902779641545468,0.354526981883711,0.0,0.0,0.0,0.0,0.0001435011213297,0.030199067983296,0.0,0.0009779402011012,0.0760952177489047,0.0,40.432909399756994,6.13159906631132,0.0,39.9679188849522,0.0,0.0,0.0,0.0,0.145760193870288,0.0,0.0,0.0,0.0,0.0,0.677769499575393,0.0,0.0,0.0,0.0,0.0499170486046056,0.284532809527442,0.0,0.0,0.0,0.0,0.0,0.0,0.0,0.0,0.0685708714322754,0.0,0.0256749270899878,0.0,0.121594161843799,0.0,0.0,0.0,1.57628020182137,0.0067538011240844,0.0,0.0,0.0088335733675856,0.1814533920417477,0.0,0.0,3.05166341784353,0.0,0.736520825447148,0.0
Poultry - Fresh Primary,0.0,0.0,0.0,0.0,0.0,0.0,0.0,0.0,0.0,0.0,0.0,0.0,0.0,0.0,0.0,0.0,0.0,0.0,0.0,0.0,0.0,0.0,0.0,0.0,0.0,0.0,0.0,0.0,0.0,0.0,0.0,0.0,0.0,0.0,0.0,0.0,0.0,0.0,0.0,0.0,0.0,0.0,0.0,0.0,0.0,0.0,0.0,0.0,0.0,0.0,0.0,0.0,0.0,0.0,0.0,0.0,0.0,0.0,0.0,0.0,0.0,0.0,0.0,0.0,0.0,0.0,0.0,0.0,0.0,0.0,0.0,0.0,0.0,0.0,0.0,0.0,0.0,0.0,0.0,0.0,0.0,0.0,0.0,0.0,0.0,0.0,0.0,0.0,0.0,0.0,0.0,0.0,0.0,0.0,0.0,0.0,0.0,0.0,0.0,0.0,0.0,0.0,0.0,0.0
Meat - Fresh Primary,0.0,0.0,0.0,0.0,0.0,0.0,0.0,0.0,0.0,0.0,0.0,0.0,0.0,0.0,0.0,0.0,0.0,0.0,0.0,0.0,0.0,0.0,0.0,0.0,0.0,0.0,0.0,0.0,0.0,0.0,0.0,0.0,0.0,0.0,0.0,0.0,0.0,0.0,0.0,0.0,0.0,0.0,0.0,0.0,0.0,0.0,0.0,0.0,0.0,0.0,0.0,0.0,0.0,0.0,0.0,0.0,0.0,0.0,0.0,0.0,0.0,0.0,0.0,0.0,0.0,0.0,0.0,0.0,0.0,0.0,0.0,0.0,0.0,0.0,0.0,0.0,0.0,0.0,0.0,0.0,0.0,0.0,0.0,0.0,0.0,0.0,0.0,0.0,0.0,0.0,0.0,0.0,0.0,0.0,0.0,0.0,0.0,0.0,0.0,0.0,0.0,0.0,0.0,0.0
STUFFING - FRESH+FROZEN,0.0,0.0,1.73967375771518,0.0,0.0,0.0,0.0,0.0,0.0051300785531142,0.456683957388903,0.0,0.0,0.0,0.0,0.0,1.82807213706875,0.0,0.0,0.0,0.0,0.0,0.0,0.0,0.0,0.0,0.0,0.0,0.0,1.17121969731749,0.0,0.0,0.0,0.0,0.0,0.0,0.0,0.0,0.0,0.0872479856250685,0.0,0.0,0.0,0.0,0.0,0.231128028914414,0.0,0.0,0.0,0.0,0.0,0.0,0.0,0.0,0.312564979392288,0.0,0.0,0.0,0.0,0.0,0.0,0.0,0.0,0.0,0.0,0.0,0.0,1.85714291129433,0.430361627172142,0.1391345569034,16.3101336888088,0.0,0.0383697569323357,0.0,0.0,0.0,0.540417282381546,0.0,0.0,0.0,0.0,0.0,0.0,0.0,0.0,3.79590539419852,0.0,2.00860217269036,0.0,4.62441367244233,0.0,0.0,0.0,3.09083500016118,0.414884990908272,0.0,0.0,0.0,0.623442280768386,0.0,0.0,15.4176208882361,0.0,40.8696173518481,0.0
Sausages - Fresh,0.0,0.0,0.323258665808889,0.0,0.0,0.0,0.0,0.0,0.011604733595234,0.35674150051888,0.0,0.0,0.0,0.0,0.0,0.0372271280968492,0.0,0.034367504370767,0.0,0.0472059562605393,0.0,0.14367844792279852,0.0,0.0,0.0,3.14394397558549e-05,0.0,0.0,0.0055153965644698,0.0,0.0,0.0003702551464657,0.0,0.0,0.138568231992888,0.0,0.0,0.0,0.0154580374767325,0.0,0.0,0.0,0.0,0.0631298514564212,0.908183614717893,0.0491450379639133,0.0,0.0,0.0,0.182213742602049,0.0319502576598622,0.0347322484449631,0.0341796733902016,0.18780083986037,0.0,3.85324214975728,3.97408339310723,0.0,61.8211791160465,0.0,0.0889066406936202,1.44659474907876,0.0,0.0271234481722168,0.134166460284362,0.0,0.0,0.0280477783099401,0.0225594353083243,0.85221295451534,0.0,0.0278212243191354,0.0,0.0,0.537721324897375,0.961320040671541,0.0,0.0,0.0,0.0,0.0,0.0,0.0432026295072255,0.0,0.180768079218923,0.0,1.01460221960414,0.0,0.762736577334572,0.0,0.0,0.0,0.410480148056329,0.044575485125862596,0.0,0.0,0.176152422056269,0.334042261184167,0.0,0.0,9.56683336671532,0.0,1.927779383140142,0.0
VEGETARIAN - FROZEN MEAT SUBS,0.0246284845504208,0.0,0.0989068594273538,0.0,0.0,0.0,0.0,0.025369574529006,0.0337258110701513,11.3315925267937,0.0,0.0,0.0002533702672826,0.0,0.0,0.043027532480924,0.0493595445752873,1.37852665981009,0.0059760309313302,0.136935408303817,0.8271474989622,0.5724697644556593,0.0,0.0407133313143397,0.0,0.0104740963491916,0.0,0.0,0.004228262421501,0.192563351131962,0.0,0.000397745618144,0.0,0.0,1.29079091529932,0.0,0.0,0.631746787198987,0.173053070039534,0.0,0.0,0.0,0.0,0.8385383433424684,1.8714306655824,0.09855023992387689,0.151774790689299,0.0083697395768257,0.0,0.502068085695498,0.15336921425776548,0.243245149856999,0.365383918246804,2.10603718493656,0.0,2.065336708218652,2.49017807485561,0.0,0.86147394403797,0.0,0.0,0.0316969401797877,0.0,0.221124315173794,8.3214196999569,0.0135946638548235,0.0710617505798906,0.799628115357143,0.08187963864199141,4.1410508103636,0.0,0.0221926486950404,0.0143501723133724,0.0,4.01986903959973,1.4429317183944,0.0,0.0,0.0,0.0,0.0,0.0,0.384968167381664,0.0,3.49286459750335,0.0,2.17095039465965,0.24522907023924229,0.692776786155632,0.0,0.0,0.0267382689362906,0.558010437858053,1.671006911623036,0.0,0.0,0.89482748230081,4.1053090009619035,0.0,0.0235462234997274,18.8353812090595,0.0,9.172695859093226,0.0
OAT CAKES,0.0,0.0,0.0,0.0,0.0,0.0,0.0,0.0,0.0690794748278946,0.0,0.0,0.0,0.0,0.0,0.0,0.121305167329756,0.0,0.0,0.0,0.17235183871988,0.0,1.4563149279953624,0.0,0.0,0.0,0.0413428576992785,0.0,0.0,0.0,0.0,0.0,0.215873373809724,0.0,0.0,0.0,0.0,0.0,0.0,0.206213115897843,0.0,0.0,0.0,0.0,1.1887395100902611,5.17100576498808e-05,0.0,0.0,0.0,0.0,0.0,0.0,0.0,0.0,0.0107081092273862,0.0,0.0,0.0,0.0,0.0,0.0,0.0,0.0,0.0,0.0141678066064153,0.0,0.0,67.3407663597256,4.67100458615182,0.230465489622244,0.0095570111037158,0.0,0.0,0.0,0.0,0.0,0.0330268456402209,0.0,0.0,0.0,0.0,0.0,0.0,0.0,0.0,1.31874256877196,0.0,0.0,0.0,7.84859721492164e-05,0.0,0.0,0.0,0.730354101480782,2.2302412155163602,0.0,0.0,0.0028997813166249,0.14442737114850862,0.0,0.0,0.202670907618117,0.0,1.56887288222313,0.0
PASTA-DRY,0.0,0.0,0.0,0.0,0.0,0.0,0.0,0.0,0.0049558384623287,2.04367615060991,0.0,0.0,0.0,0.0,0.0,0.110118282802804,0.0023594184572358,0.0422351658036326,0.0,0.0780012918014181,0.0086910060605739,1.004969852270768,0.0,0.0,0.0,0.0,0.0,0.0,0.0,0.0113758730777373,0.0007666278905891,0.0,0.0,0.0,1.94731789476248,0.0,0.0,0.0551476147014671,0.0,0.0,0.0,0.0,0.0,0.620839348314905,0.894805059622198,0.055311174829251006,0.0,0.0,0.0,2.01017547824961e-07,0.0239780696754224,1.16389505928311,0.445169709555433,1.63898593647734,0.0,0.4384390930730487,0.0151928591346221,0.0,0.0259881556338466,0.0,0.0,0.0,0.0,0.410280080632888,0.0249290021449362,0.0043994404282177,0.0563230108263738,0.0379615958252958,0.0513807947408889,0.156684549110909,0.0,0.0003297112422509,0.0231087207605508,0.0,0.503417594392334,0.104523978234742,0.0,0.0,0.0,0.0,0.0,0.0,0.0171349322407549,0.0,0.234607309299006,0.0,5.29533574770017,0.0,0.0828803574479749,0.0,0.0,0.0,0.129528079373265,0.0303088217825338,0.0,0.0,1.26752152087725,0.1423048390863968,0.0,0.0,4.91986792662046,0.0,74.18972559352592,0.0
INSTANT HOT SNACKS,0.0282263619963536,0.0,0.024765269368043,0.0,0.0,0.0,0.0,0.0,0.0119259387694469,1.12337317358307,0.0,0.0010235574075811,0.0,0.0,0.0,0.324906336033537,0.3334114108749572,0.845498521234153,0.0023896756781398,0.565269961011634,0.0695667046805782,0.39427817669596693,0.0,0.0,0.0,0.0015628878177002,0.0,0.0,0.0,0.0508244810531537,0.0,0.0,0.0,0.0,2.39302826729502,0.0,0.0,1.23632825239214,0.396939714189616,0.0,0.0,0.0,0.0,0.9531381052582132,2.17797209226832,0.0770037502921336,0.0086006687557355,0.0,0.0,0.0160594984190796,0.1854089612420045,0.365549153665551,0.203623618187911,0.767664247584,0.0,0.2796839122636033,1.73185711925598,0.0,0.837404224499292,0.0,0.0806750759097731,0.0,0.0,0.745846948956289,0.444436330881524,0.0,0.0086608538612243,6.08480027031303,0.1611301935120288,2.16235282849106,0.0,0.0076230416950926,0.0131023243724081,0.0,0.227074580767873,1.47026808608811,0.0,0.0,0.0,0.0,0.0,0.0,0.151860580172834,0.0,0.350742953120832,0.0,9.76702221454724,0.1238690513977936,0.666869141059833,0.0,0.0,0.0,3.59729550412199,0.312433003477799,0.0,0.0,1.75750509148204,1.711037229745865,0.0,0.0,5.90738386635381,0.0,33.371374891910335,0.0
TOASTER PASTRIES,0.0,0.0,2.41911285092891,0.0,0.0,0.0,0.0,0.0,0.0,0.0,0.0,0.393628458354707,0.0,0.0,0.0,0.193219200686615,0.0,0.183080624778254,0.0,0.0034709674451497,0.0,0.0,0.0,0.0,0.0,0.5196300920143965,0.0,0.0,0.0,0.0,0.0,0.478053380904292,0.0,0.0,0.34545339996652,0.0,0.0,0.0,3.37993195351729,0.0,0.0,0.0,0.0,0.0,0.0,0.0,0.0,0.0,0.0,0.0,0.0,0.0,0.0,0.0,0.0,0.336943918525799,0.0,0.0,0.0,0.0,0.0,0.0,0.0,0.392177149130447,0.0,0.0,0.162304611141332,0.828313150520543,0.0,0.0,0.0,0.0649099064186502,0.0,27.6568781222945,0.0,0.0,0.0,0.0,0.0,0.0,0.0,0.0,0.0,0.0,0.0,0.0,0.132664854345521,0.0027885407319896,0.0,0.0,10.4923377422865,0.0,12.504560277906,0.181238676032891,0.0,0.0,0.0,0.5647480857877782,0.0,0.0,0.0,0.0,17.8492911703503,0.0
INDIAN & CHINESE PRODUCTS,0.0138835236799204,0.0,0.196758407536114,0.0,0.0,0.0,0.0,0.0625165292087686,0.0005579537598692,1.59990012808051,0.0,0.0,0.0,0.0,0.0,2.22521881697223,0.0,0.0377580922250245,0.0047263595648628,0.382016710888669,0.0,0.0128109786937653,0.0,0.0,0.0,0.0231051944019184,0.0,0.0,0.0,0.102314829839355,0.0,0.00045791007149,0.0,0.0,0.0118662987447584,0.0,0.0,0.143805343524612,13.1202825953812,0.0,0.0,0.0,0.0,1.927792246703,0.788437198688237,0.0459208234483989,0.0759751474015069,0.0,0.0,0.0,0.283310357847528,2.31843012534265,0.625719549187489,0.426591912457865,0.0,0.0,0.0286574132754855,0.0,0.0,0.0,0.0,0.0,0.0,5.29357810731628,0.0030866312789687,0.0,0.0,1.98362602152414,0.0046390718554141,1.58572190089213,0.0,0.00045791007149,0.0,0.0,0.530231593354137,3.1304926674723,0.0,0.0,0.0,0.0,0.0,0.0,0.021228838664899,0.0,3.1396643976157,0.0,1.03445572828711,0.0483344796266881,7.68834285795962,0.0,0.0,0.0,1.57555894132503,0.94098533524615,0.0,0.0,0.835810091083985,4.411834848847544,0.0,0.0,16.3953531685653,0.0,6.625874364751315,0.0
PIZZA - FRESH+AMBIENT,0.0,0.0,0.0,0.0,0.0,0.0,0.0,0.0,0.0,0.0,0.0,0.0,0.0,0.0,0.0,0.0,0.0,0.0,0.0,0.0,0.0,0.0,0.0,0.0,0.0,0.0,0.0,0.0,0.0,0.0,0.0,0.0,0.0,0.0,0.0,0.0,0.0,0.0,0.0,0.0,0.0,0.0,0.0,0.0,0.0,0.0,0.0,0.0,0.0,0.0,0.0,0.0,0.0,0.0,0.0,0.0,0.0,0.0,0.0,0.0,0.0,0.0,0.0,0.0,0.0,0.0,0.0,0.0,0.0,0.0,0.0,0.0,0.0,0.0,0.0,0.0,0.0,0.0,0.0,0.0,0.0,0.0,0.0,0.0,0.0,0.0,0.0,0.0,0.0,0.0,0.0,0.0,0.0,0.0,0.0,0.0,0.0,0.0,0.0,0.0,0.0,0.0,0.0,0.0
Meat+Pastry Products - Prpckd,0.0,0.0,0.0,0.0,0.0,0.0,0.0,0.0,0.0,0.0,0.0,0.0,0.0,0.0,0.0,0.0,0.0,0.0,0.0,0.0,0.0,0.0,0.0,0.0,0.0,0.0,0.0,0.0,0.0,0.0,0.0,0.0,0.0,0.0,0.0,0.0,0.0,0.0,0.0,0.0,0.0,0.0,0.0,0.0,0.0,0.0,0.0,0.0,0.0,0.0,0.0,0.0,0.0,0.0,0.0,0.0,0.0,0.0,0.0,0.0,0.0,0.0,0.0,0.0,0.0,0.0,0.0,0.0,0.0,0.0,0.0,0.0,0.0,0.0,0.0,0.0,0.0,0.0,0.0,0.0,0.0,0.0,0.0,0.0,0.0,0.0,0.0,0.0,0.0,0.0,0.0,0.0,0.0,0.0,0.0,0.0,0.0,0.0,0.0,0.0,0.0,0.0,0.0,0.0
Cooked Meat - Slcd Ham-Prpckd,0.0034431142458269,0.0,0.0236840306512571,0.0,0.0,0.0,0.0,0.0,0.0127667757922996,0.0045979175046389,0.0,0.0249760590872088,0.0,0.0,0.0,0.0342298263906694,0.0,0.0118101023146597,0.0,0.0157950636297295,0.0,0.227290121623109,0.0,0.0,0.0,0.0033567073405609002,0.0,0.0029317232525915,0.0139424995109023,0.0,0.0,0.0,0.0,0.0,0.0080245346722702,0.0,0.0,0.0,0.0,0.0,0.0,0.0,0.0,0.0330861737646071,0.167666527754106,0.0312202223893948,0.0,0.0,0.0,0.0,0.0098931390661459,0.0,0.0014787606225634,0.222326165414033,0.0,0.318584713809231,0.268765379787726,0.0,85.4166419783058,0.0,0.0,0.0,0.0,0.0068113062355837,0.0,0.0,0.0014679265994838,0.037018381460933,0.0088896616500721,0.0246270675068808,0.0,0.0844476819347634,0.0,0.0,0.0286906111266157,0.109179091596629,0.0,0.0,0.0,0.0,0.0,0.0,0.0,0.0,0.137999050253528,0.0,0.147659923733939,0.0,0.0333879711026876,0.0,0.0,0.0,1.52962284480509,0.0197422944768305,0.0,0.0,0.0124391668528881,0.0992622715862471,0.0,0.0,2.69634396783025,0.0,0.6650139118573646,0.0
Cooked Meat - Loose Pate,0.0,0.0,0.0,0.0,0.0,0.0,0.0,0.0,0.0,0.208298047585143,0.0,0.0,0.0,0.0,0.0,1.13348843317195,0.0,0.178967646676376,0.0,0.461316573193709,0.0,0.317682777920398,0.0,0.0,0.0,0.0,0.0,0.0,0.0,0.0,0.0,0.0,0.0,0.0,0.385037032188136,0.0,0.0,0.0,0.500134357406611,0.0,0.0,0.0,0.0,0.560466256489731,0.511101351275145,0.0,0.0,0.0,0.0,1.08905524477491,0.0210628277758913,0.0,0.0,0.521718451016891,0.0,0.0,37.419413660835,0.0,14.2631950459577,0.0,0.0,0.0,0.0,1.86964307956233,0.0,0.0,0.0,1.02974745323447,0.0,2.89633471249746,0.0,0.0,0.0,0.0,0.0,0.984173999155778,0.0,0.0,0.0,0.0,0.0,0.0,0.0,0.0,0.161111008871818,0.0,0.0,0.0,0.954195393828478,0.0,0.0,0.0,0.566608334905819,0.0176439496934768,0.0,0.0,0.358796700665968,0.591573893006216,0.0,0.0,12.6355068395109,0.0,9.27106875748251,0.0
Cooked Meat - Slcd Mt+Plt-Ppkd,0.0,0.0,0.0102528428927321,0.0,0.0064300060511753,0.0,0.0,0.0,0.0012922266239542,0.0802072619716933,0.0,0.8342937634796893,0.000536284237182,0.0,0.0,0.178694473470652,0.0027705393670424,0.0756724834971016,0.0,0.0253014428437184,0.0,0.44562871172125695,0.0,0.0012721049497018,0.0,0.0040344867722244,0.0,0.0,0.0010298635439734,0.0030376951638963,0.0001208576458433,0.0012751022681672,0.0,0.0,0.148964444177622,0.0,0.0,0.0010193743530638,0.0495013785728891,0.0,0.0,0.0,0.0,0.04943695062875884,0.3612769462794,0.08408954936934179,4.25891472252758e-05,0.0,0.0057289767489961,0.0022217393819342,0.02434830844996064,0.0008513120311707,0.0130323828653608,0.172065881810413,0.0,16.43689578451853,11.1071081503575,0.0,49.3711918357311,0.0,0.0098947107683342,4.56309782166031,0.0586877435167311,0.399575094158161,0.0640831256974845,0.001516615880508,0.0007485743598112,0.0928739166546585,0.07919888848469091,0.22570622293825,0.0,0.005335701090172,0.0039820274790483,0.0,0.100370591583344,0.942761266645113,0.0,0.0,0.0,0.0,0.0,0.0,0.0,0.0,0.101827630500372,0.000554140580638,0.0796707423736827,0.0,0.333459945231295,0.0,0.0021485602022841,0.0064163284573513,0.840998222192428,0.0568473218444773,0.0,0.0,0.228602074598825,0.5363042876693531,0.0,0.0,1.94357816699828,0.0,0.8639238709468822,0.0
SLIM AIDS+OPTIMAL HEALTH,0.0,0.0,0.0,0.0,0.0,0.0,0.0,0.0918884426891653,0.0,0.112611941702219,0.0,0.0,0.0012078554275412,0.0,0.0,3.52693173397051,0.0,0.0,0.0,0.0901790501385241,0.0,0.0,0.0,0.0,0.0,2.27616260293724,0.0,0.0,0.0,0.0,0.0,0.0,0.0,0.0,0.0,0.0,0.0,0.0,0.0,0.0,0.0,0.0,0.0,0.0,0.0,0.0,0.0,0.0,0.0,0.0,0.0,0.0,0.0371495702504474,0.0,0.0,0.091581105861255,0.0,0.0,0.0,0.0,0.0,0.0,0.0,28.7304321654809,0.0,0.0,0.0,0.0098927353710707,0.0,0.0,0.0,0.0,0.0,0.0,0.0,0.0,0.0,0.0,0.0,0.0,0.0,0.0,0.0,0.0,0.0,0.0015081378308263,0.0,0.0705502700202911,0.0,0.0,0.0,0.0,0.230605539368601,0.0,0.0,0.0,0.0,0.0310987686794801,0.0,0.0,56.2596345419007,0.0,0.286435427877681,0.0
FRESH/CHILLED PASTRY,0.0,0.0,0.0,0.0,0.0,0.0,0.0,0.0079008336189811,0.0026609837230492,0.00267024005723,0.0,0.0,0.0,0.0,0.0,2.44264866222834,0.0,0.0,0.0,0.0256305307804732,0.0,0.0,0.0,0.0,0.0,0.0524125445645658,0.0,0.0,0.0,0.0,0.0,0.0,0.0,0.0,0.0592650770030029,0.0,0.0,0.154337055936854,0.0,0.0,0.0,0.0,0.0,1.13831872777441,0.0383702161778086,0.0,0.0,0.0,0.0,0.0,2.42116392256998,0.0,0.0,0.25214349095094,0.0,0.0,0.0,0.0,0.0,0.0,0.0,0.0,0.0,0.0916277951650857,0.0,0.0,0.0126354929128267,6.50309615972402,0.0,0.0,0.0,0.0,0.0,0.0,0.122578510150206,0.0,0.0,0.0,0.0,0.0,0.0,0.0,0.0,0.0,2.30978360387547,0.0,0.57518949310957,0.0,0.0,0.0,0.0,0.134473877308494,1.2173407880738,0.659602710222873,0.0,0.0,0.0,1.53366271590952,0.0,0.0,20.2532539383581,0.0,49.5729652291686,0.0
Veg - Fresh Prcsd Cmplt Mls,0.002192437620588,0.0,0.0120992788786221,0.0,0.0,0.0,0.0,0.0,0.0083939060336298,3.21349508122636,0.0621831139932707,0.0031230679024456,0.0,0.0,0.0,1.77791480387453,0.6030689110055801,1.29529227141747,0.0294884653794253,0.0785141327337097,1.802755255616387,5.346779798917696,0.0,0.0063303859205305,0.0,0.0045908533849025,0.0,0.0,0.0,0.0342081930316669,0.0292842225697844,0.0,0.0,0.0,0.653156169167569,0.0,0.0,0.0157505445552958,1.23450045913082,0.0,0.0,0.0,0.0,0.461687199643451,1.85322306114048,0.6746466989414925,0.0342443650625027,0.0,0.0,0.104570316160953,0.649412353315763,0.612628702695486,1.63198420273286,1.7772174820653,0.0,0.40212274108547597,0.564236740239815,0.0,0.172030209771952,0.0,0.0677839379021315,0.0,0.0041288696547229,3.84429657147248,2.96721721888924,0.0133881008974776,0.057044273685782,0.314832851092879,0.2989834574408878,3.6661790736834,0.0,0.010306404313603,0.0845251801471094,0.0,0.554880694814869,2.884620069479,0.0,0.0,0.0,0.0,0.0,0.0,1.07546072168647,0.0,1.71290291904071,0.0,3.20362768828436,0.059586129855420805,1.56816396573863,0.0,0.0082577393094458,0.0001043824715869,1.17776344748648,0.6299746839826444,0.0,0.0,9.5564414633951,4.206457940766976,0.0,0.0,21.3550037469694,0.0,9.327091835083511,0.0
MINCEMEAT(Sweet),0.360203052115012,0.0,17.1446765846871,0.0,0.0,0.0,0.0,0.0,0.0167257962592076,0.0167257962592076,0.0,5.197916874373913,0.948466806686014,0.0,0.0,0.546602110995447,0.0,0.0,0.0,0.0,0.0,0.0,0.0,0.0,0.0,0.0,0.0,0.0,0.0,0.0,0.0,3.5657845406282,0.0,0.0,0.170412594548772,0.0,0.0,0.0,11.287428540444,0.0,0.0,0.0,0.0,0.251247566793569,0.0,2.15446550694393,0.0,0.0,0.0,0.0,0.353923549933458,0.0,0.001026201643853,0.290492237499945,0.0,0.0,0.0,0.0,0.0,0.0,0.0,0.0,0.0,0.0,0.0,0.0,0.0,2.01241550783896,0.0,0.0,0.0,5.52019698314575,1.11670573771811,0.0,0.034520842067066,0.0,0.0,0.0,0.0,0.0,0.0,0.0,0.0,0.0,0.0223010616789435,1.3281413549321,0.385299914446948,0.0,0.02907616377918,0.0,1.57535236454549,0.0814469315986515,25.2284289642353,2.504028307656253,0.0,0.0,0.0,0.12567692333542818,0.0,0.0,1.13657840303577,0.0,3.39047826341867,0.0
Fish - Fresh Prcsd Ctd/Snacks,0.0,0.0,0.0021094519792688,0.0,0.0,0.0,0.0,0.0,0.0115427589901128,1.12526417185087,0.0316417796890328,0.0042189039585377,0.0,0.0,0.0,1.68741512849294,0.119819790134841,0.246229367995622,0.0,0.494987919563872,0.0010566470527517,1.6041753746950027,0.0,0.0,0.0,0.0130862547440207,0.0,0.0,0.0,27.709272106656236,1.50033417394018,0.0,0.0,0.0,1.18656045510903,0.0,0.0,15.0593066001496,0.155011486987971,0.0,0.0,0.0,0.0,1.0677829818109204,0.90918781101333,0.1888955055022455,0.0,0.0,0.0,0.0,0.7452795579300731,0.0,0.260801981106003,1.24169328325009,0.0,0.0,0.288759622672263,0.0,0.0,0.0,0.0,0.0,0.0,0.0869417742573238,0.0134453617092316,0.0,0.001183420417343,0.351564414219812,0.0396905370485704,0.68918874476664,0.0,0.12965124548669,0.0,0.0,0.11846299885783,1.09983565628948,0.0,0.0,0.0,0.0,0.0,0.0,0.0094925339067098,0.0,6.61313447157227,0.0,4.54863126827992,0.556949697881156,0.391455551707667,0.0,0.0,0.004610005821615,3.19456457439444,0.5796512221639915,0.0,0.0,0.682205274756059,1.5498060492774974,0.0,0.0,10.5138779167474,0.0,6.60396174143895,0.0
MUSTARD,0.0,0.0,0.0,0.0,0.0,0.0,0.0,0.0,0.0,0.0,0.0,0.0,0.0,0.0,0.0,0.0,0.0,0.0,0.0,0.0,0.0895695910470494,0.0,0.0,0.0,0.0,0.0,0.0,0.0,0.0,0.0,0.0822778405574547,0.0,0.0,0.0,0.0,0.0,0.0,0.0,0.0,0.0,0.0,0.0,0.0,22.4946764436561,0.0,4.289498354764182,0.0,0.0,0.0,0.0,0.150735968221873,0.0,0.0,0.0283275811011576,0.0,0.0,0.0,0.0,0.0,0.0,0.0,0.0,0.0,0.0,0.0,0.0,0.0,0.0,0.0,0.133534872109758,0.0,0.0,0.0,0.0,0.0,0.249666639388674,0.0,0.0,0.0,0.0,0.0,0.0,0.0,0.0,0.0,0.0,0.0,0.0,0.0775752140817393,0.0,0.0,0.0,7.1214620346374,0.473079231295259,0.0,0.0,0.0,0.328816404720127,0.0,0.0,33.8883526912515,0.0,3.82834042676694,0.0
CANNED HAM,0.0,0.0,0.0,0.0,0.0,0.0,0.0,0.0,0.0,0.0,0.0,0.0,0.0,0.0,0.0,0.0,0.0,0.0,0.0,0.0,0.0,0.0,0.0,0.0,0.0,0.0,0.0,0.0,0.0,0.0,0.0,0.0,0.0,0.0,0.0,0.0,0.0,0.0,0.0,0.0,0.0,0.0,0.0,0.0,0.273277411061684,0.0,0.0,0.0,0.0,0.0,0.0,0.0,0.0,0.0,0.0,0.0,0.0,0.0,79.4975160570031,0.0,0.0,0.0,0.0,0.0,0.0,0.0,0.0,0.0,0.0,0.0,0.0,0.0,0.0,0.0,0.0,0.0,0.0,0.0,0.0,0.0,0.0,0.0,0.0,0.0,0.0,0.0,0.0,0.0,0.0,0.0,0.0,0.0,1.18805841334349,0.0,0.0,0.0,0.0,0.0,0.0,0.0,11.8466895992389,0.0,0.124432124602245,0.0
LEMON AND LIME JUICES,0.0,0.0,0.418249003799883,0.0,0.0,0.0,0.0,0.0,0.0,0.0,0.0,0.0,0.0,0.0,0.0,0.0,0.0,0.0007742300415561,0.0,0.0,0.0,0.0,0.0,0.0,0.0,0.0,0.0,0.0,0.0315803974748064,0.0,0.0,0.0,0.0,0.0,0.0,0.0,0.0,0.0,0.0,0.0,0.0,0.0,0.0,0.0,0.0,0.918382016953622,0.0,0.0,0.0,0.0,73.92828743736217,0.0,0.0,0.0,0.0,0.0,0.0,0.0,0.0,0.0,0.0,0.0,0.0,0.0,0.0,0.0,0.0,0.0,0.0,0.0,0.0,1.62273256619414,0.0,4.95564326778163,0.0,0.0,0.0,0.0,0.0,0.0,0.0,0.0,0.0,0.0,1.55229747704364,0.0,0.0,0.0,0.0,0.0,0.0,0.0,1.10288085283142,0.0,0.0,0.0,0.0,0.0,0.0,0.0,14.026674350836,0.0,0.0,0.0
WINE,0.094972408186868,0.0,0.0222106949236768,0.0,0.0,0.0,0.0,0.0,0.0,0.0814078275180406,0.0,0.125637837317357,0.0,0.0,0.0,0.571526837107921,0.0,0.163671420217808,0.0,0.0,0.0019293923358725,3.6010535352671207,0.0,0.0,0.0,0.1213064714391396,0.0,0.0,0.0003318326602267,0.0772360823778766,0.0012592600305281,0.0110942421143766,0.0,0.0,1.31804121874604,0.0,0.0,0.0,0.022199589576215,0.0,0.0,0.0,0.0,0.0039711436695747,0.729977442791764,67.9387633578893,0.0,0.0,0.0,0.0,0.0857112503588087,0.0,0.635201015843512,0.169374786217911,0.0,1.825567247442812,0.0231458345365129,0.0,1.91135613756133,0.0,0.0,0.0,0.0,0.43167546256402,0.139730725503225,0.0067118256739189,0.0,0.301090658933083,0.64323415533754,0.14598103072965,0.0,0.395481233159217,0.146443632972605,0.0,0.0,0.238317623238834,0.0,0.0,0.0,0.0,0.0,0.0,0.0034524272378197,0.0,0.245826476723164,0.0,0.0306555728366944,0.0,0.194687357176275,0.0,0.0,0.0263965389794635,2.97648095577781,0.0445651369666882,0.0,0.0,0.322816189323729,0.32417970601524326,0.0,0.0,4.88815097468114,0.0,1.18228671074953,0.0
INSTANT/SKIMMED/FILLED MILK,0.0,0.0,0.0,0.0,0.0,0.0,0.0,0.0,0.0,0.0,0.0,0.0,0.0,0.0,0.0,0.0,0.0,0.0,0.0,0.0,0.0,0.0,0.0,0.0,0.0,0.0,0.0,0.0,0.0,0.0,0.0,0.0,0.0,0.0,0.0,0.0,0.0,0.0,0.0,0.0,0.0,0.0,0.0,0.0,0.0,0.0,0.0,0.0,0.0,0.0,0.0,0.0,0.0,0.0,0.0,0.0,0.0,0.0,0.0,0.0,0.0,0.0,0.0,78.7413352215703,0.0,0.0,0.0,0.0,0.0,0.0,0.0,0.0,0.0,0.0,0.0,0.0,0.0,0.0,0.0,0.0,0.0,0.0,0.0,0.0,0.0,0.0,0.0,0.0,0.0,0.0,0.0,0.0,0.511779408442114,0.0,0.0,0.0,0.0,0.0,0.0,0.0,0.0,0.0,0.0,0.0
SAUCES-WORCESTER,0.0,0.0,0.0,0.0,0.0,0.0,0.0,0.0,2.47146497755762,0.0,0.0,0.0,0.0,0.0,0.0,0.0,0.0,0.0,0.0,0.0,0.0,0.0,0.0,0.0,0.0,0.0,0.0,0.0,0.0,0.0,0.0,0.0,0.0,0.0,0.0,0.0,0.0,1.81280384356109,0.895048072995734,0.0,0.0,0.0,0.0,0.0,0.0,0.0,0.0,0.0,0.0,0.0,0.409014160261537,0.0,0.110974470704203,0.0,0.0,0.0,0.0,0.0,0.0,0.0,0.0,0.0,0.0,0.0,0.0,0.0,0.0,0.0,0.0,0.630701431476733,0.0,0.0,0.0,0.0,0.0,0.690319027737077,0.0,0.0,0.0,0.0,0.0,0.0,0.0,0.0,0.0,0.0,0.0,0.0,0.0,0.0,0.0,0.0,17.6316448968037,0.0,0.0,0.0,0.0,0.73417652094749,0.0,0.0,33.9756314518345,0.0,0.0,0.0
CANNED CONDENSED MILK,0.0,0.0,0.0,0.0,0.0,0.0,0.0,0.0,0.0,0.0,0.0,0.0,0.0,0.0,0.0,1.61321674095418,0.0,0.0,0.0,0.0026615101586559,0.0,0.163125613333551,0.0,0.0,0.0,0.49785316404883373,0.0,0.0,0.0,0.0,0.0,0.0,0.0,0.0,0.0366532154059833,0.0,0.0,0.0,0.0097427134113035,0.0,0.0,0.0,0.0,0.0249292560489803,0.0,0.0,0.0,0.0,0.0,0.0,0.0,0.0,0.0,0.0507853111787851,0.0,0.0,0.0,0.0,0.0155524491769909,0.0,0.0,0.0,0.0,68.853028296774,0.0,0.0,0.0,1.58645033554876,0.0,0.0,0.0,0.0,0.0,0.0,0.0,0.0,0.0,0.0,0.0,0.0,0.0,0.0,0.0,0.0,0.017663319209656,0.0,0.0,0.0,0.0,0.0,0.0,0.0,21.2157192183841,0.0,0.0,0.0,0.0,0.0552409533881418,0.0,0.0,2.11038180665326,0.0,0.528460384681812,0.0
FROMAGE FRAIS - PLAIN,0.0,0.0,0.0,0.0,0.0,0.0,0.0,0.0,0.0,0.0,0.0,0.0,0.0,0.0,0.0,0.0,0.0,0.0,0.0,0.0079072846251053,0.0,92.0927153748947,0.0,0.0,0.0,0.0,0.0,0.0,0.0,0.0,0.0,0.0,0.0,0.0,0.0,0.0,0.0,0.0,0.0,0.0,0.0,0.0,0.0,0.0,0.0,0.0,0.0,0.0,0.0,0.0,0.0,0.0,0.0,0.0,0.0,0.0,0.0,0.0,0.0,0.0,0.0,0.0,0.0,0.0,0.0,0.0,0.0,0.0,0.0,0.0,0.0,0.0,0.0,0.0,0.0,0.0,0.0,0.0,0.0,0.0,0.0,0.0,0.0,0.0,0.0,0.0,0.0,0.0,0.0,0.0,0.0,0.0,0.0,0.0,0.0,0.0,0.0,0.0,0.0,0.0,0.0,0.0,0.0,0.0
DIPS - CHILLED,0.000832659067472,0.0,0.0211646667266393,0.0,0.0,0.0,0.0,0.0,0.0037923450251598,10.3280219979166,0.0,0.0264956649949888,0.0,0.0,0.0,6.89727071070085,0.151156802002313,0.585699705185977,0.0659169956297906,0.0139794337280904,0.1596634102509473,3.1681359915171505,0.0,0.0,0.0,0.0020522979602216,0.0,0.0,0.0495353393097309,0.0,0.487325205507972,0.0,0.0,0.0,0.583737808847016,0.0,0.0,0.105694051732692,0.0641575920468112,0.0,0.0,0.0,0.0,4.83475985327411,0.192995244153741,0.4845039518532335,0.0,0.0,0.0,0.0,2.1977859840446907,0.153197900633774,0.0293804192996279,1.33387744936907,0.0,0.0,0.006204680724052,0.0,0.060631459076184,0.0,0.0,0.0,0.0,1.8119765703493,0.0304833024899165,0.0413059791983194,0.0,0.0848060361786256,0.829109284848219,3.75712527126293,0.0,0.0708914411689773,0.156609692839708,0.0,0.459902865377442,2.65088162071912,0.0,0.0,0.0,0.0,0.0,0.0,0.0,0.0,11.1670279860187,0.0,0.204233720921784,0.0001750805732226,1.03889601519209,0.0,0.0,0.0,1.42126092026384,0.6620867338375598,0.0,0.0,1.80342496977987,9.73308292424881,0.0,0.0,26.2438398757032,0.0,0.8089317577665303,0.0
BREAD SUBSTITUTES,0.0027328804155219,0.0,0.186427925215393,0.0,0.0,0.0,0.0,0.0018331162754709,0.0264654123667986,0.222652847702058,0.0,0.009336816939181,0.0203816936625398,0.0,0.0,0.171758174746495,0.0,0.0,0.0,0.104959176578872,0.0,0.0117381877572472,0.0,0.0,0.0,8.194644290818086,0.0,0.0,0.0317422312211826,0.0,0.0,0.0,0.0,0.0,0.107635996087332,0.0,0.0,0.0,0.130480083095853,0.0,0.0,0.0,0.0,0.646262260888942,0.310042493456146,0.0276422250853103,0.0216366104665831,0.0,0.0,0.0,0.0035756213584055,1.0371283790592,0.0207478201455385,9.9691050967341,0.0,0.0,0.0089199750001097,0.0,0.0,0.0,0.0,0.0,0.0,2.38112634770874,0.0,0.0,0.0448628081364,1.33172647295292,0.358450118992837,0.178747533569175,0.0,0.113031307581492,0.0051869550363846,0.0,0.212979649640392,0.0663547375152282,0.0,0.0,0.0,0.0,0.0,0.0,0.0,0.0,0.422055229813757,0.0388499185618757,38.182976383733,0.0,0.0553030613487777,0.0,0.0130328351603832,0.0103606433239447,10.963740135779,2.35407808331123,0.0,0.0,0.246466800802094,0.336538589249934,0.0,0.0,0.402740674565202,0.0,13.60500682795657,0.0
BREADSTICKS,0.0,0.0,0.0,0.0,0.0,0.0,0.0,0.0,0.350520898155417,0.318187275828026,0.0,0.0,0.0,0.0,0.0,1.10699799187429,0.0,0.0,0.0,0.0025732510291984,0.0,1.0973180062638923,0.0,0.0,0.0,0.0169554889390525,0.0,0.0,0.0,0.0,0.0,0.0,0.0,0.0,0.277062948370252,0.0,0.0,0.0518694250742452,0.0445330715440323,0.0,0.0,0.0,0.0,2.964571151005676,0.427076826549949,0.0,0.0,0.0,0.0,0.0,0.066163867945239,0.0,0.0,3.36663102330368,0.0,0.0,0.0,0.0,0.0,0.0,0.0,0.0,0.0,0.567713863020761,0.0,0.0,0.0992912275845632,1.46657019540381,8.51351157795956,0.0255326363103635,0.0,0.0,0.0,0.0,0.0,0.0234192703390376,0.0,0.0,0.0,0.0,0.0,0.0,0.0,0.0,0.180849720789371,0.0,0.988153534926614,0.0,0.264012391340577,0.0,0.0,0.0,0.593449812774065,1.14877979754311,0.0,0.0,0.0181155568695106,1.13989408288779,0.0,0.0,2.44729765468807,0.0,66.5355778265777,0.0
HOME BAKING,8.72082512452454,0.0,5.17480131824639,0.0,0.0,0.0,0.0,1.56782447205449,0.0147622174085257,0.0834897791460521,0.0,6.116706936073361,0.214047171424319,0.0,0.0,0.0463738209100331,0.0,0.239742984123614,0.709098293853445,0.0171364473391025,0.0162641032200627,0.0,0.0,0.354089461345317,0.0,0.29240525461097244,0.0,0.0011785503205372,2.73920753256034,0.0199810571370876,0.0,2.14643071905264,0.0,0.0,0.0119374407476748,0.0,0.0,0.0,18.267576944963,0.0,0.0,0.0,0.0,0.743256034848058,0.0148815000438844,7.736454137151845,0.912695783796269,1.34342686368232,0.0180135910607947,0.0,0.2299302653375683,0.0166368277573453,0.0,0.0364271658532388,0.0,0.0131171875851589,0.0,0.0,0.0024286886417433,0.0,0.0,0.0,0.129884077918078,0.575814190515141,0.0,1.49010117642875,0.154108742124747,0.755688195507043,0.0,0.0026942361410826,0.0,0.408098321378772,10.9850498040816,2.43639210571625,0.0114131015821436,0.0028583074219504,0.0,0.0,0.0124136048828025,0.0,0.0,0.0,0.261012859732473,0.0,0.30532789572296,0.442107217126662,0.531618187393602,0.0,0.0098179268497187,0.0,2.08221772512055,0.0017150631202922,4.97804412402805,2.2657318495509493,0.0,0.0455104638651816,0.0012642300498912,0.767967979084195,0.0,2.7234643999075,0.580706931900244,0.0,0.538117462694976,0.0
AMBIENT VEGETABLES-OTHER VEG,0.0,0.0,0.0,0.0,2.42670710321801,0.0,0.0,0.0,1.03312272104108,1.55947984523681,0.0637630888295227,0.0,0.0,0.0,0.0,0.0718558169066513,1.9112823023088454,22.3254567010149,0.0,0.0,0.3512561389610346,0.0,0.0,0.0,0.0,0.0,0.0,0.0,0.0,0.0,0.1414714262476,0.0,0.0,0.0,0.0002967352969817,0.0,0.0,0.0,0.0,0.0,0.0,0.0,0.0,0.0106592302157216,9.66086730491737,0.10794721858384529,0.0,0.0,0.0,0.0007079926595428,0.0195816772891883,11.1179422718506,6.51555680717756,0.110870936893179,0.0,0.0,0.0,0.0,0.0,0.0,0.0,0.0,0.0,0.0,0.0,0.0078038035341468,0.0,0.980743180575058,0.205919004975894,1.2453492617579,0.0,0.0,0.0209212261963823,0.0,3.93668137529642,1.2050765852567,0.0,0.0,0.0,0.0,0.0,0.0,1.40582128196734,0.0,0.26070818365314,0.0,1.51403913015302,0.12300331408447,0.163853639640565,0.0,0.0,0.0,0.422375551277275,0.604869572273419,0.0,0.0,0.925219338539952,1.8454570043731513,0.0,0.0,23.5749963347907,0.0,0.0166370994343613,0.0
TACO DINNER KITS,0.0,0.0,0.0688969113956642,0.0,0.0,0.0,0.0,0.0,0.0196977937833254,2.0635465182108,0.0,0.0,0.0,0.0,0.0,0.180743852494891,0.0233157556238884,0.116742905011702,0.0,0.0561217513687859,0.0,0.0194057215816474,0.0,0.0,0.0,0.0012391976107858,0.0,0.0,0.0,0.0,0.0,0.0,0.0,0.0,0.0271534403844723,0.0,0.0,0.0,0.254325626888474,0.0,0.0,0.0,0.0,0.0449763448540015,0.400715097319203,0.2275873062055401,0.0,0.0,0.0,0.0,0.5313396048882699,0.0,0.0503794825888131,16.2215958030069,0.0,0.0341038902301687,0.45875646322234,0.0,0.0,0.0,0.0,0.0,0.0,0.0056072229588287,0.0,0.0,0.0,0.382557454257618,0.0762163993904788,2.22086815930414,0.0,0.0372830244231435,0.0,0.0,0.0,3.25609261236564,0.0,0.0,0.0,0.0,0.0,0.0,0.0,0.0,1.16949104708299,0.0,1.5255871524043,0.0041879171961326,1.30206794843649,0.0,0.0,0.0,2.63424378087616,3.09925240046784,0.0,0.0,6.20421982923884,2.74773591577594,0.0,0.0,8.45617702373331,0.0,29.9881864403498,0.0
ALCOHOL-CHMPGNE/SPKL WINE/PRRY,0.0,0.0,0.0049787913781692,0.0,0.0,0.0,0.0,0.0,0.0,0.0,0.0,0.0,0.0,0.0,0.0,1.64378734089693,0.0,0.0,0.0,0.0144636028684032,0.0,4.09208455659899,0.0,0.0,0.0,0.683530069716887,0.0,0.0,0.0,0.0,0.0,0.0,0.0,0.0,0.389517049216862,0.0,0.0,0.0,0.0,0.0,0.0,0.0,0.0,0.0,0.0197931769033503,64.85219713318229,0.0,0.0,0.0,0.0,0.0003514767505385,0.0,1.45856192510303,0.0,0.0,0.0,0.0,0.0,0.620977985169552,0.0,0.0,0.0,0.0,2.53811275925439,0.0283935619612794,0.0,0.0,0.59566844609074,0.0,0.0255177494681154,0.0,0.0,0.0,0.0,0.0,0.0148312560833889,0.0,0.0,0.0,0.0,0.0,0.0,0.0,0.0,0.0,0.0,0.0084808783435543,0.0,0.0391942654273749,0.0,0.0,0.0,8.5022512529097,0.0,0.0,0.0494619461731811,0.0,0.0103933887091957,0.0,0.0,7.18532725851933,0.0,0.0,0.0
ALCOHOL-PORT/SHERRY/VERMOUTH,0.0,0.0,0.0,0.0,0.0,0.0,0.0,0.0,0.0,0.0,0.0,0.0,0.0,0.0,0.0,3.59137658036983,0.0,0.0,0.0,0.28272208447828,0.0,0.0,0.0,0.0,0.0,0.0112869225455022,0.0,0.0,0.0,0.0,0.0,0.0,0.0,0.0,0.0,0.0,0.0,0.0,0.0,0.0,0.0,0.0,0.0,0.0,0.0,81.74293525633429,0.0,0.0,0.0,0.0,0.0,0.0,0.0,0.0,0.0,0.0,0.0,0.0,0.0,0.0,0.0,0.0,0.0,1.17990615042895,0.0,0.0,0.0,0.0319793041503305,0.0,0.0,0.0,0.0,0.34525433794899,0.0,0.0,0.0,0.0,0.0,0.0,0.0,0.0,0.0,0.0,0.0,0.0,0.0,0.0,0.0,0.0,0.0,0.01639890566601,0.0,4.13485227116347,0.0034917696698947,0.0,0.0,0.0,0.0147598669073868,0.0,0.0,1.67167647575175,0.0,0.167846890117701,0.0
COUS COUS(DRY),0.0,0.0,0.79948500241124,0.0,0.0,0.0,0.0,0.0,2.02169974458899,0.0640620485344345,0.0,0.200778340251125,0.0,0.0,0.0,0.0010899933858779,0.0,0.386748193970917,0.0,0.0,0.0,0.001382535696774,0.0,0.0,0.0,0.0,0.0,0.0,0.0292475920040731,0.0,0.0,0.0,0.0,0.0,0.0,0.0,0.0,0.0,0.0122544269622645,0.0,0.0,0.0,0.0,0.499256344820023,0.0750735240204649,0.3676730662844772,0.0,0.0,0.0,0.0009915264577619,0.680253244008882,0.972732772655997,0.0145378351639842,4.65948849403578,0.0,0.0,0.0,0.0,0.0,0.0,0.0,0.0,0.0,0.0343065770033312,0.0517348108126026,0.0593379063943327,0.0,0.587134277787928,0.14267277305147058,1.54073197701979,0.0,0.0,0.0919061694555479,0.0,0.0244091129385901,1.73626280610959,0.0,0.0,0.0,0.0,0.0,0.0,0.676892090298098,0.0,0.590928982603023,0.0,0.274368061200369,0.0,1.02873712067531,0.0,0.0,0.0,0.776456659591986,0.513536773629,0.0,0.0,2.93666324626923,0.722216771716307,0.0,0.0,3.7227416040965,0.0,69.1609171925349,0.0
COFFEE-BEANS,0.108247921247919,0.0,0.0,0.0,0.0,0.0,0.0,0.0,0.0,10.2369725648344,0.0,0.0,0.0,0.0,0.0,0.385730380040903,0.0,0.0,0.0,0.0,0.0,0.0,0.0,0.0,0.0,0.330106180186746,0.0,82.0169392681762,0.0,0.0,0.0,0.0,0.0,0.0,0.0594046397462703,0.0,0.0,0.0,0.466851044359155,0.0,0.0,0.0,0.0,0.0054516989764133,0.0,0.0,0.0,0.0,0.0,0.0,0.0967595434137503,0.0,0.0,0.0614678040525904,0.0,0.0,0.0,0.0,0.0,0.0,0.0,0.0,0.0001106923183105,2.17430355739404,0.0,0.0,0.0,0.228170133080248,0.0,0.0,0.0,0.0007144277784173,0.014405073713428,0.0,0.0,0.0021806795905653,0.0,0.0,0.0,0.0,0.0,0.0,0.0,0.0,0.0,0.0089724831057031,0.0,0.0,0.0,0.0,0.0,0.0139079969221165,0.881736110891596,0.0,0.0,0.0,0.0,0.4064599500000068,0.0,0.0,0.648667210714053,0.0,0.0750410101048591,0.0
OLIVES,0.0258242625513383,0.0,0.0,0.0,0.0,0.0,0.0,0.0,0.0021710466001869,0.0,0.0,0.0,0.0,0.0,0.0,0.0398929896681953,0.0,0.0,0.0,0.0016802956372512,0.0595736735620727,1.265767597767569,0.0,0.0,0.0,0.0004986726202987,0.0,0.0,0.0,0.0,0.0131062234766862,0.0,0.0,0.0,0.0062036791557578,0.0,0.0,0.0307974666602615,0.101008023526697,0.0,0.0,0.0,0.0,0.0449658184987324,0.017804389363909,1.0495745940379877,0.0,0.0034143661777493,0.0,0.0,0.45862432342901427,0.0,0.0003841586845947,0.0248175495865997,0.0,0.0,0.0,0.0,0.419037383292947,0.0,0.0,0.0,0.100792040582592,0.0948402902139092,0.0098717189278315,0.0,0.0,0.0459616175002362,70.45647826370578,0.0172863124299489,0.0,0.0029962881303211,0.0,0.0,0.0,2.16270624602796,0.0,0.0,0.0,0.0,0.0,0.0,0.0,0.0,0.912590932046945,0.0,0.0176510040407703,0.0,1.35051336104974,0.0,0.0,0.0014524244397845,0.112690406703967,4.124583250862,0.0,0.0,0.421408525346426,1.74954053932777,0.0,0.0,9.64550548343868,0.0,0.617234053394797,0.0
PICKLES-SPECIALITY,0.0,0.0,0.0,0.0,0.0,0.0,0.0,0.0,0.85521586830133,0.0,0.0,0.482243594147902,0.0,0.0,0.0,0.0,0.0,0.0,0.0,0.0,0.0,0.680088605975993,0.0,0.0,0.0,0.0,0.0,0.0,0.0,0.0,0.0,0.0,0.0,0.0,3.86605969529405,0.0,0.0,0.0,0.100013030290587,0.0,0.0,0.0,0.0,0.0,0.0,2.7791496407081953,0.0,0.0,0.0,0.0,2.146484064391569,0.0,0.0137565508557044,0.0081810017953235,0.0,0.0,0.0,0.0,0.0,0.0,0.0,1.08111414402337,0.0,0.0022236851314894,0.0,0.0,0.0,0.0,0.0800104242324698,0.0014889192209338,0.0,0.0,0.32490728893167,0.19625528952002,0.0,37.4903061215362,0.0,0.0,0.0,0.0,0.0,0.0,0.0,0.0,0.0577499535183004,0.0,0.0204820776079899,0.0,0.0308836201681077,0.0,0.0,0.0,4.213782589826,1.58162289907052,0.0,0.0,0.0,3.8231920961524524,0.0,0.0,25.4191231907562,0.0,0.0845010462026906,0.0
SLIMMING PRDS-MEAL REPLACEMENT,0.0,0.0,0.0126212041039228,0.0,0.0,0.0,0.0,0.0973489189438721,0.0048605730203522,3.44756956470425,0.0,0.0,0.0236908563289686,0.0,0.0,0.149086417922595,0.0,0.136434092904368,0.112576040316057,0.520761828005586,0.0,0.0,0.0,0.0,0.0,4.635577861898023,0.0,0.5065266271559212,0.0,0.0,0.0,0.0055456247696676,0.0,0.0,0.194973544184107,0.0,0.0,0.0,0.802895849443469,0.0,0.0,0.0,0.0,0.147689438089483,3.70880947652189,0.178039510685655,1.18240532896856,0.0,0.0,0.0030825899778754,0.0379157847194149,0.0418866279918521,0.841156168380633,0.204308829721339,0.0,0.0673787910626398,0.108796727720538,0.0,0.0,0.0,0.0,0.0,0.0,20.5123540051037,0.0385092116846666,0.0,0.959132773272976,2.47152200100476,0.0,0.0916059336989853,0.0,0.006501312479671,0.0,0.0,0.114518761451787,0.0497500441304221,0.0,0.0,0.0,0.0,0.0,0.0,0.0787405401371833,0.0,0.551534791933827,0.0345747815783509,0.558557443780751,0.837306789138045,0.0414328784710227,0.0,0.0908492055568757,0.158015393800247,5.80225765133545,1.24686827853961,0.0,0.0,0.285433789551176,1.0430991622917785,0.0,0.0,6.45310956013086,0.0,3.28161207873643,0.0
BREAD - LOOSE,0.0,0.0,0.0,0.0,0.0,0.0,0.0,0.0,0.310231547098279,0.0,0.0,0.0,0.0,0.0,0.0,0.0,0.0,0.0,0.0,0.0,0.0,11.803287459609265,0.0,0.0,0.0,0.0,0.0,0.0,0.0,0.0,0.0,0.0,0.0,0.0,0.0,0.0,0.0,0.0,0.0,0.0,0.0,0.0,0.0,0.572316048850791,0.0,0.0,0.0,0.0,0.0,0.0,0.0,0.0,0.0,0.0,0.0,0.0,0.0,0.0,0.0,0.0,0.0,0.0,0.0,0.520981548311537,0.0,0.0,0.0,0.996542577724104,0.0,0.0,0.0,0.0,0.0,0.0,0.0,1.89595276993352,0.0,0.0,0.0,0.0,0.0,0.0,0.214618518319046,0.0,0.0,0.0,0.0,0.0,0.0,0.0,0.0,0.0,0.0,0.29808127544311996,0.0,0.0,2.28077382665428,0.0,0.0,0.0,23.0793935882847,0.0,46.8073006828779,0.0
BREAD - LOOSE ROLLS,0.0,0.0,0.0,0.0,0.0,0.0,0.0,0.0,0.0,0.0,0.0,0.0,0.0,0.0,0.0,0.0,0.0,0.0,0.0,3.60498293153172,0.0,0.0,0.0,0.0,0.0,0.0,0.0,0.0,0.0,0.0,0.0,0.0,0.0,0.0,1.1498945016883,0.0,0.0,0.0,0.0,0.0,0.0,0.0,0.0,3.08567972591288,3.0198335807867,0.0,0.0,0.0,0.0,0.0,0.0,0.0,0.0,3.60498293153172,0.0,0.0,0.0,0.0,0.0,0.0,0.0,0.0,0.0,0.0,0.0,0.0,0.0,0.0,0.0,0.0,0.0,0.0,0.0,0.0,0.0,0.0,0.0,0.0,0.0,0.0,0.0,0.0,0.0,0.0,1.39950698472972,0.0,8.2452815800276,0.0,0.0,0.0,0.0,0.0,0.724735077622713,4.15558115104722,0.0,0.0,0.0,0.0,0.0,0.0,42.7410034693608,0.0,20.4991845772918,0.0
HONEY,0.0,0.0,0.0030837837148133,0.0,0.0,0.0,0.0,0.0,0.257137361716888,0.310854095116976,0.0,2.01103396709128,1.19192960668777,0.0,0.0,1.70164412600031,0.0,0.0,0.0,0.0058010595204556,0.0,0.0,0.0,0.0,0.0,0.0,0.0,0.0,0.0,0.0,0.0,0.399072436222962,0.0,0.0,0.0,0.0,0.0,0.0,0.0,0.0,0.0,0.0,0.0,0.0250108796740789,0.0,2.06904001460859,0.0,0.0,0.0,0.0,0.272864988301873,0.0,0.0,0.985251632750939,0.0,0.0,0.0,0.0,0.0,0.0,0.0,0.0,0.0,22.5708810862108,0.0,0.0,1.0793149039921,0.0123351348592535,0.0,0.0,0.0,12.158847978644,0.386737301363708,0.0,0.0,0.0186864170994801,0.0,0.0,0.0,0.0,0.0,0.0,0.0030837837148133,0.0,0.357062049424499,0.0,0.195355309386564,0.0,0.0,0.0,1.22012359284534,0.0,5.53043076749371,0.0565189263849046,0.0,0.0,0.0030837837148133,0.584533305317471,0.0,0.0,2.05977462327601,0.0,10.6685056790412,0.0
PEANUT BUTTER,10.7772665098488,0.0,0.0,0.0,0.0,0.0,0.0,0.0,0.048653158641558,0.0638018483162265,0.0,0.0,0.0,0.0,0.0,0.0520008349843868,0.0,0.0,0.94941845358187,0.006238567076757,0.0,0.0,0.0,0.0,0.0,0.2430062559712059,0.0,0.0,0.0,0.0,0.0,0.0,0.0,0.0,0.0036504508127354,0.0,0.0,0.0,0.350054669045805,0.0,0.0,0.0,0.0,0.0440852829060773,0.0,0.0908303439533801,70.7653070729468,0.339478564165132,0.0,0.0,0.0005442161979753,0.0,0.019956602061916,0.0563940530921787,0.0,0.0,0.0,0.0,0.0,0.0,0.0,0.0,0.0,0.259604491192348,0.0,0.00656810048815,0.0042488328035414,1.17596370139912,0.0,0.0,0.0,0.0,0.0,0.0,0.0,0.0,0.0,0.0,0.0,0.0,0.0,0.0,0.0,0.0,0.137196043804008,0.0,0.0439042243203094,0.0,0.0,0.0,0.0,0.0005059188549149,1.22918095202064,0.23942733457801318,0.0,0.0,0.0,0.0,0.0,0.0,0.014685739517882,0.0,0.123915850220551,0.0
FRUIT BARS,5.34916033326602,0.0,11.4313970534293,0.0,0.0,0.0,0.0,5.59244236981157,0.0,1.16598529026561,0.0,1.45790334497751,0.0810293914502665,0.0,0.0,0.0,0.0,0.60435150188207,5.60929137035577,0.214293759458633,0.0,0.0659413017954601,0.0,0.0,0.0,0.954655456180798,0.0,0.0,0.409950284924372,0.0,0.0,0.378678971472798,0.0,0.0,0.0240934268559837,0.0,0.0,0.0,29.7690910190347,0.0,0.0,0.0,0.0,1.18329847682583,0.298758686863582,5.03711040422913,2.61179297953331,0.0,0.0,0.0,0.0005014814036636,0.0,2.51298225706396,0.0434042354945503,0.0,0.0,0.0,0.0,0.0,0.0,0.0,0.0,0.0,6.77844459958353e-05,0.0,0.0,0.918599751080059,0.249401953397492,0.0,0.0,0.0,0.0,0.502294079517907,0.744942920487016,0.161438909094732,0.0,0.0,0.0,0.0,0.0,0.0,0.0,0.0,0.0,0.0817549040893158,0.370182891393517,1.39949073816311,0.0,0.0,0.0,1.31391487621462,0.0,1.66685630368996,0.0173776563714961,0.0,0.0,0.0,0.0360386226928948,0.0,0.00347059483134,0.0311945453686741,0.0,0.0,0.0
FRUIT - STRAWBERRIES,0.0,0.0,3.03814189685268,0.0,0.0,0.0,0.0,0.605797620439112,0.0,0.0080140193710454,0.0,3.1823228239547343,2.23342345613246,0.0,0.0,4.39930526795719,0.0,0.0622989946378245,0.0650293388682168,0.0417773728958746,0.0,0.876354172626757,0.0,0.0,0.0,0.0450537433554573,0.0,0.0,0.162128436918,0.0,0.0,0.420326450777683,0.0,0.0,0.400863051222126,0.0,0.0,0.0,0.892741788053788,0.0,0.0,0.0,0.0,0.0353980249957561,0.227623469928143,1.49685929277127,0.0528905289461497,0.0,0.304661661653262,0.0,0.265616453307659,0.0,0.0,0.34939907545179,0.0,0.011547093229861,0.0,0.0,0.0,0.0,0.0,0.0,0.444757493585619,2.12757385672531,0.0,0.0260117355472867,0.317271204479332,0.180695466623713,0.0,0.0477722126936926,0.0,0.27827403330832,0.0644074681319146,0.184517745230428,0.0,0.0,0.0,0.0,0.0,0.0,0.0,0.0,0.274973895958822,0.0,0.430420032307125,2.6363792955299,0.0061024845243868,0.0,0.0164984337575294,0.0,44.2511954679557,0.0,12.4952116722353,0.251078218592633,0.0,0.0,0.587181407689009,0.0164404539795042,0.0,0.0433528925788112,7.29286944043049,0.0,3.08999670727676,0.0
FRUIT - KIWIS,0.0,0.0,0.0,0.0,0.0,0.0,0.0,0.0,0.0,0.0,0.0,0.0,0.0,0.0,0.0,0.0,0.0,0.0,0.0,2.04555175542214,0.0,0.8909951064470789,0.0,0.0,0.0,0.0,0.0,0.0,0.0,0.0,0.0,0.0,0.0,0.0,0.0,0.0,0.0,0.0,3.03589297903259,0.0,0.0,0.0,0.0,0.0004360874086612,0.0011150622721543,0.654979342697576,0.0,0.0,76.142049296971,0.0,0.0,0.0,0.0008708294628508,2.0135141671865,0.0,0.162793193329663,0.0,0.0,0.357702481457774,0.0,0.0,0.0,5.59822571220997,0.0,0.0,0.0,0.0,0.0164908693655047,0.0109021852165325,0.0321253582581557,0.0,0.0,2.38740443271567,0.0,0.0,0.0893244282064973,0.0,0.0,0.0,0.0,0.0,0.0,0.0,0.0,0.106036193139594,0.0,0.063923492356942,0.0,0.0212189253481668,0.0,0.784283261529128,0.0,0.136151073414818,2.0576246073324,0.0,0.0,0.491644623177168,0.0158814467825182,0.0,0.0,0.76799925662571,0.0,1.47231733446183,0.0
DRY PULSES CEREAL & VEG,0.134698156709375,0.0,0.0664131797142041,0.0,0.0,0.0,0.0,0.0,5.11925943893997,11.1937485004351,0.0,0.6917078697893733,0.0440801940570863,0.0,0.0,0.0771005382274985,0.0176347562075074,0.113142372167694,0.0103062554935538,0.0013922290739533,0.051074982496416205,0.0500755817691672,0.0,0.104520512249008,0.0,0.21915775147204158,0.0,0.0,0.0313663519388925,0.0828416606064518,0.000560999012555,0.000341570199561,0.0,0.0,0.0420114495354437,0.0,0.0,0.0,0.0616422547385818,0.0,0.0,0.0,0.0,14.244825027493,0.0816488732536196,0.09132124688514459,1.84026676221693,0.0652123334072108,0.0,0.0227995853892219,0.0263609089977767,9.49584009612165,0.0513463053922534,0.275609720804831,0.0,0.0,0.0117454438996934,0.0,0.0482118152905907,0.0,0.0,0.0,0.0,0.290604377027973,2.36150252360782,1.40376265524572,0.013430810336842,0.760061399295965,0.1803467655609115,2.0167091754944,0.0,0.008230419838812,0.0859206776877937,0.0,10.0373422392285,0.323798384970742,0.0,0.0,0.0,0.0,0.0,0.0,0.0273893425093518,0.0,0.257336224939016,0.000341570199561,1.55827565372355,0.0060305555562492,0.130218543991041,0.0,0.0,0.0,0.320372412032355,9.32461815317202,0.0,0.0,1.1701938099795,0.7222774719118547,0.0,0.0877604667790862,12.1449440157186,0.0,5.94373447400513,0.0
BISCUITS - ISB COOKIES,0.089872226959053,0.0,0.14262552392999,0.0,0.0,0.0,0.0,0.0,0.0055720178730351,0.014984854554903,0.0,0.433768752770984,0.0211465969480769,0.0,0.0,5.13083722484682,0.0,0.0011082515690566,0.0,0.0549090851301378,0.0,0.0034821402812916,0.0,0.0,0.0,7.24441432805714,0.0,0.0,0.0,0.0,0.0,0.0,0.0,0.0,0.812269183321388,0.0,0.0,0.0,0.438904807574466,0.0,0.0,0.0,0.0,0.208483693852955,0.0247170901320721,0.9175873663321724,0.0,0.0973460067742838,0.0,0.0,0.0312549855447456,0.0,0.003915226157359,0.36540857698349,0.0,0.0283236696002971,0.0,0.0,0.0068209846516064,0.0,0.0,0.0,0.0,6.47440865248554,0.0,0.0622031535880518,1.11925750779242,6.49347999386651,0.0,0.0,0.0,0.121866259824331,0.305433618537721,0.0,0.0,0.0,0.0,0.0,0.0,0.0,0.0,0.0,0.0,0.0,2.08533311136482,0.104960360438311,0.178459158393518,0.0,0.0153009166396127,0.0,0.001401740235458,0.242054722305404,24.895639642866,0.155955368777706,0.0,0.0,0.0,0.9789263131089656,0.0,0.0,2.20195840220064,0.0,29.6866828652659,0.0
CHOC CONF - OTHER NOVELTIES,0.114576720938497,0.0,0.0,0.0,0.0,0.0,0.0,0.0,0.0,0.0074000532751805,0.0,0.0,0.0,0.0,0.0,1.58468223046212,0.0,0.0141558773427935,0.0,0.147256850721597,0.0,0.0,0.0,0.0,0.0,23.75654001150673,0.0,0.0,0.0,0.0,0.0,0.0746497850134654,0.0,0.0,0.372864690317949,0.0,0.0,0.0,0.0458602436497952,0.0,0.0,0.0,0.0,0.117052674866636,0.235221761799385,0.0753424891416147,0.0,0.0572814208886836,0.0,0.0,0.0111611709162815,0.0,0.0,0.108916124919805,0.0,0.00165206524766,0.0,0.0,0.0,0.0,0.0,0.0,0.0,18.9911943269634,0.0,0.0,0.0436394550118276,1.87229740852723,0.0,0.0,0.0,0.0097448080969626,0.0543913677472107,0.0,0.0,0.0,0.0,0.0,0.0,0.0,0.0,0.0,0.0,0.0,0.470115076294146,0.0466508469832591,1.39991565071667,0.0,0.0,0.0,0.008857757264533,0.0,40.8709570962009,0.0,0.0,0.0,0.0,0.026378419736222396,0.0,0.0,0.609853893759626,0.0,2.29039598013936,0.0
DIPS - AMBIENT,0.0,0.0,0.0,0.0,0.0,0.0,0.0,0.0,0.0391269831624045,0.0,0.0,0.0,0.0,0.0,0.0,15.378129507734,0.0,0.0169711992014027,0.0,0.0,0.0,2.698943566496649,0.0,0.0,0.0,0.0,0.0,0.0,0.0,0.0,2.79241545803062,0.0,0.0,0.0,0.538259260004088,0.0,0.0,0.0,0.0318849031384972,0.0,0.0,0.0,0.0,0.282295517302507,0.0945245567714869,1.22495469453207,0.0,0.0,0.0,0.0,0.597259495876823,0.0,0.0,5.66216867359432,0.0,0.0,0.0,0.0,0.0,0.0,0.0,0.0,0.0,11.5206696887682,0.0,0.0,0.0,0.0,0.0539763900082933,2.03867327531802,0.0,0.0190839758801999,0.0,0.0,0.0037593113631306,0.441529528419377,0.0,0.0,0.0,0.0,0.0,0.0,0.0,0.0,8.56579034510197,0.0,0.0195971772129737,0.0,0.657642460385484,0.0,0.0,0.0,1.3100283899743,0.0121707431972006,0.0,0.0,3.40496624928507,5.686226415367431,0.0,0.0,29.7649657688175,0.0,0.115760795087966,0.0
Poultry - Fresh Prcsd Ckd/Flv,0.0,0.0,0.0024864117223071,0.0,0.0,0.0,0.0,0.0,0.0143803166069511,0.538035993870721,0.0,0.0,0.0,0.0,0.0,0.10681861823577,0.0122167301303526,0.030112008351122,0.0104209943209588,0.318296046327909,0.0,0.0491497643860267,0.0,0.0,0.0,0.0026365225054091,0.0,0.0,0.0,0.0,0.0,0.0,0.0,0.0,0.0099295773615806,0.0,0.0,7.44452538996881e-05,0.207852055649509,0.0,0.0,0.0,0.0,0.285685129993736,0.752458617956598,0.1481137923849437,0.0254229187224789,0.0,0.0,0.0273202988675284,0.3411925524202731,0.0066454126509563,0.0683902175831871,1.18925399978761,0.0,6.02717336386526e-05,75.8581523116219,0.0,0.0749357905688493,0.0,0.0,0.691903690486177,0.0,0.349065288763822,0.0253627090029211,0.0,0.0027406070572793,0.113213709825521,0.0176203978514617,0.77124714291249,0.0,0.0063897906472922,0.0016094603750556,0.0,0.0948674250580411,1.38856409522571,0.0,0.0,0.0,0.0,0.0,0.0,0.0198424717472321,0.0,0.81900348539871,0.0,0.64271680173155,0.224418091834332,0.479941771019833,0.0,0.0,0.0184645470888346,2.86743491036991,0.252132187124621,0.0,0.0,0.618532041315729,1.341856509847592,0.0,0.0,1.7946549649823,0.0,1.448262771919151,0.0
Poultry - Fresh Prcsd Ctd/Flv,0.0,0.0,0.0,0.0,0.0,0.0,0.0,0.0,0.0,0.0,0.0,0.0,0.0,0.0,0.0,0.0,0.0,0.0,0.0,0.0,0.0,0.0,0.0,0.0,0.0,0.0,0.0,0.0,0.0,0.0,0.0,0.0,0.0,0.0,0.0,0.0,0.0,0.0,0.0,0.0,0.0,0.0,0.0,0.0,0.0,0.0,0.0,0.0,0.0,0.0,0.0,0.0,0.0,0.0,0.0,0.0,0.0,0.0,0.0,0.0,0.0,0.0,0.0,0.0,0.0,0.0,0.0,0.0,0.0,0.0,0.0,0.0,0.0,0.0,0.0,0.0,0.0,0.0,0.0,0.0,0.0,0.0,0.0,0.0,0.0,0.0,0.0,0.0,0.0,0.0,0.0,0.0,0.0,0.0,0.0,0.0,0.0,0.0,0.0,0.0,0.0,0.0,0.0,0.0
Poultry - Fresh Prcsd Unck/Flv,0.0,0.0,0.0,0.0,0.0,0.0,0.0,0.0,0.0,0.0,0.0,0.0,0.0,0.0,0.0,0.0,0.0,0.0,0.0,0.0,0.0,0.0,0.0,0.0,0.0,0.0,0.0,0.0,0.0,0.0,0.0,0.0,0.0,0.0,0.0,0.0,0.0,0.0,0.0,0.0,0.0,0.0,0.0,0.0,0.0,0.0,0.0,0.0,0.0,0.0,0.0,0.0,0.0,0.0,0.0,0.0,0.0,0.0,0.0,0.0,0.0,0.0,0.0,0.0,0.0,0.0,0.0,0.0,0.0,0.0,0.0,0.0,0.0,0.0,0.0,0.0,0.0,0.0,0.0,0.0,0.0,0.0,0.0,0.0,0.0,0.0,0.0,0.0,0.0,0.0,0.0,0.0,0.0,0.0,0.0,0.0,0.0,0.0,0.0,0.0,0.0,0.0,0.0,0.0
Poultry - Fresh Prcsd Ml Accmp,0.0,0.0,0.0,0.0,0.0,0.0,0.0,0.0,0.0,0.0,0.0,0.0,0.0,0.0,0.0,0.0,0.0,0.0,0.0,0.0,0.0,0.0,0.0,0.0,0.0,0.0,0.0,0.0,0.0,0.0,0.0,0.0,0.0,0.0,0.0,0.0,0.0,0.0,0.0,0.0,0.0,0.0,0.0,0.0,0.0,0.0,0.0,0.0,0.0,0.0,0.0,0.0,0.0,0.0,0.0,0.0,0.0,0.0,0.0,0.0,0.0,0.0,0.0,0.0,0.0,0.0,0.0,0.0,0.0,0.0,0.0,0.0,0.0,0.0,0.0,0.0,0.0,0.0,0.0,0.0,0.0,0.0,0.0,0.0,0.0,0.0,0.0,0.0,0.0,0.0,0.0,0.0,0.0,0.0,0.0,0.0,0.0,0.0,0.0,0.0,0.0,0.0,0.0,0.0
Veg - Frozen Veg Meals,0.0,0.0,0.11423009319903,0.0,0.0317793476152317,0.0,0.0,0.0,0.0182003551928681,4.23828277503586,0.0185184505263287,0.0,0.0,0.0,0.0,1.41907874613244,0.2267815657517684,2.49991307979442,0.101628776168423,0.108311450772579,11.2951096587297,5.275880386876825,0.0,0.0111980126958432,0.0,0.0220095458047564,0.0,0.0,0.0,0.017610571764971737,0.0,0.0,0.0,0.0,0.381392396257372,0.0,0.0,0.0052188925655175,1.65398020176785,0.0,0.0,0.0,0.0,0.286618601207681,2.1017194142681,0.6140872765577129,0.0016639081212579,0.0061498345070087,0.0,0.0064622548124465,0.2632621920306552,0.649962152232565,1.04501642145917,1.44029397197423,0.0,0.858222826648829,0.267083566952285,0.0,0.0547653576668093,0.0,0.0,0.0,0.0,3.15483960687732,1.27894276549269,0.0175700014162554,0.0756142701237135,0.139649748374417,0.2105797018675289,3.87261557030911,0.0,0.0025412545368173,0.232912304953749,0.0,1.15030129915461,3.24032406198688,0.0,0.0,0.0111980126958432,0.0,0.0,0.0,1.26962783670415,0.0,0.975494439679065,0.0,3.30330563913962,0.030701824199926103,1.07760997579157,0.0,0.0,0.0,1.07161694406781,0.818825248205894,0.0,0.0,9.00078241772056,2.8056504523300214,0.0,0.0111980126958432,20.6491216766567,0.0,5.50645034621071,0.0
Veg - Frozen Chips+Potato Prds,0.0006719474544889,0.0,0.0026799857629729,0.0,0.0,0.0,0.0,0.0,0.0012310888308625,0.012836860347573,0.0,0.0044564222962913,0.0,0.0,0.0,0.692867870456363,0.0322963883185714,0.219871239650712,0.0,0.0619613364082195,0.0885937608171057,0.4286422699918595,0.0,0.0,0.0,0.0235804874282074,0.0,0.0,0.0009808760863244,0.0957537775014105,0.0,0.0,0.0,0.0,0.0314725305221973,0.0,0.0,0.0039441531503757,0.0284328758422089,0.0,0.0,0.0,0.0,0.0440856022122777,76.2328797505252,0.0070351322430642965,0.001103485597115,0.001103485597115,0.0,0.0003534081593231,0.0142085504871832,0.0,0.022591996992862,0.915126843349835,0.0,0.3354067062976073,0.0802674765572881,0.0,0.0725503369917861,0.0,0.0061962712814226,0.119900349952639,0.0,0.51734202866619,0.0029426282589734,0.0034535006892314,1.79555596105468e-05,0.170779623497617,0.0103062136771683,0.467168891796264,0.0,0.0008339034507034,0.0004813793655695,0.0,0.0659819087840257,0.31794733569412,0.0,0.0,0.0,0.0,0.0,0.0,0.0412928879686924,0.0,0.995475821337987,0.0,0.87470103388643,0.0160543035749255,0.117407300583163,0.0,0.0,0.0,0.188305592471438,4.23032676341005,0.0,0.0,0.182152233665558,6.438652475405952,0.0,0.0005780463634468,0.937780592245315,0.0,2.152962286900492,0.0
Poultry - Frozen Prcsd Ckd/Flv,0.0,0.0,0.0008225512305455,0.0,0.0,0.0,0.0,0.0,0.0015858886314115,1.29350366336318,0.0,0.0,0.0,0.0,0.0,0.285178248636889,0.0,0.0129043403757851,0.0,0.401082765583003,0.0,0.1279209746656573,0.0,0.0,0.0,0.0002056895592893,0.0,0.0,0.0,0.0,0.0,0.0,0.0,0.0,0.0085644627171456,0.0,0.0,0.0,0.119258881479324,0.0,0.0,0.0,0.0,0.1118994152405317,0.130981024201129,0.0205580368917609,0.0159582622140214,0.0,0.0,0.0,0.10035785888658,0.166003265563135,0.0097934438257368,1.39582934103086,0.0,0.639664233103085,71.2024468715102,0.0,0.0534773556529245,0.0,0.412615326020681,0.0,0.0,0.298927677123971,0.0,0.0,0.0056645776776422,0.0104133116972675,0.0,0.979057750840559,0.0,0.0050814669765285,0.0,0.0,0.0346604875342159,1.42077887954415,0.0,0.0,0.0,0.0,0.0,0.0,0.0,0.0,1.06948073129229,0.0,0.333677686722222,0.0153764014541712,0.452356673190306,0.0,0.0,0.0,2.964287038605,0.131040863981999,0.0,0.0,1.29615687250785,1.3258995799165425,0.0,0.0,2.81109440875155,0.0,3.92186519391726,0.0
Poultry - Frozen Prcsd Ctd/Flv,0.0,0.0,0.0001739883028336,0.0,0.0,0.0,0.0,0.0,0.0177135388750258,1.66646821114975,0.0,0.0027055940839857,0.0,0.0,0.0,0.324546900992577,0.0117304866623566,0.0304545722574224,0.0,0.677415800724279,0.0189438998027933,0.332259789191806,0.0,0.0,0.0,0.002285743388501,0.0,0.0,0.0002571577594893,0.0,0.0,0.0,0.0,0.0,0.0489352019398928,0.0,0.0,0.0,0.0473661837333997,0.0,0.0,0.0,0.0,0.1275596011035411,0.702454708086984,0.0329516258470173,0.0073160281079531,0.0,0.0,0.0017819438504549,0.08109635431418799,0.0305921224663343,0.165686795766818,1.99780333629706,0.0,0.025429684989194602,56.3959909061785,0.0,0.15180881281553,0.0,0.0150330617113577,1.68712638140954,0.0,0.167506577558622,0.0067788214126739,0.0,0.0019641356261927,0.116568362025368,0.0171481107395177,0.788240183256945,0.0,0.0050802756437565,0.0007925977016405,0.0,0.377979370555813,1.05636652186095,0.0,0.0,0.0,0.0,0.0,0.0,0.0,0.0,3.40278850180466,0.0,0.651660997368122,0.111780441681301,0.309583568418606,0.0,0.0,0.0,0.737726559991698,0.50316445161046,0.0,0.0001317164966786,0.138867936956216,0.8233449808433123,0.0,0.0,7.08874830646523,0.0,11.65560173284933,0.0
Poultry - Frozen Prcsd Unck/Fl,0.0,0.0,0.0046693420051981,0.0,0.0,0.0,0.0,0.0,0.0244095836852483,0.758630878154421,0.0,0.0,0.0,0.0,0.0,0.0401099112801766,0.0,0.0077579618546362,0.0,0.154348290175339,0.0,0.0,0.0,0.0,0.0,0.0190279407650418,0.0,0.0,0.0,0.0,0.0,0.0,0.0,0.0,0.0249717892172817,0.0,0.0,8.79360101821575e-06,0.084733619397391,0.0,0.0,0.0,0.0,0.1232978038965746,0.138468757605945,0.0301544681051133,0.0,0.0,0.0,0.0,0.0816430859657286,0.0375924494418346,0.0402361004349528,1.19818239130398,0.0,0.0,75.0769461052132,0.0,0.0806433057165145,0.0,0.0,0.0904341979170689,0.0,0.0923352987084175,0.0009747126042422,6.91727661426553e-06,0.0102913306132647,0.236071917565795,0.0044463425066092,1.01122361941298,0.0,0.063058909925647,0.0,0.0009382232899603,0.0501648574732455,1.22318542673074,0.0,0.0,0.0,0.0,0.0,0.0,0.0,0.0,0.672595982878791,0.0,0.840519701449859,0.0078315472116314,0.294976628554288,0.0,0.0,0.0,3.1351369999681,0.358815640266479,0.0,0.0,0.568615820684192,0.8359217218103233,0.0,0.0,3.37087952972144,0.0,2.6200932865482,0.0
Fish - Fresh Prcsd Cmplt Mls,0.0237170362180186,0.0,0.0745671150673667,0.0,0.0,0.0,0.0,0.0,0.015179743212705,0.110450220798778,0.0,0.0063079668030958,0.0,0.0,0.0,3.90798117385618,0.0903666802350989,0.621126837642564,0.0098434998271462,0.0710712325831267,0.2255786030413516,1.8757116901286413,0.0,0.0,0.0,0.0,0.0,0.0,0.0,4.494233968282563,0.014935461926776,0.0,0.0,0.0,0.128423451532701,0.0,0.0,22.67652684517908,0.164139806231989,0.0,0.0,0.0,0.0,0.5865541613581853,14.7851502136025,0.5366169187556015,0.0,0.0,0.0,0.230065859965951,0.7233790264094151,0.0,0.304529433894107,1.46956268152931,0.0,0.9786442680270411,0.222092331805851,0.0,0.0425082521056178,0.0,0.0,0.0,0.0,5.3813409678706,0.0523783396530851,0.0,0.0082120715108568,0.258486125555214,0.2981185383711112,2.02566690257069,0.0,0.0010587220273787,0.292697904519179,0.0,0.757909531119683,1.44172257063713,0.0,0.0,0.0,0.0,0.0,0.0,0.0,0.0,1.01703484460541,0.0,0.805815692763246,0.0,1.1784584671665,0.0,0.0,0.0,0.871268619765096,0.9669742411135,0.0,0.0,4.87251714350428,1.194446813128682,0.0,0.0,11.908106332279,0.0,6.65486108296012,0.0
Fish - Fresh Prcsd Ml Accmp,0.0,0.0,0.0063942542179039,0.0,0.0,0.0,0.0,0.0,0.0063169671667679,0.259977264658032,0.0,0.0389761157089457,0.0,0.0,0.0,2.88012999400839,0.0,0.0408819490110117,0.0,0.0508710395732298,0.107859374673909,1.5874728961692803,0.0,0.0,0.0,0.0010764780286063,0.0,0.0,0.114693149556334,16.91866133895446,0.0047938276593103,0.0,0.0,0.0,0.339023861129935,0.0,0.0,44.87183507701131,0.0869000208534685,0.0,0.0,0.0,0.0,0.2291649148128466,4.57196564229475,0.4353217725901341,0.0,0.0,0.0,0.0448652492484482,0.925920226981394,0.0,0.306305709253075,0.796504042586257,0.0,0.0,0.0,0.0,0.0734509461561979,0.0,0.0,0.0,0.0,1.17315098763899,0.0944553142366819,0.0,0.0087912908057039,0.375031223667124,0.38833971067422,1.34818206580899,0.0,0.0066215854977647,0.0001526635996807,0.0,0.117514504337469,1.45260584933441,0.0,0.0,0.0,0.0,0.0,0.0,0.0108079163637416,0.0,2.04401350360326,0.0,0.287648220294371,0.0142059971022027,1.18676066490741,0.0,0.0,0.0,1.15061016824599,1.0132563149245433,0.0,0.0,0.69778913217246,1.339721022841511,0.0,0.0,3.91249726482987,0.0,4.562654223560484,0.0
Meat - Frozen Prcsd Cmplt Mls,0.0,0.0,0.0,0.0,0.0,0.0,0.0,0.0,0.0,0.0,0.0,0.0,0.0,0.0,0.0,0.0,0.0,0.0,0.0,0.0,0.0,0.0,0.0,0.0,0.0,0.0,0.0,0.0,0.0,0.0,0.0,0.0,0.0,0.0,0.0,0.0,0.0,0.0,0.0,0.0,0.0,0.0,0.0,0.0,0.0,0.0,0.0,0.0,0.0,0.0,0.0,0.0,0.0,0.0,0.0,0.0,0.0,0.0,0.0,0.0,0.0,0.0,0.0,0.0,0.0,0.0,0.0,0.0,0.0,0.0,0.0,0.0,0.0,0.0,0.0,0.0,0.0,0.0,0.0,0.0,0.0,0.0,0.0,0.0,0.0,0.0,0.0,0.0,0.0,0.0,0.0,0.0,0.0,0.0,0.0,0.0,0.0,0.0,0.0,0.0,0.0,0.0,0.0,0.0
Meat - Frozen Prcsd Ml Accmp,0.0,0.0,0.451454944174911,0.0,0.0,0.0,0.0,0.0,0.13059907958533,0.388930356746352,0.0091802757177129,0.0,0.0,0.0,0.0,0.249932850233539,0.0036839346473814,0.24906512453747,0.0,0.217057449527546,0.0,0.5124708306772554,0.0,0.0,0.0,0.0,0.0,0.0,0.0,0.0,0.0,0.0,0.0,0.0,1.06018532223139,0.0,0.0,0.0,0.309961477504264,0.0,0.0,0.0,0.0,0.188593502639724,1.32329474877297,0.5873740550960439,0.0004967565960351,0.0,0.0,0.296230744887406,0.0344602797682797,0.0,0.0449479405952015,1.47605530787465,0.0,10.569848692881,7.32160217172138,0.0,20.0481527262281,0.0,17.3933002629888,0.557305264249181,0.0,0.738082519550021,0.0584802531489286,0.0,0.0,0.181090853940113,0.054255406921626205,2.39494810803481,0.0,0.0375639996188974,0.0902110466071376,0.0,0.0532217024924117,1.14338020624944,0.0,0.0,0.0,0.0,0.0,0.0,0.027130156329448,0.0,1.65641151506175,0.0,0.426679831238355,0.0,0.573092988922508,0.0,0.0,9.1705494215021e-05,2.54156311683601,0.193866135699311,0.0,0.0,2.65970978601738,0.920653589012026,0.0,0.0,12.06285962541,0.0,4.03477887891844,0.0
Meat - Frozen Prcsd Products,0.0,0.0,0.0139795435059335,0.0,0.0,0.0,0.0,0.0,0.0173279114734998,0.662868983234837,0.0,0.0144876141008995,2.54184511040752e-06,0.0,0.0,0.105255027317256,0.0794475938851613,0.0182451905501739,0.0,0.0920813152305132,0.0019798967383282,0.5202775498062054,0.0,0.0,0.0,0.0050035045782351,0.0,0.0,0.010298770880387,0.0,0.0170746023848303,0.0,0.0,0.0,0.0925730792493956,0.0,0.0,0.0161959405890306,0.0714725125327307,0.0,0.0,0.0,0.0,0.398085743751471,0.640409742601934,0.1595816851267699,6.64978806259898e-05,0.0,0.0,0.0004491050914747,0.0677739069731571,0.103465854877227,0.0254451520144183,0.43327679226037,0.0,32.10610307177255,12.1647159615084,0.0,15.0472655738613,0.0,4.32608267638001,0.443873939073379,0.0,0.144864395316235,0.033668127867312,0.0,0.0096809392492094,0.259332678059855,0.0103450766454504,3.168695647821,0.0,0.0101827881067891,0.0118754502286559,0.0,0.416155270464288,0.767027192356838,0.0,0.0,0.0,0.0,0.0,0.0,0.0004538968133523,0.0,1.43142116856493,0.0,0.6463330829325,0.0496497834500336,0.269973343785692,0.0,0.0,0.0,1.42091150014197,0.207590212911093,0.0,0.0,0.341638014899903,0.814461584676428,0.0,0.0,8.60363406199432,0.0,5.926266134640235,0.0
Meat - Fresh Prcsd Snacks,0.0034630967082482,0.0,0.0269446465442416,0.0,0.0182211469213064,0.0,0.0,0.0,0.0039685256440299,0.228101384104028,0.0,0.0183533675690076,0.000164024909087,0.0,0.0,0.282673532630806,0.0046318001367801,0.10367031929517,0.0,0.0562120861082888,0.0200711009516843,3.046115907323716,0.0,0.0,0.0,0.04541008775902749,0.0,0.0010532690061681,0.0069964093985593,0.0529621982705324,0.0019293380315254,0.0053182784927332,0.0,0.0,2.61699606777715,0.0,0.0,0.0340854996474895,0.0297266363467129,0.0,0.0,0.0,0.0,0.0877469345292948,2.60439706841978,0.10021028598904289,7.97928969520509e-05,0.0016669372082368,0.0,0.0031613277549728,0.0717528928978317,0.0027603161852905,0.0168501437040105,0.316681527938744,0.0,36.7766266752133,0.775590961917825,0.0,23.9715093611289,0.0,2.48354046486309,0.120600554595228,0.0,0.341403086916268,0.260274138678356,0.0,0.0222107162477049,0.134265559963795,0.0914097437906619,2.02629373711366,0.0,0.0221993609421595,0.0599371962379083,0.0,0.33892727434803,1.22356563944134,0.0,0.0,0.0,0.0,0.0,0.0,0.0126213246417431,0.0,1.27771721544991,0.0,0.801718609808049,0.0066737313979693,0.55677085337571,0.0,0.0,0.0130038901583292,0.69654308304274,0.1583925496724168,0.0,0.0,0.340142632816199,0.5285388901767121,0.0,0.0,5.25418892727086,0.0,3.798435815933008,0.0
Meat - Fresh Prcsd Ml Accmp,0.0,0.0,0.0,0.0,0.0,0.0,0.0,0.0,0.0,0.0,0.0,0.0,0.0,0.0,0.0,0.0,0.0,0.0,0.0,0.0,0.0,0.0,0.0,0.0,0.0,0.0,0.0,0.0,0.0,0.0,0.0,0.0,0.0,0.0,0.0,0.0,0.0,0.0,0.0,0.0,0.0,0.0,0.0,0.0,0.0,0.0,0.0,0.0,0.0,0.0,0.0,0.0,0.0,0.0,0.0,0.0,0.0,0.0,0.0,0.0,0.0,0.0,0.0,0.0,0.0,0.0,0.0,0.0,0.0,0.0,0.0,0.0,0.0,0.0,0.0,0.0,0.0,0.0,0.0,0.0,0.0,0.0,0.0,0.0,0.0,0.0,0.0,0.0,0.0,0.0,0.0,0.0,0.0,0.0,0.0,0.0,0.0,0.0,0.0,0.0,0.0,0.0,0.0,0.0
Meat - Fresh Prcsd Cmplt Mls,0.0,0.0,0.0,0.0,0.0,0.0,0.0,0.0,0.0,0.0,0.0,0.0,0.0,0.0,0.0,0.0,0.0,0.0,0.0,0.0,0.0,0.0,0.0,0.0,0.0,0.0,0.0,0.0,0.0,0.0,0.0,0.0,0.0,0.0,0.0,0.0,0.0,0.0,0.0,0.0,0.0,0.0,0.0,0.0,0.0,0.0,0.0,0.0,0.0,0.0,0.0,0.0,0.0,0.0,0.0,0.0,0.0,0.0,0.0,0.0,0.0,0.0,0.0,0.0,0.0,0.0,0.0,0.0,0.0,0.0,0.0,0.0,0.0,0.0,0.0,0.0,0.0,0.0,0.0,0.0,0.0,0.0,0.0,0.0,0.0,0.0,0.0,0.0,0.0,0.0,0.0,0.0,0.0,0.0,0.0,0.0,0.0,0.0,0.0,0.0,0.0,0.0,0.0,0.0
Veg - Fresh Prcsd Snacks,0.0003291252436207,0.0,0.039409221686005,0.0,0.0451710948641306,0.0,0.0,0.0,0.0169848519861384,5.40402969846018,0.010867286831208,0.0314993459651533,0.0018168022212854,0.0,0.0,1.60157156115606,0.41818026279081844,1.30059434966249,0.0042482736549777,0.142148464980141,1.486352175362532,8.293112913203146,0.0,0.0165867028330778,0.0,0.0213690307921419,0.0,0.0,0.067549914714564,0.0830634060042524,0.0009916037412545,0.0212905042479289,0.0,0.0,1.85776899852154,0.0,0.0,0.110996581297981,0.218114102357401,0.0,0.0,0.0,0.0,0.8978900223788424,4.89144050490865,0.2627764195934451,0.0067197242222621,0.0003291252436207,0.0226979752042764,0.05169356870693,0.2692119550610938,0.164230787773353,0.902521871594994,2.3970774365236,0.0,0.1844203487817876,0.428241969486827,0.0,1.06581788939032,0.0,0.0,0.0,0.0165081570213749,4.20402189889231,2.37770252143684,0.0125387243013737,0.0555883238134473,1.66550908117118,0.656715952549798,7.83485532590612,0.0,0.034875943509508,0.345486512516195,0.0,1.86077788286203,2.97938161859126,0.0,0.0,0.0,0.0,0.0,0.0,0.533461052511232,0.0,3.42128164646851,0.0,1.43163154499338,0.100339812983127,1.14305322892555,0.0,0.0105695709518641,0.0024990379416131,1.327835805182,0.9658497290790211,0.0,0.0,1.81247808109483,2.5268667797628153,0.0,0.0,9.7517141633864,0.0,13.896956644974905,0.0
Veg - Fresh Prcsd Ml Accmp,0.0289765811068591,0.0,0.151369715498562,0.0,0.444102064354285,0.0,0.0,0.0,0.032099982550205,5.15036000862662,0.1015953191073625,0.0145536728990021,0.0127810619400959,0.0,0.0,2.4421109148118,2.1027571287769122,1.64757217073794,0.0260777176789687,0.0532146980554343,3.47769937699782,2.984530769501831,0.0,0.11307090229647,0.0,0.0042479638421125,0.0,0.0,0.0065813619414263,0.0192756743212129,0.0141147898957945,0.0054101032925329,0.0,0.0,1.03458641372778,0.0,0.0,0.32192079127618206,0.360919614367983,0.0,0.0,0.0,0.0,0.397376874134674,26.9499709787149,0.2997701652826464,5.52192977999517e-05,0.0031129362734806,0.0405050240968496,0.149101055750366,0.186843547626122,0.194839155173044,1.01282763277205,1.04952665996438,0.0,0.799244284802406,0.685434951588819,0.0,0.251550467738536,0.0,0.0978756331678484,0.0,0.0799504516186006,2.7846669390091,1.74927832067401,0.0355900368667097,0.222110980932769,0.373598903159369,0.2154613358799787,2.83563957412778,0.0,0.0398881213050763,0.0756995416851432,0.0,1.41373073921445,2.20893216737698,0.0,0.0,0.0068202244958749,0.0,0.0,0.0,0.755183991489957,0.0,2.50636066317557,0.0034455602292863,0.837690731109893,0.34300116415409987,0.887490920143359,0.0,0.0177134244543885,0.000134995199236,0.878005904866347,1.5547149604698578,0.0,0.0,1.56962408122527,6.7892496991979225,0.0,0.0181674354696798,10.3277073347247,0.0,2.99078385335229,0.0
Fish - Frozen Ctd/Ntrl/Spclty,0.0,0.0,0.0023143122308846,0.0,0.0,0.0,0.0,0.0,0.0260074824124686,0.0977433801306253,0.0,0.0019576405862705,0.0,0.0,0.0,0.171749955431829,0.0002696331651645,0.0052982270032115,0.0,0.143240146408917,0.0071370573353594,0.0968763511689355,0.0,0.0,0.0,0.0161185868341506,0.0,0.0,0.0,24.450760471469508,0.0061631418479669,0.0,0.0,0.0,0.125867398952948,0.0,0.0,42.032029713893934,0.0085193434813229,0.0,0.0,0.0,0.0,0.175530464003175,1.67287090606515,0.0184158205847381,0.0,0.0,0.0,0.0065884403621904,0.1858057470480811,0.0057248550021929,0.0080654621550756,0.676472850229527,0.0,0.004009955420169,0.194418808080603,0.0,0.0016771491871408,0.0,0.0,0.0,0.0,0.218009177560788,0.0005392663303291,0.0,0.0300774253297292,0.256716140698693,0.0264590876190712,0.368195669500352,0.0,0.0016982186090054,0.0010440749793442,0.0,0.0610300914068057,0.287812303981586,0.0,0.0,0.0,0.0,0.0,0.0,0.0,0.0,4.35433055435429,0.0,0.793974306734541,0.108187907359019,0.186643304809914,0.0,0.0,0.0007907388151001,0.352614669974954,0.7907648671545507,0.0,1.79718000384029e-05,0.311639589716912,0.2595270433303708,0.0,0.0,6.07952691959927,0.0,9.64570305803965,0.0
Fish - Frozen Meal Accomps,0.0,0.0,0.0,0.0,0.0,0.0,0.0,0.0,0.022256198182926,0.0257691251530681,0.0,0.0046544768400256,0.0,0.0,0.0,2.25189871918484,0.0008006377994824,0.455012539096389,0.0,0.11327217166031,0.265917221894456,1.7712462896306658,0.0,0.0,0.0,0.0119745697265852,0.0,0.0,0.0,9.442422250678277,0.0,0.0,0.0,0.0,0.0250523683022437,0.0,0.0,39.727064418339,0.169265709951555,0.0,0.0,0.0,0.0,0.133584019084405,0.852692879672729,0.36138119115380796,0.0,0.0,0.0,0.0668682351706215,0.9673980173459912,0.0568932371621461,0.358926557693389,1.07916314814134,0.0,0.0,0.0,0.0,0.0622333578940943,0.0,0.0,0.0,0.0,4.40715267061648,0.0,0.0,0.0,0.519883446154772,0.2181058373095236,1.24605567142059,0.0,0.0335115234405449,0.0835078943408123,0.0,0.284512570475466,0.878742482966692,0.0,0.0,0.0,0.0,0.0,0.0,0.350322031748648,0.0,1.65172451946809,0.0,0.147258479504744,0.031142437790531,0.86081068682782,0.0,0.0,0.0,0.431436239121464,0.8027765615349325,0.0,0.0,3.03981809771574,1.0999200309924952,0.0,0.0,11.9706438553154,0.0,4.76886285540962,0.0
Fish - Frozen Complete Meals,0.0,0.0,0.0,0.0,0.0,0.0,0.0,0.0,0.0076110019010141,0.026481911452099,0.0,0.0,0.0,0.0,0.0,2.87271649657678,0.0,0.443713625798588,0.0,0.007353129796215,0.4100344467826,2.336994016382981,0.0,0.0,0.0,0.0,0.0,0.0,0.0,4.798897360367005,0.0,0.0,0.0,0.0,0.184031227698759,0.0,0.0,15.259484551337762,0.0112711393546625,0.0,0.0,0.0,0.0,0.205527601250677,20.7500153383567,0.3329546427295238,0.0,0.0,0.0,0.0690105987446344,1.65116657859069,0.0,0.213922211824731,1.21630732502402,0.0,0.0529971488440096,0.0,0.0,0.0,0.0,0.0,0.0,0.0,5.24971507002912,0.0008869834615253,0.0,0.0,0.131004810419595,0.215339489801508,1.68739201118848,0.0,0.0,0.124995934485632,0.0,1.4520824468034,1.89656623013034,0.0,0.0,0.0,0.0,0.0,0.0,0.0,0.0,0.705285139773855,0.0,0.910591012004141,0.0,5.1266503153183,0.0,0.0,0.0,0.272315707603011,2.1415258552123,0.0,0.0,1.70776503395155,2.136587922979107,0.0,0.0,16.1173988593803,0.0,5.592441677880133,0.0
Poultry - Frozen Primary,0.0,0.0,0.0083126836644627,0.0,0.0,0.0,0.0,0.0,0.0033060761945637,0.172312016581222,0.0,0.0,0.0,0.0,0.0,0.30373357930107,0.0,0.0634722386231473,0.0014256501853841,0.0414957222183397,0.0,0.035238252460366,0.0,0.0,0.0,0.0,0.0,0.0,0.0419246523312048,0.0,0.0428011504358872,0.0,0.0,0.0,0.004407265855241,0.0,0.0,0.0,0.0049418931727938,0.0,0.0,0.0,0.0,0.0411715661328082,0.731531315120521,0.0903214923176562,0.0,0.0023471401086616,0.0,0.0086351136014937,0.0354386180828185,0.0056840700661272,0.0211088068894788,0.340274608159268,0.0,0.0,52.7217117147822,0.0,3.57027907007165,0.0,0.0,25.1207190116856,0.0,0.098914679396654,0.0023944942185113,0.0,0.0017153413210251,0.004283257365775,0.0094800208246459,0.527005452682953,0.0,0.184686932320913,0.0042576596991789,0.0,0.146723794876967,0.437711310575089,0.0,0.0,0.0,0.0,0.0,0.0,0.0,0.0,0.43600013445924,0.0,0.286252296543818,0.0088823538618797,0.325103302022402,0.0,0.0,0.0,1.07128847576724,0.0728457407114563,0.0,0.0,0.059274690763026,0.2148851930859757,0.0,0.0,5.23682282888002,0.0,0.9975420496269831,0.0
Sausages - Frozen,0.0,0.0,0.12903284464171,0.0,0.0,0.0,0.0,0.0,0.0,0.744808616002419,0.0,0.0,0.0,0.0,0.0,0.0,0.0,0.0168443983923965,0.0,0.016256224214459,0.0,0.045589077933572,0.0,0.0,0.0,0.0,0.0,0.0,0.0,0.0,0.0,0.0,0.0,0.0,0.124288378079148,0.0,0.0,0.0,0.0,0.0,0.0,0.0,0.0,0.0288157635071202,0.372999398086238,0.0093501874618454,0.0,0.0,0.0,0.0461757961831833,0.012080471864093499,0.0280739973206609,0.0012984514793049,0.170970447114258,0.0,1.824256398343087,3.4444302877137,0.0,56.717737624992,0.0,1.03118966135554,0.336390714957998,0.0,0.0258637670698561,0.160422411922067,0.0,0.0,0.0345146771079626,0.0,0.437407252827291,0.0,0.0448569157647566,0.0,0.0,0.0822477066924168,0.354571281496158,0.0,0.0,0.0,0.0,0.0,0.0,0.0,0.0,0.326460243244189,0.0,1.04857073128768,0.0,0.263764565608823,0.0,0.0,0.0,0.306491939435348,0.0240514371267521,0.0,0.0,0.0168009765523373,0.244385558539285,0.0,0.0,19.1017890475108,0.0,3.32724496034114,0.0
CRISPS,0.0093500050021192,0.0,0.639533451012609,0.0,0.0,0.0,0.0,1.67231710392894,0.175732259184476,0.145577826740521,0.0,0.0249408974370767,0.005144896490148,0.0,0.0,0.46982590315062,0.0010626507292255,0.318270185236451,0.0,0.114768881625757,0.0006493328320006,1.473453811549115,0.0,0.0,0.0,0.0042068908113427,0.0,0.0,0.0009350333681314,0.5438091632953707,0.0,0.0006868917155493,0.0,0.0,0.0818551193182368,0.0,0.0,0.0619721428424858,0.465427943799468,0.0,0.0,0.0,0.0,1.35368400488576,47.1207209189786,0.10291517434861999,0.0072236077729857,0.0,0.0,0.0187516781434413,0.0491015910435858,0.0474290016809811,0.0111366658548891,0.708370431848341,0.0,0.3555118625230278,1.08600894178794,0.0,2.42096872938809,0.0,0.0,0.207048493676213,0.167877157034767,0.73694600789377,0.043376883081535,0.0061468570735611,0.0005664316838893,0.177832255942118,0.254672160061323,1.24954818617653,0.0,0.0174041381501514,0.013361222666876,0.0,0.0701338683783793,0.498482554462119,0.0,0.0,0.0,0.0,0.0,0.0,0.0065705914710642,0.0,1.96286434735344,0.0,0.821599266774838,0.0002829756552479,0.225956648832549,0.0,0.0,0.0148657298393908,1.84579144921652,16.229758630920855,0.0,0.0005595905234492,0.596170768720959,2.939213325796327,0.0,0.0,1.08295466161306,0.0,1.6248873235865093,0.0
CHOC CONF-COUNTLINE CHOCOLATE,0.686473217400473,0.0,0.0004548559339308,0.0,0.0,0.0,0.0,0.0,0.0406831402723782,0.575549110267657,0.0,0.0102120264871916,0.0,0.0,0.0,0.550057333338746,0.0001042096533871,0.0001990552672137,0.0352377850515235,0.130537964189598,0.0,0.0,0.0,0.0,0.0,17.881960695679503,0.0,0.0,0.0,0.0,0.0,0.0,0.0,0.0,0.110954957997803,0.0,0.0,0.0,1.29976729578684,0.0,0.0,0.0,0.0,0.1090186291753,0.0542516535325787,0.0336005700435827,4.08996495912447,0.701605366304096,0.0,0.0,0.0,0.0,0.45628470199586,0.518294766999197,0.0,0.0283232250082713,0.0,0.0,0.0039384571226385,0.0,0.0,0.0,0.0,13.4860685783882,0.0,0.0,0.375141030663095,3.26948208156113,0.0,0.0,0.0,0.0032568739316221,0.0,0.0,0.0210113473130977,0.0,0.0,0.0,0.0,0.0,0.0,0.0,0.0,0.0,0.0494772511555369,0.0058093856647536,2.30352074059111,0.0,0.0,0.0,0.0019380515857293,0.0009650542345195,32.5753749231989,0.3711814441819984,0.0,0.0,0.0,0.0817455774552462,0.0,0.0059762195462344,0.834534568187975,0.0,3.2373624749726,0.0
CHOC CONF-MOULDED CHOCOLATE,0.787750333300242,0.0,0.0428002119296871,0.0,0.0,0.0,0.0,0.0,0.0137547221897653,0.0776334078395232,0.0,0.0330893802361586,0.0054939689697585,0.0,0.0,1.10697991998458,0.0,0.0007940035103386,0.0828995352268443,0.023878670231028,0.0,0.025436856495277698,0.0,0.0,0.0,28.722371683049168,0.0,0.0166292369914771,0.0125899847885386,0.0,0.0,0.0141530310218507,0.0,0.0,0.162662109891753,0.0,0.0,0.0,0.809506198253017,0.0,0.0,0.0,0.0,0.127873841468089,0.0655008563448134,0.700409273189155,0.284977780961149,1.32217726881249,0.0,0.0,0.0277412868993262,0.0,0.206847860829577,0.320736108411403,0.0,0.0165638848190801,0.0,0.0,0.0061865157694077,0.0,0.0,0.0,0.0,15.5649039008106,0.0,0.0650417785695115,0.0842316925098102,1.81310594898054,0.0,0.048108886023846,0.0,0.539550963409826,0.023779316116121,0.0,0.0657905966643283,0.0058528814497175,0.0,0.0,0.032935488827396,0.0,0.0,0.0,0.0,0.0,0.173269760652805,0.0626596274936822,1.06397673695454,0.0,0.0020575846554662,0.0,0.0498563114733438,0.0312132513529914,32.0853841867782,0.1113045772760798,0.0,0.0529475196167956,0.0363615496163536,0.2671791893737902,0.0,9.66134515578333e-05,0.942720688665398,0.0,2.07164532635895,0.0
CHOC CONF-BITE SIZE,0.140703191964642,0.0,0.0280238617096766,0.0,0.0,0.0,0.0,0.0,0.0075757033839301,0.563414418166581,0.0,0.0561247971467945,0.0039457462832208,0.0,0.0,1.0501429589272,0.0,0.0068790804574158,0.0752335266807185,0.0369287113691617,0.0,0.0174279791075935,0.0,0.0,0.0,22.087199005301624,0.0,0.0069722423015444,0.224201782165647,0.0,0.0,0.0056300765923226,0.0,0.0,0.0425540410618442,0.0,0.0,0.0,0.964682951281242,0.0,0.0,0.0,0.0,0.116709526104115,0.0083402726766221,2.5541894847029,3.87885634161729,0.0813272657895814,0.0,0.0,0.012022592501819078,0.0,0.0176594990864282,0.513257535292213,0.0,0.0143545963571005,0.0,0.0,0.285111281970239,0.0,0.0,0.0,0.0,15.8670797290549,0.0,0.0390257495868135,0.127567160157977,2.14090293095841,0.0,0.0042668185701781,0.0,0.201276531238152,0.0032892247480386,0.0,0.0036879504918093,0.000375350831519,0.0,0.0,0.0103917983178935,0.0,0.0,0.0,0.0,0.0,0.183329845550974,0.005991711937344,0.896900127834261,0.0,0.0002620645964585,0.0,0.0036538831391346,0.0057138719227799,33.2118071432456,1.6911606006699238,0.0,0.0,0.0046606799705257,0.1233168314333193,0.0,0.0,0.832733018492517,0.0,1.75374524803911,0.0
CHOC CONF-PRALINES,1.77483957210939,0.0,0.0630001687667587,0.0,0.0,0.0,0.0,0.0,0.0034594905882852,0.090864272669452,0.0,0.0778329409899457,0.0054783639891528,0.0,0.0,1.34186738739019,0.0001024550598105,0.0027064535314911,0.0068815661697124,0.0423123985448731,0.0,0.0184195933867377,0.0,0.0,0.0,22.51720138963177,0.0,0.0436772331251567,0.0144445816895635,0.0072308885535386,0.0,0.0067072915711905,0.0,0.0,0.126115383961924,0.0,0.0,0.0,3.45706524457857,0.0,0.0,0.0,0.0,0.0573851455956783,0.0024373224999522,0.0772757566620618,2.17556657811011,3.11888797577621,0.0,0.0,0.0305849927487459,0.0,0.0078251662181466,0.197216922125553,0.0,0.0132019350336881,0.0,0.0,0.130591258156035,0.0,0.0,0.0,0.0,9.83066707547575,0.0265098337819218,0.615011354035386,0.215442825440085,4.15972664367533,0.0,0.0057672481263505,0.0,0.110681588788848,0.176082338227746,0.0,0.0,0.0221693103156072,0.0,0.0,0.0070647494404096,0.0,0.0,0.0,0.0,0.0,0.104100554148939,0.0206091905612937,0.377329932420093,0.0,0.0,0.0,0.0178847848949488,0.0808915932278833,32.4751789071929,0.2402249332991637,0.0,0.0,0.0,0.3043180540795154,0.0,0.0004022874359151,0.931311360830416,0.0,1.1379984268124,0.0
SAVOURY SNACKS,0.0198739560325255,0.0,0.02925549750113,0.0,0.0,0.0,0.0,0.0,0.070347275407648,3.22635442365268,0.0,0.0018627597791745,0.0,0.0,0.0,0.419562982051457,0.0085775684347971,0.0273985022023446,0.0451793000153107,2.12550562043369,0.0139664426403623,0.6242023664261938,0.0,0.0,0.0,0.0799010536752721,0.0,0.0,0.0019890764350668,0.6490926116884682,0.0030130699736489,0.0,0.0,0.0,0.0865165373079009,0.0,0.0,0.0048614812024973,0.452545602411319,0.0,0.0,0.0,0.0,1.509256218548918,15.2767849377504,0.0151371101712322,0.324680699235531,0.0001988727246134,0.0,0.0100745433934584,0.041412923151904396,2.25635535090055,0.0258873097682315,21.1970945919939,0.0,0.0024104169271877,0.155097490735095,0.0,8.75601273926303,0.0,0.0,0.0257383724598011,0.0,0.623688363755349,0.0579180952549866,0.0477116561745564,0.303246123407113,0.345051910192801,0.10657450817219322,0.93429508858053,0.0,0.0009353490544572,0.0004762851875708,0.0,1.94451993574813,0.405312984658691,0.0,0.0,0.0,0.0,0.0,0.0,0.009593669422192,0.0,4.25679155061738,0.0,5.41621447269145,0.0307637240346107,0.118858729676471,0.0,0.0,2.61091036033363e-05,1.71463570622522,10.834349254987991,0.0,0.0,0.397755289016674,1.190459996673722,0.0,0.0,0.747054061233581,0.0,4.32078008820884,0.0
CHOC CONF-EASTER EGGS,0.142876886478043,0.0,0.0699450025421493,0.0,0.0,0.0,0.0,0.0020629695770178,0.0050206213294245,0.0574413240958899,0.0,0.0026587328470626,1.02682015774321e-05,0.0,0.0,1.41075496176605,4.46643760676201e-05,0.0054359544340284,0.013918160982647,0.0358193254724559,0.0,0.0235462990431978,0.0,0.0,0.0,18.939743375935908,0.0,0.0215111490983719,0.0,0.0,0.0,0.0030843887280076,0.0,0.0,1.38577463505665,0.0,0.0,0.0,1.26230831565163,0.0,0.0,0.0,0.0,0.175376148135986,0.117030911055797,0.273056657906215,0.481587925447718,0.738571679147652,0.0,0.0,0.0283632759863365,0.0,0.0019224047984537,0.440188936775468,0.0,0.0020096452323947,0.0,0.0,1.32503563146048,0.0,0.0,0.0,0.0,17.216863848039,0.0,0.0006325051342479,0.765690548845316,3.27074230915656,0.0,0.0585955726248683,0.0,0.325531144774013,3.9941655437262e-06,0.0,0.0,0.0461497366237501,0.0,0.0,0.0,0.0,0.0,0.0,0.0,0.0,0.179437942685104,0.0115170121592305,1.30368546502559,0.0,0.0405948480465142,0.0,0.047604128758807,0.0321193850433606,33.6968107595527,0.0722497267096701,0.0,0.0,0.0,0.22271183236461722,0.0,0.0,0.925739404699108,0.0,1.83992420619603,0.0
CHOC CONF-CREME EGGS,0.0916408780763518,0.0,0.060328316315458,0.0,0.0,0.0,0.0,0.0,0.0,0.066960515598684,0.0,0.0,0.0,0.0,0.0,0.535149421877156,0.0,0.0,0.0,0.0,0.0,0.0838204436440658,0.0,0.0,0.0,12.175460012825528,0.0,0.0,0.0,0.0,0.0,0.0,0.0,0.0,5.21541683815234,0.0,0.0,0.0,1.1583604893518,0.0,0.0,0.0,0.0,0.712981627666139,0.057328627862085,0.0874271889228057,2.63199953216925,0.363202729591608,0.0,0.0,0.0366999370237883,0.0,0.0,0.0973924318278887,0.0,0.805489645297189,0.0,0.0,1.0828781953111,0.0,0.0,0.0,0.0,19.8937063891739,0.0,0.0,0.0,2.70502145766135,0.0,0.101300993364467,0.0,0.0623286597748664,0.0,0.0,0.0,0.030397456088903,0.0,0.0,0.0,0.0,0.0,0.0,0.0,0.0,0.414633346891237,0.0155966040475201,0.0099440038902287,0.0,0.0451678465711122,0.0,0.0,0.63512418351326,34.2379474044042,0.0103030990562746,0.0,0.0,0.0,0.1146495126015102,0.0,0.0,0.705632822646771,0.0,1.794320100300019,0.0
CHOC CONF-OTHR ASSRTS/LIQUEURS,0.83863065266763,0.0,0.143541453472617,0.0,0.0,0.0,0.0,0.0364064474879129,0.0463876139286598,0.0478972510191415,0.0,0.0075057378401251,0.0027933307061862,0.0,0.0,2.43601251078382,0.0,0.0121806757076232,0.0,0.0127778710459967,0.0,0.0,0.0,0.0,0.0,26.92152718449299,0.0,0.18766942402154,0.0514792690600563,0.0,0.0,0.0345871217210238,0.0,0.0,0.290021372890312,0.0,0.0,0.0,0.312428648544755,0.0,0.0,0.0,0.0,0.190954227545749,0.0227389270629476,0.0142915459377585,0.0022535654378267,1.91905320952113,0.0,0.0,0.1869382552532733,0.0,0.0,0.176283121479494,0.0,0.0010663766939852,0.0,0.0,0.0,0.0,0.0,0.0,0.0,11.8845065726098,0.0,0.0405002314332445,0.002437881351698,2.91623316825326,0.0,0.0,0.0,0.415262311901481,0.690911851346001,0.018683615033977,0.0,0.0,0.0,0.0,0.0295522879145877,0.0,0.0,0.0,0.0,0.0,0.148222222635067,0.212062938625961,0.197510041824054,0.0,0.0,0.0,0.252717132259159,0.0158715667397765,31.6306309284667,0.152936981566311,0.0,0.0,0.0,0.5482442465220033,0.0,0.0284339947111365,0.932804388371127,0.0,0.977705433312349,0.0
CHOC CONF-XMS SLCTN PCK/NVLTS,0.111141620566792,0.0,0.021140146049073,0.0,0.0,0.0,0.0,0.0,0.0113500482934469,0.0475166015051378,0.0,0.144440100601798,0.0,0.0,0.0,0.58979029541123,0.0,0.0056868188714072,0.0,0.006981508120064,0.0,0.165865567125036,0.0,0.0,0.0,24.70092113376907,0.0,0.0103742705384299,0.0,0.0,0.0,0.0359972438266533,0.0,0.0,0.20038975173393,0.0,0.0,0.0443130350152098,0.852218248927593,0.0,0.0,0.0,0.0,0.0845089106576197,0.0335361925750873,0.13444255868889782,1.13344510002634,0.382619201838195,0.0,0.0,0.042803699861087806,0.0,0.0002675336112841,0.0979492604970497,0.0,0.0008110364696692,0.0,0.0,0.0040397580983018,0.0,0.0,0.0,0.0,17.0284160501469,0.0,0.0128913814025493,0.0561401098333136,2.58245919705901,0.0,0.0,0.0,0.0726220869553749,0.0144424870957107,0.0,0.0,0.0,0.0,0.0,0.0002051401069891,0.0,0.0,0.0,0.0,0.0,0.147812437295588,0.0048125444573818,0.949047371351515,0.0,0.0002675336112841,0.0,0.0089776824373492,0.0724650782284064,35.4967023170922,0.0648828916934301,0.0,0.0,0.0,0.1741542471495835,0.0,6.44167714271245e-05,0.537604606852665,0.0,1.1860644451393,0.0
CHOC CONF-TWST WRAP ASSRTMNTS,0.0045061818589266,0.0,0.0104111007817602,0.0,0.0,0.0,0.0,0.0,0.0,0.0,0.0,0.0044130383631631,0.0,0.0,0.0,1.39791397301922,0.0,0.0,0.0,0.0145116413598638,0.0,0.0056911781867328,0.0,0.0,0.0,12.34863352086488,0.0,0.0044130383631631,0.0,0.0,0.0,0.0059097052152325,0.0,0.0,0.791778121447404,0.0,0.0,0.0,0.662385471575863,0.0,0.0,0.0,0.0,0.327555163678853,0.0,0.0,0.0573713577110718,0.834852905515452,0.0,0.0,0.017471323135551102,0.0,0.0,0.0207663970077978,0.0,0.0,0.0,0.0,0.0,0.0,0.0,0.0,0.0,24.5459788357508,0.0,0.0143951783742514,0.0,2.23658284702786,0.0,0.0,0.0,0.0088260767263262,0.0044130383631631,0.0,0.0,0.0,0.0,0.0,0.0,0.0,0.0,0.0,0.0,0.0,0.042321262240018,0.0200342658331865,0.362521788844424,0.0,0.0,0.0,0.0,0.0,29.158187947567,0.0556897591363963,0.0,0.0,0.0,0.007075528974271701,0.0,0.0,0.165713264164494,0.0,0.385933805211732,0.0
NUTS & NUT MIXTURES,9.22208452574594,0.0,0.0470920309676747,0.0,0.0,0.0,0.0,0.0122540611522477,0.0191894100660725,0.635736915109512,0.0,0.291524171308459,0.0139668257680518,0.0,0.0,0.122253799739134,0.0,0.0001303643883165,14.9062010105974,0.129231467618759,0.0,0.09056786526431632,0.0,0.0,0.0,0.5538613950130544,0.0,0.0002587224356508,0.18559427792284,0.0,0.0,0.0120190353847062,0.0,0.0,0.0071151778913895,0.0,0.0,0.0,0.293292120906143,0.0,0.0,0.0,0.0,0.292288774947602,0.534000482099706,2.56187104669382,21.0596535028297,2.43280490005364,0.0,0.0,0.022415173499026202,0.0974826173942244,0.0259820397432243,1.60071370406262,0.0,0.0012648321169445,0.0,0.0,0.173446152788964,0.0,0.0,0.0,0.0126155101320739,0.745964359948826,0.0081256342054685,5.66822968954018,0.113138387899433,0.188611450509909,0.0018979754767872,0.116994501611258,0.0,0.0301811045071372,0.127040856979467,0.0,0.465454247852144,0.346096687084996,0.0,0.0,8.46086270191943,0.0,0.0,0.0,0.0051945687330671,0.0,4.60168720500404,0.0053227485533202,0.921086008807568,0.0013629614245507,0.248223757328011,0.0,0.0201533766933868,0.0031274479795037,2.09701978309801,2.944023259537656,0.0,0.0,0.061610622444322,0.409390757547804,0.0,3.21616403045367,0.323370176051299,0.0,1.53482599853849,0.0
SOFT DRINKS-COLA BOTTLES,0.0,0.0,0.020965378822557,0.0,0.0,0.0,0.0,0.0,0.0,0.378327989672865,0.0,0.0,0.0,0.0,0.0,0.0,0.0,0.0243986658357426,0.0,0.0014053609697208,0.0,0.0,0.0,0.0,0.0,0.0,0.0,0.0,0.0,0.378327989672865,0.0,0.0119869580013818,0.0,0.0,0.378327989672865,0.0,0.0,0.378327989672865,0.0,0.0,0.0,0.0,0.0,1.13825061334135,0.0026091647753571,0.409684585089034,0.378327989672865,0.0,0.0,0.0,0.0527617495298934,0.0,0.0065100802053314,0.0,0.0,0.0080694223628796,0.0,0.0,0.0,0.0,0.0,0.0,0.0,0.378327989672865,0.0,0.378927327738011,0.0305185162692214,0.0006409839863299,0.0,0.0,0.0,0.0041414223741626,0.0869655965970244,0.0011032993376274,0.0,0.0,0.0,0.0,0.0,0.0,0.0,0.0,0.0,0.0,0.0,0.0119869580013818,0.0,0.0,0.0015171064506086,0.0,0.0,0.0,13.2518703255858,0.0005636984151143,0.0,0.0,0.0,0.0,0.0,0.0,77.1997143588068,0.0,0.0101200233302691,0.0
SOFT DRINKS-MIXERS,0.0,0.0,0.0,0.0,0.0,0.0,0.0,0.0,0.0,0.0,0.0,0.0,0.0,0.0,0.0,0.0,0.0,0.0,0.0,0.0,0.0,0.0,0.0,0.0,0.0,0.0,0.0,0.0,0.0,0.0,0.0,0.0,0.0,0.0,0.0,0.0,0.0,0.0,0.0,0.0,0.0,0.0,0.0,0.0,0.0,0.0,0.0,0.0,0.0,0.0,0.0,0.0,0.0,0.0,0.0,0.0,0.0,0.0,0.0,0.0,0.0,0.0,0.0,0.0,0.0,0.0,0.0,0.0,0.0,0.0,0.0,0.0,0.0,0.0,0.0,0.0,0.0,0.0,0.0,0.0,0.0,0.0,0.0,0.0,0.0,0.0,0.0,0.0,0.0,0.0,0.0,0.0,0.0,0.0,0.0,0.0,0.0,0.0,0.0,0.0,0.0,0.0,0.0,0.0
SOFT DRINKS-CRBNTD FLVRS BTTLS,0.0,0.0,0.0,0.0,0.0,0.0,0.0,0.0,0.0,0.0,0.0,0.0,0.0,0.0,0.0,0.0,0.0,0.0,0.0,0.0,0.0,0.0,0.0,0.0,0.0,0.0,0.0,0.0,0.0,0.0,0.0,0.0,0.0,0.0,0.0,0.0,0.0,0.0,0.0,0.0,0.0,0.0,0.0,0.0,0.0,0.0,0.0,0.0,0.0,0.0,0.0,0.0,0.0,0.0,0.0,0.0,0.0,0.0,0.0,0.0,0.0,0.0,0.0,0.0,0.0,0.0,0.0,0.0,0.0,0.0,0.0,0.0,0.0,0.0,0.0,0.0,0.0,0.0,0.0,0.0,0.0,0.0,0.0,0.0,0.0,0.0,0.0,0.0,0.0,0.0,0.0,0.0,0.0,0.0,0.0,0.0,0.0,0.0,0.0,0.0,0.0,0.0,0.0,0.0
SOFT DRINKS-COLA CANNED,0.0,0.0,0.17630919600467,0.0,0.0,0.0,0.0,0.0,0.0,0.391498550785267,0.0,0.0,0.0,0.0,0.0,0.0,0.0,0.0331686282250285,0.0,0.0,0.0,0.0,0.0,0.0,0.0,0.0,0.0,0.0,0.0,0.391498550785267,0.0,0.0256112571494746,0.0,0.0,0.391498550785267,0.0,0.0,0.391498550785267,0.0227531668382164,0.0,0.0,0.0,0.0,1.1744956523558,0.0,0.0,0.391498550785267,0.0,0.0,0.0,0.0369349246005182,0.0,0.0008447113188687,0.0,0.0,0.0,0.0,0.0,0.0,0.0,0.0,0.0,0.0,0.391498550785267,0.0,0.39207667994268,0.0194801434385215,0.0,0.0,0.0,0.0,0.0026765900324662,0.0003329036289628,0.0,0.0,0.0,0.0,0.0,0.0,0.0,0.0,0.0,0.0,0.0,0.0,0.0,0.0,0.0,0.0,0.0,0.0,0.0,16.0284218988948,0.0008281924055249,0.0,0.0,0.0,0.0006743396954899311,0.0,0.0,75.0412169114379,0.0,4.19341136040653e-05,0.0
SOFT DRINKS-CRBNTD FLVRS CNND,0.0,0.0,2.82324706945536,0.0,0.0,0.0,0.0,0.057263807426032,0.205592267977262,0.0666853888678585,0.0,0.1047535369725654,0.0176219468103148,0.0,0.0,0.140780069879011,0.0,0.248426841468142,0.0,0.001368400216258,0.0,0.0,0.0,0.0,0.0,0.0013420973691626,0.0,0.0,0.0034499021301626,0.0571550347082566,0.011945405055823,0.0701193044648617,0.0,0.0,0.0571550347082566,0.0,0.0,0.0571550347082566,1.58751713381838,0.0,0.0,0.0,0.0,0.2693872610892499,1.36976998624431e-06,0.994209062545134,0.0571550347082566,0.0,0.0164148659360955,0.0,1.3962841260533172,0.0,0.0375716194433459,0.0301483816715165,0.0,0.0,0.0,0.0,0.014329511604413,0.0,0.0,0.0,0.0136698840079156,0.297731380696492,0.0,0.0571550347082566,0.0090162021672913,0.0081752003904485,0.0,0.0,0.0,1.06271033241695,0.230553337794323,0.116076152029683,0.0,0.0069990820287261,0.0,0.0,0.0,0.0,0.0,0.0,0.0036004319660373,0.0,0.0014095217787536,0.107935686259861,0.000576161586294,0.0,0.0017959432474938,0.0,0.0661645185520793,0.838616552023393,12.3612410193715,0.0027606819745936,0.0,0.740297320213782,0.0,0.136557855119753,0.0,0.0,62.3232210750253,0.0,0.048973533347009,0.0
SOFT DRINKS-FRT JCE/DRNKS,0.0068305226436549,0.0,19.0784704152389,0.0,0.0,0.0,0.0,1.49915355440468,0.0003958347624145,0.0094095071228668,0.0,0.0729777915270168,0.109779571346042,0.0,0.0,0.0146704204671542,0.017269881591394,0.817412389015463,0.0037257396238118,0.0,0.0,0.0,0.0,0.0,0.0,0.0043682450320103,0.0,0.0,0.242347831720354,0.0063393028616225,0.132784685266618,0.451187762113758,0.0,0.0,0.0063393028616225,0.0,0.0,0.0063393028616225,7.82958441757645,0.0,0.0,0.0,0.0,0.0339799531448866,0.0,1.6270337906527206,0.0085741413373639,0.0008022845766934,0.096343113955624,0.0,0.7355803356801,0.0,0.0199420019497639,0.009683352482332,0.0,0.0059308054739967,0.0,0.0,0.0,0.0,0.0,0.0,0.10942208614001,0.189331488557369,0.0,0.0094279947965495,0.0027507038375914,0.0306551165922705,0.0,0.0005022220018309,0.0,14.2608358002149,0.728108552768148,0.765146547447348,0.0018338025583942,0.0313200412034844,0.0,0.0,0.0,0.0,0.0,0.0,0.0702776368151652,0.0,2.47135689634234e-06,0.373374811256972,0.0,0.0,0.0714842119244698,0.0,0.677309024498178,0.0114442300302115,4.67146236791871,0.0023925121773296,0.0,0.205886475813326,0.295220618761907,0.41076052404879265,0.0,0.0,36.9309540601282,0.0,0.0113638599754051,0.0
SOFT DRINKS-MLKSHKS (RDY MADE),0.233767160992305,0.0,0.0250133568022205,0.0,0.0,0.0,0.0,0.240350797998197,0.0014081720269255,0.133465894015031,0.0,0.0141727217932875,0.0007961189816888,0.0,0.0,0.492471000557802,0.0,0.0268402178409864,0.0384341845098176,0.0039119274931437,0.0,0.0,0.0,0.0,0.0,1.5472689411537501,0.0,3.3384719611962153,0.0031844759267552,0.0202233400980309,0.0,0.0026134305434048,0.0,0.0,0.0591049243598611,0.0,0.0,0.0202233400980309,0.608915953824047,0.0,0.0,0.0,0.0,0.0827932694275145,0.0102310279879732,0.0322576505587155,0.0721330997362416,0.0151022793906288,0.0,0.0,0.0084037569281876,0.0,0.187870539830121,0.317929370880835,0.0,0.0024266308902318,0.0,0.0,0.0,0.0,0.0,0.0,0.0,56.008878845069,0.0,0.0217963720903108,0.433358803438654,0.357323019990849,0.0,0.0,0.0,0.0286812805798019,0.0024447094461938,0.0,0.140380850534747,0.0038700460118636,0.0,0.0,0.0,0.0,0.0,0.0,0.000780747658165,0.0,0.496514582666923,0.0062522938404321,0.11834378815072,0.0093585758584942,0.0,0.0,0.185608630867091,0.0614221183403884,7.21727303933089,0.3155796108928,0.0,0.0165776345979852,0.0,0.35342851248380164,0.0,0.0309682731947534,15.984730767616,0.0,0.29021486311512,0.0
SOFT DRINKS-MINERAL WATER,0.0146461103313623,0.0,5.86991027109832,0.0,0.0,0.0,0.0,0.366309037037375,0.0,0.0222988420440297,0.0,0.0709593358137239,0.0187396726648479,0.0,0.0,0.135920767386827,0.0,0.257080454011764,0.0079887874534703,0.0064879373016641,0.0,0.0,0.0,0.0,0.0,0.0038732631099395,0.0,0.0,0.0065242648967287,0.0217475496557624,0.0113987254867658,0.168474651030206,0.0,0.0,0.0384785180790954,0.0,0.0,0.0217475496557624,1.76777907143494,0.0,0.0,0.0,0.0,0.0863299860875269,0.0010981974307351,1.0817516818515651,0.0217475496557624,0.0,0.231921134766916,0.0,4.092955696140493,0.0,0.0032665579008118,0.296691384679555,0.0,0.0,0.0,0.0,0.0010208674320096,0.0,0.0,0.0,0.757247857352459,0.782603532602506,0.0,0.0217475496557624,0.0,0.0255772057484045,0.0,0.0,0.0,1.28932969026798,0.471346027116226,3.98991243612074,0.0,0.0,0.0,0.0,0.0,0.0,0.0,0.0,0.0,0.0,0.0012038765016962,0.07124869328579,0.0014858327689738,0.0,0.0,0.0,1.05593685451936,0.489023776137675,2.85503311258457,0.0,0.0,0.0420715739453198,0.0,0.0352202935434922,0.0,0.0,59.3185610591575,0.0,0.0552879563845684,0.0
CHOC CONF-MINI EGGS,0.121053589252407,0.0,0.261274567473166,0.0,0.0,0.0,0.0,0.0,0.0,0.0568158598910251,0.0,0.0,0.0,0.0,0.0,0.966760307975302,0.0,0.0093195331187085,0.0,0.126088991970099,0.0,0.0,0.0,0.0,0.0,17.925611200770334,0.0,0.0,0.0,0.0,0.0,0.0101355742800396,0.0,0.0,1.52005530390531,0.0,0.0,0.0,0.833485797496997,0.0,0.0,0.0,0.0,0.176047024440046,0.265993548403053,0.182934902098597,0.0,0.0532114798996836,0.0,0.0,0.067256594083955,0.0,0.0,0.291565796622957,0.0,0.0,0.0,0.0,3.702629784955,0.0,0.0,0.0,0.0,18.1861360657563,0.0,0.0,0.0,1.42457242249234,0.0,0.301776791079718,0.0,0.277961042780354,0.0,0.0,0.0,0.164511456907568,0.0,0.0,0.0,0.0,0.0,0.0,0.0,0.0,0.461410187172703,0.0,1.62396684750017,0.0,0.165750169233846,0.0,0.0,0.0006901449542941,37.2694785830786,0.0136831443774015,0.0,0.0,0.0,0.1276110588443664,0.0,0.0,1.0120390031422,0.0,1.83664953413169,0.0
SOFT DRINKS-SHANDIES,0.0,0.0,0.0,0.0,0.0,0.0,0.0,0.0,1.28664605845208,0.0,0.0,0.0,0.0,0.0,0.0,0.0,0.0,0.085015391509958,0.0,0.0,0.0,0.0,0.0,0.0,0.0,0.0,0.0,0.0,0.0,0.0,0.0,0.0,0.0,0.0,0.0,0.0,0.0,0.0,0.312581727388384,0.0,0.0,0.0,0.0,0.339664970756821,0.0,0.0,0.0,0.0,0.0,0.0,0.0835167897597188,0.0,0.313497059011119,0.0,0.0,0.0,0.0,0.0,0.0,0.0,0.0,0.0,0.0,0.0,0.0,0.0,0.0,0.0,0.0,0.0,0.0,0.0,0.0,0.0,0.0,0.0,0.0,0.0,0.0,0.0,0.0,0.0,0.0,0.0,0.0,0.0,0.0,0.0,0.0,0.0,0.0,0.0,10.2097643416671,0.0,0.0,0.0,0.0,0.0,0.0,0.0,70.0163908116937,0.0,5.13946141969353,0.0
CHOC CONF-EASTER NOVELTIES,0.0531638937890401,0.0,0.0,0.0,0.0,0.0,0.0,0.0,0.0,0.0253529271138197,0.0,0.0,0.0,0.0,0.0,1.38196056945882,0.0,0.0112566489393414,0.0,0.0195974336531161,0.0,0.0,0.0,0.0,0.0,21.546926079775837,0.0,0.0,0.0,0.0,0.0,0.0,0.0,0.0,0.69084712956722,0.0,0.0,0.0,0.3785899111489,0.0,0.0,0.0,0.0,0.514571242110941,0.37294383473433,0.0138309220173912,1.97911126805277,1.44456080752333,0.0,0.0,0.0102629211322963,0.0,0.0110414551119542,0.281375891882062,0.0,0.0057805648105221,0.0,0.0,0.0153067067198855,0.0,0.0,0.0,0.0,16.5258965589522,0.0,0.0063733141003352,0.145180483848261,3.90169682774233,0.0,0.0061916654205851,0.0,0.014004499773642,0.0,0.0,0.0,0.0,0.0,0.0,0.001448190970108,0.0,0.0,0.0,0.0,0.0,0.634622258162049,0.0535458291403155,1.34537388935376,0.0,0.0,0.0,0.0130990732517145,0.0456933721551513,33.6675933672756,0.0695590267135705,0.0,0.0,0.0,0.0810291142372642,0.0,0.0004547515747819,0.665737442075327,0.0,3.49227336310371,0.0
SUGAR CONF-MINTS,0.0,0.0,0.0,0.0,0.0,0.0,0.0,0.0,0.0073078559031683,0.0644690629380533,0.0,0.0,0.0,0.0,0.0,2.57509657601833,0.0,0.0,0.0,0.0,0.0,0.0,0.0,0.0,0.0,0.36053580209182307,0.0,0.0,0.0,0.0,0.0,0.0011936991919347,0.0,0.0,0.0076003719435477,0.0,0.0,0.0,0.0376198516557391,0.0,0.0,0.0,0.0,0.0,0.0017743207582458,0.0,0.0,0.0,0.0,0.0,0.1100951022748839,0.0,0.0,0.0021738951849344,0.0,0.670075481107154,0.0,0.0,0.0,0.0,0.0,0.0,0.0,1.52661649723081,0.0,0.0,0.0,4.93521147330027,0.0,0.0,0.0,0.0129937314207169,0.0,0.0,0.0,0.0,0.0,0.0,0.0,0.0,0.0,0.0,0.0,0.0,0.0,0.0011892170020733,0.0866779020759987,0.0,0.366228773718909,0.0,0.0214409502352374,0.0,48.0540433873241,0.0,0.0,0.0,0.0,0.119305009476482,0.0,0.0,0.778300324318275,0.0,1.12840375780369,0.0
SUGAR CONF-FRUITS,0.0299960076806452,0.0,0.832184334337473,0.0,0.0,0.0,0.0,0.033541714866539,0.0019195105814271,0.172965365616706,0.0,0.401765205559788,0.0853577136527914,0.0,0.0,0.490192283079168,0.0007458602565473,0.244503629832643,0.0065057547750501,0.0756241049902499,0.0077808950588226,0.0021082652997837,0.0,0.0,0.0,0.1858838701851276,0.0,0.022450655524973,0.0105805961207601,0.0,0.0,0.311080533368581,0.0,0.0,0.285752724888187,0.0,0.0,0.034366134744617804,0.959639061375291,0.0,0.0,0.0,0.0,0.2373782013593265,0.257731637490473,0.3926032754107663,0.0003218359535374,0.0194979216474129,0.0985335863768628,0.0,0.49864895182512226,0.0014995654164834,0.0009617561130467,1.3331924733466,0.0,0.641169126133888,0.0,0.0,0.314302142048871,0.0,0.0,0.240875410487096,0.409482724548697,0.773756324022695,0.0471340879720145,0.001838826876694,0.0228000957477474,2.33298532318177,0.0015590733003453,0.0163829620310009,0.0,0.479494055296861,0.169121871246419,0.17398256735172,0.0830141008422432,0.0191624621518103,0.0,0.0,0.0010028162723642,0.0,0.0,0.0,0.0171008707641416,0.0,0.105679817403966,0.124311535657478,0.0945575296913257,0.0,0.0038442621725167,0.0,0.775395596893375,0.0015590733003453,34.9605897641676,0.09321996813474359,0.0,0.0,0.0144475474447291,0.3580701358942073,0.0,0.0019205242760908,3.74633276676951,0.0,1.31345646924892,0.0
SUGAR CONF-LIQUORICE ALLSORTS,0.0,0.0,0.0,0.0,0.0,0.0,0.0,0.0,0.0,0.0,0.0,0.0,0.0,0.0,0.0,0.0,0.0,0.165679825891719,0.0,0.0593964565209551,0.0,0.0,0.0,0.0,0.0,0.938684207373446,0.0,0.0,0.0,0.0,0.0,0.107982236555128,0.0,0.0,0.0,0.0,0.0,0.0,4.16125303896325,0.0,0.0,0.0,0.0,0.0395669656829669,0.0,0.0,0.0,0.0,0.0,0.0,0.0,0.0,0.0,0.861881985656244,0.0,1.04545672575012,0.0,0.0,0.0,0.0,0.0,0.0,0.0,0.0,0.0,0.0,0.0,1.76839363114946,0.0,0.0,0.0,0.0,0.0,0.0,0.0,0.0,0.0,0.0,0.0,0.0,0.0,0.0,0.0,0.0,0.0,0.0,0.0,0.0,0.0,0.0,0.0,0.0,59.4829550596399,0.432875371154662,0.0,0.0,0.0,0.312893581381521,0.0,0.0,0.143290827720218,0.0,13.3738581131272,0.0
SUGAR CONF-TOFFEES+FUDGE+ECLRS,0.0244650230254608,0.0,0.162787835770874,0.0,0.0,0.0,0.0,0.0,0.0028411990622104,0.0153987200788926,0.0,0.103678807363801,0.0,0.0,0.0,8.54121409656767,0.0,0.0044034479290012,0.0317143387726762,0.0289989365774253,0.0,0.0,0.0,0.0,0.0,2.457928992054185,0.0,0.384402333959953,0.0030174046761221,0.0,0.0,0.0253684337786567,0.0,0.0,1.2710783794942,0.0,0.0,0.0,0.29632548340735,0.0,0.0,0.0,0.0,0.047645690934852,0.171975226416598,0.112381418104458,0.0569402445519128,0.0117883911085914,0.0,0.0,0.1478888782800612,0.0,0.0,0.32853019229473,0.0,0.081197907406734,0.0,0.0,0.003744178577532,0.0,0.0,0.0,0.0,8.55299460973718,0.0,0.0606876887060783,0.0232892486200432,5.20359115362438,0.0,0.0,0.0,0.0311686187731721,0.0107047558449393,0.0,0.0472414561509527,0.0,0.0,0.0,0.0,0.0,0.0,0.0,0.0,0.0,0.740232526923473,0.0073426829023993,0.0977836153471513,0.0994661909340258,0.0,0.0,0.108061231293136,0.296955035833398,35.7419855688022,0.018182990654298,0.0,0.0,0.0,0.4827184635181005,0.0,0.0,2.48552904562211,0.0,5.02894845959627,0.0
SUGAR CONF-CANDY,0.0,0.0,0.0,0.0,0.0,0.0,0.0,0.0,0.0,0.0,0.0,0.0,0.0,0.0,0.0,0.0,0.0,0.0,0.0,0.0,0.0,0.0,0.0,0.0,0.0,0.0,0.0,0.0,0.0,0.0,0.0,0.0,0.0,0.0,0.0,0.0,0.0,0.0,0.0,0.0,0.0,0.0,0.0,0.0,0.0,0.0,0.0,0.0,0.0,0.0,0.0,0.0,0.0,0.0,0.0,0.0,0.0,0.0,0.0,0.0,0.0,0.0,0.0,0.0,0.0,0.0,0.0,0.0,0.0,0.0,0.0,0.0,0.0,0.0,0.0,0.0,0.0,0.0,0.0,0.0,0.0,0.0,0.0,0.0,0.0,0.0,0.0,0.0,0.0,0.0,0.0,0.0,0.0,0.0,0.0,0.0,0.0,0.0,0.0,0.0,0.0,0.0,0.0,0.0
ALCOHOL-BEER BITTER,0.0,0.0,0.0,0.0,0.0,0.0,0.0,0.0,24.69163968479,0.0,0.0,0.0,0.0,0.0,0.0,0.848652861649362,0.0,0.0,0.0,0.0,0.0,0.0,0.0,0.0,0.0,0.515108986982859,0.0,0.0,0.0,0.0,0.0,0.0,0.0,0.0,0.0,0.0,0.0,0.0,0.0,0.0,0.0,0.0,0.0,6.22778156252558,0.0,0.0,0.0,0.0,0.0,0.0,0.0,0.0,0.0,0.340342111622067,0.0,0.0,0.0,0.0,0.0,0.0,0.0,0.0,0.0,0.672342053785963,0.0,0.0,0.33208825992017,0.0,0.0337386932177969,0.0,0.0,0.0,0.0,0.0,0.0,0.0,0.0,0.0,0.0,0.0,0.0,0.0,0.0,0.0,0.0337386932177969,0.0,0.0,0.0,0.0,0.0,0.0,0.0,3.22060371929911,0.0,0.0,0.0,0.0,0.0,0.0,0.0,54.4801151536947,0.0,2.81521876869908,0.0
ALCOHOL-BEER STOUT,0.0,0.0,0.0,0.0,0.0,0.0,0.0,0.0,15.5161444304091,0.0,0.0,0.0,0.0,0.0,0.0,0.0,0.0,0.0,0.0,0.0,0.0,0.0,0.0,0.0,0.0,0.0178213893162757,0.0,0.0,0.0,0.0,0.0,0.0,0.0,0.0,0.0,0.0,0.0,0.0,0.0,0.0,0.0,0.0,0.0,16.55853079084294,0.0,0.0,0.0,0.0,0.0,0.0,0.0,0.0,0.0,0.0,0.0,0.0,0.0,0.0,0.0,0.0,0.0,0.0,0.0,0.0,0.0,0.0,0.477026341855905,0.0,0.0,0.0,0.0,0.0,0.0,0.0,0.0,0.0,0.0,0.0,0.0,0.0,0.0,0.0,0.0,0.0,0.0,0.0,0.332542729307936,0.0,0.0,0.0,0.0,0.0,0.22761917047121,0.0,0.0,0.0,0.0,0.0,0.0,0.0,50.3300521665533,0.0,4.99602065694177,0.0
ALCOHOL-BEER LGR >4.3 ABV STGH,0.0,0.0,0.160795406896951,0.0,0.0036986748004096,0.0,0.0,0.0,20.0721487715921,0.0,0.0,0.0114616721845527,0.0213999185235891,0.0,0.0,0.063699399340388,0.0,0.0,0.0,0.0,0.0,0.0,0.0,0.0,0.0,0.0067846731192978,0.0,0.0,0.0,0.0,0.0,0.0,0.0,0.0,0.0249631007416552,0.0,0.0,0.0,0.0,0.0,0.0,0.0,0.0,3.8643740131686,0.0,0.0,0.0,0.0,0.0,0.0,0.0,0.0,0.0,4.84759999638726,0.0,0.0,0.0,0.0,0.0,0.0,0.0,0.0,0.0,0.0092811111535272,0.0,0.0227728744977363,0.0224829374289569,0.0114504880151248,0.0,0.0,0.0,0.0445697431558748,0.0,0.0,0.0,0.0,0.0,0.0,0.0,0.0,0.0,0.0,0.0,0.0,0.0,0.0015234258455163,2.00531566410588,0.0,0.0665336561883688,0.0,3.28780297230033e-05,0.0,0.917369960890229,0.0,0.0,0.0,0.0,0.0,0.0,0.0,63.8677861677928,0.0,0.829390458363712,0.0
ALCOHOL-BEER-LGR <4.2 ABV STGH,0.0,0.0,0.0,0.0,0.0,0.0,0.0,0.0,17.4375114647768,0.0,0.0,0.0,0.0,0.0,0.0,0.0,0.0,0.0,0.0,0.0,0.0,0.0,0.0,0.0,0.0,0.0,0.0,0.0,0.0,0.0,0.0,0.0,0.0,0.0,0.0,0.0,0.0,0.0,0.0,0.0,0.0,0.0,0.0,4.2018382798627,0.0,0.0,0.0,0.0,0.0,0.0,0.0,0.0,0.0,0.190580732040761,0.0,0.0,0.0,0.0,0.0,0.0,0.0,0.0,0.0,0.0,0.0,0.0,0.0,0.0,0.0,0.0,0.0,0.0,0.0,0.0,0.0,0.0,0.0,0.0,0.0,0.0,0.0,0.0,0.0,0.0,0.0,0.0,2.26401854165915,0.0,0.0,0.0,0.0,0.0,3.43762519758801,0.0,0.0,0.0,0.0,0.0,0.0,0.0,56.1380043169111,0.0,13.0716090737685,0.0
ALCOHOL-BEER OTHER BEERS,0.0079074226655719,0.0,0.0500605509417406,0.0,0.0,0.0,0.0,0.0289108322535051,20.217791831049,0.0,0.0,0.016572002204728698,0.0,0.0,0.0,0.328214434948971,0.0,0.0,0.0,0.0001865393652708,0.0,0.0,0.0,0.0,0.0,0.104649726456556,0.0,0.104707894664065,0.0,0.0,0.0,0.0124359970564635,0.0,0.0,0.104998184869394,0.0,0.0,0.0,0.24976364127928,0.0,0.0,0.0,0.0,5.136993090960821,0.0002794433496318,0.0,0.0,0.0,0.0,0.0,0.0117592026628094,0.0,0.0,0.416055911489223,0.0,0.0292804985476694,0.0,0.0,0.0,0.0,0.0,0.0,0.0,1.26413979702468,0.0,0.0114046516125327,1.1272978845568,0.0187615073345781,0.0035580503204565,0.0,0.0,0.224146504449693,0.0692959026864613,0.0077222249431585,0.0,0.0,0.0,0.0,0.0,0.0,0.0,0.0,0.146402492738347,0.0,0.0175088729592267,0.154000322516086,0.409141018453059,0.0,0.0564549688801891,0.0,0.0,0.0,1.71732946251003,0.0042361686655502,0.0,0.0369497786438929,0.0,0.0894833068372444,0.0,0.0,56.9985083064925,0.0,6.91604174102951,0.0
ALCOHOL-CIDER-STYLE/HIGH STGTH,0.0,0.0,31.0567069117178,0.0,0.0,0.0,0.0,0.0,0.0,0.0,0.0,0.0,0.0,0.0,0.0,0.0,0.0,0.0,0.0,0.0,0.0,0.0,0.0,0.0,0.0,0.0,0.0,0.0,0.0,0.0,0.0,0.0,0.0,0.0,0.0,0.0,0.0,0.0,0.0,0.0,0.0,0.0,0.0,0.0,0.0,0.0,0.0,0.0,0.0,0.0,0.0,0.0,0.0,0.0,0.0,0.0,0.0,0.0,0.0,0.0,0.0,0.0,0.0,0.0,0.0,0.0,0.0,0.0,0.0,0.0,0.0,0.0,0.0,0.0,0.0,0.0,0.0,0.0,0.0,0.0,0.0,0.0,0.0,0.0,0.0,0.0,0.0,0.0,0.0,0.0,0.0,0.0,9.5375063983973,0.0,0.0,0.0,0.0,0.0,0.0,0.0,33.4557626162472,0.0,0.0,0.0
ALCOHOL-CIDER-ALL OTHER TYPES,0.0,0.0,25.0081645510045,0.0,0.0,0.0,0.0,0.0,0.127113479071808,0.0,0.0,1.455622362645332,0.0172978089189982,0.0,0.0,0.0872880120123307,0.0,0.0,0.0,0.0,0.0,0.0,0.0,0.0,0.0,0.0,0.0,0.0,0.0,0.0,0.0,0.955156469632101,0.0,0.0,0.0075700166051877,0.0,0.0,0.0,0.46312537981375,0.0,0.0,0.0,0.0,0.0042179977408408,0.0,0.0093542001365105,0.0,0.0,0.0,0.0,0.8941773162825741,0.0,0.0,0.118414330891141,0.0,0.0,0.0149579404164704,0.0,0.0,0.0,0.0,0.0,0.0699352745212346,0.218651335870545,0.0,0.0,0.0,0.0,0.0024279153293633,0.0406115543336864,0.0,0.0230684572966643,0.0189088609469305,3.64625448365759,0.0,0.007977245398165,0.0,0.0,0.0,0.0,0.0,0.0,0.0,0.0,0.0368114460712485,0.459435851393862,0.0003261190968349,0.0,0.0075700166051877,0.0,0.378757879646024,0.0,11.6415093541017,0.0165633206791314,0.0,0.0,0.0,0.0077540617060552,0.0,0.0,44.207796099468,0.0,0.0774766939693189,0.0
ALCOHOL-ALCOPOPS,0.0,0.0,0.0,0.0,0.0,0.0,0.0,0.0,0.0,0.0,0.0,0.0,0.0,0.0,0.0,0.0,0.0,0.0,0.0,0.0,0.0,0.0,0.0,0.0,0.0,0.0,0.0,0.0,0.0,0.0,0.0,0.0,0.0,0.0,0.0,0.0,0.0,0.0,0.282768282601319,0.0,0.0,0.0,0.0,0.0,0.0,0.0,0.0,0.0,0.0,0.0,1.59471627913487,0.0,0.0,0.0,0.0,0.0,0.0,0.0,0.0,0.0,0.0,0.0,0.0,0.0,0.0,0.0,0.0,0.0,0.0,0.0,0.0,1.60632330699199,0.0,0.0,0.0,0.0,0.0,0.0,0.0,0.0,0.0,0.0,0.0,0.0,0.0,7.33357871144308,0.0,0.0,0.0,0.0,0.0,0.0,20.3902951426222,0.0,0.0,0.0,0.0,0.0,0.0,0.0,60.484612308113,0.0,0.0,0.0
ALCOHOL-OTHR SPIRIT BSD DRNKS,0.0,0.0,1.7152966549807,0.0,0.0,0.0,0.0,0.0987275368938362,0.0,0.0951350162211114,0.0,0.639789188653065,0.020756509421904,0.0,0.0,0.129720467706986,0.0,0.0868692827272787,0.0,0.0,0.0,0.0,0.0,0.0,0.0,0.0160074180739208,0.0,0.0136538528270344,0.119660774298388,0.0471662847222799,0.0,0.0051476253792043,0.0,0.0,0.0362393715153202,0.0,0.0,0.0,1.71917363379687,0.0,0.0,0.0,0.0,0.0185369139633459,0.0,1.199445287033573,0.0,0.0,0.0,0.0,3.39014454676437,0.0,0.168338606554592,0.0159584364644722,0.0,0.0,0.0,0.0,0.0,0.0,0.0,0.0,0.0,0.941339678011004,0.0,0.0,1.10415494552485,0.0824847706957724,0.0,0.0,0.0,0.951542661632825,0.415634615469135,0.0136412053604253,0.010378254710952,8.78770283274859e-05,0.0,0.0,0.0,0.0,0.0,0.0,0.0046937629701647,0.0,0.104799739247405,0.545616384345754,0.170308821723276,0.0,1.06600265746076,0.0,1.13642536616851,0.0039760092730942,12.8561287933896,0.24339240348427071,0.0,0.0016937751431122,0.0011990442552624,0.1541016100293438,0.0,0.0,48.5740337439884,0.0,1.27595201834735,0.0
CHOC CONF-COUNTLINES MULTI CHC,0.0571205585163417,0.0,0.0023633599474166,0.0,0.0,0.0,0.0,0.0,0.044784115397941,0.0004533947277006,0.0,0.0001245707035749,0.0,0.0,0.0,0.418809365970426,0.0,0.383718922153367,0.0538995240896208,0.0006936016104115,0.0,0.0,0.0,0.0,0.0,13.216384346336488,0.0,0.0,0.0113542334435741,0.0,0.0,0.0,0.0,0.0,0.560825944474435,0.0,0.0,0.0,1.08692539387728,0.0,0.0,0.0,0.0,0.0812892381860397,0.0006936016104115,0.177126155329705,4.7991044516203,0.257140695581133,0.0,0.0,0.0302056517998435,0.0,0.0004495107206296,0.117752643514166,0.0,0.0,0.0,0.0,0.0095795378829824,0.0,0.0,0.0,0.0,13.901609001051,0.0,0.103655136941538,0.176624984420822,3.70175657588536,0.0,0.0,0.0,0.0072622923503852,0.0426625176466597,0.0,0.0,0.0,0.0,0.0,0.0,0.0,0.0,0.0,0.0,0.0,0.0440563993887564,0.0,0.578265951515104,0.0004795207209665,0.0,0.0,0.0230848886726082,0.0020860028681072,30.0347611081341,0.5284055144652097,0.0,0.0,0.0,0.83768593485918,0.0,0.0843830039017445,3.55982043193354,0.0,2.33899127441798,0.0
CHOC CONF-COUNTLINES MINI CHC,0.0,0.0,0.0,0.0,0.0,0.0,0.0,0.0,0.0230654210891958,0.0015419216287671,0.0,0.0,0.0,0.0,0.0,0.416188198971608,0.0,0.0590077252355458,0.0,0.0,0.0,0.226994071244179,0.0,0.0,0.0,15.422135014372492,0.0,0.0,0.0,0.0,0.0,0.0,0.0,0.0,0.561690948484336,0.0,0.0,0.0,0.0,0.0,0.0,0.0,0.0,0.0,0.0,0.0,1.58105296817689,0.0,0.0,0.0,0.0032948044403662,0.0,0.0,1.5103161463534,0.0,0.0,0.0,0.0,0.0085306235792552,0.0,0.0,0.0,0.0,13.9157491776089,0.0,0.0,0.0,3.67558928617291,0.0,0.0,0.0,0.0,0.0,0.0,0.0,0.0,0.0,0.0,0.0,0.0,0.0,0.0,0.0,0.0,0.0,0.0,0.0254941379359919,0.0,0.0,0.0,0.15674256530246,0.0,29.3301752510382,1.31424747179146,0.0,0.0,0.0,0.1273336900865183,0.0,0.0,1.03813162113445,0.0,1.22800685331398,0.0
CHOC CONF-MOULDED MULTI CHC,0.0045089738883511,0.0,0.0,0.0,0.0,0.0,0.0,0.0,0.0008377395923848,0.0537381465720892,0.0,0.0,0.0,0.0,0.0,0.97789595694718,0.0,0.0,0.0,0.0083959638427133,0.0,0.0,0.0,0.0,0.0,20.57862565698666,0.0,0.0,0.0,0.0,0.0,0.0,0.0,0.0,0.0052499988864826,0.0,0.0,0.0,0.387721659420086,0.0,0.0,0.0,0.0,0.0337578950127154,0.0,0.209899096067835,8.3745264994554e-05,0.926830351951259,0.0,0.0,0.0023061582750592,0.0,1.00931802457429,0.265141681685988,0.0,0.0692438303666643,0.0,0.0,0.0362853622641241,0.0,0.0,0.0,0.0,26.4924473066024,0.0,0.0,0.00811164707423,3.36440286274007,0.0,0.0,0.0,0.0399074587064056,0.0,0.0,0.0,0.0,0.0,0.0,0.0,0.0,0.0,0.0,0.0,0.0,0.0322225184588839,0.0,0.457694718019672,0.0,0.0,0.0,0.0,0.0005566400104953,30.2288497164483,0.0080423000868949,0.0,0.0,0.0,0.0989399437879346,0.0,0.0,0.496383306571439,0.0,1.50064542625519,0.0
CHOC CONF-MOULDED MINI CHC,1.09953809728997,0.0,0.0079646340171814,0.0,0.0,0.0,0.0,0.0,0.0,0.0578337457810091,0.0,0.0,0.0,0.0,0.0,2.65006661916827,0.0,0.0,0.0,0.0234286307663517,0.0,0.533776364838346,0.0,0.0,0.0,19.099783564202767,0.0,0.0,0.0,0.0,0.0,0.0,0.0,0.0,0.0230522280289306,0.0,0.0,0.0,0.135640807091549,0.0,0.0,0.0,0.0,0.0,0.0493266620532071,0.242861117436324,0.0,0.393056867269784,0.0,0.0,0.0,0.0,0.0,0.0,0.0,0.0,0.0,0.0,0.0,0.0,0.0,0.0,0.0,23.4750386732836,0.0,0.0,0.369860188007055,5.10492511442466,0.0,0.0,0.0,0.0,0.0,0.0,0.0,0.0,0.0,0.0,0.0,0.0,0.0,0.0,0.0,0.0,0.0936140370483645,0.0,0.135675633270399,0.0,0.0,0.0,0.40539717929636,0.0,36.093140098705,0.0401368145278441,0.0,0.0,0.0,0.0888103710113796,0.0,0.0,0.115446918951489,0.0,3.38170313837253,0.0
CHOC CONF-BITE SIZE MULTI,0.0,0.0,0.0,0.0,0.0,0.0,0.0,0.0,0.0,0.0,0.0,0.0,0.0,0.0,0.0,3.17822400950784,0.0,0.104182925696981,0.0,0.0,0.0,0.0,0.0,0.0,0.0,21.599084279083684,0.0,0.0,0.0,0.0,0.0,0.0,0.0,0.0,0.0,0.0,0.0,0.0,0.0,0.0,0.0,0.0,0.0,0.116835997536616,0.0,3.73402343125125,0.0,0.0,0.0,0.0,0.0978563897771638,0.0,0.0,0.0,0.0,0.0,0.0,0.0,0.0,0.0,0.0,0.0,0.0,15.4220513544738,0.0,0.0,0.0,2.04373731401151,0.0,0.0,0.0,0.197150816491238,0.0,0.0,0.0,0.0,0.0,0.0,0.0,0.0,0.0,0.0,0.0,0.0,0.0,0.0,0.54555848054631,0.0,0.0,0.0,0.0,0.0,41.7977153402972,0.0183810226963955,0.0,0.0,0.0,0.110509461616798,0.0,0.0,0.0,0.0,1.89537976180604,0.0
CHOC CONF-BITE SIZE MINI,0.0,0.0,0.0,0.0,0.0,0.0,0.0,0.0,0.0,0.0,0.0,0.0,0.0,0.0,0.0,4.36310258789972,0.0,0.0180907560661741,0.0,0.0,0.0,0.0,0.0,0.0,0.0,15.04428650732273,0.0,0.0,0.0,0.0,0.0,0.0,0.0,0.0,0.0543339813535282,0.0,0.0,0.0,0.0,0.0,0.0,0.0,0.0,0.0231620687381336,0.0,0.0,0.0,0.0,0.0,0.0,0.0168945773717195,0.0,0.0,0.282400992655765,0.0,0.0,0.0,0.0,0.279605802727067,0.0,0.0,0.0,0.0,23.1236676515702,0.0,0.0,0.0,2.52286752517428,0.0,0.0,0.0,0.0192279034761533,0.0,0.0,0.0,0.0,0.0,0.0,0.0,0.0,0.0,0.0,0.0,0.0,0.0,0.0,0.0968757000388393,0.0,0.0,0.0,0.0,0.0,32.9728688162559,0.164851794391101,0.0,0.0,0.0,0.4558934110791529,0.0,0.0,8.37007317136679,0.0,0.544031337679278,0.0
SUGAR CONF-FRUITS MULTI,0.0,0.0,0.876880072006817,0.0,0.0,0.0,0.0,0.0,0.0,0.0271937246947597,0.0,0.0826342344281047,0.0,0.0,0.0,0.413590386209963,0.0,0.281586908122561,0.0,0.0051002663195589,0.0,0.0,0.0,0.0,0.0,0.28754768016949,0.0,0.0,0.0,0.0,0.0,0.607112638287748,0.0,0.0,0.28508330127337,0.0,0.0,0.0,0.991229236091774,0.0,0.0,0.0,0.0,0.0,0.0,0.198559302811556,0.0,0.0,0.0,0.0,0.4079260751143886,0.0,0.0,0.0,0.0,0.0547235678830052,0.0,0.0,0.0,0.0,0.0,0.0,0.0,2.45021431547153,0.0,0.0042944648678807,0.0,5.57947424507112,0.0,0.0,0.0,0.980928204480371,0.0836561263471766,0.0100954917490757,0.172828940763918,0.0,0.0,0.0,0.0,0.0,0.0,0.0,0.0048034685945951,0.0,0.0,0.188987598006533,0.112343272563376,0.0,0.0,0.0,3.68856135768868,0.0,37.7051355351834,0.0,0.0,0.0,0.0,0.8939594157972784,0.0,0.0,0.032962693479111,0.0,0.52533628249144,0.0
SUGAR CONF-FRUITS MINI,0.0,0.0,0.944381562829724,0.0,0.0,0.0,0.0,0.0,0.0,0.0,0.0,0.8356796307903392,0.0181845173604047,0.0,0.0,0.0,0.0,0.622525512148214,0.0,0.0,0.0,0.0,0.0,0.0,0.0,0.0456533187242264,0.0,0.0,0.0,0.0,0.0,0.815287008079198,0.0,0.0,6.40276587097673,0.0,0.0,0.0,1.63105299794457,0.0,0.0,0.0,0.0,0.54278623636,0.0,0.630401053502783,0.0,0.0,0.558774936354969,0.0,0.8752030733456404,0.0,0.0,0.0792861739722104,0.0,0.0482857790872996,0.0,0.0,0.0,0.0,0.0,0.0,0.0,0.0,0.0,0.0,0.0,1.97195493510214,0.0,0.0,0.0,0.951943237096363,0.0,0.0074661798881317,0.0,0.0,0.0,0.0,0.0,0.0,0.0,0.0,0.0035524332549251,0.0,0.0,0.157893127767075,0.0,0.0,0.0,0.0,0.576403075876074,0.0,27.8445898345888,0.0,0.0,0.0,0.0503875008140451,0.411923408804987,0.0,0.0,0.903506630244106,0.0,0.210656062487411,0.0
SUGAR CONF-CANDY MULTI,0.0,0.0,0.0200098577847224,0.0,0.0,0.0,0.0,0.0,0.0,0.0,0.0,0.0,0.0,0.0,0.0,1.46111381094163,0.0,0.0,0.0,0.0,0.0,0.0,0.0,0.0,0.0,0.0,0.0,0.0,0.0,0.0,0.0,0.0800394311388898,0.0,0.0,0.260538967261428,0.0,0.0,0.0,0.0,0.0,0.0,0.0,0.0,0.0,0.0,0.0,0.0,0.0,0.0,0.0,0.0,0.0,0.0,7.32838590891747,0.0,0.0,0.0,0.0,0.0,0.0,0.0,0.0,0.0,0.922403794040963,0.0,0.0,0.0,0.0800394311388898,0.0,0.0,0.0,0.0,0.0,0.0,0.0,0.0,0.0,0.0,0.0,0.0,0.0,0.0,0.0200098577847224,0.0,0.0,0.0896975446081714,3.5757729172614,0.0,0.0,0.0,2.34587783797537,0.0,62.9415465815554,0.0,0.0,0.0,0.0200098577847224,0.11157324352516,0.0,0.0,2.3356513255669,0.0,6.90691211187665,0.0
SUGAR CONF-CANDY MINI,0.0,0.0,0.0,0.0,0.0,0.0,0.0,0.0,0.0,0.0,0.0,0.0,0.0,0.0,0.0,0.0,0.0,0.0,0.0,0.0,0.0,0.0,0.0,0.0,0.0,0.0,0.0,0.0,0.0,0.0,0.0,0.0,0.0,0.0,0.0,0.0,0.0,0.0,0.0,0.0,0.0,0.0,0.0,0.0,0.0,0.0,0.0,0.0,0.0,0.0,0.0,0.0,0.0,0.445570693899293,0.0,0.445570693899293,0.0,0.0,0.0,0.0,0.0,0.0,0.0,0.0,0.0,0.0,0.0,0.0,0.0,0.0,0.0,0.0,0.0,0.0,0.0,0.0,0.0,0.0,0.0,0.0,0.0,0.0,0.0,0.0,0.0,0.0,0.0,0.0,0.0,0.0,0.0,0.0,71.4330464025802,0.0,0.0,0.0,0.0,1.0,0.0,0.0,5.30461090372962,0.0,0.554429306100707,0.0
POPCORN - SWEET,0.023128157285597,0.0,0.0821150741080465,0.0,0.0,0.0,0.0,0.0,0.0017717938848294,0.0138559032269959,0.0,0.0684875459474304,0.0,0.0,0.0,2.24848101415276,0.0,0.0,0.0,0.0,0.0,0.0,0.0,0.0,0.0,1.7163457229536203,0.0,0.0,0.0,0.0,0.0,0.0543131948687946,0.0,0.0,0.0,0.0,0.0,0.0,0.0065505553149519,0.0,0.0,0.0,0.0,0.0427097951936363,0.0,0.063172164292942,0.132850732038104,0.0,0.0,0.0,0.0039228111698335,0.0,0.0,44.4861212567877,0.0,0.0,0.0,0.0,0.0,0.0,0.0,0.0,0.0,0.911751845170226,0.0,0.0,0.139085303332967,3.05626225557829,0.0909744749031818,9.14438985927982e-06,0.0,0.0186920650327217,0.0017717938848294,0.0,0.0,0.0,0.0,0.0,0.0,0.0,0.0,0.0,0.0,0.0,8.66145800356472,0.0232830102490376,0.137142107027794,0.0,0.000121335090486,0.0,0.0,0.264291560552261,25.4747876883229,0.247892406163952,0.0,0.0,0.0,0.349619626224235,0.0,0.0,0.147250585318201,0.0,0.361739040348224,0.0
POPCORN - SAVOURY,0.0097881122036058,0.0,0.0,0.0,0.0,0.0,0.0,0.0,0.0,0.0250205477473602,0.0,0.0416244931027542,0.0,0.0,0.0,0.47183397786543,0.0,0.0,0.0,0.0,0.0,0.2462451193074663,0.0,0.0,0.0,0.217003269529244,0.0,0.0041683874225147,0.0,0.0,0.0,0.024221300463784,0.0,0.0,0.0,0.0,0.0,0.0,0.0021666217536592,0.0,0.0,0.0,0.0,0.0313505329229926,0.0932986692915962,0.0340062076600987,0.167134818629065,0.0,0.0,0.0,0.0,0.0,0.0,62.6765412247772,0.0,0.0,0.0,0.0,0.0,0.0,0.0,0.0,0.0,0.135001801820691,0.0,0.238911058250313,0.0169051850254529,4.55025840257688,0.03456171820802,0.0013852098539968,0.0,0.0017685988901636,0.0,0.0,0.0,0.0,0.0,0.0,0.0,0.0,0.0,0.0,0.0,0.0,11.3132798851726,0.0044412505807067,0.0302853203990414,0.0,5.4110123526399e-05,0.0,0.0,0.0862575572387849,14.3879337486471,1.9513693944413126,0.0,0.0,0.0,0.1227043776090354,0.0,0.0,0.0297836060487001,0.0,0.0395854684438998,0.0
ALCOHOL-BEER-LOW ALCOHOL,0.0,0.0,0.0,0.0,0.0,0.0,0.0,0.0,17.8273969978439,0.0,0.0,0.0,0.0,0.0,0.0,0.0,0.0,0.0,0.0,0.0,0.0,0.0,0.0,0.0,0.0,0.0003498272740966,0.0,0.0,0.0,0.0,0.0,0.0,0.0,0.0,0.0,0.0,0.0,0.0,0.0,0.0,0.0,0.0,0.0,5.252922535117444,0.0,0.0,0.0,0.0,0.0,0.0,0.413022728485752,0.0,0.0,1.92471303049051,0.0,0.0,0.0,0.0,0.0,0.0,0.0,0.0,0.0,0.101282770961764,0.0,0.0,0.279513416173809,0.0,0.0,0.0,0.0,0.360481669236212,0.0,0.0,0.0,0.0,0.0,0.0,0.0,0.0,0.0,0.0,0.0,0.0,0.0,0.0,0.488122882802788,0.0,0.0,0.0,0.0,0.0,1.37469012648287,0.0,0.0,0.0,0.0,0.0,0.0,0.0,64.9934289722127,0.0,2.79431307448203,0.0
FRUIT PIE FILLING-AMBIENT,0.0,0.0,13.1537798418215,0.0,0.0,0.0,0.0,0.0,0.0,0.0,0.0,2.25052508871048,0.0,0.0,0.0,0.0,0.0,0.0,0.0,0.0,0.0,0.0,0.0,0.0,0.0,0.0,0.0,0.0,0.0,0.0,0.0,4.82385974574713,0.0,0.0,0.0,0.0,0.0,0.0,0.0,0.0,0.0,0.0,0.0,0.0,0.0,0.0,0.0,0.0,0.0,0.0,0.0,0.0,0.0,0.586925657036916,0.0,0.0,0.0,0.0,0.0,0.0,0.0,0.0,0.0,0.0,0.0,0.0,0.0,0.0,0.0,0.0,0.0,0.0,22.4076349166203,0.0,0.0,0.0,0.0,0.0,0.0,0.0,0.0,0.0,0.0,0.0,0.0,0.708944433757026,0.0,0.0,0.0,0.0,0.0,0.0,15.3126124352259,0.0,0.0,0.0,0.0,0.0,0.0,0.0,39.5819160648873,0.0,0.0,0.0
CHEESE - NATURAL,0.0,0.0,0.0,0.0,0.0,0.0,0.0,0.0,0.0,0.0,0.0,0.0,0.0,0.0,0.0,0.0,0.0,0.0,0.0,0.0,0.0,0.0,0.0,0.0,0.0,0.0,0.0,0.0,0.0,0.0,0.0,0.0,0.0,0.0,0.0,0.0,0.0,0.0,0.0,0.0,0.0,0.0,0.0,0.0,0.0,0.0,0.0,0.0,0.0,0.0,0.0,0.0,0.0,0.0,0.0,0.0,0.0,0.0,0.0,0.0,0.0,0.0,0.0,0.0,0.0,0.0,0.0,0.0,0.0,0.0,0.0,0.0,0.0,0.0,0.0,0.0,0.0,0.0,0.0,0.0,0.0,0.0,0.0,0.0,0.0,0.0,0.0,0.0,0.0,0.0,0.0,0.0,0.0,0.0,0.0,0.0,0.0,0.0,0.0,0.0,0.0,0.0,0.0,0.0
CHEESE - PROCESSED,0.0,0.0,0.0,0.0,0.0,0.0,0.0,0.0,0.0403739719990699,0.258062695391943,0.0,0.0,0.0,0.0,0.0,1.82273526768857,0.0,0.0,0.0,0.0373467027240402,0.0,44.36135389956006,0.0,0.0,0.0,0.1305456904815027,0.0,0.0,0.0,0.0986943696966975,0.0047415382854069,0.0,0.0,0.0,0.0228664257427042,0.0,0.0,0.0,0.0,0.0,0.0,0.0,0.0,0.0022920468658277,0.519930246616965,0.0246572571927261,0.383863657976757,0.0,0.0,0.0,0.0043894567953927,0.0,0.0,0.107365519480003,0.0,0.0,0.0160241321112971,0.0,0.267260092942021,0.0,0.0,0.0,0.0,19.2260592332157,0.0,0.0,0.0,1.35388894025304,0.0290354858167585,0.0652364820782987,0.0,0.0,0.0,0.0,0.0400812659193247,0.540962424997297,0.0,0.0,0.0,0.0,0.0,0.0,0.0,0.0,0.0951985400580829,0.0090719509477882,0.0,0.0,3.72480071152698,0.0,0.0090886263212802,0.0282000434208149,0.526780989978807,0.259413047241081,0.0,0.0,0.266730968655429,0.187318837455824,0.0,0.0,14.4155165322529,0.0,3.89094736132529,0.0
CREAM-DAIRY AND NON DAIRY,0.0,0.0,0.0,0.0,0.0,0.0,0.0,0.0,0.0,0.0,0.0,0.0,0.0,0.0,0.0,0.0,0.0,0.0,0.0,0.0,0.0,0.0,0.0,0.0,0.0,0.0,0.0,0.0,0.0,0.0,0.0,0.0,0.0,0.0,0.0,0.0,0.0,0.0,0.0,0.0,0.0,0.0,0.0,0.0,0.0,0.0,0.0,0.0,0.0,0.0,0.0,0.0,0.0,0.0,0.0,0.0,0.0,0.0,0.0,0.0,0.0,0.0,0.0,0.0,0.0,0.0,0.0,0.0,0.0,0.0,0.0,0.0,0.0,0.0,0.0,0.0,0.0,0.0,0.0,0.0,0.0,0.0,0.0,0.0,0.0,0.0,0.0,0.0,0.0,0.0,0.0,0.0,0.0,0.0,0.0,0.0,0.0,0.0,0.0,0.0,0.0,0.0,0.0,0.0
VEGETABLES - ROOTS ETC,0.0,0.0,0.31267291307209,0.0,0.0,0.0,0.0,0.0,0.0090782257513275,1.83292183941824,0.202457167106829,0.0245337506683702,0.0,0.0,0.0,0.257215695966533,1.2949028080016471,3.66037421160256,0.0,0.268580642599109,5.92816154836859,0.3086694115354595,0.0,0.0,0.0,0.0,0.0,0.0,0.0,0.0,0.102021161037046,0.0,0.0,0.0,0.0063211232459659,0.0,0.0,0.0,0.0296889728114117,0.0,0.0,0.0,0.0,0.0279151493499038,8.96094999695467,0.0989845347923166,0.0,0.0,0.0,10.301145637934,0.0739395605127968,0.0231161840830828,0.43226022655349,1.37624666082028,0.0,0.0674497525672386,0.0,0.0,0.0140829817315035,0.0,0.0,0.0,0.0,0.540102061450974,0.008379274995074,0.0,0.0,0.0129897250499794,0.232224763745554,0.911478225235267,0.0,0.0,0.008622892343948,0.0,0.895709742273673,0.0895770615799741,0.0,0.0,0.0,0.0,0.0,0.0,0.342448295365768,0.0,0.28883632137746,0.0,0.0633243089312227,0.0,0.130386731935338,0.0,0.0,0.0,1.12215289836971,0.380118622552903,0.0,0.0,0.113235475865518,56.5404627487203,0.0,0.0,1.05559356606093,0.0,0.187543494727802,0.0
VEGETABLES - BEANS ETC,0.0,0.0,0.0,0.0,0.0021999622630847,0.0,0.0,0.0,0.0,18.8875836098779,3.8383822510051804,0.0,0.0,0.0,0.0,0.0798083196761927,15.598868265107498,0.252513210640775,0.0,0.152587853564013,33.83570612939022,0.1729340935300448,0.0,0.0,0.0,0.0,0.0,0.0,0.0,0.0,0.0,0.0,0.0,0.0,0.0352485825328581,0.0,0.0,0.0,0.0001164518529917,0.0,0.0,0.0,0.0,0.0075645751605766,0.0149374566167657,0.0068035051186438,0.0,0.0,0.0,3.34430784242342e-07,0.0121163648026548,0.0,8.9585442408976,0.27625962768795,0.0,0.32072393282009,0.0,0.0,0.0,0.0,0.0,0.0,0.0,0.0956999792406718,0.0,0.0,0.0,0.0033992600806489,0.0003380805122694,0.0225677826843845,0.0,0.0,0.0666798283538774,0.0,4.41484166775981,0.116771763768758,0.0,0.0,0.0,0.0,0.0,0.0,7.32648180415459,0.0,0.111862448660203,0.0,0.0085059729152889,0.0,0.126468270570397,0.0,0.0,0.0,1.02444569894535,0.168424531141381,0.0,0.0,0.0750761540547198,1.3986657535570783,0.0,0.0,1.45549829532148,0.0,0.699203961160246,0.0
VEGETABLES - ASPARAGUS ETC,0.0004993067987526,0.0,0.054623786523444,0.0,0.0,0.0,0.0,0.0,0.162793274983208,0.84889293690107,0.0,0.0049274930290096,0.0,0.0,0.0,0.444334555426725,5.237048624761698,0.584954423844906,0.01099639920584,0.371467061723616,4.877599753028702,0.42263533869992076,0.0,0.001080718044111,0.0,0.29230777463750024,0.0,0.0,0.0049847547384189,0.0,0.0340974484503401,0.0,0.0,0.0,0.0484734866030543,0.0,0.0,0.0021226401514509,0.074113583029195,0.0,0.0,0.0,0.0,0.1634756095640143,0.09833934563329,0.39708508659556013,0.511542987650194,4.3374415143941e-05,0.0,0.0183457292492771,1.065467989758045,0.0,4.13796914559692,4.48819397329742,0.0,0.0051465494917613,0.359287631527177,0.0,0.096740238598269,0.0,4.20880991080748e-05,0.0,0.0,0.338838221342007,0.112938809097122,0.0091676428509917,0.0122967405008006,0.138569563628176,0.2378702406741563,4.43089960845149,0.0,0.0649150720352897,0.0603329258042066,0.0,0.721280329023808,6.06401734863844,0.0,0.0,0.0,0.0,0.0,0.0,3.19052605368623,0.0,0.432878787998132,0.0,0.0584636200469608,0.0,26.206709807496,0.0,0.0,0.0,1.14114776099563,0.6671252744679176,0.0,0.0,0.247124956893638,23.56891715109387,0.0,0.0,3.0698198935776,0.0,1.77082469447937,0.0
VEGETABLES - POTATOES,0.0,0.0,0.0,0.0,0.0,0.0,0.0,0.0,0.0,0.0072396216949581,0.0,0.0258431471757761,0.0,0.0,0.0,1.39832044736583,0.08464376426753191,0.032303747784604,0.0,0.323242672136213,0.0,0.2617542179206987,0.0,0.0,0.0,0.0,0.0,0.0,0.0,0.0,0.0583643153041942,0.0,0.0,0.0,0.120595256812288,0.0,0.0,0.0,7.71213364438387e-05,0.0,0.0,0.0,0.0,0.0837481167808642,83.5163394726555,0.014411668646876501,0.0,0.0,0.0,0.0,0.0455249110042756,0.0,0.344511210855095,0.494863595924084,0.0,0.0078135215091309,0.0,0.0,0.0,0.0,0.0,0.0,0.0,0.454702949294721,0.0,0.0,0.0,0.0404014791942076,0.0468176490524358,0.539975524497429,0.0,0.0274655745412685,0.0881815730121308,0.0,0.277717283207288,0.12324978487657,0.0,0.0,0.0,0.0,0.0,0.0,0.0776431490010489,0.0,1.711392518774,0.0,0.114384653461096,0.0,0.543870190090422,0.0,0.0,0.0,0.125219710339095,0.630691212174329,0.0,0.0,0.363857626350181,3.7742165254176343,0.0,0.0,2.07295811418362,0.0,0.591469722281844,0.0
VEGETABLES - MUSHROOMS,0.0,0.0,0.0,0.0,0.0,0.0,0.0,0.0,0.0,0.0023074161815018,0.0,0.0260085668086317,0.0,0.0,0.0,0.383112012110514,0.023907843763902897,0.0173215241543407,0.0,0.84321471084902,0.0,0.14566458368180618,0.0,0.0094088260277861,0.0,0.0,0.0,0.0,0.001828385889141,0.0,0.0,0.0,0.0,0.0,0.038799861284355,0.0,0.0,0.0,0.0198748903257972,0.0,0.0,0.0,0.0,0.0132872873673075,0.0682985847410651,0.0621021451363775,0.0,0.0,0.0,0.001828385889141,0.01645939216543268,0.0094088260277861,0.0197662254626254,0.819979862394117,0.0,0.0032264173485358,0.0,0.0,0.301231986679013,0.0,0.0,0.0,0.0,0.145286067345801,85.574143636336,0.0049154586667314,0.0159926568459079,0.285610555981362,0.0249180528239295,0.19627903607524,0.0,0.0,0.0288582673293263,0.0,0.0,0.038086278625099,0.0,0.0,0.0,0.0,0.0,0.0,0.0,0.0,0.27481309091527,0.0,0.0479757424110455,0.0,0.0972143825289294,0.0,0.0,0.0,0.557329669335309,2.3588656224884637,0.0,0.0,0.0205299391025804,0.0958440736432527,0.0,0.0,1.58740472502273,0.0,0.766448503923414,0.0
CANNED FISH,0.0,0.0,0.0023943923502896,0.0,0.0,0.0,0.0,0.0,0.0,0.23497718854928,0.0,0.0179408277239724,0.0,0.0,0.0,0.0265288969941751,0.0,0.134629650462113,0.0,0.0369311978813977,0.0,0.0099324675651325,0.0,0.0,0.0,0.0,0.0,0.0,0.0004988317396436,0.651707101430749,0.0273815411438177,0.0,0.0,0.0,0.0792570682940354,0.0,0.0,70.5870521449056,0.0076759902745723,0.0,0.0,0.0,0.0,0.0617160560947608,0.0803173993505165,0.0194218379099595,0.0,0.0,0.0,0.0038508045607298,0.09997712719178731,0.148373212991459,0.0258563150161359,0.143564214353181,0.0,0.0,0.0,0.0,0.0,0.0,0.0,0.0,0.0,0.0297915754934911,0.0,0.0,0.0,0.0029707337905658,2.9731368995642082,0.395197853121421,0.0,0.0092602197015561,0.0065908506181654,0.0,0.0312369420618117,0.536970932271208,0.0,0.0,0.0,0.0,0.0,0.0,0.0618310819334973,0.0,0.436788108916277,0.0,0.0826428747427492,0.0,0.0758812263114487,0.0,0.0,0.0,0.545157067148546,4.29444240321276,0.0,0.0,2.48218330701477,0.1456913907930595,0.0,0.0,10.1819560884566,0.0,0.316201187830254,0.0
FISH - FRESH WET/SMOKED/SHELL,0.0,0.0,0.0,0.0,0.0,0.0,0.0,0.0,0.0,0.0,0.0,0.0,0.0,0.0,0.0,0.0,0.0,0.0,0.0,0.0,0.0,0.0,0.0,0.0,0.0,0.0,0.0,0.0,0.0,0.0,0.0,0.0,0.0,0.0,0.0,0.0,0.0,0.0,0.0,0.0,0.0,0.0,0.0,0.0,0.0,0.0,0.0,0.0,0.0,0.0,0.0,0.0,0.0,0.0,0.0,0.0,0.0,0.0,0.0,0.0,0.0,0.0,0.0,0.0,0.0,0.0,0.0,0.0,0.0,0.0,0.0,0.0,0.0,0.0,0.0,0.0,0.0,0.0,0.0,0.0,0.0,0.0,0.0,0.0,0.0,0.0,0.0,0.0,0.0,0.0,0.0,0.0,0.0,0.0,0.0,0.0,0.0,0.0,0.0,0.0,0.0,0.0,0.0,0.0
PREPARED CHILLED VEGETABLES,0.0083600486947012,0.0,0.100311501862313,0.0,0.0033667088335673,0.0,0.0,0.0,0.0389258118061992,3.22988178783198,1.090088410374967,0.0131773419768254,0.0072722391238174,0.0,0.0,0.490438314235101,5.406121071904509,12.5056452295063,0.0083600486947012,0.0223596557677729,6.439905273988531,0.3031457351771931,0.0,0.0,0.0,0.0,0.0,0.0,0.0018498781734038,0.21119424143599208,0.480379871149887,0.0,0.0,0.0,0.210581533952454,0.0,0.0,0.0018831573826487,0.28577666015786,0.0,0.0,0.0,0.0,0.151375783505215,4.20614612592564,0.307308597037696,0.0027126877399198,0.0,0.0961356447673428,0.426533962815742,0.11419966694133,0.0897664752401082,24.0223138556812,1.49554613936105,0.0,0.0058996850299754,0.0617120955396264,0.0,0.0004056822287731,0.0,1.80204416865016,0.0,0.192151698678041,0.0747381175579148,0.523263602702297,0.0083600486947012,0.0,0.0332961147991992,0.0711248125119389,2.61856237376255,0.0,0.076451835518874,0.176934685062548,0.0,4.05147096168388,2.0932477490128,0.0,0.0,0.002229346318587,0.0,0.0,0.0,3.51416064768035,0.0,0.853328826841815,0.0,0.247328701944786,0.0,0.338278304989494,0.0,0.0532482317486379,3.12870780554367e-05,0.384623353460293,0.21487174472348852,0.0,0.0,1.25020130701251,8.72505829403501,0.0,0.0083600486947012,2.10302405551248,0.0,0.516365819946906,0.0
ALCOHOL-WINE BASED DRINKS,0.0,0.0,0.0,0.0,0.0,0.0,0.0,0.0,0.120497619308455,0.0568348851039064,0.0,0.46134951199108776,0.0150622024135569,0.0,0.0,0.925615135416951,0.0,0.0644386452425243,0.0,0.0,0.0,0.0,0.0,0.0,0.0,0.0,0.0,0.0,0.0240079663234116,0.0,0.0,0.0385718104996248,0.0,0.0,0.0,0.0,0.0,0.0,0.307257782569049,0.0,0.0,0.0,0.0,0.0355244006398636,0.0,27.565739732141957,0.0,0.0,0.0,0.0,0.264554695378028,0.0,0.0,0.0397369976501021,0.0,0.0,0.0,0.0,0.0,0.0,0.0,0.0,0.0,0.653462436518689,0.0,0.0,0.0,0.0105927320376811,0.0,0.0,0.0,10.0069428603264,3.88122987926431,0.0,0.0,0.0,0.0,0.0,0.0,0.0,0.0,0.0,0.0,0.0,0.0783799344507656,0.177286374256835,0.0,0.0,0.0,0.0,0.103949120037109,0.0,12.0708646707597,0.0390701687369685,0.0,0.0,0.0,0.0631058805831229,0.0,0.0,35.7458284312641,0.0,0.694587879848318,0.0
CAKES & PASTRIES,0.0,0.0,0.0,0.0,0.0,0.0,0.0,0.0,0.0,0.0,0.0,0.0,0.0,0.0,0.0,0.0,0.0,0.0,0.0,0.0,0.0,0.0,0.0,0.0,0.0,0.0,0.0,0.0,0.0,0.0,0.0,0.0,0.0,0.0,0.0,0.0,0.0,0.0,0.0,0.0,0.0,0.0,0.0,0.0,0.0,0.0,0.0,0.0,0.0,0.0,0.0,0.0,0.0,0.0,0.0,0.0,0.0,0.0,0.0,0.0,0.0,0.0,0.0,0.0,0.0,0.0,0.0,0.0,0.0,0.0,0.0,0.0,0.0,0.0,0.0,0.0,0.0,0.0,0.0,0.0,0.0,0.0,0.0,0.0,0.0,0.0,0.0,0.0,0.0,0.0,0.0,0.0,0.0,0.0,0.0,0.0,0.0,0.0,0.0,0.0,0.0,0.0,0.0,0.0
"BREAD - ROLLS, BAPS+CROISSANTS",0.0,0.0,0.0,0.0,0.0,0.0,0.0,0.0,0.0,0.0,0.0,0.0,0.0,0.0,0.0,0.0,0.0,0.0,0.0,0.0,0.0,0.0,0.0,0.0,0.0,0.0,0.0,0.0,0.0,0.0,0.0,0.0,0.0,0.0,0.0,0.0,0.0,0.0,0.0,0.0,0.0,0.0,0.0,0.0,0.0,0.0,0.0,0.0,0.0,0.0,0.0,0.0,0.0,0.0,0.0,0.0,0.0,0.0,0.0,0.0,0.0,0.0,0.0,0.0,0.0,0.0,0.0,0.0,0.0,0.0,0.0,0.0,0.0,0.0,0.0,0.0,0.0,0.0,0.0,0.0,0.0,0.0,0.0,0.0,0.0,0.0,0.0,0.0,0.0,0.0,0.0,0.0,0.0,0.0,0.0,0.0,0.0,0.0,0.0,0.0,0.0,0.0,0.0,0.0
BUNS TEACAKES AND SCONES,0.0110413219740998,0.0,0.137998566332629,0.0,0.0,0.0,0.0,0.0,0.0006876305213074,0.269217652048783,0.0,5.3637897122421,0.0032825682033514,0.0,0.0,5.58632664305706,0.0,0.0240964630700822,0.0,0.193260802132162,0.0,0.774345784850909,0.0,0.0,0.0,2.309826669944675,0.0,0.0,0.0278629458713665,0.035664995422048,0.0,0.403913274358571,0.0,0.0,1.85742393437835,0.0,0.0,0.0029765178510999,1.50725636072224,0.0,0.0,0.0,0.0,0.5496292225575377,0.34433147956281,1.3258452470855717,0.0004423842930464,0.0273174558397127,0.0,0.0,0.267804505053629,0.0014298037720553,0.0410287972854025,0.337907146184099,0.0,0.0793223635192981,0.0,0.0,0.0245699671521489,0.0,0.0,0.0,0.0,2.55274209290858,0.0,0.0321913930911248,0.241866620461338,4.02430595820505,0.0026046081946714,0.0470688115118227,0.0,0.458830150588627,0.211067919337651,0.0062587084051271,0.0050819189724317,0.0445416051145409,0.0,0.0,0.0,0.0,0.0,0.0,0.004165756926812,0.0,1.46546981221871,0.0359112453173442,0.561096355144827,0.0034071338588938,0.0326312264768776,0.0,0.181438364450431,0.50017830535019,9.70418367677125,1.0050540026669317,0.0,0.0,0.0304186496542198,0.2541494760464977,0.0,0.0,11.3889563636836,0.0,37.287003659709,0.0
CRUMPETS PIKELETS & MUFFINS,0.0,0.0,0.0135653117840126,0.0,0.0,0.0,0.0,0.141497537464197,0.0041623850214186,0.265771790753126,0.0,0.0911877588203274,0.16993363644131,0.0,0.0,0.881326199132217,0.0,0.0072309665133384,0.0,0.306035479582313,0.0,0.4827058180299998,0.0,0.0,0.0,0.8308187002791713,0.0,0.0,0.0,0.0,0.0,0.071017751240202,0.0,0.0,5.76466752330144,0.0,0.0,0.0,0.150986127412757,0.0,0.0,0.0,0.0,0.7177672593265436,2.9517779611453,0.0824817764407441,0.0,0.0243493941046259,0.0,0.0,0.980786130960161,0.0,0.0053039533319241,0.423103442365233,0.0,0.0,0.0,0.0,0.0495989223320299,0.0,0.0,0.0,0.0,6.29742416164157,0.0,0.0065799404148896,0.224439809656902,2.2560516040914,0.0,0.0085998713133232,0.0,0.0093179607644873,0.0695152059137558,0.0,0.0221767728176504,0.0133670983334475,0.0,0.0,0.0,0.0,0.0,0.0,0.0014006529310023,0.0,2.09500407308267,0.0068207189177453,1.16216053409459,0.0,0.0060417915961822,0.0,0.0009441183218542,0.0563558080075568,10.941189623821,0.46733602325412543,0.0,0.0,0.0167381990425619,0.5439547147288023,0.0,0.0,19.394770139045,0.0,33.0590796411461,0.0
AMBIENT FRUIT,0.0,0.0,2.66643902544584,0.0,0.0,0.0,0.0,0.521831758098376,0.0,0.0522193238717248,0.0,0.2946683966904728,0.0116486714595404,0.0,0.0,0.0202120892947563,0.0201642733913466,0.0283320398665751,0.0,0.0,0.0,0.0267701410084447,0.0,0.0,0.0,0.0,0.0,0.0,0.0,0.0,0.0,0.241960715397534,0.0,0.0,0.0116867920843555,0.0,0.0,0.0,29.3166751038269,0.0,0.0,0.0,0.0,0.0177562462455222,0.0367161774275202,5.867787968833523,0.0034761463841414,0.0,0.0070324827770221,0.0,0.0966524436513808,0.0,0.0,0.0294042299140223,0.0,0.0,0.0,0.0,0.0,0.0,0.0,0.0,0.145957537793475,0.0062555221956374,0.0024780204682818,0.0,0.0128897586365104,0.0101828982962619,0.0,0.0257525242780138,0.0,9.57429570651643,20.2368846308122,6.76637356292642,0.0287701556904415,0.0059205404641783,0.0,0.0,0.0,0.0,0.0,0.0,0.0,0.0,0.0570583307984081,0.459478012789178,0.0132963893467506,0.0,0.0070908762032925,0.0,0.934670999033233,0.0,5.09094245776418,0.0308231230039049,0.0,0.0,0.0280261179286953,1.7612030817114621,0.0,0.0,12.502765676419,0.0,0.0788316314631855,0.0
FRUIT - APPLES,0.0,0.0,89.4698284914755,0.0,0.0,0.0,0.0,0.0283100399978544,0.0,0.0,0.0,0.32564230857628723,0.0938192142247743,0.0,0.0,0.100610282637826,0.0,0.0031420738388192,0.0,0.520169836258533,0.0,0.160826654057685,0.0,0.0,0.0,0.0366399598755402,0.0,0.0,0.0030383642827835,0.0,0.0,9.71347413578828e-06,0.0,0.0,0.0124417500427441,0.0,0.0,0.0,1.06208999292924,0.0,0.0,0.0,0.0,0.0500806360163448,0.0056148717955094,1.8102541437179607,0.0008102304754089,0.0,0.0,0.0,0.0170815300041195,0.15732195517076,0.419633835363901,0.555392854921879,0.0,0.0027095116355754,0.0,0.0,0.156277118148583,0.0,0.0,0.0,0.0707533755270235,0.595186087128079,0.0,0.0,0.0139112704327673,0.0502205953106079,0.0,0.0141667962997497,0.0,0.0205148196220681,0.050704491386207,0.178247524040176,0.0,0.0,0.0,0.0,0.0,0.0,0.0,0.0,0.0,0.0,0.047307889606233,0.0243639710582823,0.0162046095081787,0.0,0.0002395538160879,0.0,0.747852177716745,0.0,0.78402515104543,0.520733930332739,0.0,0.0,0.0,0.027194855185039002,0.0,0.0,0.736855625036772,0.0,0.503601041087512,0.0
FRUIT - ORANGES,0.0445922281472662,0.0,0.287440279337297,0.0,0.0,0.0,0.0,0.0851072119148626,0.0,0.0,0.0,0.0,0.0,0.0,0.0,0.991377009458434,0.0,0.0,0.0,1.28470778400402,0.0,0.0,0.0,0.0,0.0,0.28122808647883296,0.0,0.0,0.0,0.628569019108393,0.0,0.0,0.0,0.0,0.0211638876889156,0.0,0.0,0.0,9.42337835234134,0.0,0.0,0.0,0.0,0.0804728688313439,0.017158618425369,1.12283293923825,0.375832752151474,0.0,0.0,0.0,0.353175220110322,0.0,0.0,1.20553426859978,0.0,0.0,0.0,0.0,0.438093638486769,0.0,0.0,0.0,0.305213649405475,1.67297965698356,0.0,0.0,0.126022452580562,0.0084635202236623,0.0,0.0,0.0,68.2874927407681,0.183635276049227,0.8192840077196,0.0,0.0109842891530761,0.0,0.0,0.0,0.0,0.0,0.0,0.0,0.0,0.0,0.0,0.0401471182501256,0.0,0.0109842891530761,0.0,0.0,0.0130998744735947,5.28303381706591,1.38017148897627,0.0,0.0,0.0,0.17765510799027298,0.0,0.0,2.83779014672386,0.0,0.691402890206254,0.0
FRUIT -GRAPEFRUIT/LEMONS/LIMES,0.0,0.0,0.0111748471739068,0.0,0.0,0.0,0.0,0.0,0.0,0.0,0.0,0.0,0.0,0.0,0.0,2.87166867728301,0.167577784640899,0.380164218817205,0.0,0.0042821867675663,0.0,0.0,0.0,0.0,0.0,0.5390460005656388,0.0,0.0,0.0,0.0,0.0,0.0,0.0,0.0,0.631854837745272,0.0,0.0,0.0,0.960251562611085,0.0,0.0,0.0,0.0,0.042579791433322,0.0616309003293702,1.39018061308884,0.0032175893184599,0.0,0.0,0.0164857539025028,38.310579205227995,0.0,0.0669943614693973,0.319856568819589,0.0,0.0,0.0,0.0,0.665478021560916,0.0,0.0,0.0,1.06034063333391,3.29070860188314,0.0,0.0,0.0,0.207491821270748,0.0396070789232078,0.266062712125859,0.0,18.8815118560178,1.91046137026439,6.41781568397319,0.0,0.0936423300648839,0.0,0.0,0.0,0.0,0.0,0.0,0.0,0.0,1.73271119337388,0.002088741245302,0.0122644429801986,0.0,0.316979927942508,0.0,0.0,0.0,6.48174694379301,0.0838445877097903,0.0,0.0,0.0,0.33244682961994,0.0,0.0,7.30163205683241,0.0,2.02991233419969,0.0
FRUIT - PEARS,0.0,0.0,1.48683606921757,0.0,0.0,0.0,0.0,0.0,0.0,0.0,0.0,0.194208896244288,0.0,0.0,0.0,0.0539038335124114,0.0,0.0,0.0,1.9002109572156,0.0,0.173358857691262,0.0,0.0,0.0,0.0,0.0,0.0,0.014679740174252,0.0,0.0,0.0,0.0,0.0,0.0,0.0,0.0,0.0,0.0,0.0,0.0,0.0,0.0,0.0115004416513861,0.0,1.6180466427938782,0.0300396178447877,0.0,0.0,0.0,0.0,0.0,0.0002643857561178,1.78510941206551,0.0,0.0,0.0,0.0,0.0,0.0,0.0,0.0,0.235418589998464,0.412638247840866,0.0,0.0,0.0,0.0,0.0,0.0507573684184347,0.0,0.216630200563016,0.0391589255155934,84.9695398286954,0.0,0.0,0.0,0.0,0.0,0.0,0.0,0.0,0.0,0.0,0.0,0.0,0.0593815924129876,0.0,0.004059830961546,0.0,0.0,0.0,0.608020847537144,2.95945312759073,0.0,0.0,0.0,0.0179541299515825,0.0,0.0,2.2644708751445,0.0,0.0,0.0
FRUIT - SOFT FRUIT,0.0514980572441459,0.0,3.63805438985567,0.0,0.0,0.0,0.0,0.0554189154319355,0.060209579526201,0.0014853360340983,0.0,11.2596969699764,18.6193396807703,0.0,0.0,0.524191255088004,0.0,0.147724584758818,0.0141819219573211,0.390157263626658,0.0,0.170292217351635,0.0,0.0,0.0,0.0036162800696736,0.0,0.0,2.43447246325542,0.0,0.0,0.415937108505597,0.0,0.0,0.0381543229836869,0.0,0.0,0.0,2.67976869969553,0.0,0.0,0.0,0.0,0.0297142239364581,0.0277079776653477,2.0518708749192265,0.0044244696050665,0.0,0.098836650990984,0.0015416477755809,0.171963339943629,0.0,0.0,0.640069595873032,0.0,0.0239408488083626,0.0,0.0,0.0670109263392455,0.0,0.0,0.0,0.0306726340016579,0.891226647588904,0.0,0.0126887712138524,0.304179943944409,0.141831801291163,0.0058665454402387,0.0560511757047862,0.0,0.0245143954588575,15.1399948950952,0.0154189295255441,0.0,0.0003510935276862,0.0,0.0,0.0,0.0,0.0,0.0,0.0,0.0,0.0398251191637564,21.8962302687748,0.131569854384838,0.0,0.0009305250307038,0.0,1.5948882048567,0.0,5.65403260337461,1.3217606339202324,0.0,0.0008397235572381,0.0,0.5789564049275335,0.0,0.0,4.38447337989725,0.0,0.355556192724164,0.0
FRUIT - TROPICAL FRUIT,0.0,0.0,0.625576664621866,0.0,0.0,0.0,0.0,0.266107230968359,0.0,0.0212954538015351,0.0,0.405493099746779,0.224449591432493,0.0,0.0,0.173956909117874,0.0,0.00750734865565,0.0,0.0034685887574074,0.0,0.0,0.0,0.0,0.0,0.045275576666438694,0.0,0.0,0.0783786498628247,0.0,0.0,0.204839029326021,0.0,0.0,0.133401222548615,0.0,0.0,0.0,79.5379831555397,0.0,0.0,0.0,0.0,3.14277812637078,0.0122925627898153,1.31419089827568,0.174131459306755,0.0,0.153283983944833,0.0,0.1212508669513612,0.0,0.015841702808727,0.0909868079501878,0.0,0.0034685887574074,0.0,0.0,0.18976172369672,0.0,0.0,0.0,1.6202210382133,0.745915133275343,0.0,0.0,0.0737120515233413,0.115199339392198,0.0,0.0183790186367958,0.0,0.512519007123144,0.33494656636369,0.0,0.0,0.0150147417492203,0.0,0.0,0.0,0.0,0.0,0.0,0.0045086999221599,0.0,0.0158714369168693,0.0309619837119147,0.0710922700129967,0.0,0.0031917654087838,0.0,0.465444173579793,0.0015474007289521,2.2380488995803,0.2919759495487745,0.0,0.0,0.0,0.0211080291377893,0.0,0.047668063628697,4.44155583459943,0.0,0.175220416573731,0.0
EGGS,0.0,0.0,0.0,0.0,0.0,0.0,0.0,0.0,0.0056263732096232,1.53527230399497,0.0,0.0,0.0,0.0,0.0,0.0,0.0,0.0,0.0,0.413999797668165,0.0,0.0,0.0,0.0,0.0,0.0248274774239125,0.0,0.0,0.0,0.0,0.0,0.0,0.0,0.0,83.2302767645173,0.0,0.0,0.0,0.0,0.0,0.0,0.0,0.0,0.0469005266016981,0.146164732044919,0.0,0.0,0.0,0.0,0.0,0.0269296677352639,0.0,0.0,0.3023489541578,0.0,0.0,2.26817314615226,0.0,2.7845219480226,0.0,0.0,0.0,0.0,0.10326441150467,0.0,0.0,0.008231997138474,0.0443345038323686,0.0,0.287357096050396,0.0,0.0,0.0,0.0,0.460724491972589,0.119871611819655,0.0,0.0,0.0,0.0,0.0,0.0,0.000859718382314,0.0,3.16989632502396,0.0,0.218312133288034,0.0,0.14816224130874,0.0,0.0,0.0051733255419514,0.204182110192473,0.282035592996585,0.0,0.0,0.0,0.0,0.0,0.0,0.710376299224217,0.0,1.8679993603908225,0.0
MILK - RETAIL,0.799063827012947,0.0,0.0165766524266028,0.0,0.0,0.0,0.0,0.0004295068081307,0.0,1.13606240887935,0.0,0.0,0.0,0.0,0.0,0.855293456643004,0.0,0.002690872068996,0.0202620319132832,0.0242154997800038,0.0,0.0495621459316807,0.0,0.0,0.0,0.31994330872115284,0.0,0.0,0.0,0.0,0.0,0.0,0.0,0.0,0.0004490432684473,0.0,0.0,0.0,1.17782552298112,0.0,0.0,0.0,0.0,0.0030364146687622,0.0570513200445854,0.0524419707647598,0.0,0.114812749598754,0.0,0.0,0.0084772155965232,0.0,0.40871489094357,0.0691721554630004,0.0,0.0,0.0192782617000576,0.0,0.0,0.0,0.0,0.0,0.0,48.6496962825658,0.0,0.0176078252869315,2.25099435582085,0.372208483362931,0.0,0.0002965886415393,0.0,0.0001416841470747,0.0374165243246077,0.0,0.0973876470800939,0.0,0.0,0.0,0.0,0.0,0.0,0.0,0.0,0.0,0.592185681625776,0.0035559173686253,0.850256503243119,0.0,1.44344418827261e-05,0.0,0.011038830572312,0.0002989279976274,2.09679905905459,1.136786403359,0.0,0.0,0.0,0.0030815030904811002,0.0,0.0,32.2834166905729,0.0,0.0098419486948256,0.0
READY TO SERVE DESSERTS,0.0,0.0,0.0,0.0,0.0,0.0,0.0,0.0,0.0,0.0,0.0,0.0,0.0,0.0,0.0,0.0,0.0,0.0,0.0,0.0,0.0,0.0,0.0,0.0,0.0,0.0,0.0,0.0,0.0,0.0,0.0,0.0,0.0,0.0,0.0,0.0,0.0,0.0,0.0,0.0,0.0,0.0,0.0,0.0,0.0,0.0,0.0,0.0,0.0,0.0,0.0,0.0,0.0,0.0,0.0,0.0,0.0,0.0,0.0,0.0,0.0,0.0,0.0,0.0,0.0,0.0,0.0,0.0,0.0,0.0,0.0,0.0,0.0,0.0,0.0,0.0,0.0,0.0,0.0,0.0,0.0,0.0,0.0,0.0,0.0,0.0,0.0,0.0,0.0,0.0,0.0,0.0,0.0,0.0,0.0,0.0,0.0,0.0,0.0,0.0,0.0,0.0,0.0,0.0
BLACK+WHITE PUDDINGS+HAGGIS,0.0679477823098131,0.0,0.173492894247158,0.0,0.0,0.0,0.0,0.0,2.430026917826,0.0336319458393861,0.0,0.10591462938316,0.0,0.0,0.0,0.193711231190932,0.0,0.0,0.0,0.0014291947865532,0.0,0.0,0.0,0.0,0.0,0.115612713409614,0.0,0.0,0.0,0.0,0.0,0.0,0.0,0.0,0.521681709464915,0.0,0.0,0.0,0.394096739935905,0.0,0.0,0.0,0.0,0.0465328609546293,0.139556942731102,0.1485790468796867,0.0,0.0,0.0,0.0,0.0417626682806333,0.0,0.0,0.0302795675731227,0.0,12.355914722838698,0.164865418881246,0.0,12.4771659253441,0.0,8.46203154050972,0.211970977110816,0.0,0.259932524311497,0.0,0.0449608259075601,12.5582771078808,0.373497896821524,0.0,5.4389070049672,0.0,0.0542784201919845,0.149187787676913,0.0,0.0,0.64753003093224,0.0,0.0,0.0,0.0,0.0,0.0,0.0,0.0,0.128022201390166,0.0,0.137353688111746,0.0,0.106817883450289,0.0,0.0,0.0,0.771383668741666,0.0320561012181189,0.0,0.0,0.0052508856977857,0.0706578240387742,0.0,0.0,26.5345183998046,0.0,8.01058782233398,0.0
BREAD - PITTA/NAAN,0.0,0.0,0.0751485575269491,0.0,0.0,0.0,0.0,0.0,0.0128781710984194,0.144413075975464,0.0,0.244541303932175,0.0,0.0,0.0,1.2439733932837,0.0,0.0,0.0,0.471694650253416,0.0,0.1470023938026991,0.0,0.0,0.0,0.0,0.0,0.0,0.0,0.0,0.0,0.0,0.0,0.0,0.0191570539546756,0.0,0.0,0.0,0.114632310383087,0.0,0.0,0.0,0.0,0.619846408104936,0.44309039126051,0.0,0.0071254838117895,0.0,0.0,0.0,0.0108817433297723,0.0,0.0527891848610142,0.571423299357012,0.0,0.0,0.0,0.0,0.0,0.0,0.0,0.0,0.0,2.41093729354348,0.0,0.0,0.0,0.196679455782473,0.0392641291090263,0.134428291088806,0.0,0.0,0.0,0.0,0.0918832442599694,0.0289014495996405,0.0,0.0,0.0,0.0,0.0,0.0,0.0,0.0,7.03125017546113,0.0,1.42164313368276,0.0,0.757165934478612,0.0,0.0,0.0,2.15239100907961,0.22340873271189582,0.0,0.0,0.0,1.0592305272890221,0.0,0.0,27.205015286341,0.0,46.237502758328,0.0
MILKSHAKE MIXES,0.101441580786022,0.0,0.465444903444901,0.0,0.0,0.0,0.0,0.667674532545662,0.0,0.070472689656225,0.0,0.0,0.0,0.0,0.0,0.0825940875162436,0.0,3.42145809481553,0.0,0.0070001322906316,0.0,0.0,0.0,0.0,0.0,5.689236215478596,0.0,0.0,0.0,0.0677508594736834,0.0,0.0,0.0,0.0,0.181956412546059,0.0,0.0,0.0677508594736834,0.04652289201591,0.0,0.0,0.0,0.0,0.203636303347888,0.0692396427640319,0.0,0.0767243888796854,0.0,0.0,0.0,1.31596977018888,0.0,0.0,0.126590448982936,0.0,0.0,0.0,0.0,0.0,0.0,0.0,0.0,0.0,18.4163923868567,0.0,0.0791306407348926,0.0127618834798741,1.19959583802385,0.0,0.0,0.0,0.0,0.0,0.0,0.0,0.0,0.0,0.0,0.0,0.0,0.0,0.0,0.0,0.0,0.0088176004914655,0.0,0.0,0.0,0.0,0.0,1.15112158278753,0.0,32.2473201354413,0.220780983623642,0.0,0.0,0.0,0.0736002761399855,0.0,0.0,13.677253160868,0.0,1.52918973234251,0.0
HERBS AND SPICES,0.077528723793544,0.0,0.009786505818942,0.0,0.0049471576328699,0.0,0.0,0.0089750347775823,0.0021676849716437,0.79301259791964,0.0,0.3896618804788313,0.0,0.0,0.0,0.342492989555364,0.0079842573730003,0.203543597148281,0.0562829808730075,0.0231117911614959,0.0660313281241259,0.2822841252037265,0.0,0.0,0.0,0.0462482661296102,0.0,0.0,0.0049295408701338,0.0065189824952676,0.0013129382205514,0.0,0.0,0.0,0.0509235167132791,0.0,0.0,0.0519601625806443,0.329355967362894,0.0,0.0,0.0,0.0,1.7517611580957284,1.02208602502458,1.1403734488754713,0.0675218040980957,0.0220405428340202,0.0,0.0115975544371573,1.828476172780855,0.0200436058881062,0.191094632782122,0.518853519992114,0.0,0.1722948003266835,0.779513542546016,0.0,0.286863900995634,0.0,0.137686586039701,0.0,0.0,0.3102117267563,0.0353072729169516,0.0574018724824555,0.0420022526424296,0.237955509260763,0.2521840733279541,4.04004564320182,0.0,0.192178121424465,0.0487340541164934,0.0,0.0561117757254103,21.0604169950069,0.0,0.0,0.0066505929557627,0.0,0.0,0.0,0.0485997951272487,0.0,0.741859254771519,0.0,0.673759174529821,0.0022365391989816,16.9598955519214,0.0,2.88582815943797e-05,0.0488753199577443,4.16706686904215,0.5878250080557085,0.0,0.0172432962898777,1.0301662528851,12.7552871093944,0.0,0.0,3.24945111171872,0.0,2.5248799765607184,0.0
BKNG INGRDNT+CAKE DCRTN,0.379671893854266,0.0,0.280027368019771,0.0,0.0,0.0,0.0,0.008213100355942,0.0074051033432185,0.238795820393617,0.0,0.1021658552486078,0.0,0.0,0.0,0.77811706182519,0.0,0.0801239516800737,0.0,0.051612007092627,0.0173610759820787,0.0133073781072419,0.0,0.0,0.0,10.897810844969035,0.0,0.0008213461250153,0.042583794650057,0.0,0.040606989512067,0.0079522517347076,0.0,0.0,1.95202105478093,0.0,0.0,0.0092274731238502,0.720883223178466,0.0,0.0,0.0,0.0,0.218893372771793,0.236329414511153,0.06517518598588701,0.0910160010621892,0.0038567830451677,0.0069441163904719,0.0035510650343082,0.1612545327983679,0.0,0.0061702858762096,1.36143440620656,0.0,0.365480845800607,0.0013419874221622,0.0,0.783444804189258,0.0,0.0,0.0,0.0,4.69353672441964,0.0005214789724387,0.0005817749579282,0.0134256538331071,2.62719755677797,0.0625840907243161,0.0837533001646178,0.0,0.213196602761845,0.060884887040936,0.0257114403424199,0.0004414601536692,0.0350444329483561,0.0,0.0,0.0,0.0,0.0,0.0,0.0144752522795219,0.0,2.39708348950963,0.357041378645868,2.08085379717433,0.010835518441993,0.0310875603318691,0.0,0.303796479131231,0.922586670366561,36.7893867695696,0.052566751375851796,0.0,0.0,0.0237374875797885,2.341919291110547,0.0,0.0010451453808926,6.29937854450917,0.0,4.17908469766254,0.0
TEA-FRUIT & HERBAL BAGS,0.0,0.0,4.25123411568839,0.0,0.0,0.0,0.0,0.0018075248016755,0.0033586686842555,0.0283781611403663,0.0,1.654335931843787,0.115378568873534,0.0,0.0,0.029399140115929,0.0,0.0,0.0,0.0,0.0,0.0,0.0,0.0,0.0,0.4316991864958321,0.0,0.0,0.184705378584904,0.0007010790672234,0.0090163891834074,0.0309518434058985,0.0,0.0,0.0111821382016287,0.0,0.0,0.0,1.18941690394427,0.0,0.0,0.0,0.0,0.896145398749854,0.0014151572074321,0.5194208288361875,0.0,0.0,0.0054169594706289,0.0,2.742249697579361,0.0,2.56173560873459,0.0025102675371642,0.0,0.0304192660242774,0.0,0.0,0.0,0.0,0.0,0.0,0.0046215019126031,0.215012904492554,0.0,0.0,0.0180752480167553,0.109845603488667,0.0,0.0,0.0,1.26869628341567,0.0601188082897427,0.0404367771708662,0.0,0.178159580301603,0.0,0.0,0.0,0.0,0.0,0.0,8.22233146647416e-05,0.0,0.0361901178137811,0.310754298673652,0.891060815467083,0.0,0.219564102144108,0.0,0.198818757971265,0.0,1.20898881977803,0.204953271308034,0.0,32.7450207460888,8.22233146647416e-05,5.799951971556304,0.0,0.0,0.89591739203175,0.0,0.205958059642697,0.0
CHOCOLATE+SWEET SPREADS,0.0575287972471748,0.0,0.0,0.0,0.0,0.0,0.0,0.0331107751638282,0.0011215709289586,0.0322319150637629,0.0,0.0,0.0,0.0,0.0,0.692407087779088,0.0,0.0,0.153076257465668,0.0118900345777313,0.0,0.0,0.0,0.0,0.0,9.619850679486044,0.0,0.0,0.0,0.0,0.0,0.0,0.0,0.0,0.0457135316280619,0.0,0.0,0.0,0.575468189436718,0.0,0.0,0.0,0.0,1.43363414027633,0.215730245139538,0.0,0.215267004988993,9.1011997669725,0.0,0.0,0.0,0.0,0.0,0.0196616886310888,0.0,0.0070619614724482,0.0,0.0,0.0011043750395615,0.0,0.0,0.0,0.0,8.37621675593596,0.0,0.0,0.205954864556475,8.692109185593,0.0,0.0,0.0,0.0021834322880705,0.0,0.0,0.0,0.0,0.0,0.0,0.0,0.0,0.0,0.0,0.0,0.0,4.37390859336746,0.0,0.0935996927134015,0.0055186924539033,0.0,0.0,0.0,0.0421742231827995,36.7547528010102,2.6656652395559,0.0,0.0,0.0,0.16749061178128757,0.0,0.0,2.37891023668948,0.0,1.08911396073793,0.0
AMBIENT SPONGE PUDDINGS,0.0,0.0,0.500433480479567,0.0,0.0,0.0,0.0,0.0,0.0,0.0340521692652972,0.0,0.0,0.0707777580082467,0.0,0.0,11.4631260417647,0.0,0.0,0.0,0.191180871271326,0.0,0.0,0.0,0.0,0.0,2.1037596763206583,0.0,0.0007175602580737,0.0,0.0,0.0,0.0440563518999685,0.0,0.0,5.66480245162761,0.0,0.0,0.0,1.49813318044741,0.0,0.0,0.0,0.0,0.50664228169397,0.172702386134152,0.0,0.0,0.0,0.0,0.0,0.043426783237115,0.0,0.0015252156042309,2.16423252523116,0.0,0.0010358920138549,0.0,0.0,0.0011669950624172,0.0,0.0,0.0,0.0,2.19070583607209,0.0,0.0374959547669097,0.567759792514854,2.39077513685607,0.0,0.0,0.0,0.0070878055833173,0.0949265612684686,0.0,0.0,0.0,0.0,0.0,0.0,0.0,0.0,0.0,0.0,0.0,1.32493728670437,0.534479976187414,1.32937503862772,0.0,0.0,0.0,0.116189158523279,0.0,23.5180101275651,1.04367849147505,0.0,0.0,0.0,0.3054720490097197,0.0,0.0,12.9274196495256,0.0,13.59120965071535,0.0
COOKED MEAT - WHOLE HAM JOINTS,0.0,0.0,0.0,0.0,0.0,0.0,0.0,0.0,0.0,0.032925514319569,0.0,0.0164865211046249,0.0,0.0,0.0,0.0,0.0,0.0,0.0,0.0270821501851342,0.0,0.0,0.0,0.0,0.0,0.0,0.0,0.0,0.0,0.0,0.0,0.0,0.0,0.0,0.0,0.0,0.0,0.0,0.0,0.0,0.0,0.0,0.0,0.0007284230352228,0.0265386693504421,0.0,0.0,0.0,0.0,0.0,6.20575778775872e-05,0.0,0.0,0.114150078772596,0.0,0.0,0.0,0.0,87.9442877766913,0.0,0.0,0.0,0.0,0.0,0.0,0.0,0.0,0.0,0.0,0.0016486521104624,0.0,0.0264616980179979,0.0,0.0,0.0088717150143486,0.0076817457867419,0.0,0.0,0.0,0.0,0.0,0.0,0.0,0.0,0.0108111299837821,0.0,0.0941332453703509,0.0,0.008664860851255,0.0,0.0,0.0,2.11579329618808,0.0,0.0,0.0,0.0,0.0,0.0,0.0,1.10921745802652,0.0,0.669805108899706,0.0
FISH-JAR(INC.SEAFOOD/SHELLFSH),0.0,0.0,0.0,0.0,0.0,0.0,0.0,0.0,0.012153805358358,0.0,0.0,0.0,0.0,0.0,0.0,0.0,0.0,0.0,0.0,0.0,0.0,0.0,0.0,0.0,0.0,0.0,0.0,0.0,0.0,4.837462205424855,0.130750163646321,0.0,0.0,0.0,0.0,0.0,0.0,54.39962049751057,0.0,0.0,0.0,0.0,0.0,0.0,0.0,0.34017753942172124,0.0,0.0,0.0,0.0,0.0,0.0,0.0,0.0,0.0,0.0,0.0,0.0,0.0,0.0,0.0,0.0,0.0,0.0,0.0,0.0,0.0,0.0,15.371417595834,1.59875913056096,0.0,0.0,0.0,0.0,0.0,0.0661364678112492,0.0,0.0,0.0,0.0,0.0,0.0,0.0,0.0,0.354945695178014,0.0,0.0,0.0,0.079907032467799,0.0,0.0,0.0,2.91388778303159,3.24256650586512,0.0,0.0,0.0,0.0629448650580965,0.0,0.0,7.46238511815305,0.0,0.0,0.0
Olives,0.0,0.0,0.0,0.0,0.0,0.0,0.0,0.0,0.0,0.0,0.0,0.0,0.0,0.0,0.0,0.0,0.0,0.0,0.0,0.0,0.0,0.0,0.0,0.0,0.0,0.0,0.0,0.0,0.0,0.0,0.0,0.0,0.0,0.0,0.0,0.0,0.0,0.0,0.0,0.0,0.0,0.0,0.0,0.0,0.0,0.0,0.0,0.0,0.0,0.0,0.0,0.0,0.0,0.0,0.0,0.0,0.0,0.0,0.0,0.0,0.0,0.0,0.0,0.0,0.0,0.0,0.0,0.0,100.0,0.0,0.0,0.0,0.0,0.0,0.0,0.0,0.0,0.0,0.0,0.0,0.0,0.0,0.0,0.0,0.0,0.0,0.0,0.0,0.0,0.0,0.0,0.0,0.0,0.0,0.0,0.0,0.0,0.0,0.0,0.0,0.0,0.0,0.0,0.0
Rice; paddy,0.0,0.0,0.0,0.0,0.0,0.0,0.0,0.0,0.0,0.0,0.0,0.0,0.0,0.0,0.0,0.0,0.0,0.0,0.0,0.0,0.0,0.0,0.0,0.0,0.0,0.0,0.0,0.0,0.0,0.0,0.0,0.0,0.0,0.0,0.0,0.0,0.0,0.0,0.0,0.0,0.0,0.0,0.0,0.0,0.0,0.0,0.0,0.0,0.0,0.0,0.0,0.0,0.0,0.0,0.0,0.0,0.0,0.0,0.0,0.0,0.0,0.0,0.0,0.0,0.0,0.0,0.0,0.0,0.0,0.0,0.0,0.0,0.0,0.0,0.0,0.0,0.0,0.0,0.0,0.0,0.0,0.0,0.0,0.0,0.0,0.0,100.0,0.0,0.0,0.0,0.0,0.0,0.0,0.0,0.0,0.0,0.0,0.0,0.0,0.0,0.0,0.0,0.0,0.0
"Butter, Cream & Ghee",0.0,0.0,0.0,0.0,0.0,0.0,0.0,0.0,0.0,0.0,0.0,0.0,0.0,0.0,0.0,100.0,0.0,0.0,0.0,0.0,0.0,0.0,0.0,0.0,0.0,0.0,0.0,0.0,0.0,0.0,0.0,0.0,0.0,0.0,0.0,0.0,0.0,0.0,0.0,0.0,0.0,0.0,0.0,0.0,0.0,0.0,0.0,0.0,0.0,0.0,0.0,0.0,0.0,0.0,0.0,0.0,0.0,0.0,0.0,0.0,0.0,0.0,0.0,0.0,0.0,0.0,0.0,0.0,0.0,0.0,0.0,0.0,0.0,0.0,0.0,0.0,0.0,0.0,0.0,0.0,0.0,0.0,0.0,0.0,0.0,0.0,0.0,0.0,0.0,0.0,0.0,0.0,0.0,0.0,0.0,0.0,0.0,0.0,0.0,0.0,0.0,0.0,0.0,0.0
Artichokes,0.0,0.0,0.0,0.0,100.0,0.0,0.0,0.0,0.0,0.0,0.0,0.0,0.0,0.0,0.0,0.0,0.0,0.0,0.0,0.0,0.0,0.0,0.0,0.0,0.0,0.0,0.0,0.0,0.0,0.0,0.0,0.0,0.0,0.0,0.0,0.0,0.0,0.0,0.0,0.0,0.0,0.0,0.0,0.0,0.0,0.0,0.0,0.0,0.0,0.0,0.0,0.0,0.0,0.0,0.0,0.0,0.0,0.0,0.0,0.0,0.0,0.0,0.0,0.0,0.0,0.0,0.0,0.0,0.0,0.0,0.0,0.0,0.0,0.0,0.0,0.0,0.0,0.0,0.0,0.0,0.0,0.0,0.0,0.0,0.0,0.0,0.0,0.0,0.0,0.0,0.0,0.0,0.0,0.0,0.0,0.0,0.0,0.0,0.0,0.0,0.0,0.0,0.0,0.0
Asparagus,0.0,0.0,0.0,0.0,0.0,100.0,0.0,0.0,0.0,0.0,0.0,0.0,0.0,0.0,0.0,0.0,0.0,0.0,0.0,0.0,0.0,0.0,0.0,0.0,0.0,0.0,0.0,0.0,0.0,0.0,0.0,0.0,0.0,0.0,0.0,0.0,0.0,0.0,0.0,0.0,0.0,0.0,0.0,0.0,0.0,0.0,0.0,0.0,0.0,0.0,0.0,0.0,0.0,0.0,0.0,0.0,0.0,0.0,0.0,0.0,0.0,0.0,0.0,0.0,0.0,0.0,0.0,0.0,0.0,0.0,0.0,0.0,0.0,0.0,0.0,0.0,0.0,0.0,0.0,0.0,0.0,0.0,0.0,0.0,0.0,0.0,0.0,0.0,0.0,0.0,0.0,0.0,0.0,0.0,0.0,0.0,0.0,0.0,0.0,0.0,0.0,0.0,0.0,0.0
Carrots and turnips,0.0,0.0,0.0,0.0,0.0,0.0,0.0,0.0,0.0,0.0,0.0,0.0,0.0,0.0,0.0,0.0,0.0,100.0,0.0,0.0,0.0,0.0,0.0,0.0,0.0,0.0,0.0,0.0,0.0,0.0,0.0,0.0,0.0,0.0,0.0,0.0,0.0,0.0,0.0,0.0,0.0,0.0,0.0,0.0,0.0,0.0,0.0,0.0,0.0,0.0,0.0,0.0,0.0,0.0,0.0,0.0,0.0,0.0,0.0,0.0,0.0,0.0,0.0,0.0,0.0,0.0,0.0,0.0,0.0,0.0,0.0,0.0,0.0,0.0,0.0,0.0,0.0,0.0,0.0,0.0,0.0,0.0,0.0,0.0,0.0,0.0,0.0,0.0,0.0,0.0,0.0,0.0,0.0,0.0,0.0,0.0,0.0,0.0,0.0,0.0,0.0,0.0,0.0,0.0
Mushrooms and truffles,0.0,0.0,0.0,0.0,0.0,0.0,0.0,0.0,0.0,0.0,0.0,0.0,0.0,0.0,0.0,0.0,0.0,0.0,0.0,0.0,0.0,0.0,0.0,0.0,0.0,0.0,0.0,0.0,0.0,0.0,0.0,0.0,0.0,0.0,0.0,0.0,0.0,0.0,0.0,0.0,0.0,0.0,0.0,0.0,0.0,0.0,0.0,0.0,0.0,0.0,0.0,0.0,0.0,0.0,0.0,0.0,0.0,0.0,0.0,0.0,0.0,0.0,0.0,0.0,100.0,0.0,0.0,0.0,0.0,0.0,0.0,0.0,0.0,0.0,0.0,0.0,0.0,0.0,0.0,0.0,0.0,0.0,0.0,0.0,0.0,0.0,0.0,0.0,0.0,0.0,0.0,0.0,0.0,0.0,0.0,0.0,0.0,0.0,0.0,0.0,0.0,0.0,0.0,0.0
Pepper (piper spp.),0.0,0.0,0.0,0.0,0.0,0.0,0.0,0.0,0.0,0.0,0.0,0.0,0.0,0.0,0.0,0.0,0.0,0.0,0.0,0.0,0.0,0.0,0.0,0.0,0.0,0.0,0.0,0.0,0.0,0.0,0.0,0.0,0.0,0.0,0.0,0.0,0.0,0.0,0.0,0.0,0.0,0.0,0.0,0.0,0.0,0.0,0.0,0.0,0.0,0.0,0.0,0.0,0.0,0.0,0.0,0.0,0.0,0.0,0.0,0.0,0.0,0.0,0.0,0.0,0.0,0.0,0.0,0.0,0.0,0.0,0.0,0.0,0.0,0.0,0.0,100.0,0.0,0.0,0.0,0.0,0.0,0.0,0.0,0.0,0.0,0.0,0.0,0.0,0.0,0.0,0.0,0.0,0.0,0.0,0.0,0.0,0.0,0.0,0.0,0.0,0.0,0.0,0.0,0.0
Potatoes,0.0,0.0,0.0,0.0,0.0,0.0,0.0,0.0,0.0,0.0,0.0,0.0,0.0,0.0,0.0,0.0,0.0,0.0,0.0,0.0,0.0,0.0,0.0,0.0,0.0,0.0,0.0,0.0,0.0,0.0,0.0,0.0,0.0,0.0,0.0,0.0,0.0,0.0,0.0,0.0,0.0,0.0,0.0,0.0,0.0,0.0,0.0,0.0,0.0,0.0,0.0,0.0,0.0,0.0,0.0,0.0,0.0,0.0,0.0,0.0,0.0,0.0,0.0,0.0,0.0,0.0,0.0,0.0,0.0,0.0,0.0,0.0,0.0,0.0,0.0,0.0,0.0,0.0,0.0,0.0,100.0,0.0,0.0,0.0,0.0,0.0,0.0,0.0,0.0,0.0,0.0,0.0,0.0,0.0,0.0,0.0,0.0,0.0,0.0,0.0,0.0,0.0,0.0,0.0
Lentils,0.0,0.0,0.0,0.0,0.0,0.0,0.0,0.0,0.0,0.0,0.0,0.0,0.0,0.0,0.0,0.0,0.0,0.0,0.0,0.0,0.0,0.0,0.0,0.0,0.0,0.0,0.0,0.0,0.0,0.0,0.0,0.0,0.0,0.0,0.0,0.0,0.0,0.0,0.0,0.0,0.0,0.0,0.0,0.0,0.0,0.0,0.0,0.0,0.0,0.0,0.0,100.0,0.0,0.0,0.0,0.0,0.0,0.0,0.0,0.0,0.0,0.0,0.0,0.0,0.0,0.0,0.0,0.0,0.0,0.0,0.0,0.0,0.0,0.0,0.0,0.0,0.0,0.0,0.0,0.0,0.0,0.0,0.0,0.0,0.0,0.0,0.0,0.0,0.0,0.0,0.0,0.0,0.0,0.0,0.0,0.0,0.0,0.0,0.0,0.0,0.0,0.0,0.0,0.0
Pulses nes,0.0,0.0,0.0,0.0,0.0,0.0,0.0,0.0,0.0,0.0,0.0,0.0,0.0,0.0,0.0,0.0,0.0,0.0,0.0,0.0,0.0,0.0,0.0,0.0,0.0,0.0,0.0,0.0,0.0,0.0,0.0,0.0,0.0,0.0,0.0,0.0,0.0,0.0,0.0,0.0,0.0,0.0,0.0,0.0,0.0,0.0,0.0,0.0,0.0,0.0,0.0,0.0,0.0,0.0,0.0,0.0,0.0,0.0,0.0,0.0,0.0,0.0,0.0,0.0,0.0,0.0,0.0,0.0,0.0,0.0,0.0,0.0,0.0,0.0,0.0,0.0,0.0,0.0,0.0,0.0,0.0,100.0,0.0,0.0,0.0,0.0,0.0,0.0,0.0,0.0,0.0,0.0,0.0,0.0,0.0,0.0,0.0,0.0,0.0,0.0,0.0,0.0,0.0,0.0
Onions; dry,0.0,0.0,0.0,0.0,0.0,0.0,0.0,0.0,0.0,0.0,0.0,0.0,0.0,0.0,0.0,0.0,0.0,0.0,0.0,0.0,0.0,0.0,0.0,0.0,0.0,0.0,0.0,0.0,0.0,0.0,0.0,0.0,0.0,0.0,0.0,0.0,0.0,0.0,0.0,0.0,0.0,0.0,0.0,0.0,0.0,0.0,0.0,0.0,0.0,0.0,0.0,0.0,0.0,0.0,0.0,0.0,0.0,0.0,0.0,0.0,0.0,0.0,0.0,0.0,0.0,0.0,0.0,0.0,0.0,100.0,0.0,0.0,0.0,0.0,0.0,0.0,0.0,0.0,0.0,0.0,0.0,0.0,0.0,0.0,0.0,0.0,0.0,0.0,0.0,0.0,0.0,0.0,0.0,0.0,0.0,0.0,0.0,0.0,0.0,0.0,0.0,0.0,0.0,0.0
Cabbages and other brassicas,0.0,0.0,0.0,0.0,0.0,0.0,0.0,0.0,0.0,0.0,0.0,0.0,0.0,0.0,0.0,0.0,100.0,0.0,0.0,0.0,0.0,0.0,0.0,0.0,0.0,0.0,0.0,0.0,0.0,0.0,0.0,0.0,0.0,0.0,0.0,0.0,0.0,0.0,0.0,0.0,0.0,0.0,0.0,0.0,0.0,0.0,0.0,0.0,0.0,0.0,0.0,0.0,0.0,0.0,0.0,0.0,0.0,0.0,0.0,0.0,0.0,0.0,0.0,0.0,0.0,0.0,0.0,0.0,0.0,0.0,0.0,0.0,0.0,0.0,0.0,0.0,0.0,0.0,0.0,0.0,0.0,0.0,0.0,0.0,0.0,0.0,0.0,0.0,0.0,0.0,0.0,0.0,0.0,0.0,0.0,0.0,0.0,0.0,0.0,0.0,0.0,0.0,0.0,0.0
Spinach,0.0,0.0,0.0,0.0,0.0,0.0,0.0,0.0,0.0,0.0,0.0,0.0,0.0,0.0,0.0,0.0,0.0,0.0,0.0,0.0,0.0,0.0,0.0,0.0,0.0,0.0,0.0,0.0,0.0,0.0,0.0,0.0,0.0,0.0,0.0,0.0,0.0,0.0,0.0,0.0,0.0,0.0,0.0,0.0,0.0,0.0,0.0,0.0,0.0,0.0,0.0,0.0,0.0,0.0,0.0,0.0,0.0,0.0,0.0,0.0,0.0,0.0,0.0,0.0,0.0,0.0,0.0,0.0,0.0,0.0,0.0,0.0,0.0,0.0,0.0,0.0,0.0,0.0,0.0,0.0,0.0,0.0,0.0,0.0,0.0,0.0,0.0,0.0,0.0,100.0,0.0,0.0,0.0,0.0,0.0,0.0,0.0,0.0,0.0,0.0,0.0,0.0,0.0,0.0
Barley,0.0,0.0,0.0,0.0,0.0,0.0,0.0,0.0,100.0,0.0,0.0,0.0,0.0,0.0,0.0,0.0,0.0,0.0,0.0,0.0,0.0,0.0,0.0,0.0,0.0,0.0,0.0,0.0,0.0,0.0,0.0,0.0,0.0,0.0,0.0,0.0,0.0,0.0,0.0,0.0,0.0,0.0,0.0,0.0,0.0,0.0,0.0,0.0,0.0,0.0,0.0,0.0,0.0,0.0,0.0,0.0,0.0,0.0,0.0,0.0,0.0,0.0,0.0,0.0,0.0,0.0,0.0,0.0,0.0,0.0,0.0,0.0,0.0,0.0,0.0,0.0,0.0,0.0,0.0,0.0,0.0,0.0,0.0,0.0,0.0,0.0,0.0,0.0,0.0,0.0,0.0,0.0,0.0,0.0,0.0,0.0,0.0,0.0,0.0,0.0,0.0,0.0,0.0,0.0
Meat; cattle,0.0,0.0,0.0,0.0,0.0,0.0,0.0,0.0,0.0,0.0,0.0,0.0,0.0,0.0,0.0,0.0,0.0,0.0,0.0,0.0,0.0,0.0,0.0,0.0,0.0,0.0,0.0,0.0,0.0,0.0,0.0,0.0,0.0,0.0,0.0,0.0,0.0,0.0,0.0,0.0,0.0,0.0,0.0,0.0,0.0,0.0,0.0,0.0,0.0,0.0,0.0,0.0,0.0,0.0,0.0,100.0,0.0,0.0,0.0,0.0,0.0,0.0,0.0,0.0,0.0,0.0,0.0,0.0,0.0,0.0,0.0,0.0,0.0,0.0,0.0,0.0,0.0,0.0,0.0,0.0,0.0,0.0,0.0,0.0,0.0,0.0,0.0,0.0,0.0,0.0,0.0,0.0,0.0,0.0,0.0,0.0,0.0,0.0,0.0,0.0,0.0,0.0,0.0,0.0
Crustaceans,0.0,0.0,0.0,0.0,0.0,0.0,0.0,0.0,0.0,0.0,0.0,0.0,0.0,0.0,0.0,0.0,0.0,0.0,0.0,0.0,0.0,0.0,0.0,0.0,0.0,0.0,0.0,0.0,0.0,100.0,0.0,0.0,0.0,0.0,0.0,0.0,0.0,0.0,0.0,0.0,0.0,0.0,0.0,0.0,0.0,0.0,0.0,0.0,0.0,0.0,0.0,0.0,0.0,0.0,0.0,0.0,0.0,0.0,0.0,0.0,0.0,0.0,0.0,0.0,0.0,0.0,0.0,0.0,0.0,0.0,0.0,0.0,0.0,0.0,0.0,0.0,0.0,0.0,0.0,0.0,0.0,0.0,0.0,0.0,0.0,0.0,0.0,0.0,0.0,0.0,0.0,0.0,0.0,0.0,0.0,0.0,0.0,0.0,0.0,0.0,0.0,0.0,0.0,0.0
Meat; chicken,0.0,0.0,0.0,0.0,0.0,0.0,0.0,0.0,0.0,0.0,0.0,0.0,0.0,0.0,0.0,0.0,0.0,0.0,0.0,0.0,0.0,0.0,0.0,0.0,0.0,0.0,0.0,0.0,0.0,0.0,0.0,0.0,0.0,0.0,0.0,0.0,0.0,0.0,0.0,0.0,0.0,0.0,0.0,0.0,0.0,0.0,0.0,0.0,0.0,0.0,0.0,0.0,0.0,0.0,0.0,0.0,100.0,0.0,0.0,0.0,0.0,0.0,0.0,0.0,0.0,0.0,0.0,0.0,0.0,0.0,0.0,0.0,0.0,0.0,0.0,0.0,0.0,0.0,0.0,0.0,0.0,0.0,0.0,0.0,0.0,0.0,0.0,0.0,0.0,0.0,0.0,0.0,0.0,0.0,0.0,0.0,0.0,0.0,0.0,0.0,0.0,0.0,0.0,0.0
Eggs; other bird; in shell,0.0,0.0,0.0,0.0,0.0,0.0,0.0,0.0,0.0,0.0,0.0,0.0,0.0,0.0,0.0,0.0,0.0,0.0,0.0,0.0,0.0,0.0,0.0,0.0,0.0,0.0,0.0,0.0,0.0,0.0,0.0,0.0,0.0,0.0,0.0,100.0,0.0,0.0,0.0,0.0,0.0,0.0,0.0,0.0,0.0,0.0,0.0,0.0,0.0,0.0,0.0,0.0,0.0,0.0,0.0,0.0,0.0,0.0,0.0,0.0,0.0,0.0,0.0,0.0,0.0,0.0,0.0,0.0,0.0,0.0,0.0,0.0,0.0,0.0,0.0,0.0,0.0,0.0,0.0,0.0,0.0,0.0,0.0,0.0,0.0,0.0,0.0,0.0,0.0,0.0,0.0,0.0,0.0,0.0,0.0,0.0,0.0,0.0,0.0,0.0,0.0,0.0,0.0,0.0
Eggs; hen; in shell,0.0,0.0,0.0,0.0,0.0,0.0,0.0,0.0,0.0,0.0,0.0,0.0,0.0,0.0,0.0,0.0,0.0,0.0,0.0,0.0,0.0,0.0,0.0,0.0,0.0,0.0,0.0,0.0,0.0,0.0,0.0,0.0,0.0,0.0,100.0,0.0,0.0,0.0,0.0,0.0,0.0,0.0,0.0,0.0,0.0,0.0,0.0,0.0,0.0,0.0,0.0,0.0,0.0,0.0,0.0,0.0,0.0,0.0,0.0,0.0,0.0,0.0,0.0,0.0,0.0,0.0,0.0,0.0,0.0,0.0,0.0,0.0,0.0,0.0,0.0,0.0,0.0,0.0,0.0,0.0,0.0,0.0,0.0,0.0,0.0,0.0,0.0,0.0,0.0,0.0,0.0,0.0,0.0,0.0,0.0,0.0,0.0,0.0,0.0,0.0,0.0,0.0,0.0,0.0
Vegetables; fresh nes,0.0,0.0,0.0,0.0,0.0,0.0,0.0,0.0,0.0,0.0,0.0,0.0,0.0,0.0,0.0,0.0,0.0,0.0,0.0,0.0,0.0,0.0,0.0,0.0,0.0,0.0,0.0,0.0,0.0,0.0,0.0,0.0,0.0,0.0,0.0,0.0,0.0,0.0,0.0,0.0,0.0,0.0,0.0,0.0,0.0,0.0,0.0,0.0,0.0,0.0,0.0,0.0,0.0,0.0,0.0,0.0,0.0,0.0,0.0,0.0,0.0,0.0,0.0,0.0,0.0,0.0,0.0,0.0,0.0,0.0,0.0,0.0,0.0,0.0,0.0,0.0,0.0,0.0,0.0,0.0,0.0,0.0,0.0,0.0,0.0,0.0,0.0,0.0,0.0,0.0,0.0,0.0,0.0,0.0,0.0,0.0,0.0,100.0,0.0,0.0,0.0,0.0,0.0,0.0
Meat; pig,0.0,0.0,0.0,0.0,0.0,0.0,0.0,0.0,0.0,0.0,0.0,0.0,0.0,0.0,0.0,0.0,0.0,0.0,0.0,0.0,0.0,0.0,0.0,0.0,0.0,0.0,0.0,0.0,0.0,0.0,0.0,0.0,0.0,0.0,0.0,0.0,0.0,0.0,0.0,0.0,0.0,0.0,0.0,0.0,0.0,0.0,0.0,0.0,0.0,0.0,0.0,0.0,0.0,0.0,0.0,0.0,0.0,0.0,100.0,0.0,0.0,0.0,0.0,0.0,0.0,0.0,0.0,0.0,0.0,0.0,0.0,0.0,0.0,0.0,0.0,0.0,0.0,0.0,0.0,0.0,0.0,0.0,0.0,0.0,0.0,0.0,0.0,0.0,0.0,0.0,0.0,0.0,0.0,0.0,0.0,0.0,0.0,0.0,0.0,0.0,0.0,0.0,0.0,0.0
Meat; sheep,0.0,0.0,0.0,0.0,0.0,0.0,0.0,0.0,0.0,0.0,0.0,0.0,0.0,0.0,0.0,0.0,0.0,0.0,0.0,0.0,0.0,0.0,0.0,0.0,0.0,0.0,0.0,0.0,0.0,0.0,0.0,0.0,0.0,0.0,0.0,0.0,0.0,0.0,0.0,0.0,0.0,0.0,0.0,0.0,0.0,0.0,0.0,0.0,0.0,0.0,0.0,0.0,0.0,0.0,0.0,0.0,0.0,0.0,0.0,0.0,100.0,0.0,0.0,0.0,0.0,0.0,0.0,0.0,0.0,0.0,0.0,0.0,0.0,0.0,0.0,0.0,0.0,0.0,0.0,0.0,0.0,0.0,0.0,0.0,0.0,0.0,0.0,0.0,0.0,0.0,0.0,0.0,0.0,0.0,0.0,0.0,0.0,0.0,0.0,0.0,0.0,0.0,0.0,0.0
Meat; rabbit,0.0,0.0,0.0,0.0,0.0,0.0,0.0,0.0,0.0,0.0,0.0,0.0,0.0,0.0,0.0,0.0,0.0,0.0,0.0,0.0,0.0,0.0,0.0,0.0,0.0,0.0,0.0,0.0,0.0,0.0,0.0,0.0,0.0,0.0,0.0,0.0,0.0,0.0,0.0,0.0,0.0,0.0,0.0,0.0,0.0,0.0,0.0,0.0,0.0,0.0,0.0,0.0,0.0,0.0,0.0,0.0,0.0,0.0,0.0,100.0,0.0,0.0,0.0,0.0,0.0,0.0,0.0,0.0,0.0,0.0,0.0,0.0,0.0,0.0,0.0,0.0,0.0,0.0,0.0,0.0,0.0,0.0,0.0,0.0,0.0,0.0,0.0,0.0,0.0,0.0,0.0,0.0,0.0,0.0,0.0,0.0,0.0,0.0,0.0,0.0,0.0,0.0,0.0,0.0
Meat; duck,0.0,0.0,0.0,0.0,0.0,0.0,0.0,0.0,0.0,0.0,0.0,0.0,0.0,0.0,0.0,0.0,0.0,0.0,0.0,0.0,0.0,0.0,0.0,0.0,0.0,0.0,0.0,0.0,0.0,0.0,0.0,0.0,0.0,0.0,0.0,0.0,0.0,0.0,0.0,0.0,0.0,0.0,0.0,0.0,0.0,0.0,0.0,0.0,0.0,0.0,0.0,0.0,0.0,0.0,0.0,0.0,0.0,100.0,0.0,0.0,0.0,0.0,0.0,0.0,0.0,0.0,0.0,0.0,0.0,0.0,0.0,0.0,0.0,0.0,0.0,0.0,0.0,0.0,0.0,0.0,0.0,0.0,0.0,0.0,0.0,0.0,0.0,0.0,0.0,0.0,0.0,0.0,0.0,0.0,0.0,0.0,0.0,0.0,0.0,0.0,0.0,0.0,0.0,0.0
Meat; turkey,0.0,0.0,0.0,0.0,0.0,0.0,0.0,0.0,0.0,0.0,0.0,0.0,0.0,0.0,0.0,0.0,0.0,0.0,0.0,0.0,0.0,0.0,0.0,0.0,0.0,0.0,0.0,0.0,0.0,0.0,0.0,0.0,0.0,0.0,0.0,0.0,0.0,0.0,0.0,0.0,0.0,0.0,0.0,0.0,0.0,0.0,0.0,0.0,0.0,0.0,0.0,0.0,0.0,0.0,0.0,0.0,0.0,0.0,0.0,0.0,0.0,100.0,0.0,0.0,0.0,0.0,0.0,0.0,0.0,0.0,0.0,0.0,0.0,0.0,0.0,0.0,0.0,0.0,0.0,0.0,0.0,0.0,0.0,0.0,0.0,0.0,0.0,0.0,0.0,0.0,0.0,0.0,0.0,0.0,0.0,0.0,0.0,0.0,0.0,0.0,0.0,0.0,0.0,0.0
Fish,0.0,0.0,0.0,0.0,0.0,0.0,0.0,0.0,0.0,0.0,0.0,0.0,0.0,0.0,0.0,0.0,0.0,0.0,0.0,0.0,0.0,0.0,0.0,0.0,0.0,0.0,0.0,0.0,0.0,0.0,0.0,0.0,0.0,0.0,0.0,0.0,0.0,100.0,0.0,0.0,0.0,0.0,0.0,0.0,0.0,0.0,0.0,0.0,0.0,0.0,0.0,0.0,0.0,0.0,0.0,0.0,0.0,0.0,0.0,0.0,0.0,0.0,0.0,0.0,0.0,0.0,0.0,0.0,0.0,0.0,0.0,0.0,0.0,0.0,0.0,0.0,0.0,0.0,0.0,0.0,0.0,0.0,0.0,0.0,0.0,0.0,0.0,0.0,0.0,0.0,0.0,0.0,0.0,0.0,0.0,0.0,0.0,0.0,0.0,0.0,0.0,0.0,0.0,0.0
Broad beans; horse beans; dry,0.0,0.0,0.0,0.0,0.0,0.0,0.0,0.0,0.0,0.0,0.0,0.0,0.0,0.0,100.0,0.0,0.0,0.0,0.0,0.0,0.0,0.0,0.0,0.0,0.0,0.0,0.0,0.0,0.0,0.0,0.0,0.0,0.0,0.0,0.0,0.0,0.0,0.0,0.0,0.0,0.0,0.0,0.0,0.0,0.0,0.0,0.0,0.0,0.0,0.0,0.0,0.0,0.0,0.0,0.0,0.0,0.0,0.0,0.0,0.0,0.0,0.0,0.0,0.0,0.0,0.0,0.0,0.0,0.0,0.0,0.0,0.0,0.0,0.0,0.0,0.0,0.0,0.0,0.0,0.0,0.0,0.0,0.0,0.0,0.0,0.0,0.0,0.0,0.0,0.0,0.0,0.0,0.0,0.0,0.0,0.0,0.0,0.0,0.0,0.0,0.0,0.0,0.0,0.0
Cauliflowers and broccoli,0.0,0.0,0.0,0.0,0.0,0.0,0.0,0.0,0.0,0.0,0.0,0.0,0.0,0.0,0.0,0.0,0.0,0.0,0.0,0.0,100.0,0.0,0.0,0.0,0.0,0.0,0.0,0.0,0.0,0.0,0.0,0.0,0.0,0.0,0.0,0.0,0.0,0.0,0.0,0.0,0.0,0.0,0.0,0.0,0.0,0.0,0.0,0.0,0.0,0.0,0.0,0.0,0.0,0.0,0.0,0.0,0.0,0.0,0.0,0.0,0.0,0.0,0.0,0.0,0.0,0.0,0.0,0.0,0.0,0.0,0.0,0.0,0.0,0.0,0.0,0.0,0.0,0.0,0.0,0.0,0.0,0.0,0.0,0.0,0.0,0.0,0.0,0.0,0.0,0.0,0.0,0.0,0.0,0.0,0.0,0.0,0.0,0.0,0.0,0.0,0.0,0.0,0.0,0.0
Beans; green,0.0,0.0,0.0,0.0,0.0,0.0,0.0,0.0,0.0,0.0,100.0,0.0,0.0,0.0,0.0,0.0,0.0,0.0,0.0,0.0,0.0,0.0,0.0,0.0,0.0,0.0,0.0,0.0,0.0,0.0,0.0,0.0,0.0,0.0,0.0,0.0,0.0,0.0,0.0,0.0,0.0,0.0,0.0,0.0,0.0,0.0,0.0,0.0,0.0,0.0,0.0,0.0,0.0,0.0,0.0,0.0,0.0,0.0,0.0,0.0,0.0,0.0,0.0,0.0,0.0,0.0,0.0,0.0,0.0,0.0,0.0,0.0,0.0,0.0,0.0,0.0,0.0,0.0,0.0,0.0,0.0,0.0,0.0,0.0,0.0,0.0,0.0,0.0,0.0,0.0,0.0,0.0,0.0,0.0,0.0,0.0,0.0,0.0,0.0,0.0,0.0,0.0,0.0,0.0
Peas; green,0.0,0.0,0.0,0.0,0.0,0.0,0.0,0.0,0.0,0.0,0.0,0.0,0.0,0.0,0.0,0.0,0.0,0.0,0.0,0.0,0.0,0.0,0.0,0.0,0.0,0.0,0.0,0.0,0.0,0.0,0.0,0.0,0.0,0.0,0.0,0.0,0.0,0.0,0.0,0.0,0.0,0.0,0.0,0.0,0.0,0.0,0.0,0.0,0.0,0.0,0.0,0.0,0.0,0.0,0.0,0.0,0.0,0.0,0.0,0.0,0.0,0.0,0.0,0.0,0.0,0.0,0.0,0.0,0.0,0.0,0.0,0.0,0.0,0.0,100.0,0.0,0.0,0.0,0.0,0.0,0.0,0.0,0.0,0.0,0.0,0.0,0.0,0.0,0.0,0.0,0.0,0.0,0.0,0.0,0.0,0.0,0.0,0.0,0.0,0.0,0.0,0.0,0.0,0.0
Beans; dry,0.0,0.0,0.0,0.0,0.0,0.0,0.0,0.0,0.0,100.0,0.0,0.0,0.0,0.0,0.0,0.0,0.0,0.0,0.0,0.0,0.0,0.0,0.0,0.0,0.0,0.0,0.0,0.0,0.0,0.0,0.0,0.0,0.0,0.0,0.0,0.0,0.0,0.0,0.0,0.0,0.0,0.0,0.0,0.0,0.0,0.0,0.0,0.0,0.0,0.0,0.0,0.0,0.0,0.0,0.0,0.0,0.0,0.0,0.0,0.0,0.0,0.0,0.0,0.0,0.0,0.0,0.0,0.0,0.0,0.0,0.0,0.0,0.0,0.0,0.0,0.0,0.0,0.0,0.0,0.0,0.0,0.0,0.0,0.0,0.0,0.0,0.0,0.0,0.0,0.0,0.0,0.0,0.0,0.0,0.0,0.0,0.0,0.0,0.0,0.0,0.0,0.0,0.0,0.0
Quinoa,0.0,0.0,0.0,0.0,0.0,0.0,0.0,0.0,0.0,0.0,0.0,0.0,0.0,0.0,0.0,0.0,0.0,0.0,0.0,0.0,0.0,0.0,0.0,0.0,0.0,0.0,0.0,0.0,0.0,0.0,0.0,0.0,0.0,0.0,0.0,0.0,0.0,0.0,0.0,0.0,0.0,0.0,0.0,0.0,0.0,0.0,0.0,0.0,0.0,0.0,0.0,0.0,0.0,0.0,0.0,0.0,0.0,0.0,0.0,0.0,0.0,0.0,0.0,0.0,0.0,0.0,0.0,0.0,0.0,0.0,0.0,0.0,0.0,0.0,0.0,0.0,0.0,0.0,0.0,0.0,0.0,0.0,0.0,100.0,0.0,0.0,0.0,0.0,0.0,0.0,0.0,0.0,0.0,0.0,0.0,0.0,0.0,0.0,0.0,0.0,0.0,0.0,0.0,0.0
Berries nes,0.0,0.0,0.0,0.0,0.0,0.0,0.0,0.0,0.0,0.0,0.0,100.0,0.0,0.0,0.0,0.0,0.0,0.0,0.0,0.0,0.0,0.0,0.0,0.0,0.0,0.0,0.0,0.0,0.0,0.0,0.0,0.0,0.0,0.0,0.0,0.0,0.0,0.0,0.0,0.0,0.0,0.0,0.0,0.0,0.0,0.0,0.0,0.0,0.0,0.0,0.0,0.0,0.0,0.0,0.0,0.0,0.0,0.0,0.0,0.0,0.0,0.0,0.0,0.0,0.0,0.0,0.0,0.0,0.0,0.0,0.0,0.0,0.0,0.0,0.0,0.0,0.0,0.0,0.0,0.0,0.0,0.0,0.0,0.0,0.0,0.0,0.0,0.0,0.0,0.0,0.0,0.0,0.0,0.0,0.0,0.0,0.0,0.0,0.0,0.0,0.0,0.0,0.0,0.0
Grapes,0.0,0.0,0.0,0.0,0.0,0.0,0.0,0.0,0.0,0.0,0.0,0.0,0.0,0.0,0.0,0.0,0.0,0.0,0.0,0.0,0.0,0.0,0.0,0.0,0.0,0.0,0.0,0.0,0.0,0.0,0.0,0.0,0.0,0.0,0.0,0.0,0.0,0.0,0.0,0.0,0.0,0.0,0.0,0.0,0.0,100.0,0.0,0.0,0.0,0.0,0.0,0.0,0.0,0.0,0.0,0.0,0.0,0.0,0.0,0.0,0.0,0.0,0.0,0.0,0.0,0.0,0.0,0.0,0.0,0.0,0.0,0.0,0.0,0.0,0.0,0.0,0.0,0.0,0.0,0.0,0.0,0.0,0.0,0.0,0.0,0.0,0.0,0.0,0.0,0.0,0.0,0.0,0.0,0.0,0.0,0.0,0.0,0.0,0.0,0.0,0.0,0.0,0.0,0.0
Oranges,0.0,0.0,0.0,0.0,0.0,0.0,0.0,0.0,0.0,0.0,0.0,0.0,0.0,0.0,0.0,0.0,0.0,0.0,0.0,0.0,0.0,0.0,0.0,0.0,0.0,0.0,0.0,0.0,0.0,0.0,0.0,0.0,0.0,0.0,0.0,0.0,0.0,0.0,0.0,0.0,0.0,0.0,0.0,0.0,0.0,0.0,0.0,0.0,0.0,0.0,0.0,0.0,0.0,0.0,0.0,0.0,0.0,0.0,0.0,0.0,0.0,0.0,0.0,0.0,0.0,0.0,0.0,0.0,0.0,0.0,0.0,100.0,0.0,0.0,0.0,0.0,0.0,0.0,0.0,0.0,0.0,0.0,0.0,0.0,0.0,0.0,0.0,0.0,0.0,0.0,0.0,0.0,0.0,0.0,0.0,0.0,0.0,0.0,0.0,0.0,0.0,0.0,0.0,0.0
Apricots,0.0,0.0,0.0,100.0,0.0,0.0,0.0,0.0,0.0,0.0,0.0,0.0,0.0,0.0,0.0,0.0,0.0,0.0,0.0,0.0,0.0,0.0,0.0,0.0,0.0,0.0,0.0,0.0,0.0,0.0,0.0,0.0,0.0,0.0,0.0,0.0,0.0,0.0,0.0,0.0,0.0,0.0,0.0,0.0,0.0,0.0,0.0,0.0,0.0,0.0,0.0,0.0,0.0,0.0,0.0,0.0,0.0,0.0,0.0,0.0,0.0,0.0,0.0,0.0,0.0,0.0,0.0,0.0,0.0,0.0,0.0,0.0,0.0,0.0,0.0,0.0,0.0,0.0,0.0,0.0,0.0,0.0,0.0,0.0,0.0,0.0,0.0,0.0,0.0,0.0,0.0,0.0,0.0,0.0,0.0,0.0,0.0,0.0,0.0,0.0,0.0,0.0,0.0,0.0
Avocados,0.0,0.0,0.0,0.0,0.0,0.0,100.0,0.0,0.0,0.0,0.0,0.0,0.0,0.0,0.0,0.0,0.0,0.0,0.0,0.0,0.0,0.0,0.0,0.0,0.0,0.0,0.0,0.0,0.0,0.0,0.0,0.0,0.0,0.0,0.0,0.0,0.0,0.0,0.0,0.0,0.0,0.0,0.0,0.0,0.0,0.0,0.0,0.0,0.0,0.0,0.0,0.0,0.0,0.0,0.0,0.0,0.0,0.0,0.0,0.0,0.0,0.0,0.0,0.0,0.0,0.0,0.0,0.0,0.0,0.0,0.0,0.0,0.0,0.0,0.0,0.0,0.0,0.0,0.0,0.0,0.0,0.0,0.0,0.0,0.0,0.0,0.0,0.0,0.0,0.0,0.0,0.0,0.0,0.0,0.0,0.0,0.0,0.0,0.0,0.0,0.0,0.0,0.0,0.0
Bananas,0.0,0.0,0.0,0.0,0.0,0.0,0.0,100.0,0.0,0.0,0.0,0.0,0.0,0.0,0.0,0.0,0.0,0.0,0.0,0.0,0.0,0.0,0.0,0.0,0.0,0.0,0.0,0.0,0.0,0.0,0.0,0.0,0.0,0.0,0.0,0.0,0.0,0.0,0.0,0.0,0.0,0.0,0.0,0.0,0.0,0.0,0.0,0.0,0.0,0.0,0.0,0.0,0.0,0.0,0.0,0.0,0.0,0.0,0.0,0.0,0.0,0.0,0.0,0.0,0.0,0.0,0.0,0.0,0.0,0.0,0.0,0.0,0.0,0.0,0.0,0.0,0.0,0.0,0.0,0.0,0.0,0.0,0.0,0.0,0.0,0.0,0.0,0.0,0.0,0.0,0.0,0.0,0.0,0.0,0.0,0.0,0.0,0.0,0.0,0.0,0.0,0.0,0.0,0.0
Blueberries,0.0,0.0,0.0,0.0,0.0,0.0,0.0,0.0,0.0,0.0,0.0,0.0,100.0,0.0,0.0,0.0,0.0,0.0,0.0,0.0,0.0,0.0,0.0,0.0,0.0,0.0,0.0,0.0,0.0,0.0,0.0,0.0,0.0,0.0,0.0,0.0,0.0,0.0,0.0,0.0,0.0,0.0,0.0,0.0,0.0,0.0,0.0,0.0,0.0,0.0,0.0,0.0,0.0,0.0,0.0,0.0,0.0,0.0,0.0,0.0,0.0,0.0,0.0,0.0,0.0,0.0,0.0,0.0,0.0,0.0,0.0,0.0,0.0,0.0,0.0,0.0,0.0,0.0,0.0,0.0,0.0,0.0,0.0,0.0,0.0,0.0,0.0,0.0,0.0,0.0,0.0,0.0,0.0,0.0,0.0,0.0,0.0,0.0,0.0,0.0,0.0,0.0,0.0,0.0
Cranberries,0.0,0.0,0.0,0.0,0.0,0.0,0.0,0.0,0.0,0.0,0.0,0.0,0.0,0.0,0.0,0.0,0.0,0.0,0.0,0.0,0.0,0.0,0.0,0.0,0.0,0.0,0.0,0.0,100.0,0.0,0.0,0.0,0.0,0.0,0.0,0.0,0.0,0.0,0.0,0.0,0.0,0.0,0.0,0.0,0.0,0.0,0.0,0.0,0.0,0.0,0.0,0.0,0.0,0.0,0.0,0.0,0.0,0.0,0.0,0.0,0.0,0.0,0.0,0.0,0.0,0.0,0.0,0.0,0.0,0.0,0.0,0.0,0.0,0.0,0.0,0.0,0.0,0.0,0.0,0.0,0.0,0.0,0.0,0.0,0.0,0.0,0.0,0.0,0.0,0.0,0.0,0.0,0.0,0.0,0.0,0.0,0.0,0.0,0.0,0.0,0.0,0.0,0.0,0.0
Gooseberries,0.0,0.0,0.0,0.0,0.0,0.0,0.0,0.0,0.0,0.0,0.0,0.0,0.0,0.0,0.0,0.0,0.0,0.0,0.0,0.0,0.0,0.0,0.0,0.0,0.0,0.0,0.0,0.0,0.0,0.0,0.0,0.0,0.0,0.0,0.0,0.0,0.0,0.0,0.0,0.0,0.0,0.0,100.0,0.0,0.0,0.0,0.0,0.0,0.0,0.0,0.0,0.0,0.0,0.0,0.0,0.0,0.0,0.0,0.0,0.0,0.0,0.0,0.0,0.0,0.0,0.0,0.0,0.0,0.0,0.0,0.0,0.0,0.0,0.0,0.0,0.0,0.0,0.0,0.0,0.0,0.0,0.0,0.0,0.0,0.0,0.0,0.0,0.0,0.0,0.0,0.0,0.0,0.0,0.0,0.0,0.0,0.0,0.0,0.0,0.0,0.0,0.0,0.0,0.0
Raspberries,0.0,0.0,0.0,0.0,0.0,0.0,0.0,0.0,0.0,0.0,0.0,0.0,0.0,0.0,0.0,0.0,0.0,0.0,0.0,0.0,0.0,0.0,0.0,0.0,0.0,0.0,0.0,0.0,0.0,0.0,0.0,0.0,0.0,0.0,0.0,0.0,0.0,0.0,0.0,0.0,0.0,0.0,0.0,0.0,0.0,0.0,0.0,0.0,0.0,0.0,0.0,0.0,0.0,0.0,0.0,0.0,0.0,0.0,0.0,0.0,0.0,0.0,0.0,0.0,0.0,0.0,0.0,0.0,0.0,0.0,0.0,0.0,0.0,0.0,0.0,0.0,0.0,0.0,0.0,0.0,0.0,0.0,0.0,0.0,0.0,100.0,0.0,0.0,0.0,0.0,0.0,0.0,0.0,0.0,0.0,0.0,0.0,0.0,0.0,0.0,0.0,0.0,0.0,0.0
Strawberries,0.0,0.0,0.0,0.0,0.0,0.0,0.0,0.0,0.0,0.0,0.0,0.0,0.0,0.0,0.0,0.0,0.0,0.0,0.0,0.0,0.0,0.0,0.0,0.0,0.0,0.0,0.0,0.0,0.0,0.0,0.0,0.0,0.0,0.0,0.0,0.0,0.0,0.0,0.0,0.0,0.0,0.0,0.0,0.0,0.0,0.0,0.0,0.0,0.0,0.0,0.0,0.0,0.0,0.0,0.0,0.0,0.0,0.0,0.0,0.0,0.0,0.0,0.0,0.0,0.0,0.0,0.0,0.0,0.0,0.0,0.0,0.0,0.0,0.0,0.0,0.0,0.0,0.0,0.0,0.0,0.0,0.0,0.0,0.0,0.0,0.0,0.0,0.0,0.0,0.0,100.0,0.0,0.0,0.0,0.0,0.0,0.0,0.0,0.0,0.0,0.0,0.0,0.0,0.0
Cherries,0.0,0.0,0.0,0.0,0.0,0.0,0.0,0.0,0.0,0.0,0.0,0.0,0.0,0.0,0.0,0.0,0.0,0.0,0.0,0.0,0.0,0.0,100.0,0.0,0.0,0.0,0.0,0.0,0.0,0.0,0.0,0.0,0.0,0.0,0.0,0.0,0.0,0.0,0.0,0.0,0.0,0.0,0.0,0.0,0.0,0.0,0.0,0.0,0.0,0.0,0.0,0.0,0.0,0.0,0.0,0.0,0.0,0.0,0.0,0.0,0.0,0.0,0.0,0.0,0.0,0.0,0.0,0.0,0.0,0.0,0.0,0.0,0.0,0.0,0.0,0.0,0.0,0.0,0.0,0.0,0.0,0.0,0.0,0.0,0.0,0.0,0.0,0.0,0.0,0.0,0.0,0.0,0.0,0.0,0.0,0.0,0.0,0.0,0.0,0.0,0.0,0.0,0.0,0.0
Coconuts,0.0,0.0,0.0,0.0,0.0,0.0,0.0,0.0,0.0,0.0,0.0,0.0,0.0,0.0,0.0,0.0,0.0,0.0,0.0,0.0,0.0,0.0,0.0,0.0,0.0,0.0,100.0,0.0,0.0,0.0,0.0,0.0,0.0,0.0,0.0,0.0,0.0,0.0,0.0,0.0,0.0,0.0,0.0,0.0,0.0,0.0,0.0,0.0,0.0,0.0,0.0,0.0,0.0,0.0,0.0,0.0,0.0,0.0,0.0,0.0,0.0,0.0,0.0,0.0,0.0,0.0,0.0,0.0,0.0,0.0,0.0,0.0,0.0,0.0,0.0,0.0,0.0,0.0,0.0,0.0,0.0,0.0,0.0,0.0,0.0,0.0,0.0,0.0,0.0,0.0,0.0,0.0,0.0,0.0,0.0,0.0,0.0,0.0,0.0,0.0,0.0,0.0,0.0,0.0
Apples,0.0,0.0,100.0,0.0,0.0,0.0,0.0,0.0,0.0,0.0,0.0,0.0,0.0,0.0,0.0,0.0,0.0,0.0,0.0,0.0,0.0,0.0,0.0,0.0,0.0,0.0,0.0,0.0,0.0,0.0,0.0,0.0,0.0,0.0,0.0,0.0,0.0,0.0,0.0,0.0,0.0,0.0,0.0,0.0,0.0,0.0,0.0,0.0,0.0,0.0,0.0,0.0,0.0,0.0,0.0,0.0,0.0,0.0,0.0,0.0,0.0,0.0,0.0,0.0,0.0,0.0,0.0,0.0,0.0,0.0,0.0,0.0,0.0,0.0,0.0,0.0,0.0,0.0,0.0,0.0,0.0,0.0,0.0,0.0,0.0,0.0,0.0,0.0,0.0,0.0,0.0,0.0,0.0,0.0,0.0,0.0,0.0,0.0,0.0,0.0,0.0,0.0,0.0,0.0
Dates,0.0,0.0,0.0,0.0,0.0,0.0,0.0,0.0,0.0,0.0,0.0,0.0,0.0,0.0,0.0,0.0,0.0,0.0,0.0,0.0,0.0,0.0,0.0,0.0,0.0,0.0,0.0,0.0,0.0,0.0,0.0,0.0,100.0,0.0,0.0,0.0,0.0,0.0,0.0,0.0,0.0,0.0,0.0,0.0,0.0,0.0,0.0,0.0,0.0,0.0,0.0,0.0,0.0,0.0,0.0,0.0,0.0,0.0,0.0,0.0,0.0,0.0,0.0,0.0,0.0,0.0,0.0,0.0,0.0,0.0,0.0,0.0,0.0,0.0,0.0,0.0,0.0,0.0,0.0,0.0,0.0,0.0,0.0,0.0,0.0,0.0,0.0,0.0,0.0,0.0,0.0,0.0,0.0,0.0,0.0,0.0,0.0,0.0,0.0,0.0,0.0,0.0,0.0,0.0
Tangerines; mandarins; clementines; satsumas,0.0,0.0,0.0,0.0,0.0,0.0,0.0,0.0,0.0,0.0,0.0,0.0,0.0,0.0,0.0,0.0,0.0,0.0,0.0,0.0,0.0,0.0,0.0,0.0,0.0,0.0,0.0,0.0,0.0,0.0,0.0,0.0,0.0,0.0,0.0,0.0,0.0,0.0,0.0,0.0,0.0,0.0,0.0,0.0,0.0,0.0,0.0,0.0,0.0,0.0,0.0,0.0,0.0,0.0,0.0,0.0,0.0,0.0,0.0,0.0,0.0,0.0,0.0,0.0,0.0,0.0,0.0,0.0,0.0,0.0,0.0,0.0,0.0,0.0,0.0,0.0,0.0,0.0,0.0,0.0,0.0,0.0,0.0,0.0,0.0,0.0,0.0,0.0,0.0,0.0,0.0,0.0,0.0,0.0,100.0,0.0,0.0,0.0,0.0,0.0,0.0,0.0,0.0,0.0
Figs,0.0,0.0,0.0,0.0,0.0,0.0,0.0,0.0,0.0,0.0,0.0,0.0,0.0,0.0,0.0,0.0,0.0,0.0,0.0,0.0,0.0,0.0,0.0,0.0,0.0,0.0,0.0,0.0,0.0,0.0,0.0,0.0,0.0,0.0,0.0,0.0,100.0,0.0,0.0,0.0,0.0,0.0,0.0,0.0,0.0,0.0,0.0,0.0,0.0,0.0,0.0,0.0,0.0,0.0,0.0,0.0,0.0,0.0,0.0,0.0,0.0,0.0,0.0,0.0,0.0,0.0,0.0,0.0,0.0,0.0,0.0,0.0,0.0,0.0,0.0,0.0,0.0,0.0,0.0,0.0,0.0,0.0,0.0,0.0,0.0,0.0,0.0,0.0,0.0,0.0,0.0,0.0,0.0,0.0,0.0,0.0,0.0,0.0,0.0,0.0,0.0,0.0,0.0,0.0
Grapefruit (inc. pomelos),0.0,0.0,0.0,0.0,0.0,0.0,0.0,0.0,0.0,0.0,0.0,0.0,0.0,0.0,0.0,0.0,0.0,0.0,0.0,0.0,0.0,0.0,0.0,0.0,0.0,0.0,0.0,0.0,0.0,0.0,0.0,0.0,0.0,0.0,0.0,0.0,0.0,0.0,0.0,0.0,0.0,0.0,0.0,0.0,100.0,0.0,0.0,0.0,0.0,0.0,0.0,0.0,0.0,0.0,0.0,0.0,0.0,0.0,0.0,0.0,0.0,0.0,0.0,0.0,0.0,0.0,0.0,0.0,0.0,0.0,0.0,0.0,0.0,0.0,0.0,0.0,0.0,0.0,0.0,0.0,0.0,0.0,0.0,0.0,0.0,0.0,0.0,0.0,0.0,0.0,0.0,0.0,0.0,0.0,0.0,0.0,0.0,0.0,0.0,0.0,0.0,0.0,0.0,0.0
Kiwi fruit,0.0,0.0,0.0,0.0,0.0,0.0,0.0,0.0,0.0,0.0,0.0,0.0,0.0,0.0,0.0,0.0,0.0,0.0,0.0,0.0,0.0,0.0,0.0,0.0,0.0,0.0,0.0,0.0,0.0,0.0,0.0,0.0,0.0,0.0,0.0,0.0,0.0,0.0,0.0,0.0,0.0,0.0,0.0,0.0,0.0,0.0,0.0,0.0,100.0,0.0,0.0,0.0,0.0,0.0,0.0,0.0,0.0,0.0,0.0,0.0,0.0,0.0,0.0,0.0,0.0,0.0,0.0,0.0,0.0,0.0,0.0,0.0,0.0,0.0,0.0,0.0,0.0,0.0,0.0,0.0,0.0,0.0,0.0,0.0,0.0,0.0,0.0,0.0,0.0,0.0,0.0,0.0,0.0,0.0,0.0,0.0,0.0,0.0,0.0,0.0,0.0,0.0,0.0,0.0
Fruit; tropical fresh nes,0.0,0.0,0.0,0.0,0.0,0.0,0.0,0.0,0.0,0.0,0.0,0.0,0.0,0.0,0.0,0.0,0.0,0.0,0.0,0.0,0.0,0.0,0.0,0.0,0.0,0.0,0.0,0.0,0.0,0.0,0.0,0.0,0.0,0.0,0.0,0.0,0.0,0.0,0.0,100.0,0.0,0.0,0.0,0.0,0.0,0.0,0.0,0.0,0.0,0.0,0.0,0.0,0.0,0.0,0.0,0.0,0.0,0.0,0.0,0.0,0.0,0.0,0.0,0.0,0.0,0.0,0.0,0.0,0.0,0.0,0.0,0.0,0.0,0.0,0.0,0.0,0.0,0.0,0.0,0.0,0.0,0.0,0.0,0.0,0.0,0.0,0.0,0.0,0.0,0.0,0.0,0.0,0.0,0.0,0.0,0.0,0.0,0.0,0.0,0.0,0.0,0.0,0.0,0.0
Lemons and limes,0.0,0.0,0.0,0.0,0.0,0.0,0.0,0.0,0.0,0.0,0.0,0.0,0.0,0.0,0.0,0.0,0.0,0.0,0.0,0.0,0.0,0.0,0.0,0.0,0.0,0.0,0.0,0.0,0.0,0.0,0.0,0.0,0.0,0.0,0.0,0.0,0.0,0.0,0.0,0.0,0.0,0.0,0.0,0.0,0.0,0.0,0.0,0.0,0.0,0.0,100.0,0.0,0.0,0.0,0.0,0.0,0.0,0.0,0.0,0.0,0.0,0.0,0.0,0.0,0.0,0.0,0.0,0.0,0.0,0.0,0.0,0.0,0.0,0.0,0.0,0.0,0.0,0.0,0.0,0.0,0.0,0.0,0.0,0.0,0.0,0.0,0.0,0.0,0.0,0.0,0.0,0.0,0.0,0.0,0.0,0.0,0.0,0.0,0.0,0.0,0.0,0.0,0.0,0.0
Mangoes; mangosteens; guavas,0.0,0.0,0.0,0.0,0.0,0.0,0.0,0.0,0.0,0.0,0.0,0.0,0.0,0.0,0.0,0.0,0.0,0.0,0.0,0.0,0.0,0.0,0.0,0.0,0.0,0.0,0.0,0.0,0.0,0.0,0.0,0.0,0.0,0.0,0.0,0.0,0.0,0.0,0.0,0.0,0.0,0.0,0.0,0.0,0.0,0.0,0.0,0.0,0.0,0.0,0.0,0.0,0.0,0.0,100.0,0.0,0.0,0.0,0.0,0.0,0.0,0.0,0.0,0.0,0.0,0.0,0.0,0.0,0.0,0.0,0.0,0.0,0.0,0.0,0.0,0.0,0.0,0.0,0.0,0.0,0.0,0.0,0.0,0.0,0.0,0.0,0.0,0.0,0.0,0.0,0.0,0.0,0.0,0.0,0.0,0.0,0.0,0.0,0.0,0.0,0.0,0.0,0.0,0.0
Melons; other (inc.cantaloupes),0.0,0.0,0.0,0.0,0.0,0.0,0.0,0.0,0.0,0.0,0.0,0.0,0.0,0.0,0.0,0.0,0.0,0.0,0.0,0.0,0.0,0.0,0.0,0.0,0.0,0.0,0.0,0.0,0.0,0.0,0.0,0.0,0.0,0.0,0.0,0.0,0.0,0.0,0.0,0.0,0.0,0.0,0.0,0.0,0.0,0.0,0.0,0.0,0.0,0.0,0.0,0.0,0.0,0.0,0.0,0.0,0.0,0.0,0.0,0.0,0.0,0.0,100.0,0.0,0.0,0.0,0.0,0.0,0.0,0.0,0.0,0.0,0.0,0.0,0.0,0.0,0.0,0.0,0.0,0.0,0.0,0.0,0.0,0.0,0.0,0.0,0.0,0.0,0.0,0.0,0.0,0.0,0.0,0.0,0.0,0.0,0.0,0.0,0.0,0.0,0.0,0.0,0.0,0.0
Watermelons,0.0,0.0,0.0,0.0,0.0,0.0,0.0,0.0,0.0,0.0,0.0,0.0,0.0,0.0,0.0,0.0,0.0,0.0,0.0,0.0,0.0,0.0,0.0,0.0,0.0,0.0,0.0,0.0,0.0,0.0,0.0,0.0,0.0,0.0,0.0,0.0,0.0,0.0,0.0,0.0,0.0,0.0,0.0,0.0,0.0,0.0,0.0,0.0,0.0,0.0,0.0,0.0,0.0,0.0,0.0,0.0,0.0,0.0,0.0,0.0,0.0,0.0,0.0,0.0,0.0,0.0,0.0,0.0,0.0,0.0,0.0,0.0,0.0,0.0,0.0,0.0,0.0,0.0,0.0,0.0,0.0,0.0,0.0,0.0,0.0,0.0,0.0,0.0,0.0,0.0,0.0,0.0,0.0,0.0,0.0,0.0,0.0,0.0,0.0,0.0,0.0,100.0,0.0,0.0
Peaches and nectarines,0.0,0.0,0.0,0.0,0.0,0.0,0.0,0.0,0.0,0.0,0.0,0.0,0.0,0.0,0.0,0.0,0.0,0.0,0.0,0.0,0.0,0.0,0.0,0.0,0.0,0.0,0.0,0.0,0.0,0.0,0.0,0.0,0.0,0.0,0.0,0.0,0.0,0.0,0.0,0.0,0.0,0.0,0.0,0.0,0.0,0.0,0.0,0.0,0.0,0.0,0.0,0.0,0.0,0.0,0.0,0.0,0.0,0.0,0.0,0.0,0.0,0.0,0.0,0.0,0.0,0.0,0.0,0.0,0.0,0.0,0.0,0.0,100.0,0.0,0.0,0.0,0.0,0.0,0.0,0.0,0.0,0.0,0.0,0.0,0.0,0.0,0.0,0.0,0.0,0.0,0.0,0.0,0.0,0.0,0.0,0.0,0.0,0.0,0.0,0.0,0.0,0.0,0.0,0.0
Fruit; fresh nes,0.0,0.0,0.0,0.0,0.0,0.0,0.0,0.0,0.0,0.0,0.0,0.0,0.0,0.0,0.0,0.0,0.0,0.0,0.0,0.0,0.0,0.0,0.0,0.0,0.0,0.0,0.0,0.0,0.0,0.0,0.0,0.0,0.0,0.0,0.0,0.0,0.0,0.0,100.0,0.0,0.0,0.0,0.0,0.0,0.0,0.0,0.0,0.0,0.0,0.0,0.0,0.0,0.0,0.0,0.0,0.0,0.0,0.0,0.0,0.0,0.0,0.0,0.0,0.0,0.0,0.0,0.0,0.0,0.0,0.0,0.0,0.0,0.0,0.0,0.0,0.0,0.0,0.0,0.0,0.0,0.0,0.0,0.0,0.0,0.0,0.0,0.0,0.0,0.0,0.0,0.0,0.0,0.0,0.0,0.0,0.0,0.0,0.0,0.0,0.0,0.0,0.0,0.0,0.0
Pears,0.0,0.0,0.0,0.0,0.0,0.0,0.0,0.0,0.0,0.0,0.0,0.0,0.0,0.0,0.0,0.0,0.0,0.0,0.0,0.0,0.0,0.0,0.0,0.0,0.0,0.0,0.0,0.0,0.0,0.0,0.0,0.0,0.0,0.0,0.0,0.0,0.0,0.0,0.0,0.0,0.0,0.0,0.0,0.0,0.0,0.0,0.0,0.0,0.0,0.0,0.0,0.0,0.0,0.0,0.0,0.0,0.0,0.0,0.0,0.0,0.0,0.0,0.0,0.0,0.0,0.0,0.0,0.0,0.0,0.0,0.0,0.0,0.0,100.0,0.0,0.0,0.0,0.0,0.0,0.0,0.0,0.0,0.0,0.0,0.0,0.0,0.0,0.0,0.0,0.0,0.0,0.0,0.0,0.0,0.0,0.0,0.0,0.0,0.0,0.0,0.0,0.0,0.0,0.0
Persimmons,0.0,0.0,0.0,0.0,0.0,0.0,0.0,0.0,0.0,0.0,0.0,0.0,0.0,0.0,0.0,0.0,0.0,0.0,0.0,0.0,0.0,0.0,0.0,0.0,0.0,0.0,0.0,0.0,0.0,0.0,0.0,0.0,0.0,0.0,0.0,0.0,0.0,0.0,0.0,0.0,0.0,0.0,0.0,0.0,0.0,0.0,0.0,0.0,0.0,0.0,0.0,0.0,0.0,0.0,0.0,0.0,0.0,0.0,0.0,0.0,0.0,0.0,0.0,0.0,0.0,0.0,0.0,0.0,0.0,0.0,0.0,0.0,0.0,0.0,0.0,0.0,100.0,0.0,0.0,0.0,0.0,0.0,0.0,0.0,0.0,0.0,0.0,0.0,0.0,0.0,0.0,0.0,0.0,0.0,0.0,0.0,0.0,0.0,0.0,0.0,0.0,0.0,0.0,0.0
Pineapples,0.0,0.0,0.0,0.0,0.0,0.0,0.0,0.0,0.0,0.0,0.0,0.0,0.0,0.0,0.0,0.0,0.0,0.0,0.0,0.0,0.0,0.0,0.0,0.0,0.0,0.0,0.0,0.0,0.0,0.0,0.0,0.0,0.0,0.0,0.0,0.0,0.0,0.0,0.0,0.0,0.0,0.0,0.0,0.0,0.0,0.0,0.0,0.0,0.0,0.0,0.0,0.0,0.0,0.0,0.0,0.0,0.0,0.0,0.0,0.0,0.0,0.0,0.0,0.0,0.0,0.0,0.0,0.0,0.0,0.0,0.0,0.0,0.0,0.0,0.0,0.0,0.0,100.0,0.0,0.0,0.0,0.0,0.0,0.0,0.0,0.0,0.0,0.0,0.0,0.0,0.0,0.0,0.0,0.0,0.0,0.0,0.0,0.0,0.0,0.0,0.0,0.0,0.0,0.0
Plums and sloes,0.0,0.0,0.0,0.0,0.0,0.0,0.0,0.0,0.0,0.0,0.0,0.0,0.0,0.0,0.0,0.0,0.0,0.0,0.0,0.0,0.0,0.0,0.0,0.0,0.0,0.0,0.0,0.0,0.0,0.0,0.0,0.0,0.0,0.0,0.0,0.0,0.0,0.0,0.0,0.0,0.0,0.0,0.0,0.0,0.0,0.0,0.0,0.0,0.0,0.0,0.0,0.0,0.0,0.0,0.0,0.0,0.0,0.0,0.0,0.0,0.0,0.0,0.0,0.0,0.0,0.0,0.0,0.0,0.0,0.0,0.0,0.0,0.0,0.0,0.0,0.0,0.0,0.0,0.0,100.0,0.0,0.0,0.0,0.0,0.0,0.0,0.0,0.0,0.0,0.0,0.0,0.0,0.0,0.0,0.0,0.0,0.0,0.0,0.0,0.0,0.0,0.0,0.0,0.0
Almonds; with shell,100.0,0.0,0.0,0.0,0.0,0.0,0.0,0.0,0.0,0.0,0.0,0.0,0.0,0.0,0.0,0.0,0.0,0.0,0.0,0.0,0.0,0.0,0.0,0.0,0.0,0.0,0.0,0.0,0.0,0.0,0.0,0.0,0.0,0.0,0.0,0.0,0.0,0.0,0.0,0.0,0.0,0.0,0.0,0.0,0.0,0.0,0.0,0.0,0.0,0.0,0.0,0.0,0.0,0.0,0.0,0.0,0.0,0.0,0.0,0.0,0.0,0.0,0.0,0.0,0.0,0.0,0.0,0.0,0.0,0.0,0.0,0.0,0.0,0.0,0.0,0.0,0.0,0.0,0.0,0.0,0.0,0.0,0.0,0.0,0.0,0.0,0.0,0.0,0.0,0.0,0.0,0.0,0.0,0.0,0.0,0.0,0.0,0.0,0.0,0.0,0.0,0.0,0.0,0.0
Water,0.0,0.0,0.0,0.0,0.0,0.0,0.0,0.0,0.0,0.0,0.0,0.0,0.0,0.0,0.0,0.0,0.0,0.0,0.0,0.0,0.0,0.0,0.0,0.0,0.0,0.0,0.0,0.0,0.0,0.0,0.0,0.0,0.0,0.0,0.0,0.0,0.0,0.0,0.0,0.0,0.0,0.0,0.0,0.0,0.0,0.0,0.0,0.0,0.0,0.0,0.0,0.0,0.0,0.0,0.0,0.0,0.0,0.0,0.0,0.0,0.0,0.0,0.0,0.0,0.0,0.0,0.0,0.0,0.0,0.0,0.0,0.0,0.0,0.0,0.0,0.0,0.0,0.0,0.0,0.0,0.0,0.0,0.0,0.0,0.0,0.0,0.0,0.0,0.0,0.0,0.0,0.0,0.0,0.0,0.0,0.0,0.0,0.0,0.0,0.0,100.0,0.0,0.0,0.0
Brazil nuts; with shell,0.0,0.0,0.0,0.0,0.0,0.0,0.0,0.0,0.0,0.0,0.0,0.0,0.0,100.0,0.0,0.0,0.0,0.0,0.0,0.0,0.0,0.0,0.0,0.0,0.0,0.0,0.0,0.0,0.0,0.0,0.0,0.0,0.0,0.0,0.0,0.0,0.0,0.0,0.0,0.0,0.0,0.0,0.0,0.0,0.0,0.0,0.0,0.0,0.0,0.0,0.0,0.0,0.0,0.0,0.0,0.0,0.0,0.0,0.0,0.0,0.0,0.0,0.0,0.0,0.0,0.0,0.0,0.0,0.0,0.0,0.0,0.0,0.0,0.0,0.0,0.0,0.0,0.0,0.0,0.0,0.0,0.0,0.0,0.0,0.0,0.0,0.0,0.0,0.0,0.0,0.0,0.0,0.0,0.0,0.0,0.0,0.0,0.0,0.0,0.0,0.0,0.0,0.0,0.0
Nuts nes,0.0,0.0,0.0,0.0,0.0,0.0,0.0,0.0,0.0,0.0,0.0,0.0,0.0,0.0,0.0,0.0,0.0,0.0,0.0,0.0,0.0,0.0,0.0,0.0,0.0,0.0,0.0,0.0,0.0,0.0,0.0,0.0,0.0,0.0,0.0,0.0,0.0,0.0,0.0,0.0,0.0,0.0,0.0,0.0,0.0,0.0,0.0,0.0,0.0,0.0,0.0,0.0,0.0,0.0,0.0,0.0,0.0,0.0,0.0,0.0,0.0,0.0,0.0,0.0,0.0,100.0,0.0,0.0,0.0,0.0,0.0,0.0,0.0,0.0,0.0,0.0,0.0,0.0,0.0,0.0,0.0,0.0,0.0,0.0,0.0,0.0,0.0,0.0,0.0,0.0,0.0,0.0,0.0,0.0,0.0,0.0,0.0,0.0,0.0,0.0,0.0,0.0,0.0,0.0
Cashew nuts; with shell,0.0,0.0,0.0,0.0,0.0,0.0,0.0,0.0,0.0,0.0,0.0,0.0,0.0,0.0,0.0,0.0,0.0,0.0,100.0,0.0,0.0,0.0,0.0,0.0,0.0,0.0,0.0,0.0,0.0,0.0,0.0,0.0,0.0,0.0,0.0,0.0,0.0,0.0,0.0,0.0,0.0,0.0,0.0,0.0,0.0,0.0,0.0,0.0,0.0,0.0,0.0,0.0,0.0,0.0,0.0,0.0,0.0,0.0,0.0,0.0,0.0,0.0,0.0,0.0,0.0,0.0,0.0,0.0,0.0,0.0,0.0,0.0,0.0,0.0,0.0,0.0,0.0,0.0,0.0,0.0,0.0,0.0,0.0,0.0,0.0,0.0,0.0,0.0,0.0,0.0,0.0,0.0,0.0,0.0,0.0,0.0,0.0,0.0,0.0,0.0,0.0,0.0,0.0,0.0
Chestnut,0.0,0.0,0.0,0.0,0.0,0.0,0.0,0.0,0.0,0.0,0.0,0.0,0.0,0.0,0.0,0.0,0.0,0.0,0.0,0.0,0.0,0.0,0.0,100.0,0.0,0.0,0.0,0.0,0.0,0.0,0.0,0.0,0.0,0.0,0.0,0.0,0.0,0.0,0.0,0.0,0.0,0.0,0.0,0.0,0.0,0.0,0.0,0.0,0.0,0.0,0.0,0.0,0.0,0.0,0.0,0.0,0.0,0.0,0.0,0.0,0.0,0.0,0.0,0.0,0.0,0.0,0.0,0.0,0.0,0.0,0.0,0.0,0.0,0.0,0.0,0.0,0.0,0.0,0.0,0.0,0.0,0.0,0.0,0.0,0.0,0.0,0.0,0.0,0.0,0.0,0.0,0.0,0.0,0.0,0.0,0.0,0.0,0.0,0.0,0.0,0.0,0.0,0.0,0.0
Hazelnuts; with shell,0.0,0.0,0.0,0.0,0.0,0.0,0.0,0.0,0.0,0.0,0.0,0.0,0.0,0.0,0.0,0.0,0.0,0.0,0.0,0.0,0.0,0.0,0.0,0.0,0.0,0.0,0.0,0.0,0.0,0.0,0.0,0.0,0.0,0.0,0.0,0.0,0.0,0.0,0.0,0.0,0.0,0.0,0.0,0.0,0.0,0.0,0.0,100.0,0.0,0.0,0.0,0.0,0.0,0.0,0.0,0.0,0.0,0.0,0.0,0.0,0.0,0.0,0.0,0.0,0.0,0.0,0.0,0.0,0.0,0.0,0.0,0.0,0.0,0.0,0.0,0.0,0.0,0.0,0.0,0.0,0.0,0.0,0.0,0.0,0.0,0.0,0.0,0.0,0.0,0.0,0.0,0.0,0.0,0.0,0.0,0.0,0.0,0.0,0.0,0.0,0.0,0.0,0.0,0.0
Pistachios,0.0,0.0,0.0,0.0,0.0,0.0,0.0,0.0,0.0,0.0,0.0,0.0,0.0,0.0,0.0,0.0,0.0,0.0,0.0,0.0,0.0,0.0,0.0,0.0,0.0,0.0,0.0,0.0,0.0,0.0,0.0,0.0,0.0,0.0,0.0,0.0,0.0,0.0,0.0,0.0,0.0,0.0,0.0,0.0,0.0,0.0,0.0,0.0,0.0,0.0,0.0,0.0,0.0,0.0,0.0,0.0,0.0,0.0,0.0,0.0,0.0,0.0,0.0,0.0,0.0,0.0,0.0,0.0,0.0,0.0,0.0,0.0,0.0,0.0,0.0,0.0,0.0,0.0,100.0,0.0,0.0,0.0,0.0,0.0,0.0,0.0,0.0,0.0,0.0,0.0,0.0,0.0,0.0,0.0,0.0,0.0,0.0,0.0,0.0,0.0,0.0,0.0,0.0,0.0
Walnuts; with shell,0.0,0.0,0.0,0.0,0.0,0.0,0.0,0.0,0.0,0.0,0.0,0.0,0.0,0.0,0.0,0.0,0.0,0.0,0.0,0.0,0.0,0.0,0.0,0.0,0.0,0.0,0.0,0.0,0.0,0.0,0.0,0.0,0.0,0.0,0.0,0.0,0.0,0.0,0.0,0.0,0.0,0.0,0.0,0.0,0.0,0.0,0.0,0.0,0.0,0.0,0.0,0.0,0.0,0.0,0.0,0.0,0.0,0.0,0.0,0.0,0.0,0.0,0.0,0.0,0.0,0.0,0.0,0.0,0.0,0.0,0.0,0.0,0.0,0.0,0.0,0.0,0.0,0.0,0.0,0.0,0.0,0.0,0.0,0.0,0.0,0.0,0.0,0.0,0.0,0.0,0.0,0.0,0.0,0.0,0.0,0.0,0.0,0.0,0.0,100.0,0.0,0.0,0.0,0.0
Soybeans,0.0,0.0,0.0,0.0,0.0,0.0,0.0,0.0,0.0,0.0,0.0,0.0,0.0,0.0,0.0,0.0,0.0,0.0,0.0,0.0,0.0,0.0,0.0,0.0,0.0,0.0,0.0,0.0,0.0,0.0,0.0,0.0,0.0,0.0,0.0,0.0,0.0,0.0,0.0,0.0,0.0,0.0,0.0,0.0,0.0,0.0,0.0,0.0,0.0,0.0,0.0,0.0,0.0,0.0,0.0,0.0,0.0,0.0,0.0,0.0,0.0,0.0,0.0,0.0,0.0,0.0,0.0,0.0,0.0,0.0,0.0,0.0,0.0,0.0,0.0,0.0,0.0,0.0,0.0,0.0,0.0,0.0,0.0,0.0,0.0,0.0,0.0,100.0,0.0,0.0,0.0,0.0,0.0,0.0,0.0,0.0,0.0,0.0,0.0,0.0,0.0,0.0,0.0,0.0
Cheese,0.0,0.0,0.0,0.0,0.0,0.0,0.0,0.0,0.0,0.0,0.0,0.0,0.0,0.0,0.0,0.0,0.0,0.0,0.0,0.0,0.0,100.0,0.0,0.0,0.0,0.0,0.0,0.0,0.0,0.0,0.0,0.0,0.0,0.0,0.0,0.0,0.0,0.0,0.0,0.0,0.0,0.0,0.0,0.0,0.0,0.0,0.0,0.0,0.0,0.0,0.0,0.0,0.0,0.0,0.0,0.0,0.0,0.0,0.0,0.0,0.0,0.0,0.0,0.0,0.0,0.0,0.0,0.0,0.0,0.0,0.0,0.0,0.0,0.0,0.0,0.0,0.0,0.0,0.0,0.0,0.0,0.0,0.0,0.0,0.0,0.0,0.0,0.0,0.0,0.0,0.0,0.0,0.0,0.0,0.0,0.0,0.0,0.0,0.0,0.0,0.0,0.0,0.0,0.0
Tea,0.0,0.0,0.0,0.0,0.0,0.0,0.0,0.0,0.0,0.0,0.0,0.0,0.0,0.0,0.0,0.0,0.0,0.0,0.0,0.0,0.0,0.0,0.0,0.0,0.0,0.0,0.0,0.0,0.0,0.0,0.0,0.0,0.0,0.0,0.0,0.0,0.0,0.0,0.0,0.0,0.0,0.0,0.0,0.0,0.0,0.0,0.0,0.0,0.0,0.0,0.0,0.0,0.0,0.0,0.0,0.0,0.0,0.0,0.0,0.0,0.0,0.0,0.0,0.0,0.0,0.0,0.0,0.0,0.0,0.0,0.0,0.0,0.0,0.0,0.0,0.0,0.0,0.0,0.0,0.0,0.0,0.0,0.0,0.0,0.0,0.0,0.0,0.0,0.0,0.0,0.0,0.0,0.0,0.0,0.0,100.0,0.0,0.0,0.0,0.0,0.0,0.0,0.0,0.0
Tomatoes,0.0,0.0,0.0,0.0,0.0,0.0,0.0,0.0,0.0,0.0,0.0,0.0,0.0,0.0,0.0,0.0,0.0,0.0,0.0,0.0,0.0,0.0,0.0,0.0,0.0,0.0,0.0,0.0,0.0,0.0,0.0,0.0,0.0,0.0,0.0,0.0,0.0,0.0,0.0,0.0,0.0,0.0,0.0,0.0,0.0,0.0,0.0,0.0,0.0,0.0,0.0,0.0,0.0,0.0,0.0,0.0,0.0,0.0,0.0,0.0,0.0,0.0,0.0,0.0,0.0,0.0,0.0,0.0,0.0,0.0,0.0,0.0,0.0,0.0,0.0,0.0,0.0,0.0,0.0,0.0,0.0,0.0,0.0,0.0,0.0,0.0,0.0,0.0,0.0,0.0,0.0,0.0,0.0,0.0,0.0,0.0,100.0,0.0,0.0,0.0,0.0,0.0,0.0,0.0
Milk; whole fresh cow,0.0,0.0,0.0,0.0,0.0,0.0,0.0,0.0,0.0,0.0,0.0,0.0,0.0,0.0,0.0,0.0,0.0,0.0,0.0,0.0,0.0,0.0,0.0,0.0,0.0,0.0,0.0,0.0,0.0,0.0,0.0,0.0,0.0,0.0,0.0,0.0,0.0,0.0,0.0,0.0,0.0,0.0,0.0,0.0,0.0,0.0,0.0,0.0,0.0,0.0,0.0,0.0,0.0,0.0,0.0,0.0,0.0,0.0,0.0,0.0,0.0,0.0,0.0,100.0,0.0,0.0,0.0,0.0,0.0,0.0,0.0,0.0,0.0,0.0,0.0,0.0,0.0,0.0,0.0,0.0,0.0,0.0,0.0,0.0,0.0,0.0,0.0,0.0,0.0,0.0,0.0,0.0,0.0,0.0,0.0,0.0,0.0,0.0,0.0,0.0,0.0,0.0,0.0,0.0
Lettuce and chicory,0.0,0.0,0.0,0.0,0.0,0.0,0.0,0.0,0.0,0.0,0.0,0.0,0.0,0.0,0.0,0.0,0.0,0.0,0.0,0.0,0.0,0.0,0.0,0.0,0.0,0.0,0.0,0.0,0.0,0.0,0.0,0.0,0.0,0.0,0.0,0.0,0.0,0.0,0.0,0.0,0.0,0.0,0.0,0.0,0.0,0.0,0.0,0.0,0.0,0.0,0.0,0.0,100.0,0.0,0.0,0.0,0.0,0.0,0.0,0.0,0.0,0.0,0.0,0.0,0.0,0.0,0.0,0.0,0.0,0.0,0.0,0.0,0.0,0.0,0.0,0.0,0.0,0.0,0.0,0.0,0.0,0.0,0.0,0.0,0.0,0.0,0.0,0.0,0.0,0.0,0.0,0.0,0.0,0.0,0.0,0.0,0.0,0.0,0.0,0.0,0.0,0.0,0.0,0.0
Onions; shallots; green,0.0,0.0,0.0,0.0,0.0,0.0,0.0,0.0,0.0,0.0,0.0,0.0,0.0,0.0,0.0,0.0,0.0,0.0,0.0,0.0,0.0,0.0,0.0,0.0,0.0,0.0,0.0,0.0,0.0,0.0,0.0,0.0,0.0,0.0,0.0,0.0,0.0,0.0,0.0,0.0,0.0,0.0,0.0,0.0,0.0,0.0,0.0,0.0,0.0,0.0,0.0,0.0,0.0,0.0,0.0,0.0,0.0,0.0,0.0,0.0,0.0,0.0,0.0,0.0,0.0,0.0,0.0,0.0,0.0,0.0,100.0,0.0,0.0,0.0,0.0,0.0,0.0,0.0,0.0,0.0,0.0,0.0,0.0,0.0,0.0,0.0,0.0,0.0,0.0,0.0,0.0,0.0,0.0,0.0,0.0,0.0,0.0,0.0,0.0,0.0,0.0,0.0,0.0,0.0
Eggplants (aubergines),0.0,0.0,0.0,0.0,0.0,0.0,0.0,0.0,0.0,0.0,0.0,0.0,0.0,0.0,0.0,0.0,0.0,0.0,0.0,0.0,0.0,0.0,0.0,0.0,0.0,0.0,0.0,0.0,0.0,0.0,0.0,0.0,0.0,100.0,0.0,0.0,0.0,0.0,0.0,0.0,0.0,0.0,0.0,0.0,0.0,0.0,0.0,0.0,0.0,0.0,0.0,0.0,0.0,0.0,0.0,0.0,0.0,0.0,0.0,0.0,0.0,0.0,0.0,0.0,0.0,0.0,0.0,0.0,0.0,0.0,0.0,0.0,0.0,0.0,0.0,0.0,0.0,0.0,0.0,0.0,0.0,0.0,0.0,0.0,0.0,0.0,0.0,0.0,0.0,0.0,0.0,0.0,0.0,0.0,0.0,0.0,0.0,0.0,0.0,0.0,0.0,0.0,0.0,0.0
Sugar beet,0.0,0.0,0.0,0.0,0.0,0.0,0.0,0.0,0.0,0.0,0.0,0.0,0.0,0.0,0.0,0.0,0.0,0.0,0.0,0.0,0.0,0.0,0.0,0.0,0.0,0.0,0.0,0.0,0.0,0.0,0.0,0.0,0.0,0.0,0.0,0.0,0.0,0.0,0.0,0.0,0.0,0.0,0.0,0.0,0.0,0.0,0.0,0.0,0.0,0.0,0.0,0.0,0.0,0.0,0.0,0.0,0.0,0.0,0.0,0.0,0.0,0.0,0.0,0.0,0.0,0.0,0.0,0.0,0.0,0.0,0.0,0.0,0.0,0.0,0.0,0.0,0.0,0.0,0.0,0.0,0.0,0.0,0.0,0.0,0.0,0.0,0.0,0.0,0.0,0.0,0.0,100.0,0.0,0.0,0.0,0.0,0.0,0.0,0.0,0.0,0.0,0.0,0.0,0.0
Chillies and peppers; green,0.0,0.0,0.0,0.0,0.0,0.0,0.0,0.0,0.0,0.0,0.0,0.0,0.0,0.0,0.0,0.0,0.0,0.0,0.0,0.0,0.0,0.0,0.0,0.0,100.0,0.0,0.0,0.0,0.0,0.0,0.0,0.0,0.0,0.0,0.0,0.0,0.0,0.0,0.0,0.0,0.0,0.0,0.0,0.0,0.0,0.0,0.0,0.0,0.0,0.0,0.0,0.0,0.0,0.0,0.0,0.0,0.0,0.0,0.0,0.0,0.0,0.0,0.0,0.0,0.0,0.0,0.0,0.0,0.0,0.0,0.0,0.0,0.0,0.0,0.0,0.0,0.0,0.0,0.0,0.0,0.0,0.0,0.0,0.0,0.0,0.0,0.0,0.0,0.0,0.0,0.0,0.0,0.0,0.0,0.0,0.0,0.0,0.0,0.0,0.0,0.0,0.0,0.0,0.0
Leeks; other alliaceous vegetables,0.0,0.0,0.0,0.0,0.0,0.0,0.0,0.0,0.0,0.0,0.0,0.0,0.0,0.0,0.0,0.0,0.0,0.0,0.0,0.0,0.0,0.0,0.0,0.0,0.0,0.0,0.0,0.0,0.0,0.0,0.0,0.0,0.0,0.0,0.0,0.0,0.0,0.0,0.0,0.0,0.0,0.0,0.0,0.0,0.0,0.0,0.0,0.0,0.0,100.0,0.0,0.0,0.0,0.0,0.0,0.0,0.0,0.0,0.0,0.0,0.0,0.0,0.0,0.0,0.0,0.0,0.0,0.0,0.0,0.0,0.0,0.0,0.0,0.0,0.0,0.0,0.0,0.0,0.0,0.0,0.0,0.0,0.0,0.0,0.0,0.0,0.0,0.0,0.0,0.0,0.0,0.0,0.0,0.0,0.0,0.0,0.0,0.0,0.0,0.0,0.0,0.0,0.0,0.0
Anise; badian; fennel; coriander,0.0,100.0,0.0,0.0,0.0,0.0,0.0,0.0,0.0,0.0,0.0,0.0,0.0,0.0,0.0,0.0,0.0,0.0,0.0,0.0,0.0,0.0,0.0,0.0,0.0,0.0,0.0,0.0,0.0,0.0,0.0,0.0,0.0,0.0,0.0,0.0,0.0,0.0,0.0,0.0,0.0,0.0,0.0,0.0,0.0,0.0,0.0,0.0,0.0,0.0,0.0,0.0,0.0,0.0,0.0,0.0,0.0,0.0,0.0,0.0,0.0,0.0,0.0,0.0,0.0,0.0,0.0,0.0,0.0,0.0,0.0,0.0,0.0,0.0,0.0,0.0,0.0,0.0,0.0,0.0,0.0,0.0,0.0,0.0,0.0,0.0,0.0,0.0,0.0,0.0,0.0,0.0,0.0,0.0,0.0,0.0,0.0,0.0,0.0,0.0,0.0,0.0,0.0,0.0
Pumpkins; squash and gourds,0.0,0.0,0.0,0.0,0.0,0.0,0.0,0.0,0.0,0.0,0.0,0.0,0.0,0.0,0.0,0.0,0.0,0.0,0.0,0.0,0.0,0.0,0.0,0.0,0.0,0.0,0.0,0.0,0.0,0.0,0.0,0.0,0.0,0.0,0.0,0.0,0.0,0.0,0.0,0.0,0.0,0.0,0.0,0.0,0.0,0.0,0.0,0.0,0.0,0.0,0.0,0.0,0.0,0.0,0.0,0.0,0.0,0.0,0.0,0.0,0.0,0.0,0.0,0.0,0.0,0.0,0.0,0.0,0.0,0.0,0.0,0.0,0.0,0.0,0.0,0.0,0.0,0.0,0.0,0.0,0.0,0.0,100.0,0.0,0.0,0.0,0.0,0.0,0.0,0.0,0.0,0.0,0.0,0.0,0.0,0.0,0.0,0.0,0.0,0.0,0.0,0.0,0.0,0.0
Cucumbers and gherkins,0.0,0.0,0.0,0.0,0.0,0.0,0.0,0.0,0.0,0.0,0.0,0.0,0.0,0.0,0.0,0.0,0.0,0.0,0.0,0.0,0.0,0.0,0.0,0.0,0.0,0.0,0.0,0.0,0.0,0.0,100.0,0.0,0.0,0.0,0.0,0.0,0.0,0.0,0.0,0.0,0.0,0.0,0.0,0.0,0.0,0.0,0.0,0.0,0.0,0.0,0.0,0.0,0.0,0.0,0.0,0.0,0.0,0.0,0.0,0.0,0.0,0.0,0.0,0.0,0.0,0.0,0.0,0.0,0.0,0.0,0.0,0.0,0.0,0.0,0.0,0.0,0.0,0.0,0.0,0.0,0.0,0.0,0.0,0.0,0.0,0.0,0.0,0.0,0.0,0.0,0.0,0.0,0.0,0.0,0.0,0.0,0.0,0.0,0.0,0.0,0.0,0.0,0.0,0.0
Garlic,0.0,0.0,0.0,0.0,0.0,0.0,0.0,0.0,0.0,0.0,0.0,0.0,0.0,0.0,0.0,0.0,0.0,0.0,0.0,0.0,0.0,0.0,0.0,0.0,0.0,0.0,0.0,0.0,0.0,0.0,0.0,0.0,0.0,0.0,0.0,0.0,0.0,0.0,0.0,0.0,100.0,0.0,0.0,0.0,0.0,0.0,0.0,0.0,0.0,0.0,0.0,0.0,0.0,0.0,0.0,0.0,0.0,0.0,0.0,0.0,0.0,0.0,0.0,0.0,0.0,0.0,0.0,0.0,0.0,0.0,0.0,0.0,0.0,0.0,0.0,0.0,0.0,0.0,0.0,0.0,0.0,0.0,0.0,0.0,0.0,0.0,0.0,0.0,0.0,0.0,0.0,0.0,0.0,0.0,0.0,0.0,0.0,0.0,0.0,0.0,0.0,0.0,0.0,0.0
Ginger,0.0,0.0,0.0,0.0,0.0,0.0,0.0,0.0,0.0,0.0,0.0,0.0,0.0,0.0,0.0,0.0,0.0,0.0,0.0,0.0,0.0,0.0,0.0,0.0,0.0,0.0,0.0,0.0,0.0,0.0,0.0,0.0,0.0,0.0,0.0,0.0,0.0,0.0,0.0,0.0,0.0,100.0,0.0,0.0,0.0,0.0,0.0,0.0,0.0,0.0,0.0,0.0,0.0,0.0,0.0,0.0,0.0,0.0,0.0,0.0,0.0,0.0,0.0,0.0,0.0,0.0,0.0,0.0,0.0,0.0,0.0,0.0,0.0,0.0,0.0,0.0,0.0,0.0,0.0,0.0,0.0,0.0,0.0,0.0,0.0,0.0,0.0,0.0,0.0,0.0,0.0,0.0,0.0,0.0,0.0,0.0,0.0,0.0,0.0,0.0,0.0,0.0,0.0,0.0
Vegetables; leguminous nes,0.0,0.0,0.0,0.0,0.0,0.0,0.0,0.0,0.0,0.0,0.0,0.0,0.0,0.0,0.0,0.0,0.0,0.0,0.0,0.0,0.0,0.0,0.0,0.0,0.0,0.0,0.0,0.0,0.0,0.0,0.0,0.0,0.0,0.0,0.0,0.0,0.0,0.0,0.0,0.0,0.0,0.0,0.0,0.0,0.0,0.0,0.0,0.0,0.0,0.0,0.0,0.0,0.0,0.0,0.0,0.0,0.0,0.0,0.0,0.0,0.0,0.0,0.0,0.0,0.0,0.0,0.0,0.0,0.0,0.0,0.0,0.0,0.0,0.0,0.0,0.0,0.0,0.0,0.0,0.0,0.0,0.0,0.0,0.0,0.0,0.0,0.0,0.0,0.0,0.0,0.0,0.0,0.0,0.0,0.0,0.0,0.0,0.0,100.0,0.0,0.0,0.0,0.0,0.0
