rst_4_extended,validation_field_title
Air Freshener Aerosols,,
Air Fresheners Candle,,
Air Fresheners Non-Barcoded,,
Block Air Fresheners,,
Carpet Air Fresheners,,
Continuous Air Fresheners,,
Dishwasher Freshener,,
Other Types Air Freshener,,
Vacuum Fresheners,,
Ambient Cakes Cake Bars,cakes & pastries,
Ambient Cakes Cake Portions,cakes & pastries,
Ambient Cakes Cheesecake,cakes & pastries,
Ambient Cakes Flapjack,cakes & pastries,
Ambient Cakes ISB Cookies,biscuits - isb cookies,
Ambient Cakes Large Pies,cakes & pastries,
Ambient Cakes Large Swiss Roll,cakes & pastries,
Ambient Cakes Large Tarts,cakes & pastries,
Ambient Cakes Large Whole Cake,cakes & pastries,
Ambient Cakes Malt/Fruit Loave,cakes & pastries,
Ambient Cakes Muffins,cakes & pastries,
Ambient Cakes Other Cakes,cakes & pastries,
Ambient Cakes Slab/Cut Cakes,cakes & pastries,
Ambient Cakes Slices,cakes & pastries,
Ambient Cakes Small Cakes,cakes & pastries,
Ambient Cakes Small Pies,cakes & pastries,
Ambient Cakes Small Swiss Roll,cakes & pastries,
Ambient Cakes Small Tarts,cakes & pastries,
Ambient Cakes Sponge Sandwich,cakes & pastries,
Ambient Cakes Trifle Sponges,cakes & pastries,
Ambient Cakes Unfilled Flans,cakes & pastries,
Ambient Cakes+Danish Pastries,cakes & pastries,
Ambient Cakes+Past Mince Pies,cakes & pastries,
Meringue/Other Ambient Dessert,cakes & pastries,
Small Cakes,cakes & pastries,
Sponge Sandwich,cakes & pastries,
Ambient Christ Traditional Pud,christmas puddings,
Ambient Xmas Pudding Luxury,christmas puddings,
Ambient Cndmnt All Other Types,cooking sauces and condiments,
Ambient Cndmnt Apple Sce,cooking sauces and condiments,
Ambient Cndmnt Cranberry Sce,cooking sauces and condiments,
Ambient Cndmnt Horseradish Sce,cooking sauces and condiments,
Ambient Cndmnt Mint Sce/Jlly,cooking sauces and condiments,
Ambient Cndmnt Tartare Sce,cooking sauces and condiments,
Ambient Condim Bearnaise Sauce,cooking sauces and condiments,
Ambient Condim Hollandaise Sau,cooking sauces and condiments,
Ambient Condim Liquid Pour Ove,cooking sauces and condiments,
Ambient Condim Other Ckng Addt,cooking sauces and condiments,
Ambient Condimen Pepper Sauce,cooking sauces and condiments,
Ambnt Cndmnt Red-Currant Jelly,cooking sauces and condiments,
Prawn Cocktail/Seafood Sauces,cooking sauces and condiments,
Ambient Ckng Sce Indian,cooking sauces and condiments,
Ambient Ckng Sce Italian,cooking sauces and condiments,
Ambient Ckng Sce Oriental,cooking sauces and condiments,
Ambient Ckng Sce Tex-Mex,cooking sauces and condiments,
Ambient Ckng Sce Traditional,cooking sauces and condiments,
Ambient Cooking Other Ethnic,cooking sauces and condiments,
Ambient Dips,dips - ambient,
Ambient Flavoured Milk,soft drinks-mlkshks (rdy made),
Ambient Olives Black,olives,
Ambient Olives Green,olives,
Ambient Olives Mixed,olives,
Amb One Shot From Concentrate,soft drinks-frt jce/drnks,
Ambient One Sh Functional Stil,soft drinks-frt jce/drnks,
Ambient One Sh Juice Drinks Co,soft drinks-frt jce/drnks,
Ambient One Sh Refreshment Ene,soft drinks-frt jce/drnks,
Ambient One Sh Still Adult Dri,soft drinks-frt jce/drnks,
Ambient One Sho Sports Drinks,soft drinks-frt jce/drnks,
Ambient One Shot Dri Iced Tea,soft drinks-frt jce/drnks,
Ambient One Shot Drinks,soft drinks-frt jce/drnks,
Ambient One Shot Frshly Sqzd,soft drinks-frt jce/drnks,
Ambient One Shot Juice Drinks,soft drinks-frt jce/drnks,
Ambient One Shot Not From Conc,soft drinks-frt jce/drnks,
Ambient One Shot Smoothies,soft drinks-frt jce/drnks,
Ambient Paste Non Barcoded,paste+spreads,
Ambient Paste Paste+Spreads,paste+spreads,
Ambient Paste Potato Toppers,paste+spreads,
Ambient Paste Red Pepper+Feta,paste+spreads,
Ambient Paste Sandwich Spread,paste+spreads,
Ambient Paste Toasting Topper,paste+spreads,
Ambient Paste+Spreads Pate,paste+spreads,
Ambient Paste+Spreads Tapenade,paste+spreads,
Ambient Pastes Roasted Red Pep,paste+spreads,
Ambient Pastes Sundried Tomato,paste+spreads,
Ambient Pizza Bases,pizza - fresh+ambient,
Ambient Rice Bulk Plain Rice,rice+savoury noodles,
Ambient Rice Non Barcoded,rice+savoury noodles,
Ambient Rice Other Plain Rice,rice+savoury noodles,
Ambient Rice Other Rice,rice+savoury noodles,
Ambient Rice Pouch Rice,rice+savoury noodles,
Ambient Rice Savoury Noodle,rice+savoury noodles,
Ambient Rice Savoury Pasta,rice+savoury noodles,
Ambient Rice+S Wholegrain Basm,rice+savoury noodles,
Ambient Rice+S Wholegrain Pila,rice+savoury noodles,
Ambient Rice+Sv Plain Noodles,rice+savoury noodles,
Ambient Rice+Svry N Pot Snack,rice+savoury noodles,
Ambnt Rice Dried Savoury Rice,rice+savoury noodles,
Ambient Sandwich Filler,sandwich fillers,
Ambient Slimming Products,slimming prds-meal replacement,
Ambient Soup Low Calorie,soups-liquid,
Ambient Soup Non Barcoded,soups-liquid,
Ambient Soup Premium,soups-liquid,
Ambient Soup Regular,soups-liquid,
Ambient Soup Thick Diced,soups-liquid,
Ambient Sponge Puddings,ambient sponge puddings,
Ambient Vgtrn Other Vegetable,ambient vegetables-other veg,
Ambient Vgtrn P Soya Products,ambient hot meat/soya/veg prod,
Ambient Vgtrn Ssgs/Frnkfrtr,ambient hot meat/soya/veg prod,
Ambient Vgtrn Stews+Casserole,ambient hot meat/soya/veg prod,
Ambient Fruit Instant NFC,fruit juice & fruit drinks,
Ambient Fruit Jce Drink,fruit juice & fruit drinks,
Ambient Fruit Jce FC,fruit juice & fruit drinks,
Ambient Fruit Juice NFC,fruit juice & fruit drinks,
Ambient Fruit Pure FC,fruit juice & fruit drinks,
Ambient Fruit Pure Jce Drink,fruit juice & fruit drinks,
Ambient Fruit Pure NFC,fruit juice & fruit drinks,
Ambient Fruit Pure Smoothies,fruit juice & fruit drinks,
Ambient Fruit Yoghurt Drink,yoghurt drinks and juices,
Ambient Juice Drinks,fruit juice & fruit drinks,
Ambnt Fru Ambient J Flavoured,fruit juice & fruit drinks,
Ambnt Fru Ambient J Sports Dri,fruit juice & fruit drinks,
Ambnt Fru Ambient J Still Adul,fruit juice & fruit drinks,
Ambnt Fru Ambient P NFC Cold P,fruit juice & fruit drinks,
Ambnt Fru Ambient P Sparkling,fruit juice & fruit drinks,
Ambnt Fru Ambient P Still Adul,fruit juice & fruit drinks,
Ambnt Fru Yoghurt D Smoothies,yoghurt drinks and juices,
Ambnt Fru Yoghurt D Still Adul,yoghurt drinks and juices,
Ambnt Frui Ambient J Iced Tea,fruit juice & fruit drinks,
Ambnt Frui Instant Juice Drink,fruit juice & fruit drinks,
Amb Salad Acc Non Barcoded,salad dressing,
Amb Salad Acc Pourable Drssing,salad dressing,
Ambient Salad Cream,mayonnaise and salad cream,
Ambnt Salad Accomp Mayonnaise,mayonnaise and salad cream,
Anti-Diarrhoea Liquid Capsules,,
Anti-Diarrhoeal Caplets,,
Anti-Diarrhoeal Capsule,,
Anti-Diarrhoeal Capsule/Powder,,
Anti-Diarrhoeal Liquid,,
Anti-Diarrhoeal Powder,,
Anti-Diarrhoeal Tablets,,
Antiseptics&Liq Dsnfctnt,,
Artificial Swtnr Granule/Pwdr,sugar,
Artificial Swtnrs Tablet,sugar,
Liquid Artificial Sweetners,syrup and treacle,
Baked Beans Non Barcoded,baked beans,
Baked Beans Variants,baked beans,
Baked Beans+Tomato,baked beans,
Bar Soap Multi-Pack,,
Bar Soap Single,,
Bath+Shower Pr Non Barcoded Pr,,
Bath+Shower Pr Shower Products,,
Bath+Shower Prod Wash Mittens,,
Bath+Shower Product Body Wash,,
Bath+Shower Products Cubes,,
Bath+Shower Products Liquid,,
Bath+Shower Products Salts,,
Shower Products,,
Batteries,,
Ale,alcohol-beer bitter,
Lager,alcohol-beer lgr >4.3 abv stgh,NOTE
Stout,alcohol-beer stout,
Bin Liners Dustbin,,
Bin Liners Garden Sack,,
Bin Liners Large Pedal Bin,,
Bin Liners Recycle Sack,,
Bin Liners Refuse Sack,,
Bin Liners Rubble Sack,,
Bin Liners Small Pedal Bin,,
Bin Liners Swing Bin,,
Bin Liners Waste Basket,,
Bin Liners Wheelie,,
Low Calorie Bitter Lemon,lemon and lime juices,
Standard Bitter Lemon,lemon and lime juices,
Bleaches&Lavat Blue Cypress+Mi,,
Bleaches+Lavatory Non-Barcoded,,
Bowl Block Cleaners,,
Cistern Block Cleaners,,
Lavatory Bleach,,
Lavatory Cleaner Mousse,,
Lavatory Tablets,,
Lavatory Wipes,,
Liquid Bleach,,
Liquid Lavatory Cleaners,,
Powder Lavatory Cleaners,,
Bottled Cola Non Barcode Cola,soft drinks-cola bottles,
Bottled Colas Diet Cola,soft drinks-cola bottles,
Bottled Colas Regular Cola,soft drinks-cola bottles,
Bottled Diet Lemonade,soft drinks-mixers,
Bottled Lemo Diet Sport+Energy,soft drinks-mixers,
Bottled Regular Lemonade,soft drinks-mixers,
Bottled O Low Calor Flavoured,soft drinks-crbntd flvrs bttls,
Bottled O Non Barco Flavoured,soft drinks-crbntd flvrs bttls,
Bottled Ot Regular Flavoured C,soft drinks-crbntd flvrs bttls,
Bottled Ot Regular Sport+Energ,soft drinks-crbntd flvrs bttls,
Bottled Othe Diet Flavoured Ca,soft drinks-crbntd flvrs bttls,
Bottled Othe Diet Sport+Energy,soft drinks-crbntd flvrs bttls,
Bottled Othe Regular Lemonade,soft drinks-mixers,
Bottled Other F Diet Lemonade,soft drinks-mixers,
Bottled Shandies Diet,soft drinks-shandies,
Regular Bottled Shandies,soft drinks-shandies,
Breakfast Cere Breakfast Drink,breakfast cereals,
Breakfast Cereal Ready To Eat,breakfast cereals,
Breakfast Cereals Granola,breakfast cereals,
Breakfast Cereals Muesli,breakfast cereals,
Breakfast Cereals Non barcoded,breakfast cereals,
Instant Porridge,breakfast cereals,
Porridge Oat,breakfast cereals,
Ready To Eat Cereals,breakfast cereals,
Butter Gluten Free Block,butter,
Butter Non Barcoded Pro Block,butter,
Butter Slightly Sal Flavoured,butter,
Butter Slightly Sal Spreadable,butter,
Butter Slightly Salted Block,butter,
Butter Standard Alcoholic Butt,butter,
Butter Standard Block,butter,
Butter Standard Flavoured,butter,
Butter Standard Other,butter,
Butter Standard Spreadable,butter,
Butter Unsalted Alcoholic Butt,butter,
Butter Unsalted Block,butter,
Butter Unsalted Other,butter,
Butter Unsalted Spreadable,butter,
Canned Col Regular Sport+Energ,soft drinks-cola canned,
Canned Colas Diet Cola,soft drinks-cola canned,
Canned Colas Regular Cola,soft drinks-cola canned,
Canned Brisling,canned fish,
Canned Crab/Crabmeat,canned fish,
Canned Fish Other Fish in Jars,canned fish,
Canned Keta Salmon,canned fish,
Canned Mackerel,canned fish,
Canned Medium Red Salmon,canned fish,
Canned Pilchard,canned fish,
Canned Pink Salmon,canned fish,
Canned Red Salmon,canned fish,
Canned Sardines,canned fish,
Canned Sild,canned fish,
Canned Tuna,canned fish,
Other Canned Fish,canned fish,
Tuna,canned fish,
Canned Hot Meats Bacon Grill,canned ham,
Canned Hot Meats Non-Barcoded,canned ham,
Hot Canned Fillings Meat,tinned cold meats,
Hot Canned Meatballs,tinned cold meats,
Hot Canned Mince,tinned cold meats,
Hot Canned Other Meat Products,tinned cold meats,
Hot Canned Pies,tinned cold meats,
Hot Canned Puddings,tinned cold meats,
Hot Canned Ready Meals,tinned cold meats,
Hot can Sausages/Frankfurters,tinned cold meats,
Canned Lemon Regular Lemonade,soft drinks-crbntd flvrs cnnd,
Canned Lemonade Diet Lemonade,soft drinks-crbntd flvrs cnnd,
Canned Oth Regular Sport+Energ,soft drinks-crbntd flvrs cnnd,
Canned Other Carbonated,soft drinks-crbntd flvrs cnnd,
Canned Other Diet Carbonate,soft drinks-crbntd flvrs cnnd,
Canned Other Diet Sport+Energy,soft drinks-crbntd flvrs cnnd,
Diet,soft drinks-crbntd flvrs cnnd,
Canned Bolognese,pasta-canned,
Canned Hooped Spaghetti,pasta-canned,
Canned Long Spaghetti,pasta-canned,
Canned Macaroni,pasta-canned,
Canned Other Pasta,pasta-canned,
Canned Pasta Prds Non Barcoded,pasta-canned,
Canned Pasta Produ Pasta Meal,pasta-canned,
Canned Ravioli,pasta-canned,
Canned Shaped Pasta,pasta-canned,
Canned Spaghetti Meals,pasta-canned,
Canned Rice Other Milk Pudding,ambient milk puddings,
Canned Rice Pud Non Barcoded,ambient milk puddings,
Canned Rice Pudding Rice,ambient milk puddings,
Canned Salads,prepared salads,
Diet Canned Shandies,soft drinks-shandies,
Regular Canned Shandies,soft drinks-shandies,
Canned Flageolet Bns+Crt+Tom,vegetables-canned peas & beans,
Canned Petit Pois+Carrot+Mshrm,vegetables-canned peas & beans,
Canned Veg Artichokes,vegetables-canned peas & beans,
Canned Veg Asparagus,vegetables-canned peas & beans,
Canned Veg Baby Carrots,vegetables-canned peas & beans,
Canned Veg Beetroot,vegetables-canned peas & beans,
Canned Veg Button Mushroom,vegetables-canned peas & beans,
Canned Veg Celery,vegetables-canned peas & beans,
Canned Veg Chopped Mushroom,vegetables-canned peas & beans,
Canned Veg Creamed Mushroom,vegetables-canned peas & beans,
Canned Veg Garlic Mushroom,vegetables-canned peas & beans,
Canned Veg Green Pepper,vegetables-canned peas & beans,
Canned Veg Jersey Potatoes,vegetables-canned peas & beans,
Canned Veg Lentil,vegetables-canned peas & beans,
Canned Veg Mixed Pulses,vegetables-canned peas & beans,
Canned Veg Mixed Vegetable,vegetables-canned peas & beans,
Canned Veg Mushrooms,vegetables-canned peas & beans,
Canned Veg New Potatoes,vegetables-canned peas & beans,
Canned Veg Onions,vegetables-canned peas & beans,
Canned Veg Other,vegetables-canned peas & beans,
Canned Veg Patra,vegetables-canned peas & beans,
Canned Veg Peas+Carrots,vegetables-canned peas & beans,
Canned Veg Peas+Sweetcorn,vegetables-canned peas & beans,
Canned Veg Petit Pois,vegetables-canned peas & beans,
Canned Veg Petit Pois+Bby Crrt,vegetables-canned peas & beans,
Canned Veg Petit Pois+Carrots,vegetables-canned peas & beans,
Canned Veg Petit Pois+Swede,vegetables-canned peas & beans,
Canned Veg Ratatouille,vegetables-canned peas & beans,
Canned Veg Red Cabbage,vegetables-canned peas & beans,
Canned Veg Red Peppers,vegetables-canned peas & beans,
Canned Veg Sliced Carrots,vegetables-canned peas & beans,
Canned Veg Sliced Mushroom,vegetables-canned peas & beans,
Canned Veg Spinach,vegetables-canned peas & beans,
Canned Veg Sweetcorn,vegetables-canned peas & beans,
Canned Veg Yellow Peppers,vegetables-canned peas & beans,
Canned Vegetab Assorted Pepper,vegetables-canned peas & beans,
Canned Vegetab Chantenay Carro,vegetables-canned peas & beans,
Canned Vegetab Grated Potatoes,vegetables-canned peas & beans,
Canned Vegetab Lentil+Onion+Ca,vegetables-canned peas & beans,
Canned Vegetab Mediterranean S,vegetables-canned peas & beans,
Canned Vegetab Mixed Vegetable,vegetables-canned peas & beans,
Canned Vegetab Mungbean Sprout,vegetables-canned peas & beans,
Canned Vegetab Stuffed Cabbage,vegetables-canned peas & beans,
Canned Vegetab Sun Kissed Pepp,vegetables-canned peas & beans,
Canned Vegetable Diced Potato,vegetables-canned peas & beans,
Canned Vegetables Barley,vegetables-canned peas & beans,
Canned Vegetables Peas+Beans,vegetables-canned peas & beans,
Cnnd Veg Mushroom in Wte Sce,vegetables-canned peas & beans,
Cnnd Veg Mushroom+Smokey Bacon,vegetables-canned peas & beans,
Other Canned Vegetables,vegetables-canned peas & beans,
Carpet Cleaners,,
Carpet Clnrs/S Carpet Cleaner,,
Other Stain Removers,,
Cat Litter,,
Cat+Dog Treats Cat Treats,,
Cat+Dog Treats Dog Treats,,
Dog Treats,,
Cereal Bars,cereal bars,
Cereal Bars Assorted,cereal bars,
Cereal Bars Chocolate,cereal bars,
Cereal Bars Exotic Fruit,cereal bars,
Cereal Bars Fruit+Nut,cereal bars,
Cereal Bars Nuts,cereal bars,
Cereal Bars Other Flavour,cereal bars,
Cereal Bars Plain Cereals,cereal bars,
Cereal Bars Single Fruit,cereal bars,
Fruit Bars Assorted,fruit bars,
Fruit Bars Berries,fruit bars,
Fruit Bars Core Fruit,fruit bars,
Fruit Bars Exotic Fruit,fruit bars,
Fruit Bars Other,fruit bars,
Child Bisc Assortment,biscuits - seasonal,
Child Bisc Chocolate Mallows,biscuits - seasonal,
Child Bisc Coconut/Nice,biscuits - seasonal,
Child Bisc Cookies,biscuits - seasonal,
Child Bisc Dips,biscuits - seasonal,
Child Bisc Fully Coated,biscuits - chocolate coated,
Child Bisc Ginger,biscuits - plain+savoury,
Child Bisc Half Coated,biscuits - chocolate coated,
Child Bisc Half Iced,biscuits - chocolate coated,
Child Bisc Jaffa Cakes,biscuits - chocolate coated,
Child Bisc Jam,jams & marmalades,
Child Bisc Lunchbox,biscuits - seasonal,
Child Bisc Other Creams,biscuits - sweet,
Child Bisc Packet Wafers,biscuits - sweet,
Child Bisc Shortbread,biscuits - sweet,
Child Bisc Uncoated Countlines,biscuits - sweet,
Child Bisc Uncoated Mallows,biscuits - sweet,
Children Biscuit Chocolate,biscuits - chocolate bisc bars,
Childrens Bisc Chocolate Diges,biscuits - chocolate coated,
Childrens Biscu Chocolate Oat,biscuits - chocolate coated,
Childrens Biscuit Other Sweet,biscuits - sweet,
Childrens Biscuits Digestives,biscuits - chocolate coated,
Childrens Biscuits Malted,biscuits - plain+savoury,
Childrens Biscuits Oat,biscuits - plain+savoury,
Childrens Biscuits Rich Tea,biscuits - plain+savoury,
Chilled Black+White Pudding,black+white puddings+haggis,
Chilled Breads Bagels,bread - prepkd(400g+) / spclty,
Chilled Breads Baguettes,bread - loose,
Chilled Breads Ciabatta,bread - loose,
Chilled Breads Crusty,bread - loose,
Chilled Breads Flatbread,bread - loose,
Chilled Breads Focaccia,bread - loose,
Chilled Breads Garlic Slices,bread - prepkd(400g+) / spclty,
Chilled Breads Lavash Bread,bread - prepkd(400g+) / spclty,
Chilled Breads Naan Bread,bread - prepkd(400g+) / spclty,
Chilled Breads Partbaked,bread - prepkd(400g+) / spclty,
Chilled Breads Petit Pains,bread - prepkd(400g+) / spclty,
Chilled Breads Soft,bread - prepkd(400g+) / spclty,
Chilled Breads Tear+Share,bread - prepkd(400g+) / spclty,
Chilled Other Bread Rolls,bread - loose rolls,
Chilled Pancakes/Griddles,bread - prepkd(400g+) / spclty,
Burgers,meat - fresh primary,
Chilled Burgers,meat - fresh primary,
Chilled Burgers+Gri Meatballs,meat - fresh primary,
Chilled Grills,meat - fresh primary,
Chilled Cake Portions,cakes & pastries,
Chilled Cakes Cheesecake,cakes & pastries,
Chilled Cakes Danish Pastries,cakes & pastries,
Chilled Cakes Large Pies,cakes & pastries,
Chilled Cakes Large Tarts,cakes & pastries,
Chilled Cakes Large Whole Cake,cakes & pastries,
Chilled Cakes Mince Pies,cakes & pastries,
Chilled Cakes Mini Meringue,cakes & pastries,
Chilled Cakes Muffins,cakes & pastries,
Chilled Cakes Other Cakes,cakes & pastries,
Chilled Cakes Slices,cakes & pastries,
Chilled Cakes Small Cakes,cakes & pastries,
Chilled Cakes Small Pies,cakes & pastries,
Chilled Cakes Small Tarts,cakes & pastries,
Chilled Cakes Sponge Sandwich,cakes & pastries,
Chld Cakes Large Swiss Rolls,cakes & pastries,
Chilled Ckng Liquid Cook-in,cooking sauces and condiments,
Chilled Ckng Liquid Pasta Sce,cooking sauces and condiments,
Chilled Ckng Liquid Pizza Sce,cooking sauces and condiments,
Chilled Ckng Liquid Pour Over,cooking sauces and condiments,
Chilled Cookin Redcurrant Jel,cooking sauces and condiments,
Chilled Cheesecake Desserts,ready to serve desserts,
Chilled Creme Caramel Desserts,ready to serve desserts,
Chilled Desser Crumble/Cobbler,ready to serve desserts,
Chilled Desser Dessert Sauce/T,ready to serve desserts,
Chilled Desser Flavoured Desse,ready to serve desserts,
Chilled Desser Pancakes/Crepes,ready to serve desserts,
Chilled Desser Pavlovas/Mering,ready to serve desserts,
Chilled Desser Sponge Puddings,ready to serve desserts,
Chilled Desser Traditional Des,ready to serve desserts,
Chilled Desserts Compote,ready to serve desserts,
Chilled Desserts Creme Brulee,ready to serve desserts,
Chilled Desserts Custard,ready to serve desserts,
Chilled Desserts Fools,ready to serve desserts,
Chilled Desserts Jelly,ready to serve desserts,
Chilled Desserts Pannacotta,ready to serve desserts,
Chilled Desserts Profiterole,ready to serve desserts,
Chilled Desserts Pudding,ready to serve desserts,
Chilled Desserts Sundaes,ready to serve desserts,
Chilled Desserts Terrine,ready to serve desserts,
Chilled Desserts Tiramisu,ready to serve desserts,
Chilled Desserts Torte,ready to serve desserts,
Chilled Mousse Desserts,ready to serve desserts,
Chilled Other Dessert Types,ready to serve desserts,
Chilled Rice Puddings Desserts,ready to serve desserts,
Chilled Souffle Desserts,ready to serve desserts,
Chilled Trifle Desserts,ready to serve desserts,
Chilled Xmas Desserts,ready to serve desserts,
Flavoured Desserts,ready to serve desserts,
Chilled Dips Dip+Accompaniment,dips - chilled,
Chilled Dips Multi-Pack,dips - chilled,
Chilled Dips Single,dips - chilled,
Chilled Dips Trial Size,dips - chilled,
Single,dips - chilled,
Chilled Flavoured Milk,milkshake mixes,
Chilled F Ambient J Juice Drin,fruit juice & fruit drinks,
Chilled F Ambient J Still Adul,fruit juice & fruit drinks,
Chilled F Ambient P From Conce,fruit juice & fruit drinks,
Chilled F Ambient P Not From C,fruit juice & fruit drinks,
Chilled F Ambient P Still Adul,fruit juice & fruit drinks,
Chilled F Chilled J Refreshmen,fruit juice & fruit drinks,
Chilled F Chilled J Still Adul,fruit juice & fruit drinks,
Chilled F Chilled P NFC Cold P,fruit juice & fruit drinks,
Chilled F Chilled P Refreshmen,fruit juice & fruit drinks,
Chilled F Chilled P Smoothie C,fruit juice & fruit drinks,
Chilled F Chilled P Still Adul,fruit juice & fruit drinks,
Chilled Fr Chilled J Iced Tea,fruit juice & fruit drinks,
Chilled Fruit Juice Drink,fruit juice & fruit drinks,
Chilled Fruit Juice FC,fruit juice & fruit drinks,
Chilled Fruit Juice NFC,fruit juice & fruit drinks,
Chilled Fruit Juice Smoothies,fruit juice & fruit drinks,
Chilled Pure Fruit Juice Drink,fruit juice & fruit drinks,
Chilled Pure Fruit Juice FC,fruit juice & fruit drinks,
Chilled Pure Fruit Juice NFC,fruit juice & fruit drinks,
Chilled Pure Fruit Smoothies,fruit juice & fruit drinks,
Chld Pure Frt Jce Freshly Sqzd,fruit juice & fruit drinks,
Chilled Ready to Serve Gravy,gravy & stock,
Chilled Olives Black,olives,
Chilled Olives Green,olives,
Chilled Olives Mixed,olives,
Chilled One Sh Functional Ener,fruit juice & fruit drinks,
Chilled One Sh Functional Stil,fruit juice & fruit drinks,
Chilled One Sh Juice Drinks Co,fruit juice & fruit drinks,
Chilled One Sh NFC Cold Press,coffee-liquid & ground,
Chilled One Sh Refreshment Ene,soft drinks-crbntd flvrs cnnd,
Chilled One Sh Smoothie Cold P,fruit juice & fruit drinks,
Chilled One Sh Still Adult Dri,soft drinks-crbntd flvrs cnnd,
Chilled One Sho Sports Drinks,fruit juice & fruit drinks,
Chilled One Shot Dri Iced Tea,fruit juice & fruit drinks,
Chilled One Shot FC,fruit juice & fruit drinks,
Chilled One Shot Frshly Sqzd,fruit juice & fruit drinks,
Chilled One Shot Juice Drinks,fruit juice & fruit drinks,
Chilled One Shot NFC,fruit juice & fruit drinks,
Chilled One Shot Smoothies,fruit juice & fruit drinks,
Chilled Pastes+Spreads,paste+spreads,
Chilled Pate,pate,
Chilled Tapenade,paste+spreads,
Chilled P Chilled B Delicatess,pizza - fresh+ambient,
Chilled P Thin & Cr Garlic+Moz,pizza - fresh+ambient,
Chilled P Thin & Cr Stromboli,pizza - fresh+ambient,
Chilled Pizza Bases,pizza - fresh+ambient,
Chilled Pizza Boboli Prepacked,pizza - fresh+ambient,
Chilled Pizza Deep Pan Deli,pizza - fresh+ambient,
Chilled Pizza Deep Pan Prpckd,pizza - fresh+ambient,
Chilled Pizza Deli,pizza - fresh+ambient,
Chilled Pizza Kits,pizza - fresh+ambient,
Chilled Pizza Prpckd,pizza - fresh+ambient,
Chilled Pizza Slice Deli,pizza - fresh+ambient,
Chilled Pizza Slice Prpckd,pizza - fresh+ambient,
Chilled Pizza Stonebake Deli,pizza - fresh+ambient,
Chilled Pizza Stonebake Prpckd,pizza - fresh+ambient,
Chilled Pizza Stromboli,pizza - fresh+ambient,
Chld Pizza Boboli Delicatessen,pizza - fresh+ambient,
Chld Pizza Thin & Cr Prepacked,pizza - fresh+ambient,
Chld Pizza Thin & Crispy Deli,pizza - fresh+ambient,
Chilled Prepar Breaded-Kievs/E,fish - fresh prcsd ctd/snacks,
Chilled Prepar Calamari/Squid,fish - fresh wet/smoked/shell,
Chilled Prepar Other Natural F,fish - fresh wet/smoked/shell,
Chilled Prepared Fis Battered,fish - fresh prcsd ctd/snacks,
Chilled Prepared Fish Breaded,fish - fresh prcsd ctd/snacks,
Chilled Prepared Fish Meals,fish - fresh prcsd cmplt mls,
Chilled Prepared Fish Natural,fish - fresh wet/smoked/shell,
Chilled Prepared Fish Plaice,fish - fresh wet/smoked/shell,
Chilled Prepared Fish Snacks,fish - fresh prcsd ctd/snacks,
Chilled Prepared Fish Sole,fish - fresh wet/smoked/shell,
Chilled Prepared Fish+Pastry,fish - fresh wet/smoked/shell,
Fish Snacks,fish - fresh prcsd ctd/snacks,
Chilled Prepar Prepared Fruit,prepared chilled fruit,
Chilled Prepar Prepared Vegeta,prepared chilled vegetables,
Chilled Prepared Leafy Salads,prepared salads,
Chilled Prepared Mix Try Salad,prepared salads,
Mixed Tray Salads,prepared chilled layerd salads,
Prepared Fruit,prepared chilled fruit,
Chilled Prepar Sweet Potato+Be,prepared salads,
Chilled Prepared Pasta Salad,prepared salads,
Chilled Prepared Potato Salad,prepared salads,
Chilled Prepared Sld Coleslaw,prepared salads,
Chilled Prepared Sld Main Meal,prepared salads,
Chilled Prepared Sld Selection,prepared salads,
Chilled Prepared Snack For Now,prepared salads,
Chilled Prepared Sweet Potato,prepared salads,
Coleslaw,prepared salads,
Other Prepared Salad,prepared salads,
Other Types,prepared salads,
Breasts+Fillets,meat - fresh prcsd ml accmp,
Chilled P Breaded-K Meal Centr,meat - fresh prcsd ml accmp,
Chilled P Ready To Breaded-Ki,meat - fresh prcsd ml accmp,
Chilled Pr Ready To C Chicken,meat - fresh prcsd ml accmp,
Chilled Prcssd Breasts+Fillets,meat - fresh prcsd ml accmp,
Chilled Prcssd Childrens Shape,meat - fresh prcsd ml accmp,
Chilled Prcssd Drumstick/Thigh,meat - fresh prcsd ml accmp,
Chilled Prcssd Pltry Drumstick,meat - fresh prcsd ml accmp,
Chilled Prcssd Pltry Marinades,meat - fresh prcsd ml accmp,
Chilled Prcssd Poultry Bites,meat - fresh prcsd ml accmp,
Chilled Prcssd Poultry Burgers,meat - fresh prcsd ml accmp,
Chilled Prcssd Poultry Goujons,meat - fresh prcsd ml accmp,
Chilled Prcssd Poultry Nibbles,meat - fresh prcsd ml accmp,
Chilled Prcssd Poultry Nuggets,meat - fresh prcsd ml accmp,
Chilled Prcssd Poultry Snacks,meat - fresh prcsd ml accmp,
Chilled Prcssd Poultry Steaks,meat - fresh prcsd ml accmp,
Chilled Prcssd Poultry Thighs,meat - fresh prcsd ml accmp,
Chilled Prcssd Poultry Wings,meat - fresh prcsd ml accmp,
Chilled Proces Breaded-Kievs/E,meat - fresh prcsd ml accmp,
Chilled Processed Meal Centre,meat - fresh prcsd ml accmp,
Chilled Processed Non Barcoded,meat - fresh prcsd ml accmp,
Chilled Processed Po Portions,meat - fresh prcsd ml accmp,
Marinades,meat - fresh prcsd ml accmp,
American,meat - fresh prcsd cmplt mls,
Chilled R Complete Meal Centr,meat - fresh prcsd cmplt mls,
Chilled R Complete Vegetarian,veg - fresh prcsd ml accmp,
Chilled R Meal Cent Other Meat,meat - fresh prcsd cmplt mls,
Chilled R Meal Cent Other Poul,meat - fresh prcsd cmplt mls,
Chilled R Meal Cent Vegetable,veg - fresh prcsd ml accmp,
Chilled R Meal Cent Vegetarian,veg - fresh prcsd ml accmp,
Chilled R Ready To Breaded-Ki,meat - fresh prcsd cmplt mls,
Chilled R Ready To Complete M,meat - fresh prcsd cmplt mls,
Chilled R Ready To Meal Centr,meat - fresh prcsd cmplt mls,
Chilled R Ready To Other Meat,meat - fresh prcsd cmplt mls,
Chilled R Ready To Other Poul,meat - fresh prcsd cmplt mls,
Chilled R Ready To Vegetable,veg - fresh prcsd ml accmp,
Chilled R Ready To Vegetarian,veg - fresh prcsd ml accmp,
Chilled R Vegetable Vegetarian,veg - fresh prcsd ml accmp,
Chilled Re Breaded-Ki Chicken,meat - fresh prcsd cmplt mls,
Chilled Re Complete M Chicken,meat - fresh prcsd cmplt mls,
Chilled Re Meal Centr Chicken,meat - fresh prcsd cmplt mls,
Chilled Re Ready To C Chicken,meat - fresh prcsd cmplt mls,
Chilled Rea Meal Centr Turkey,meat - fresh prcsd cmplt mls,
Chilled Rea Ready To C Turkey,meat - fresh prcsd cmplt mls,
Chilled Rea Ready To Co Mixed,meat - fresh prcsd cmplt mls,
Chilled Read Complete Me Beef,meat - fresh prcsd cmplt mls,
Chilled Read Complete Me Fish,meat - fresh prcsd cmplt mls,
Chilled Read Complete Me Pork,meat - fresh prcsd cmplt mls,
Chilled Read Meal Centr Mixed,meat - fresh prcsd cmplt mls,
Chilled Read Ready To Co Beef,meat - fresh prcsd cmplt mls,
Chilled Read Ready To Co Fish,meat - fresh prcsd cmplt mls,
Chilled Read Ready To Co Lamb,meat - fresh prcsd cmplt mls,
Chilled Read Ready To Co Pork,meat - fresh prcsd cmplt mls,
Chilled Ready Breaded-Kievs/E,meat - fresh prcsd cmplt mls,
Chilled Ready Burger in a Bun,meat - fresh prcsd cmplt mls,
Chilled Ready Hot Eat Sandwic,meat - fresh prcsd cmplt mls,
Chilled Ready M Complete Meal,meat - fresh prcsd cmplt mls,
Chilled Ready Me Burger Bites,meat - fresh prcsd cmplt mls,
Chilled Ready Mea Meal Centre,meat - fresh prcsd cmplt mls,
Chilled Ready Meal Centr Beef,meat - fresh prcsd cmplt mls,
Chilled Ready Meal Centr Fish,meat - fresh prcsd cmplt mls,
Chilled Ready Meal Centr Lamb,meat - fresh prcsd cmplt mls,
Chilled Ready Meal Centr Pork,meat - fresh prcsd cmplt mls,
Chilled Ready Meal Crispbakes,meat - fresh prcsd cmplt mls,
Chilled Ready Meals Greek,meat - fresh prcsd cmplt mls,
Chilled Ready Meals Indian,meat - fresh prcsd cmplt mls,
Chilled Ready Vegetable Accom,veg - fresh prcsd ml accmp,
Chinese,meat - fresh prcsd cmplt mls,
English,meat - fresh prcsd cmplt mls,
Indian,meat - fresh prcsd cmplt mls,
Italian,meat - fresh prcsd cmplt mls,
Mexican,meat - fresh prcsd cmplt mls,
Chilled Rice Plain,rice+savoury noodles,
Chilled Rice Pouch,rice+savoury noodles,
Chilled Rice Savoury,rice+savoury noodles,
Chilled Salad Accomp Mynse,mayonnaise and salad cream,
Chilled Salad Accomp Sld Cream,mayonnaise and salad cream,
Chilled Salad Pourable Drsng,salad dressing,
Chilled Sausage Meat,meat - fresh primary,
Chilled V Meal Cent Vegetarian,vegetarian - frozen meat subs,
Chilled Vegeta Breaded-Kievs/E,vegetarian - frozen meat subs,
Chilled Vegeta Vegetable Accom,vegetarian - frozen meat subs,
Chilled Vegetarian Meal Centre,vegetarian - frozen meat subs,
Chilled Vgtrn Bites/Snacks,vegetarian - frozen meat subs,
Chilled Vgtrn Burgers+Grills,vegetarian - frozen meat subs,
Chilled Vgtrn Ingredients,vegetarian - frozen meat subs,
Chilled Vgtrn Sausages,vegetarian - frozen meat subs,
Other Meal Centres,vegetarian - frozen meat subs,
Chld Frankfurters/Continental,sausages - frnkfrtr/cntntl ssg,
Chilled Sandwich Filler,sandwich fillers,
Choc Biscs Uncoated Countlines,biscuits - chocolate bisc bars,
Chocolate Biscuit Bars,biscuits - chocolate bisc bars,
Bitesize,choc conf-bite size,
Chclte Conf Egg+Nvlty+Seasonal,choc conf-easter novelties,
Choc Confctnry Block Chocolate,choc conf-moulded chocolate,
Choc Confctnry Boxes+Gifting,choc conf-moulded chocolate,
Chocolate Conf Multipack Choco,choc conf-twst wrap assrtmnts,
Chocolate Conf Single Chocolat,choc conf-moulded chocolate,
Chocolate Confection Bitesize,choc conf-bite size,
Single Chocolate,choc conf-moulded chocolate,
Chocolate Spread,chocolate+sweet spreads,
Cider,alcohol-cider-all other types,
Cleaning Acces Cleaning Dish B,,
Cleaning Accesso Cleaning Mop,,
Cleaning Accessories,,
Cleaning All Purpose Cloth,,
Cleaning Dry Dust Remover,,
Cleaning Scouring Pads,,
Cleaning Sponges/Sponge,,
Clning Sponge Backed Scourers,,
Cold Can Chopped Ham+Pork,canned ham,
Cold Can Corned Beef,canned ham,
Cold Can Ham,canned ham,
Cold Can Luncheon Meats,canned ham,
Cold Can Meat All Other Types,canned ham,
Cold Can Meats Tongue,canned ham,
Cold Can Poultry Roll,canned ham,
Cold Canned Meat Non Barcode,canned ham,
Cold Sore Treatment,,
Blackcurrant Cold Treat Powder,,
Cold Sachet Treatments,,
Cold Treatment Apple+Cinnamon,,
Cold Treatment Capsule,,
Cold Treatment Honey+Ginger Po,,
Cold Treatment Hot Berry Fruit,,
Cold Treatment Tablet,,
Cold Treatment Wild Berry+Hot,,
Cold Treatments Berry Fruits,,
Cold Treatments Caplets,,
Cold Treatments Gel Capsules,,
Cold Trtmnt Lemon+Mnthl Pastle,,
Hny+Lmn Pwdr Cold Treatment,,
Liquid Cold Treatments,,
Lmn Pwdr Cold Treatments,,
Menthol Extra Cold Treatments,,
Nightime Liquid Cold Treatment,,
Syrup Cold Treatments,,
Tablets,,
Complete Ambient M Complete D,complete dry meals,
Complete Ambient M Meat Free,complete dry meals,
Complete Dry Ambient Mea Meat,complete dry meals,
Complete Dry Meals,complete dry meals,
Complete Dry Potatoes in Sauce,complete dry meals,
Confect+Other Choc Bisc,biscuits - chocolate bisc bars,
Confect+Other Chocolate Mallow,choc conf - other novelties,
Confect+Other Other Cnfctnry,choc conf - other novelties,
Confect. & Oth Savoury Snacks,savoury snacks,
Confect. & Other Other Sweet,sugar conf-candy,
Other Confec / Excludes,sugar conf-candy,
Savoury Snacks,sugar conf-candy,
Contact Lens Cleaners,,
Continental Meat,cooked meat - slcd mt+plt-ppkd,
Cooked Meats Beef,cooked meat - slcd mt+plt-ppkd,
Cooked Meats Chicken,cooked meat - slcd mt+plt-ppkd,
Cooked Meats Chicken Ham,cooked meat - slcd mt+plt-ppkd,
Cooked Meats Comminutes,cooked meat - slcd mt+plt-ppkd,
Cooked Meats Continental Meat,cooked meat - slcd mt+plt-ppkd,
Cooked Meats Corned Beef,cooked meat - slcd mt+plt-ppkd,
Cooked Meats Duck,cooked meat - slcd mt+plt-ppkd,
Cooked Meats Ham,cooked meat - slcd ham-prpckd,
Cooked Meats Meat Free Slices,meat-free sliced cooked meats,
Cooked Meats Other Sliced,cooked meat - slcd mt+plt-ppkd,
Cooked Meats Pork,cooked meat - slcd mt+plt-ppkd,
Cooked Meats Snack Products,cooked meat - slcd mt+plt-ppkd,
Cooked Meats Tongue,cooked meat - slcd mt+plt-ppkd,
Cooked Meats Turkey,cooked meat - slcd mt+plt-ppkd,
Cooked Meats Turkey/Chicken,cooked meat - slcd mt+plt-ppkd,
Ham,cooked meat - slcd ham-prpckd,
Chicken Breast,cooked meat - slcd mt+plt-ppkd,
Chicken Leg,cooked meat - slcd mt+plt-ppkd,
Cooked Poultry Chicken Breast,poultry - cooked primary,
Cooked Poultry Chicken Half,poultry - cooked primary,
Cooked Poultry Chicken Leg,poultry - cooked primary,
Cooked Poultry Chicken Mixed/O,poultry - cooked primary,
Cooked Poultry Chicken Roll/Ro,poultry - cooked primary,
Cooked Poultry Chicken Wings,poultry - cooked primary,
Cooked Poultry Duckling Pieces,poultry - cooked primary,
Cooked Poultry Mix Poultry Pcs,poultry - cooked primary,
Cooked Poultry Oth Poultry Pcs,poultry - cooked primary,
Cooked Poultry Rotisserie Chkn,poultry - cooked primary,
Cooked Poultry Turkey Pieces,poultry - cooked primary,
Cooked Poultry Turkey Roll/Rst,poultry - cooked primary,
Cooked Poultry Whole Poussin,poultry - cooked primary,
Cooked Poultry Whole Turkey,poultry - cooked primary,
Cooked Whole Chicken,poultry - cooked primary,
Cooked Whole Duck,poultry - cooked primary,
Cking Oils Extra Virgin Olive,cooking oils,
Cooking Oils Avacado Oil,cooking oils,
Cooking Oils Camelina Oil,cooking oils,
Cooking Oils Canola Oil,cooking oils,
Cooking Oils Chilli Oil,cooking oils,
Cooking Oils Chilli+Garlic Oil,cooking oils,
Cooking Oils Chilli+Rosemary O,cooking oils,
Cooking Oils Coconut Oil,cooking oils,
Cooking Oils Corn,cooking oils,
Cooking Oils Flaxseed Oil,cooking oils,
Cooking Oils Garlic Oil,cooking oils,
Cooking Oils Grapeseed,cooking oils,
Cooking Oils Groundnut/Peanut,cooking oils,
Cooking Oils Hazelnut,cooking oils,
Cooking Oils Light Olive,cooking oils,
Cooking Oils Olive,cooking oils,
Cooking Oils Other Cooking,cooking oils,
Cooking Oils Other Specialty,cooking oils,
Cooking Oils Rapeseed,cooking oils,
Cooking Oils Sesame,cooking oils,
Cooking Oils Soya,cooking oils,
Cooking Oils Sunflower,cooking oils,
Cooking Oils Vegetable,cooking oils,
Cooking Oils Walnut,cooking oils,
Cotton Wool Buds,,
Cotton Wool Pads,,
Cotton Wool Pleats,,
Cotton Wool Puff/Balls,,
Cotton Wool Rolls,,
Cough Liquids,,
Cough Lozenges,,
Cous Cous,cous cous(dry),
Cracker+Crspbrd Brown Crackers,crispbreads,
Cracker+Crspbrd Cornish/Puffs,crispbreads,
Cracker+Crspbrd Cream Crackers,crispbreads,
Cracker+Crspbrd Crispbreads,crispbreads,
Cracker+Crspbrd Crisprolls,crispbreads,
Cracker+Crspbrd Oatcakes,crispbreads,
Cracker+Crspbrd Rice Cakes,crispbreads,
Cracker+Crspbrd Toasts,crispbreads,
Cracker+Crspbrd Water Biscuits,crispbreads,
Crackers & Cri Cracker Assortm,crispbreads,
Crackers & Cri Other Crackers,crispbreads,
Crackers & Cri Other Savoury B,crispbreads,
Crackers & Cri Savoury Snacks,crispbreads,
Crackers & Crispbreads Matzos,crispbreads,
Crisps Family,crisps,
Crisps Maxi,crisps,
Crisps Multi-Pack,crisps,
Crisps Standard,crisps,
Family,crisps,
Decongestants,,
Condensed Milk,canned condensed milk,
Defined Ambient Cream UHT,cream-dairy and non dairy,
Defined Ambnt Synthetic Cream,canned cream,
Defined Canned Cream,canned cream,
Defined Milk+Cream Non Barcode,cream-dairy and non dairy,
Defined Milk+Cream P Portions,cream-dairy and non dairy,
Evaporated Milk,instant/skimmed/filled milk,
Low Fat Evprtd/Cndnsd Milk,canned condensed milk,
Non Dairy Creamers,milk creamers/whiteners,
Prepared Dessert Topping,milk - retail,
Dental Floss/Sticks,,
Denture Produc Seals/Strips/Cu,,
Denture Products Cream,,
Denture Products Foam,,
Denture Products Gel,,
Denture Products Liquid,,
Denture Products Paste,,
Denture Products Powder,,
Denture products Tablets,,
Aerosol Deodorants,,
Deodorant Aerosol Deod Female,,
Deodorant Aerosol Deod Unisex,,
Deodorant Aerosol Deodor Male,,
Deodorant Deodorant Wi Female,,
Deodorant Deodorant Wi Unisex,,
Deodorant Deodorant Wipe Male,,
Deodorant Non Barcoded Unisex,,
Deodorants Cream Female,,
Deodorants Cream Male,,
Deodorants Cream Unisex,,
Deodorants Gel Female,,
Deodorants Gel Male,,
Deodorants Gel Unisex,,
Deodorants Roll-Ons Female,,
Deodorants Roll-Ons Male,,
Deodorants Roll-Ons Unisex,,
Deodorants Sticks Female,,
Deodorants Sticks Male,,
Deodorants Sticks Unisex,,
Hair Lighteners Depilatories,,
Non Wax womens Depiltories,,
Wax Depilatory Products,,
Chub Pack Dog Food,,
Dog Food All Flexi Packs,,
Dog Food Canned,,
Dog Food Non Barcoded,,
Dog Food Other,,
Dog Food Trays,,
Dry Dog Food,,
Soft Moist Dog Food,,
Dry Meat Substitutes,vegetarian - frozen meat subs,
Dry Lasagne,pasta-dry,
Dry Macaroni,pasta-dry,
Dry Other Pasta,pasta-dry,
Dry Pasta Buckwheat,pasta-dry,
Dry Pasta Cannelloni,pasta-dry,
Dry Pasta Cappelletti,pasta-dry,
Dry Pasta Conchiglie,pasta-dry,
Dry Pasta Ditali,pasta-dry,
Dry Pasta Fettuce,pasta-dry,
Dry Pasta Fusilli,pasta-dry,
Dry Pasta Fusillo Gigante,pasta-dry,
Dry Pasta Gigli,pasta-dry,
Dry Pasta Makaron Jajeczny,pasta-dry,
Dry Pasta Non-Barcoded,pasta-dry,
Dry Pasta Pappardelle,pasta-dry,
Dry Pasta Penne Rigate,pasta-dry,
Dry Pasta Ravioli,pasta-dry,
Dry Pasta Rigatoni,pasta-dry,
Dry Pasta Rotelle,pasta-dry,
Dry Pasta Shapes,pasta-dry,
Dry Pasta Spaghetti,pasta-dry,
Dry Pasta Spirals,pasta-dry,
Dry Pasta Tagliolini,pasta-dry,
Dry Pasta Torchietti,pasta-dry,
Dry Pasta Tortelloni,pasta-dry,
Dry Tagliatelle,pasta-dry,
Dry Tortellini,pasta-dry,
Dry Pulses+Cereal,dry pulses cereal & veg,
Eggs Duck Free Range,eggs,
Eggs Duck Not Stated,eggs,
Eggs Goose Free Range,eggs,
Eggs Hens Barn,eggs,
Eggs Hens Free Range,eggs,
Eggs Hens Non-Free Range,eggs,
Eggs Quail Free Range,eggs,
Eggs Quail Not Stated,eggs,
Candle Light Bulbs,,
Elctrc Lght Bulb Gls,,
Elctrc Lght Bulb Large Globe,,
Elctrc Lght Bulb Reflector,,
Elctrc Lght Bulb Soft Candle,,
Elctrc Lght Bulb Soft Gls,,
Elctrc Lght Bulb Striplight,,
Elctrc Lght Cmpct Fluorscnt,,
Elctrc Lght Cmpct Fluorscnt Lo,,
Elctrc Lght Halogen Capsule,,
Elctrc Lght Halogen High Volt,,
Elctrc Lght Halogen Linear,,
Elctrc Lght Halogen Low Volt,,
Elctrc Lght Mini Globe (Small),,
Elctrc Lght Miscellaneous,,
Elctrc Lght Pygmy/Spt/Strplght,,
Elctrc Lght Soft Mini Globe,,
Electric Light Energy Saver Ca,,
Electric Light Energy Saver Fl,,
Electric Light Energy Saver Gl,,
Electric Light Energy Saver Hl,,
Electric Light Energy Saver Mi,,
Electric Light Energy Saver Re,,
Electric Light Energy Saver Sf,,
Electric Light Energy Saver So,,
Electric Light Energy Savr Hl,,
Electric Light Energy Sve,,
Electric Light Energy Sver Hl,,
Electric Light Energy Sver So,,
Electric Light Energy Svr Hl,,
Electric Light Enrgy Saver Hl,,
Electric Light Halogen Globe,,
Electric Light Halogen Reflect,,
Fluorescent Light Bulbs,,
Globe (Lrg Rnd) Light Bulbs,,
Ethnc Ingrdnts Chapatis,flour-chapati,
Ethnc Ingrdnts Chinese Vegtble,indian & chinese products,
Ethnc Ingrdnts Coconut Milk,canned condensed milk,
Ethnc Ingrdnts Creamed Coconut,canned cream,
Ethnc Ingrdnts Curry Paste,indian & chinese products,
Ethnc Ingrdnts Curry Powder,indian & chinese products,
Ethnc Ingrdnts Indian Dnr Kit,indian & chinese products,
Ethnc Ingrdnts Mxcn Meal Kits,taco dinner kits,
Ethnc Ingrdnts Other,indian & chinese products,
Ethnc Ingrdnts Other Paste,paste+spreads,
Ethnc Ingrdnts Poppodums,indian & chinese products,
Ethnc Ingrdnts Prawn Crackers,indian & chinese products,
Ethnc Ingrdnts Tortillas,taco dinner kits,
Ethnc Ingrdnts Vegetable Curry,indian & chinese products,
Ethnc Ingrdnts Vegetable Ghee,indian & chinese products,
Ethnic Ingredi Caribbean Dinne,indian & chinese products,
Ethnic Ingredients Parathas,indian & chinese products,
Mexican Meal Kits,taco dinner kits,
Everyday Biscu Bourbon Creams,biscuits - plain+savoury,
Everyday Biscu Custard Creams,biscuits - plain+savoury,
Everyday Biscu Fruit Shortcake,biscuits - plain+savoury,
Everyday Biscu Morning Coffee,biscuits - plain+savoury,
Everyday Biscui Packet Wafers,biscuits - plain+savoury,
Everyday Biscuit Coconut/Nice,biscuits - plain+savoury,
Everyday Biscuit Other Creams,biscuits - plain+savoury,
Everyday Biscuits Assortment,biscuits - plain+savoury,
Everyday Biscuits Butter,biscuits - plain+savoury,
Everyday Biscuits Cookies,biscuits - plain+savoury,
Everyday Biscuits Digestives,biscuits - chocolate coated,
Everyday Biscuits Fig Rolls,biscuits - plain+savoury,
Everyday Biscuits Garibaldi,biscuits - plain+savoury,
Everyday Biscuits Ginger,biscuits - plain+savoury,
Everyday Biscuits Jam,biscuits - plain+savoury,
Everyday Biscuits Lunchbox,biscuits - plain+savoury,
Everyday Biscuits Malted,biscuits - plain+savoury,
Everyday Biscuits Oat,biscuits - plain+savoury,
Everyday Biscuits Other Fruit,biscuits - plain+savoury,
Everyday Biscuits Other Sweet,biscuits - plain+savoury,
Everyday Biscuits Rich Tea,biscuits - plain+savoury,
Everyday Biscuits Shortcake,biscuits - plain+savoury,
Other Everyday Biscuits,biscuits - plain+savoury,
Chocolate Digestives,biscuits - chocolate coated,
Digestives,biscuits - plain+savoury,
Everyday Treat Choc Digestives,biscuits - chocolate coated,
Everyday Treat Chocolate Wafer,biscuits - plain+savoury,
Everyday Treat Fruit Shortcake,biscuits - plain+savoury,
Everyday Treat Half Iced Biscu,biscuits - plain+savoury,
Everyday Treat Uncoated Mallow,biscuits - plain+savoury,
Everyday Treats Assortment,biscuits - plain+savoury,
Everyday Treats Choc Mallows,biscuits - plain+savoury,
Everyday Treats Choc Oat,biscuits - plain+savoury,
Everyday Treats Choc Rich Tea,biscuits - plain+savoury,
Everyday Treats Coconut/Nice,biscuits - plain+savoury,
Everyday Treats Cookies,biscuits - plain+savoury,
Everyday Treats Digestives,biscuits - plain+savoury,
Everyday Treats Fully Coated,biscuits - chocolate coated,
Everyday Treats Ginger,biscuits - plain+savoury,
Everyday Treats Half Coated,biscuits - chocolate coated,
Everyday Treats Jaffa Cakes,biscuits - chocolate coated,
Everyday Treats Jam,jams & marmalades,
Everyday Treats Lunchbox,biscuits - plain+savoury,
Everyday Treats Oat,biscuits - plain+savoury,
Everyday Treats Other Creams,biscuits - plain+savoury,
Everyday Treats Other Fruit,ambient fruit,
Everyday Treats Other Sweet,sugar conf-candy,
Everyday Treats Packet Wafers,biscuits - plain+savoury,
Everyday Treats Shortbread,biscuits - plain+savoury,
Everyday Treats Shortcake,biscuits - plain+savoury,
Allergy Eyes Drops,,
Eye Care Drops,,
Eye Care Hayfever Allergy Drop,,
Eye Care Infected Eyes Drops,,
Eye Care Itchy Eye Drops,,
Eye Care Liquid Gel,,
Eye Care Lotion,,
Eye Care Mask,,
Eye Care Ointment,,
Eye Care Pads,,
Eye Care Screen Eye Drops,,
Eye Care Sparkling Clear Drops,,
Eye Care Spray,,
Eye Care Wash,,
Eye Care Wipes,,
Eye Drops,,
Eye Lotions,,
Eye Masks,,
Fabric Conditioners,,
Fabs,,
Boxed Mansize Facial Tissues,,
Cosmetic Boxed Facial Tissues,,
Facial Tissue Pocket Packs,,
Flowpack Facial Tissues,,
Midi-Boxed Facial Tissues,,
Pocket Packs,,
Regular Boxed Facial Tissues,,
Female Body Spray Pump Action,,
Female Body Sprays Aerosol,,
Female Body Sprays Wipes,,
Feminine Care Looped Towels,,
Feminine Care Non Barcoded Pro,,
Feminine Care Panty Liners,,
Feminine Care Press On Towels,,
Feminine Care Tampons,,
Firelighters/Log,,
Airstrip First Aid Dressings,,
Assorted First Aid Dressings,,
Clear First Aid Dressings,,
Cushioned First Aid Dressings,,
Fabric First Aid Dressings,,
First Aid Dressings Rolls,,
First Aid Dressings Tube,,
First Aid Drssng Adhesive,,
First Aid Drssng Crepe,,
First Aid Drssng Other,,
First Aid Drssng Spray,,
First Aid Drssng Support,,
First Aid Drssng Surgical,,
First Aid Drssng Tubular,,
First Aid Drssng Wht Open Wove,,
Hypo-Allergenic FrstAid Drssng,,
Plastic First Aid Dressing,,
Standard First Aid Dressings,,
Stretch Fabric First Aid Drsng,,
Various Types First Aid Drssng,,
Washable First Aid Dressings,,
Fish Foods,fish food,
Bread Flour,flour-bread,
Flour Non-Barcoded,flour-bread,
Other Plain Flour,flour-bread,
Self-Raising Flour,flour-bread,
Drinking Chocolate,drinking choc+cocoa,
Drinking Cocoa,drinking choc+cocoa,
Food Drinks Instant Chocolate,drinking choc+cocoa,
Food Drinks Instant White Choc,drinking choc+cocoa,
Food Drinks Non-Barcoded,drinking choc+cocoa,
Food Drinks Traditional White,drinking choc+cocoa,
Instant Malted Drink,drinking choc+cocoa,
Low Calorie Instant Chocolate,drinking choc+cocoa,
Standard Instant Choc,drinking choc+cocoa,
Standard Instant Choc Drink,drinking choc+cocoa,
Traditional Malted Drink,drinking choc+cocoa,
Foot Preparati Foot Accessorie,,
Foot Preparations Insoles,,
Foot Prprtns Cream/Lotion/Gel,,
Foot Prprtns Other,,
Foot Prprtns Powder,,
Foot Prprtns Spray,,
Fortified Wines,alcohol-wine based drinks,
Fresh Bacon Joints Bacon,bacon - fresh+frozen,
Back,bacon - fresh+frozen,
Fresh Bacon Rasher Back,bacon - fresh+frozen,
Fresh Bacon Rasher Medallions,bacon - fresh+frozen,
Fresh Bacon Rasher Middle,bacon - fresh+frozen,
Fresh Bacon Rasher Other Type,bacon - fresh+frozen,
Fresh Bacon Rasher Streaky,bacon - fresh+frozen,
Fresh Bacon Rashers Lardons,bacon - fresh+frozen,
Fresh Bacon Steak,bacon - fresh+frozen,
Fresh 1st Qlty Roasting Beef,meat - fresh primary,
Fresh 1st Qlty Stewing Beef,meat - fresh primary,
Fresh 2nd Qlty Roasting Beef,meat - fresh primary,
Fresh 2nd Qlty Stewing Beef,meat - fresh primary,
Fresh Bee 2nd Quality Ro Veal,meat - fresh primary,
Fresh Bee Frying/Grillin Veal,meat - fresh primary,
Fresh Beef Diced/Cubed Veal,meat - fresh primary,
Fresh Beef Fore-Quarter,meat - fresh primary,
Fresh Beef Mince Veal,meat - fresh primary,
Fresh Beef Other Cut Veal,meat - fresh primary,
Fresh Diced/Cubed Beef,meat - fresh primary,
Fresh Mince Beef,meat - fresh primary,
Fresh Mixed Cuts Pack Beef,meat - fresh primary,
Fresh Other Cut Beef,meat - fresh primary,
Frsh Frying/Grillng Steak Beef,meat - fresh primary,
Fresh Crea Single Crea U.H.T.,cream-dairy and non dairy,
Fresh Cream Aerosols,cream-dairy and non dairy,
Fresh Cream Aerosols Flvrd,cream-dairy and non dairy,
Fresh Cream Aerosols Synthetic,cream-dairy and non dairy,
Fresh Cream Aerosols U.H.T.,cream-dairy and non dairy,
Fresh Cream Alcoholic Flvrd,cream-dairy and non dairy,
Fresh Cream Clotted,cream-dairy and non dairy,
Fresh Cream Creme Fraiche,cream-dairy and non dairy,
Fresh Cream Double,cream-dairy and non dairy,
Fresh Cream Double U.H.T.,cream-dairy and non dairy,
Fresh Cream Flavoured,cream-dairy and non dairy,
Fresh Cream Half,cream-dairy and non dairy,
Fresh Cream Single,cream-dairy and non dairy,
Fresh Cream Soured,cream-dairy and non dairy,
Fresh Cream Sterilised,cream-dairy and non dairy,
Fresh Cream Synthetic,cream-dairy and non dairy,
Fresh Cream Whipping,cream-dairy and non dairy,
Fresh Cream Whipping U.H.T.,cream-dairy and non dairy,
Fresh Flavoured Meats Beef,meat - fresh prcsd snacks,
Fresh Flavoured Meats Lamb,meat - fresh prcsd snacks,
Fresh Flavoured Meats Pork,meat - fresh prcsd snacks,
Fresh Flavoured Meats Veal,meat - fresh prcsd snacks,
Fresh Diced/Cubed Lamb,meat - fresh primary,
Fresh Frying/Grilling Chop Lmb,meat - fresh primary,
Fresh Frying/Grlling Steak Lmb,meat - fresh primary,
Fresh Half Lamb,meat - fresh primary,
Fresh Lamb Esy Crv Lg Rstng,meat - fresh primary,
Fresh Lamb Leg Roasting Joint,meat - fresh primary,
Fresh Lamb Other Cut,meat - fresh primary,
Fresh Mince Lamb,meat - fresh primary,
Fresh Mixed Cuts Pack Lamb,meat - fresh primary,
Fresh Shldr Rstng Joint Lamb,meat - fresh primary,
Fresh Stewing Lamb,meat - fresh primary,
Fresh Whole Lamb,meat - fresh primary,
Fresh All Other Meat,meat - fresh primary,
Fresh Kidneys,meat - fresh primary,
Fresh Liver,meat - fresh primary,
Fresh Othe All Other Venison,meat - fresh primary,
Fresh Other Me Frying/Grilling,meat - fresh primary,
Fresh Other Mea Mince Venison,meat - fresh primary,
Fresh Other Meat & Mince Veal,meat - fresh primary,
Fresh Other Meat & Offal Mince,meat - fresh primary,
Fresh Other Offal,meat - fresh primary,
Fresh Rabbit Or Hare,meat - fresh primary,
Fresh Pasta Fresh Cut,pasta-fresh inc ndls (wout sc,
Fresh Pasta Fresh Filled,pasta-fresh inc ndls (wout sc,
Fresh Pasta Fresh Noodles,pasta-fresh inc ndls (wout sc,
Fresh Belly Pork,meat - fresh primary,
Fresh Diced/Cubed Pork,meat - fresh primary,
Fresh Frying/Grilling Chop Prk,meat - fresh primary,
Fresh Frying/Grlling Steak Prk,meat - fresh primary,
Fresh Half Pig,meat - fresh primary,
Fresh Loin Roasting Pork,meat - fresh primary,
Fresh Mince Pork,meat - fresh primary,
Fresh Other Cuts Pork,meat - fresh primary,
Fresh Pork Leg Roasting Joint,meat - fresh primary,
Fresh Pork Marinades,meat - fresh primary,
Fresh Pork Mixed Cuts Pack,meat - fresh primary,
Fresh Pork Shldr Rstng Joint,meat - fresh primary,
Fresh Whole Pig,meat - fresh primary,
Fresh Chicken Pieces,poultry - fresh primary,
Fresh Duckling Pieces,poultry - fresh primary,
Fresh Other Poultry Pieces,poultry - fresh primary,
Fresh Pltry Chicken Roll/Roast,poultry - fresh primary,
Fresh Poultry Chicken Breast,poultry - fresh primary,
Fresh Poultry Chicken Half,poultry - fresh primary,
Fresh Poultry Chicken Leg,poultry - fresh primary,
Fresh Poultry Chicken Mixed/Ot,poultry - fresh primary,
Fresh Poultry Chicken Wings,poultry - fresh primary,
Fresh Poultry Duck Roll/Roast,poultry - fresh prcsd unck/flv,
Fresh Poultry Kebab,poultry - fresh prcsd unck/flv,
Fresh Poultry Other Poultry Ro,poultry - fresh primary,
Fresh Turkey Pieces,poultry - fresh primary,
Fresh Turkey Roll/Roast,poultry - fresh primary,
Fresh Whole Chicken,poultry - fresh primary,
Fresh Whole Duck,poultry - fresh primary,
Fresh Whole Other Poultry,poultry - fresh primary,
Fresh Whole Poussin,poultry - fresh primary,
Fresh Whole Turkey,poultry - fresh primary,
Fresh Sausages Low-Fat,sausages - fresh,
Fresh Sausages Original,sausages - fresh,
Fresh Soup,soups-liquid,
Fresh Stuffing,stuffing - fresh+frozen,
Fresh/Chilled Pastry Filo,fresh/chilled pastry,
Fresh/Chilled Pastry Other,fresh/chilled pastry,
Fresh/Chilled Pastry Puff,fresh/chilled pastry,
Fresh/Chilled Pastry Shrtcrst,fresh/chilled pastry,
Fromage Frais Baby/Toddler,fromage frais - plain,
Fromage Frais Chldrn Character,fromage frais - plain,
Fromage Frais Chldrn Standard,fromage frais - plain,
Fromage Frais Indulgence,fromage frais - plain,
Fromage Frais Light,fromage frais - plain,
Fromage Frais Standard,fromage frais - plain,
Frozen Bacon,bacon - fresh+frozen,
Frozen 1st Quality Roasti Beef,meat - frozen primary,
Frozen 1st Quality Stewin Beef,meat - frozen primary,
Frozen 2nd Quality Roasti beef,meat - frozen primary,
Frozen 2nd Quality Stewin Beef,meat - frozen primary,
Frozen Bee Frying/Grilli Veal,meat - frozen primary,
Frozen Beef Diced/Cubed Veal,meat - frozen primary,
Frozen Beef Other Cut Veal,meat - frozen primary,
Frozen Mince Beef,meat - frozen primary,
Frozen Other Cut Beef,meat - frozen primary,
Frzn Frying/Grilling Stek Beef,meat - frozen primary,
Frozen Bread Bagels,bread - prepkd(400g+) / spclty,
Frozen Bread Baguettes,bread - loose,
Frozen Bread Ciabatta,bread - loose,
Frozen Bread Crumpets/Pikelets,bread - prepkd(400g+) / spclty,
Frozen Bread Crusty,bread - loose,
Frozen Bread Focaccia,bread - loose,
Frozen Bread Partbaked,bread - loose,
Frozen Bread Soft,bread - loose,
Frozen Croissants,"bread - rolls, baps+croissants",
Frozen Garlic Bread,bread - loose,
Frozen Naan Bread,bread - loose,
Frozen Other Bread Rolls,"bread - rolls, baps+croissants",
Frozen Pain Au Chocolate,"bread - rolls, baps+croissants",
Frozen Pitta Bread,bread - loose,
Soft,bread - loose,
Frozen Cheesecake,cakes+desserts - frozen,
Frozen Cream,cakes+desserts - frozen,
Frozen Cream Sponges,cakes+desserts - frozen,
Frozen Cream Toppings,cakes+desserts - frozen,
Frozen Danish Products,cakes+desserts - frozen,
Frozen Fromage Frais,cakes+desserts - frozen,
Frozen Fruit,cakes+desserts - frozen,
Frozen Fruit Juice,cakes+desserts - frozen,
Frozen Gateaux/Layer Cake,cakes+desserts - frozen,
Frozen Ice-Cream Roll,cakes+desserts - frozen,
Frozen Individual Desserts,cakes+desserts - frozen,
Frozen Mousse,cakes+desserts - frozen,
Frozen Other Bakery Products,cakes+desserts - frozen,
Frozen Pastry,cakes+desserts - frozen,
Frozen Pies/Tarts/Flans,cakes+desserts - frozen,
Frozen Small Cakes/Pastry Cake,cakes+desserts - frozen,
Frzn Confectionry Non Barcoded,cakes+desserts - frozen,
Frozen Cooked Chicken Breast,poultry - frozen primary,
Frozen Cooked Chicken Mixed/O,poultry - frozen primary,
Frozen Cooked Duckling Pieces,poultry - frozen primary,
Frozen Cooked P Chicken Wings,poultry - frozen primary,
Frozen Cooked P Turkey Pieces,poultry - frozen primary,
Frozen Cooked Po Chicken Half,poultry - frozen primary,
Frozen Cooked Pou Chicken Leg,poultry - frozen primary,
Frozen Cooked Whole Duck,poultry - frozen primary,
Frozen Breaded Steaks,fish - frozen ctd/ntrl/spclty,
Frozen Fi Battered Battered F,fish - frozen ctd/ntrl/spclty,
Frozen Fi Battered Battered O,fish - frozen ctd/ntrl/spclty,
Frozen Fi Battered Battered S,fish - frozen ctd/ntrl/spclty,
Frozen Fi Fish Cake Battered O,fish - frozen ctd/ntrl/spclty,
Frozen Fi Fish Fing Battered O,fish - frozen ctd/ntrl/spclty,
Frozen Fi Fish Fing Breaded Ot,fish - frozen ctd/ntrl/spclty,
Frozen Fi Fish Fing Fishy Fing,fish - frozen ctd/ntrl/spclty,
Frozen Fi Fish Fing Other Fish,fish - frozen ctd/ntrl/spclty,
Frozen Fi Fish Read Fish Ready,fish - frozen complete meals,
Frozen Fi Natural S Other Spec,fish - frozen ctd/ntrl/spclty,
Frozen Fi Natural/S Natural Fi,fish - frozen ctd/ntrl/spclty,
Frozen Fi Natural/S Other Fill,fish - frozen ctd/ntrl/spclty,
Frozen Fi Natural/S Other Spec,fish - frozen ctd/ntrl/spclty,
Frozen Fi Natural/S Smoked Fil,fish - frozen ctd/ntrl/spclty,
Frozen Fi Other Fis Breaded Ot,fish - frozen ctd/ntrl/spclty,
Frozen Fi Other Fis Fish Main,fish - frozen ctd/ntrl/spclty,
Frozen Fi Other Fis Not Applic,fish - frozen ctd/ntrl/spclty,
Frozen Fi Specialit Other Fish,fish - frozen ctd/ntrl/spclty,
Frozen Fi Specialit Other Spec,fish - frozen ctd/ntrl/spclty,
Frozen Fillets Breaded,fish - frozen ctd/ntrl/spclty,
Frozen Fis Other Fish P Prawn,fish - frozen ctd/ntrl/spclty,
Frozen Fis Speciality F Prawn,fish - frozen ctd/ntrl/spclty,
Frozen Fis Speciality Fis Cod,fish - frozen ctd/ntrl/spclty,
Frozen Fis Speciality Scampi,fish - frozen ctd/ntrl/spclty,
Frozen Fish Cakes,fish - frozen ctd/ntrl/spclty,
Frozen Fish Fingers/Sticks,fish - frozen ctd/ntrl/spclty,
Frozen Fish Non-Barcoded,fish - frozen ctd/ntrl/spclty,
Frozen Natural Fish Steak,fish - frozen ctd/ntrl/spclty,
Frozen Other Fish Products,fish - frozen ctd/ntrl/spclty,
Other Fish Products,fish - frozen ctd/ntrl/spclty,
Frozen Flavoured Meats,miscellaneous foods - frozen,
Frozen Diced/Cubed Lamb,meat - frozen primary,
Frozen Frying/Grilling Ch Lamb,meat - frozen primary,
Frozen Frying/Grilling St Lamb,meat - frozen primary,
Frozen Half Lamb,meat - frozen primary,
Frozen Lamb Mixed Cuts Pack,meat - frozen primary,
Frozen Leg Lamb Roasting Joint,meat - frozen primary,
Frozen Mince Lamb,meat - frozen primary,
Frozen Shoulder Roasting Lamb,meat - frozen primary,
Frozen Stewing Lamb,meat - frozen primary,
Frozen Whole Lamb,meat - frozen primary,
Frozen Burgers,meat - frozen prcsd products,
Frozen Faggots,meat - frozen prcsd products,
Frozen Meat Pr Bacon Beef Quar,meat - frozen prcsd products,
Frozen Meat Pr Sausages Wrappe,meat - frozen prcsd products,
Frozen Meat Prod Garnish Pack,meat - frozen prcsd products,
Frozen Meat Prods Non Barcoded,meat - frozen prcsd products,
Frozen Other Meat Products,meat - frozen prcsd products,
Frozen Pies/Puddings/Pots,meat - frozen prcsd products,
Frzn Defined Chppd+Shaped Meat,meat - frozen prcsd products,
All Other Frozen Meat,meat - frozen prcsd products,
Frozen Kidney,meat - frozen prcsd products,
Frozen Liver,meat - frozen prcsd products,
Frozen Oth All Other Venison,meat - frozen prcsd products,
Frozen Other Meat & Off Mince,meat - frozen prcsd products,
Frozen Other Offal,meat - frozen prcsd products,
Frozen Rabbit Or Hare,meat - frozen prcsd products,
Frozen Pizzas Deep Pan,pizza - frozen,
Frozen Pizzas French Bread,pizza - frozen,
Frozen Pizzas Garlic Bread,pizza - frozen,
Frozen Pizzas Multi-Pack,pizza - frozen,
Frozen Pizzas Other Pizza,pizza - frozen,
Frozen Pizzas Pizza Slices,pizza - frozen,
Frozen Pizzas Thin & Crispy,pizza - frozen,
Thin & Crispy Pizzas,pizza - frozen,
Frozen Belly Pork,meat - frozen primary,
Frozen Diced/Cubed Pork,meat - frozen primary,
Frozen Frying/Grilling Ch Pork,meat - frozen primary,
Frozen Frying/Grilling St Pork,meat - frozen primary,
Frozen Half Pig,meat - frozen primary,
Frozen Loin Roasting Pork,meat - frozen primary,
Frozen Mince Pork,meat - frozen primary,
Frozen Other Cut Pork,meat - frozen primary,
Frozen Pork Leg Roasting Joint,meat - frozen primary,
Frozen Pork Shoulder Roasting,meat - frozen primary,
Coated Oven/Fry Products,veg - frozen chips+potato prds,
Frozen Fry Chips,veg - frozen chips+potato prds,
Frozen Microchips,veg - frozen chips+potato prds,
Frozen Oven Chips,veg - frozen chips+potato prds,
Frozen Potato Potato Products,veg - frozen chips+potato prds,
Frzn Potato Coated Oven/Fry,veg - frozen chips+potato prds,
Frzn Potato Three Way Cook,veg - frozen chips+potato prds,
Potato Products,veg - frozen chips+potato prds,
Frozen Duck Roll/Roast,poultry - frozen prcsd unck/fl,
Frozen Duckling Pieces,poultry - frozen primary,
Frozen Other Poultry Pcs,poultry - frozen primary,
Frozen Poultry Chicken Breast,poultry - frozen primary,
Frozen Poultry Chicken Half,poultry - frozen primary,
Frozen Poultry Chicken Leg,poultry - frozen primary,
Frozen Poultry Chicken Mixed/O,poultry - frozen primary,
Frozen Poultry Chicken Wings,poultry - frozen primary,
Frozen Poultry Other Poultry R,poultry - frozen prcsd unck/fl,
Frozen Turkey Pieces,poultry - frozen primary,
Frozen Turkey Roll/Roast,poultry - frozen prcsd unck/fl,
Frozen Whole Chicken,poultry - frozen primary,
Frozen Whole Duck,poultry - frozen primary,
Frozen Whole Other Poultry,poultry - frozen primary,
Frozen Whole Poussin,poultry - frozen primary,
Frozen Whole Turkey,poultry - frozen primary,
Frzn Pltry Chicken Roll/Roast,poultry - frozen primary,
Bites,poultry - frozen prcsd ctd/flv,
Frozen Processed Non Barcoded,poultry - frozen prcsd ctd/flv,
Frzn Processed Bite Size Snack,poultry - frozen prcsd ctd/flv,
Frzn Processed Breasts+Fillets,poultry - frozen prcsd ctd/flv,
Frzn Processed Childrens Shape,poultry - frozen prcsd ctd/flv,
Frzn Processed Drumstick/Thigh,poultry - frozen prcsd ctd/flv,
Frzn Processed Pltry Drumstick,poultry - frozen prcsd ctd/flv,
Frzn Processed Pltry Marinades,poultry - frozen prcsd ctd/flv,
Frzn Processed Pltry Portions,poultry - frozen prcsd ctd/flv,
Frzn Processed Poultry Bites,poultry - frozen prcsd ctd/flv,
Frzn Processed Poultry Burgers,poultry - frozen prcsd ctd/flv,
Frzn Processed Poultry Goujons,poultry - frozen prcsd ctd/flv,
Frzn Processed Poultry Grills,poultry - frozen prcsd ctd/flv,
Frzn Processed Poultry Nibbles,poultry - frozen prcsd ctd/flv,
Frzn Processed Poultry Nuggets,poultry - frozen prcsd ctd/flv,
Frzn Processed Poultry Snacks,poultry - frozen prcsd ctd/flv,
Frzn Processed Poultry Steaks,poultry - frozen prcsd ctd/flv,
Frzn Processed Poultry Thighs,poultry - frozen prcsd ctd/flv,
Frzn Processed Poultry Wings,poultry - frozen prcsd ctd/flv,
Nuggets,poultry - frozen prcsd ctd/flv,
Frozen Rdy Mls Other European,miscellaneous foods - frozen,
Frozen Rdy Mls Other Intrntnl,miscellaneous foods - frozen,
Frozen Re Other Eur Fish in Sa,miscellaneous foods - frozen,
Frozen Re Other Int Fish in Sa,miscellaneous foods - frozen,
Frozen Re Other Int Other Euro,miscellaneous foods - frozen,
Frozen Rea American Fish in Sa,miscellaneous foods - frozen,
Frozen Rea American Other Inte,miscellaneous foods - frozen,
Frozen Rea Chinese Fish in Sau,miscellaneous foods - frozen,
Frozen Rea English Fish in Sau,miscellaneous foods - frozen,
Frozen Rea English Jacket Pota,miscellaneous foods - frozen,
Frozen Rea English Other Inter,miscellaneous foods - frozen,
Frozen Rea Italian Fish in Sau,miscellaneous foods - frozen,
Frozen Rea Oriental Fish in Sa,miscellaneous foods - frozen,
Frozen Rea Oriental Other Inte,miscellaneous foods - frozen,
Frozen Rea Other Euro Spanish,miscellaneous foods - frozen,
Frozen Rea Other Int Oriental,miscellaneous foods - frozen,
Frozen Rea Other Inte English,miscellaneous foods - frozen,
Frozen Rea Spanish Fish in Sau,miscellaneous foods - frozen,
Frozen Read French Fish in Sau,miscellaneous foods - frozen,
Frozen Read Greek Other Europe,miscellaneous foods - frozen,
Frozen Read Greek Other Intern,miscellaneous foods - frozen,
Frozen Read Other Euro French,miscellaneous foods - frozen,
Frozen Read Other Europ Kievs,miscellaneous foods - frozen,
Frozen Ready American Mexican,miscellaneous foods - frozen,
Frozen Ready Chinese Oriental,miscellaneous foods - frozen,
Frozen Ready English Spanish,miscellaneous foods - frozen,
Frozen Ready Italian English,miscellaneous foods - frozen,
Frozen Ready M English French,miscellaneous foods - frozen,
Frozen Ready M English Indian,miscellaneous foods - frozen,
Frozen Ready M Indian English,miscellaneous foods - frozen,
Frozen Ready Me Chinese Kievs,miscellaneous foods - frozen,
Frozen Ready Me English Kievs,miscellaneous foods - frozen,
Frozen Ready Me Italian Kievs,miscellaneous foods - frozen,
Frozen Ready Me Mexican Kievs,miscellaneous foods - frozen,
Frozen Ready Me Thai Oriental,miscellaneous foods - frozen,
Frozen Ready Mea Chinese Thai,miscellaneous foods - frozen,
Frozen Ready Mea French Kievs,miscellaneous foods - frozen,
Frozen Ready Mea Indian Kievs,miscellaneous foods - frozen,
Frozen Ready Meals American,miscellaneous foods - frozen,
Frozen Ready Meals Chinese,miscellaneous foods - frozen,
Frozen Ready Meals English,miscellaneous foods - frozen,
Frozen Ready Meals French,miscellaneous foods - frozen,
Frozen Ready Meals Greek,miscellaneous foods - frozen,
Frozen Ready Meals Indian,miscellaneous foods - frozen,
Frozen Ready Meals Italian,miscellaneous foods - frozen,
Frozen Ready Meals Mexican,miscellaneous foods - frozen,
Frozen Ready Meals Oriental,miscellaneous foods - frozen,
Frozen Ready Meals Spanish,miscellaneous foods - frozen,
Frozen Ready Meals Thai,miscellaneous foods - frozen,
Frozen Ready Mexican American,miscellaneous foods - frozen,
Frozen Ready Spanish Chinese,miscellaneous foods - frozen,
Frozen Sausage Meat,sausagemeat - fresh+frozen,
Frozen Sausages Low-Fat,sausages - frozen,
Frozen Sausages Original,sausages - frozen,
Original,sausages - frozen,
Frozen Sa Filo/Vol- Meat Free,cakes+desserts - frozen,
Frozen Savo Pasties Meat Free,cakes+desserts - frozen,
Frozen Savour Slice Meat Free,cakes+desserts - frozen,
Frozen Savoury B Pasties Meat,cakes+desserts - frozen,
Frozen Savoury Bak Slice Meat,cakes+desserts - frozen,
Frozen Savoury Bake Pies Meat,cakes+desserts - frozen,
Frozen Savoury Bakery Pasties,cakes+desserts - frozen,
Frozen Savoury Bakery Pies,cakes+desserts - frozen,
Frozen Savoury Bakery Quiches,cakes+desserts - frozen,
Frozen Savoury Meat Puddings,cakes+desserts - frozen,
Frozen Savoury Sausage Rolls,cakes+desserts - frozen,
Frozen Savoury Slice Pasties,cakes+desserts - frozen,
Frzn Savoury Filo/Vol-Au-Vents,cakes+desserts - frozen,
Frozen Stuffing,stuffing-packet,
Frozen Broad Beans,veg - frozen vegetables,
Frozen Broccoli/Calabrese,veg - frozen vegetables,
Frozen Brussel Sprouts,veg - frozen vegetables,
Frozen Carrots,veg - frozen vegetables,
Frozen Cauliflower,veg - frozen vegetables,
Frozen Green Beans,veg - frozen vegetables,
Frozen Onions,veg - frozen vegetables,
Frozen Other Natural Vegetable,veg - frozen vegetables,
Frozen Peas,veg - frozen vegetables,
Frozen Soya Beans,veg - frozen vegetables,
Frozen Spinach,veg - frozen vegetables,
Frozen Sweetcorn,veg - frozen vegetables,
Frozen Veg/Rice Mixtures,veg - frozen vegetables,
Frozen Vegetab Broccoli+Green,veg - frozen vegetables,
Frozen Vegetab Carrot+Parsnip,veg - frozen vegetables,
Frozen Vegetab Cauliflower Che,veg - frozen vegetables,
Frozen Vegetab Red Hot Chilli,veg - frozen vegetables,
Frozen Vegetab Sticky Texas On,veg - frozen vegetables,
Frozen Vegetab Vegetable+Quino,veg - frozen vegetables,
Frozen Vegetable Butter Beans,veg - frozen vegetables,
Frozen Vegetable Kidney Beans,veg - frozen vegetables,
Frozen Vegetables Broccoli,veg - frozen vegetables,
Frozen Vegetables Mushroom,veg - frozen vegetables,
Frozen Vegetables Non-Barcoded,veg - frozen vegetables,
Frozen Vegetables Other,veg - frozen vegetables,
Frozen Vegetables Quinoa,veg - frozen vegetables,
Frozen Vegetables Turnip,veg - frozen vegetables,
Veg/Rice Mixtures,veg - frozen vegetables,
Frozen Ve Miscellan Vegetarian,vegetarian - frozen meat subs,
Frozen Ve Other Fro Vegetarian,vegetarian - frozen meat subs,
Frozen Ve Vegetable Vegetarian,vegetarian - frozen meat subs,
Frozen Ve Vegetaria Vegetarian,vegetarian - frozen meat subs,
Frozen Veg Other Fro Freeform,vegetarian - frozen meat subs,
Frozen Veg Vegetable Freeform,vegetarian - frozen meat subs,
Frozen Vegemince,vegetarian - frozen meat subs,
Vegetable Sausages,vegetarian - frozen meat subs,
Vegetarian Burger,vegetarian - frozen meat subs,
Berries+Currants,ambient fruit,
Black Seeded Grapes,fruit - grapes,
Black Seedless Grapes,fruit - grapes,
Clementine Easy Peelers,fruit - oranges,
Fruit Apricot,ambient fruit,
Fruit Apricot Apricots Ripe+RT,ambient fruit,
Fruit Avocado Avocado Medium,fruit - tropical fruit,
Fruit Banana Banana Frtrd Vl/F,fruit - bananas,
Fruit Banana Eat Now/Eat Later,fruit - bananas,
Fruit Banana Fairtrade Hm Rpng,fruit - bananas,
Fruit Banana Fairtrade Loose,fruit - bananas,
Fruit Banana Fairtrade PP Std,fruit - bananas,
Fruit Banana Fairtrade Small,fruit - bananas,
Fruit Banana Home Ripening,fruit - bananas,
Fruit Banana Loose,fruit - bananas,
Fruit Banana Other/Specialty,fruit - bananas,
Fruit Banana Prepacked,fruit - bananas,
Fruit Banana Small,fruit - bananas,
Fruit Banana Value/Family,fruit - bananas,
Fruit Berries+Cur Fairtrade Bl,ambient fruit,
Fruit Berries+Cur Mixed Berrie,ambient fruit,
Fruit Berries+Currant Blbrry,ambient fruit,
Fruit Berries+Currant Blckbrry,ambient fruit,
Fruit Berries+Currant Blckcrnt,ambient fruit,
Fruit Berries+Currant Cranbry,ambient fruit,
Fruit Berries+Currant Gsberry,ambient fruit,
Fruit Berries+Currant Lgnbry,ambient fruit,
Fruit Berries+Currant Rdcrnt,ambient fruit,
Fruit Berries+Currant Rspbrry,ambient fruit,
Fruit Berries+Currant Strwbry,ambient fruit,
Fruit Berries+Currants Other,ambient fruit,
Fruit Cherries,ambient fruit,
Fruit Coconut,fruit - tropical fruit,
Fruit Coconut Fairtrade Coconu,fruit - tropical fruit,
Fruit Cooking Apples,fruit - apples,
Fruit Dates,fruit - tropical fruit,
Fruit Dessert App Cooking Appl,fruit - apples,
Fruit Dessert Apples,fruit - apples,
Fruit Dessert Apples Fairtrade,fruit - apples,
Fruit Easy Peeler Other Orange,fruit - oranges,
Fruit Esy Plrs Clementines,fruit - oranges,
Fruit Esy Plrs Fairtrade Other,fruit - oranges,
Fruit Esy Plrs Mandarins,fruit - oranges,
Fruit Esy Plrs Other Citrus,fruit - oranges,
Fruit Esy Plrs Satsumas,fruit - oranges,
Fruit Esy Plrs Tangerine,fruit - oranges,
Fruit Figs,ambient fruit,
Fruit Figs Figs Ripe+RTE,ambient fruit,
Fruit Grape-Mixed Fairtrade Gr,fruit - grapes,
Fruit Grape-Red Fairtrade,fruit - grapes,
Fruit Grape-White Fairtrade,fruit - grapes,
Fruit Grapefrui Fairtrade Grap,fruit -grapefruit/lemons/limes,
Fruit Grapefruit Other,fruit -grapefruit/lemons/limes,
Fruit Grapefruit Pink,fruit -grapefruit/lemons/limes,
Fruit Grapefruit White,fruit -grapefruit/lemons/limes,
Fruit Kiwi,fruit - tropical fruit,
Fruit Kiwi Berries,fruit - tropical fruit,
Fruit Kiwi Frui Kiwi Frt Golde,fruit - tropical fruit,
Fruit Kiwi Frui Kiwi Fruit Rip,fruit - tropical fruit,
Fruit Kiwi Golden,fruit - tropical fruit,
Fruit Kumquats,fruit - tropical fruit,
Fruit Lemon,fruit -grapefruit/lemons/limes,
Fruit Lemon Fairtrade,fruit -grapefruit/lemons/limes,
Fruit Lemon+Lime,fruit -grapefruit/lemons/limes,
Fruit Lime,fruit -grapefruit/lemons/limes,
Fruit Lime Fairtrade Lime,fruit -grapefruit/lemons/limes,
Fruit Lychees,fruit - tropical fruit,
Fruit Lychees Fairtrade,fruit - tropical fruit,
Fruit Mango,fruit - tropical fruit,
Fruit Mango Fairtrade,fruit - tropical fruit,
Fruit Mango Mango Ripe+RTE,fruit - tropical fruit,
Fruit Melons Cantaloupe,fruit - melons,
Fruit Melons Charentais,fruit - melons,
Fruit Melons Galia,fruit - melons,
Fruit Melons Honeydew/Yellow,fruit - melons,
Fruit Melons Other,fruit - melons,
Fruit Melons Piel De Sapo,fruit - melons,
Fruit Melons Water,fruit - melons,
Fruit Melons Water Baby,fruit - melons,
Fruit Mixed Berries,prepared chilled fruit,
Fruit Nectarine Nectarines Whi,fruit - nectarines,
Fruit Nectarine Nectarines Yel,fruit - nectarines,
Fruit Orange Delta,fruit - oranges,
Fruit Orange Fairtrade,fruit - oranges,
Fruit Orange Other,fruit - oranges,
Fruit Other Other Citrus,fruit -grapefruit/lemons/limes,
Fruit Other Soft Fruit,fruit - soft fruit,
Fruit Other Tropical Fruit,fruit - tropical fruit,
Fruit Others,ambient fruit,
Fruit Passion Fru Fairtrade Pa,fruit - tropical fruit,
Fruit Passion Fruit,fruit - tropical fruit,
Fruit Paw-Paws,fruit - tropical fruit,
Fruit Paw-Paws Paw-Paws Ripe+R,fruit - tropical fruit,
Fruit Peaches Peaches White,fruit - peaches,
Fruit Peaches Peaches White Ri,fruit - peaches,
Fruit Peaches Peaches Yellow,fruit - peaches,
Fruit Peaches Peaches Yellow R,fruit - peaches,
Fruit Pears,fruit - pears,
Fruit Pears Fairtrade,fruit - pears,
Fruit Pears Pears Ripe+Rdy,fruit - pears,
Fruit Persimmon F Persimmon Fr,ambient fruit,
Fruit Persimmon Fruit,ambient fruit,
Fruit Physalis,fruit - tropical fruit,
Fruit Pineapple Baby,fruit - tropical fruit,
Fruit Pineapple Fairtrade,fruit - tropical fruit,
Fruit Pineapple Other,fruit - tropical fruit,
Fruit Pineberries,fruit - tropical fruit,
Fruit Plums Angelino,fruit - plums,
Fruit Plums Fairtrade,fruit - plums,
Fruit Plums Greengages,fruit - plums,
Fruit Plums Greengages Ripe+Rd,fruit - plums,
Fruit Plums Plums Red,fruit - plums,
Fruit Plums Plums Red Ripe+Rdy,fruit - plums,
Fruit Plums Plums Yellow,fruit - plums,
Fruit Plums Plums Yellow Ripe+,fruit - plums,
Fruit Plums Santa Rosa,fruit - plums,
Fruit Pomegranate Pomegranates,fruit - tropical fruit,
Fruit Pomegranates,fruit - tropical fruit,
Fruit Rhubarb,ambient fruit,
Fruit Sharon Frui Sharon Fruit,ambient fruit,
Fruit Sharon Fruit,ambient fruit,
Fruit Star Fruit,fruit - tropical fruit,
Fruit Ugli Fruit,fruit - tropical fruit,
Grape-Red,fruit - grapes,
Mandarin Easy Peelers,fruit - grapes,
Mixed Pack Seeded Grapes,fruit - grapes,
Mixed Pack Seedless Grapes,fruit - grapes,
Nectarines,fruit - nectarines,
Red Seeded Grapes,fruit - grapes,
Red Seedless Grapes,fruit - grapes,
White Seeded Grapes,fruit - grapes,
White Seedless Grape,fruit - grapes,
Fruit Filling,fruit pie filling-ambient,
Furniture Polish,,
Low Calorie Ginger Ale,soft drinks-crbntd flvrs bttls,
Standard Ginger Ale,soft drinks-crbntd flvrs bttls,
Gum Confectionery Bubble Gum,,
Gum Confectionery Chewing Gum,,
Blachs/Lghtnrs/Strk Kts Hr Clr,,
Hair Colour Restorers,,
Permanent Hair Colourant,,
Semi-Permanent Hair Colourants,,
Sprays Hair Colourants,,
Temporary Hair Rinses,,
Tone On Hair Colourants,,
Hair Condition Dry Conditioner,,
Hair Condition Non Barcoded Pr,,
Hair Conditioners Intensive,,
Hair Conditioners Oil,,
Hair Conditioners Serum,,
Hair Conditioners Standard,,
Hair Styling Non Barcoded Prod,,
Hair Styling Setting Gels,,
Hair Styling Setting Sprays,,
Hair Styling Styling Lotions /,,
Hair Styling Styling Mousses,,
Hair Styling Waxes / Creams,,
Hairsprays 24Hr Body Amplifix,,
Hairsprays Texture Blaster,,
Pump Action Hairsprays,,
Standard Hairsprays,,
Hand Wash Products,,
Creme Hayfever Remedies,,
Hayfever Allergy Drops,,
Hayfever Other Remedies,,
Hayfever Remed Liquid Capsules,,
Hayfever Remedies Balm,,
Hayfever Remedies Capsules,,
Hayfever Remedies Lozenges,,
Hayfever Remedies Syrup,,
Hayfever Remedies Tablet,,
Hayfever Remedy Drops,,
Nasal Spray Hayfever Remedies,,
Cookies,biscuits - plain+savoury,
Health Bisc Bourbon Creams,biscuits - chocolate coated,
Health Bisc Choc Digestives,biscuits - chocolate coated,
Health Bisc Chocolate Mallows,biscuits - sweet,
Health Bisc Coconut/Nice,biscuits - plain+savoury,
Health Bisc Cookies,biscuits - plain+savoury,
Health Bisc Custard Creams,biscuits - chocolate coated,
Health Bisc Digestives,biscuits - chocolate coated,
Health Bisc Fig Rolls,biscuits - plain+savoury,
Health Bisc Fruit Shortcake,biscuits - plain+savoury,
Health Bisc Fully Coated,biscuits - chocolate coated,
Health Bisc Ginger,biscuits - plain+savoury,
Health Bisc Half Coated,biscuits - chocolate coated,
Health Bisc Lunchbox,biscuits - plain+savoury,
Health Bisc Oat,biscuits - plain+savoury,
Health Bisc Oth Confectionery,biscuits - plain+savoury,
Health Bisc Other Creams,biscuits - plain+savoury,
Health Bisc Packet Wafers,biscuits - sweet,
Health Bisc Rich Tea,biscuits - plain+savoury,
Health Bisc Shortbread,biscuits - plain+savoury,
Health Bisc Shortcake,biscuits - plain+savoury,
Health Bisc Uncoated Mallows,biscuits - sweet,
Health Biscuits Oth Everyday,biscuits - sweet,
Healthier Bisc Breakfast Biscu,biscuits - sweet,
Healthier Bisc Chocolate Wafer,biscuits - sweet,
Healthier Bisc Morning Coffee,biscuits - sweet,
Healthier Bisc Uncoated Countl,biscuits - sweet,
Healthier Biscu Chocolate Oat,biscuits - sweet,
Healthier Biscuit Jaffa Cakes,biscuits - sweet,
Healthier Biscuit Other Fruit,biscuits - sweet,
Healthier Biscuit Other Sweet,biscuits - sweet,
Healthier Biscuits Chocolate,biscuits - chocolate bisc bars,
Healthier Biscuits Dips,biscuits - sweet,
Healthier Biscuits Jam,biscuits - sweet,
Healthier Biscuits Malted,biscuits - sweet,
Herbal Tea Decaffeinated,tea-fruit & herbal bags,
Herbal Tea Fruit+Herbal,tea-fruit & herbal bags,
Herbal Tea Green Bags,tea-fruit & herbal bags,
Herbal Tea Instant,tea-fruit & herbal bags,
Herbal Tea Loose,tea-fruit & herbal bags,
Herbal Tea Ordinary Bags,tea-fruit & herbal bags,
Herbal Tea Organic Bags,tea-fruit & herbal bags,
Herbal Tea Speciality Bags,tea-fruit & herbal bags,
Herbs+Spices,herbs and spices,
Herbs+Spices Herbs,herbs and spices,
Herbs+Spices Pepper,herbs and spices,
Herbs+Spices Pepper+Salt,herbs and spices,
Herbs+Spices Seasoning,herbs and spices,
Herbs+Spices Spices,herbs and spices,
Home Baking Almonds,home baking,
Home Baking Baking Fruits,home baking,
Home Baking Cake Coverings,home baking,
Home Baking Cherries+Peel,home baking,
Home Baking Snacking Fruit+Nut,home baking,
Home Baking Snacking Fruits,home baking,
Other Baking Ingredients,home baking,
Home Perms,,
Honey,honey,
Drain,,
Household Cleaner Non-Barcoded,,
Household Cleaners,,
Hshld Clnrs Drain,,
Hshld Clnrs Fridge/Freezer,,
Hshld Clnrs Hob,,
Hshld Clnrs Metal,,
Hshld Clnrs Microwave/Fridge,,
Hshld Clnrs Oven,,
Limescale Removers,,
Liquid Scourers,,
Scouring Powders,,
Window Cleaners,,
Household Food Cooking Liners,,
Household Food Poaching Bags,,
Household Food Wr Cheese Bags,,
Household Food Wra Steam Bags,,
Household Food Wra Toast Bags,,
Household Food Wrap Foil Bags,,
Hshld Food Greaseproof Paper,,
Hshld Food Ice-Cube Bags,,
Hshld Food Roasting Bags,,
Hshld Food Wraps BBQ Bags,,
Hshld Food Wraps Bags,,
Hshld Food Wraps Baking Paper,,
Hshld Food Wraps Cling Film,,
Hshld Food Wraps Foil,,
Aerosol,,
Household Aerosol Insecticides,,
Household Insec Trigger Spray,,
Hshld Insecticides Gel,,
Insecticide Pens,,
Insecticide Traps,,
Liquid Insecticides,,
Other Insecticides,,
Powder Insecticides,,
Strips Insecticides,,
Ice Cream Cone,ice cream tubs+handheld mltpck,
Incontinence Products,,
Extra Strngth Indgstn Tblts,,
Extra Strngth Lqd Indgstn,,
Fruit Indgstion Remedy Tablet,,
Indgstn Remedy Caplets,,
Indgstn Remedy Capsule,,
Indgstn Remedy Gel Capsules,,
Indgstn Remedy Tablets,,
Liquid Indigestion Remedies,,
Liquid Indigestion Suspension,,
Original Indgstn Remedy Tablet,,
Peppermint Indigestion Tablets,,
Powder Indigestion Remedies,,
Chicory Mixture Instant Coffee,coffee-instant,
Decaf Freeze Dried Inst Coffee,coffee-instant,
Decaf Non-Freeze Dried Coffee,coffee-instant,
Freeze Dried Instant Coffee,coffee-instant,
Instant Coffee Granules,coffee-instant,
Instant Coffee Micro Ground,coffee-instant,
Instant Coffee Non-Barcoded,coffee-instant,
Instant Coffee Powder,coffee-instant,
Spclty Instant Coffee,coffee-instant,
Speciality Instant Coffee,coffee-instant,
Instant Hot Snacks,instant hot snacks,
Instant Mashed Potato,instant mashed potatoes,
Instant Milk,instant/skimmed/filled milk,
Kitchen Towels,,
Lard+Compound Compounds,white fats,
Lard+Compound Lard,white fats,
Lard+Compound Solid Vegetable,white fats,
Lards+Compounds Dripping,white fats,
Lards+Compounds Duck Fat,white fats,
Lards+Compounds Goose Fat,white fats,
Laxatives,,
Lemon+Lime Juices Lemon,lemon and lime juices,
Lemon+Lime Juices Lime,lemon and lime juices,
Liquid Soap,,
Liquid+Grd Coffee Non Barcoded,coffee-liquid & ground,
Liquid+Ground Coffee Bags,coffee-liquid & ground,
Liquid+Ground Coffee Beans,coffee-liquid & ground,
Liquid+Ground Coffee Ground,coffee-liquid & ground,
Lmscle Rmvrs/Water Softener,,
Loose Chld Pasties/Sausage Rll,meat+pastry products - prpckd,
Loose Chld Quiches/Flans,meat+pastry products - prpckd,
Loose Chld Sliced Pies/Pudding,meat+pastry products - prpckd,
Loose Chld Whole Pork Pie,meat+pastry products - prpckd,
Lse Chld Othr Whl Pie/Pudding,meat+pastry products - prpckd,
Scotch Eggs,meat+pastry products - prpckd,
Gel,,
Machine Wash Non Barcoded,,
Machine Wash Produc Powergems,,
Machine Wash Products Gel,,
Mchn Wsh Prds Tmble Dryer Shot,,
Mchn Wsh Prdts Liquid,,
Mchn Wsh Prdts One Shot Tablet,,
Mchn Wsh Prdts One Sht Capsule,,
Mchn Wsh Prdts Powder,,
One Shot Capsule,,
Dairy Spreads,margarine,
Margarine Liquid Margarine,margarine,
Margarine Non-Barcoded,margarine,
Non Pufa Low Fat Spread,margarine,
Other Soft Margarine,margarine,
P.U.F.A Soya Margarine/Spread,margarine,
Packet Margarine,margarine,
Pufa/Mufa Margarine/Spread,margarine,
Meat Extract Cubes,gravy & stock,
Meat Extract Gravy Browning,gravy & stock,
Meat Extract Gravy Powder/Gran,gravy & stock,
Meat Extract Gravy Salt,gravy & stock,
Meat Extract Non-Barcoded,gravy & stock,
Meat Extract R.T.S. Gravy,gravy & stock,
Mt Extrct Pastes/Savoury Drink,gravy & stock,
Dry Look Mens Hairsprays,,
Firm Hold Mens Hairsprays,,
Mens Hairsprays Extra Firm,,
Mens Hairsprays Extra Hold,,
Mens Hairsprays Normal,,
Mens Hairsprays Thickening,,
Standard Mens Hairsprays,,
Mens Mass Fragrances,,
Mens Skincare,,
Milkshake Mixes Liquid,milkshake mixes,
Milkshake Mixes Powder,milkshake mixes,
Mincemeat (Sweet) Luxury,mincemeat(sweet),
Mincemeat (Sweet) Standard,mincemeat(sweet),
Carbonated Mineral Water,soft drinks-mineral water,
Flavoured,soft drinks-mineral water,
Flavoured Mineral Water,soft drinks-mineral water,
Still,soft drinks-mineral water,
Still Mineral Water,soft drinks-mineral water,
Mixers,soft drinks-mixers,
Baby Wipes,,
Moist Wipes,,
Bagels,bread - loose,
Croissants,bread - loose,
Crumpets/Pikelets,bread - loose,
Crusty Bread Rolls,bread - loose,
Fruited Iced Buns,bread - loose,
Fruited Other Buns,bread - loose,
Hotcross Buns,bread - loose,
Lavash Bread,bread - loose,
Morning Goods Bagels,bread - loose,
Morning Goods Baguettes,bread - loose,
Morning Goods Brown,bread - loose,
Morning Goods Ciabatta,bread - loose,
Morning Goods Flatbread,bread - loose,
Morning Goods Focaccia,bread - loose,
Morning Goods Pain Au Choc,"bread - rolls, baps+croissants",
Morning Goods Petit Pains,bread - loose,
Morning Goods Sub Roll,bread - loose,
Morning Goods Tear+Share,bread - loose,
Morning Goods Tortilla Wraps,tortilla wraps,
Morning Goods White,bread - loose,
Muffins,bread - loose,
Naan Bread,bread - loose,
Other Bread Rolls/Baps,bread - loose,
Pancakes/Griddle Scones,bread - loose,
Part Baked Bread,bread - loose,
Partbaked,bread - loose,
Pitta Bread,bread - loose,
Potato Cakes/Soda Farl,bread - loose,
Scones,bread - loose,
Soft Bread Rolls,bread - loose,
Teacakes,bread - loose,
Unfruited Iced Buns,bread - loose,
Unfruited Other Buns,bread - loose,
Waffles,bread - loose,
Mouthwashes,,
Mustard American,mustard,
Mustard Australian,mustard,
Mustard Dijon,mustard,
Mustard English,mustard,
Mustard Flavoured/Other,mustard,
Mustard French,mustard,
Mustard Irish,mustard,
Mustard Polish,mustard,
Mustard Powder,mustard,
Mustard Russian,mustard,
Mustard Sandwich,mustard,
Mustard Wholegrain,mustard,
Non Alcoholic Beer,alcohol-beer-low alcohol,
Brazil Nuts,nuts & nut mixtures,
Flavoured Peanuts,nuts & nut mixtures,
Monkey Nuts,nuts & nut mixtures,
Nuts Almond+Hazelnut,nuts & nut mixtures,
Nuts Almonds,nuts & nut mixtures,
Nuts Cashews,nuts & nut mixtures,
Nuts Chestnut,nuts & nut mixtures,
Nuts Chestnuts,nuts & nut mixtures,
Nuts Chopped Brazil Nuts,nuts & nut mixtures,
Nuts Chopped Mixed Nuts,nuts & nut mixtures,
Nuts Cobnuts,nuts & nut mixtures,
Nuts Coconut Powder,nuts & nut mixtures,
Nuts Desiccated Coconut,nuts & nut mixtures,
Nuts Dry Roast Peanuts,nuts & nut mixtures,
Nuts Fruit+Nut Mixtures,nuts & nut mixtures,
Nuts Hazelnuts,nuts & nut mixtures,
Nuts Large Peanuts,nuts & nut mixtures,
Nuts Macademia,nuts & nut mixtures,
Nuts Mixed Nuts,nuts & nut mixtures,
Nuts Mixtures,nuts & nut mixtures,
Nuts Other,nuts in shells,
Nuts Peanut,nuts & nut mixtures,
Nuts Peanuts,nuts & nut mixtures,
Nuts Pistachio,nuts & nut mixtures,
Nuts Soya Nuts,nuts & nut mixtures,
Nuts Standard Peanuts,nuts & nut mixtures,
Nuts Stoned Dates+Marzipan,nuts & nut mixtures,
Nuts Stoned Dates+Walnuts,nuts & nut mixtures,
Nuts corn+nut,nuts & nut mixtures,
Pecan Nuts,nuts & nut mixtures,
Pine Nut Kernels,nuts & nut mixtures,
Walnuts,nuts & nut mixtures,
Aspirin Oral Analgesics,,
Ibuprofen Oral Analgesics,,
Oral Analgesics Compounds,,
Oral Paracetamol Analgesics,,
Adult Oral Lesion Gel,,
Mouth Ulcer Gel,,
Mouth Ulcer Liquid,,
Oral Lesion Teething Pastilles,,
Oral Lesion/te Mouth Ulcer Spr,,
Oral Lesion/teething Mrk Buds,,
Pain Relief Oral Gel,,
Sore Mouth Gel,,
Teething Gel,,
Teething Granules,,
Teething Powder,,
Chld Prawn Ccktl/Seafood Sauce,fish-jar(inc.seafood/shellfsh),
Oth Chld Cnvnce All Othr Types,,
Oth Chld Cnvnce Apple Sauces,prepared chilled fruit,
Oth Chld Cnvnce Bhajis,indian & chinese products,
Oth Chld Cnvnce Other Snacks,savoury snacks,
Oth Chld Cnvnce Pakoras,savoury snacks,
Oth Chld Cnvnce Potato Skins,savoury snacks,
Oth Chld Cnvnce Potato Wedges,savoury snacks,
Oth Chld Cnvnce Samosa,savoury snacks,
Oth Chld Cnvnce Sausage Wraps,savoury snacks,
Oth Chld Cnvnce Spring Rolls,savoury snacks,
Oth Chld Cnvnce Tartare Sauce,savoury snacks,
Oth Chld Cooked Cocktail,savoury snacks,
Oth Chld Cranberry Sauce,cooking sauces and condiments,
Oth Chld Snack Selection,savoury snacks,
Other Chi Meal Cent Other Poul,savoury snacks,
Other Chilled Co Bites/Snacks,savoury snacks,
Other Chilled Con Meal Centre,savoury snacks,
Other Chilled Conven American,savoury snacks,
Other Chilled Conveni Mexican,savoury snacks,
Other Chilled Horseradish Sau,cooking sauces and condiments,
Other Chilled Vegetable Accom,savoury snacks,
Other Snacks,savoury snacks,
Frozen Cooking Sauces,cooking sauces and condiments,
Frozen Unfilled Yorkshire Puds,miscellaneous foods - frozen,
Other Frozen Foods,miscellaneous foods - frozen,
P/P Fresh Me Ready To Co Fish,meat+pastry products - prpckd,
P/P Fresh Meat+ Complete Meal,meat+pastry products - prpckd,
P/P Fresh Meat+V Bites/Snacks,meat+pastry products - prpckd,
P/P Fresh Meat+V Other Snacks,meat+pastry products - prpckd,
P/P Fresh Meat+Ve Meal Centre,meat+pastry products - prpckd,
PP Fsh Mt+Vg Filo/Vol-Au-Vent,meat+pastry products - prpckd,
PP Fsh Mt+Vg Hot Meat Pudding,meat+pastry products - prpckd,
PP Fsh Mt+Vg Hot Pies,meat+pastry products - prpckd,
PP Fsh Mt+Vg Non Meat Pasties,meat+pastry products - prpckd,
PP Fsh Mt+Vg Other Cold Pies,meat+pastry products - prpckd,
PP Fsh Mt+Vg Pasties,meat+pastry products - prpckd,
PP Fsh Mt+Vg Pick N Mix Quiche,meat+pastry products - prpckd,
PP Fsh Mt+Vg Pick-n-Mix Pies,meat+pastry products - prpckd,
PP Fsh Mt+Vg Pick-n-Mix Snack,meat+pastry products - prpckd,
PP Fsh Mt+Vg Pork Pies,meat+pastry products - prpckd,
PP Fsh Mt+Vg Quiches/Flans,meat+pastry products - prpckd,
PP Fsh Mt+Vg Sausage Rolls,meat+pastry products - prpckd,
PP Fsh Mt+Vg Scotch Eggs,meat+pastry products - prpckd,
Sausage Rolls,meat+pastry products - prpckd,
Packet Instant Soup,soup-dried,
Packet Soup Non-Barcoded,soup-dried,
Packet Standard Soup,soup-dried,
Packet Stuffing,stuffing-packet,
Peanut Butter,peanut butter,
Chutney,chutney & relish,
Piccalilli+Mustard Pickle,chutney & relish,
Relishes,chutney & relish,
Sweet Pickles,chutney & relish,
Popcorn Savoury,popcorn - savoury,
Popcorn Sweet,popcorn - sweet,
Popcorn Sweet+Savoury,popcorn - savoury,
Pot Pourri+Scented Candles+Oil,,
Custard Powder,custard,
Instant Custard Powder,custard,
Powder Blancmanges,desserts+dessert sauces,
Powder Cornflour,desserts+dessert sauces,
Powder Desserts+Cstrds Non Bar,desserts+dessert sauces,
Powder Hot Instant Desserts,desserts+dessert sauces,
Powder Ice Cream/Dessert Sauce,desserts+dessert sauces,
Powder Instant Desserts,desserts+dessert sauces,
Powder Prpard Dessert Topping,desserts+dessert sauces,
Powder Thickeners,desserts+dessert sauces,
Powder Trifle,desserts+dessert sauces,
Powdered Dessert Topping,desserts+dessert sauces,
Canned Bean Salad,vegetables-canned peas & beans,
Canned Beans In Sauce,vegetables-canned peas & beans,
Canned Butter Beans,vegetables-canned peas & beans,
Canned Garden Peas,vegetables-canned peas & beans,
Canned Kidney Beans,vegetables-canned peas & beans,
Canned Other Beans In Brine,vegetables-canned peas & beans,
Canned Pease Pudding,vegetables-canned peas & beans,
Canned Processed Tinned Peas,vegetables-canned peas & beans,
Canned Tinned Mushy Peas,vegetables-canned peas & beans,
Canned+Bottled Green Beans,vegetables-canned peas & beans,
Prepared Peas&B Mogette Beans,vegetables-canned peas & beans,
Prepared Peas&B Refried Beans,vegetables-canned peas & beans,
Prepared Peas&Beans Broad,vegetables-canned peas & beans,
Prepared Peas&Beans Mixed,vegetables-canned peas & beans,
Prepared Peas&Beans Soya,vegetables-canned peas & beans,
Extra Jam Preserve,jams & marmalades,
Fruit Cheese Preserve,sandwich spread,
Lemon Curd Preserve,paste+spreads,
Make It Yourself Marmalade,paste+spreads,
Medium Cut Preserve,paste+spreads,
Perserve Non-Barcoded,paste+spreads,
Preserves Alphonso Mango Curd,paste+spreads,
Preserves Banana Curd,paste+spreads,
Preserves Banana+Kiwi Curd,paste+spreads,
Preserves Blackcurrant Curd,paste+spreads,
Preserves Butterscotch Curd,paste+spreads,
Preserves Cranberry Curd,paste+spreads,
Preserves Fine Cut,paste+spreads,
Preserves Fruit Cake,paste+spreads,
Preserves Ginger Curd,paste+spreads,
Preserves Jaffa Orange Curd,paste+spreads,
Preserves Lime Curd,paste+spreads,
Preserves Luscious Lemon Curd,paste+spreads,
Preserves No Added Sugar,paste+spreads,
Preserves Orange Curd,paste+spreads,
Preserves Passionfruit Curd,paste+spreads,
Preserves Pink Grapefruit Curd,paste+spreads,
Preserves Raspberry+Lime Curd,paste+spreads,
Preserves Red Velvet Curd,paste+spreads,
Preserves Rhubarb+Custard Curd,paste+spreads,
Preserves Sour Cherry Curd,paste+spreads,
Preserves Summer Fruit Curd,paste+spreads,
Pure Fruit Spread Preserve,paste+spreads,
Reduced Sugar Preserve,paste+spreads,
Standard Jam Preserve,paste+spreads,
Thick Cut Preserves,paste+spreads,
Thin Cut Preserves,paste+spreads,
R.T.S. Custard Big Pot,custard,
R.T.S. Custard Can,custard,
R.T.S. Custard Carton,custard,
R.T.S. Custard Individual Pot,custard,
R.T.S. Custard Pouch,custard,
Bought With Razor,,
Bought With Razor Razor Blades,,
Disposable Razor Blades,,
Double Edge Razor Blades,,
Razor Blades Non-Barcoded,,
Razor Blades System,,
System Blades,,
Ready To Use Icing,icing-ready to use,
RTS Desserts Lng Lf Creme Crml,ready to serve desserts,
RTS Desserts Lng Lf Custard,ready to serve desserts,
RTS Desserts Lng Lf Mousse,ready to serve desserts,
RTS Desserts Lng Lf Other Type,ready to serve desserts,
RTS Desserts Lng Lf Rice Pudng,ready to serve desserts,
RTS Desserts Lng Lf Trifle,ready to serve desserts,
RTS Desserts Lng Lf Whip,ready to serve desserts,
RTS Desserts Long Life Jelly,ready to serve desserts,
Salt Cooking Salt,salt,
Salt Low Salt,salt,
Salt Mediterranean Sea/Rock,salt,
Salt Sea Salt+Garlic,salt,
Salt Sea/Rock,salt,
Salt Speciality/Flavours,salt,
Salt Table,salt,
Savoury Biscui Other Savoury B,biscuits - plain+savoury,
Savoury Biscui Pastries+Twists,biscuits - plain+savoury,
Savoury Biscui Savoury Snacks,biscuits - plain+savoury,
Svry Bisc Breadsticks,biscuits - plain+savoury,
Multi-Pack,savoury snacks,
Savoury Snacks Family,savoury snacks,
Savoury Snacks Maxi,savoury snacks,
Savoury Snacks Multi-Pack,savoury snacks,
Savoury Snacks Standard,savoury snacks,
Savoury Snacks Tray,savoury snacks,
Seasonal Biscu Bourbon Creams,biscuits - seasonal,
Seasonal Biscu Chocolate Biscu,biscuits - seasonal,
Seasonal Biscu Chocolate Diges,biscuits - seasonal,
Seasonal Biscu Chocolate Mallo,biscuits - seasonal,
Seasonal Biscu Chocolate Wafer,biscuits - seasonal,
Seasonal Biscu Custard Creams,biscuits - seasonal,
Seasonal Biscu Fruit Shortcake,biscuits - seasonal,
Seasonal Biscu Half Iced Biscu,biscuits - seasonal,
Seasonal Biscu Uncoated Mallow,biscuits - seasonal,
Seasonal Biscui Packet Wafers,biscuits - seasonal,
Seasonal Biscuit Coconut/Nice,biscuits - seasonal,
Seasonal Biscuit Fully Coated,biscuits - seasonal,
Seasonal Biscuit Other Creams,biscuits - seasonal,
Seasonal Biscuits Cookies,biscuits - seasonal,
Seasonal Biscuits Ginger,biscuits - seasonal,
Seasonal Biscuits Half Coated,biscuits - seasonal,
Seasonal Biscuits Jaffa Cakes,biscuits - seasonal,
Seasonal Biscuits Jam,biscuits - seasonal,
Seasonal Biscuits Lunchbox,biscuits - seasonal,
Seasonal Biscuits Oat,biscuits - seasonal,
Seasonal Biscuits Other Sweet,biscuits - seasonal,
Ssnl Bisc Assortment,biscuits - seasonal,
Ssnl Bisc Shortbread,biscuits - seasonal,
Ssnl Bisc Shortcake,biscuits - seasonal,
Shampoo,,
Shampoo Dry Shampoo,,
Shampoo Non-Barcoded,,
Shampoo Oil,,
Shampoo and Conditioner,,
Shaving Soaps Bowl/Soap,,
Shaving Soaps Cream,,
Shaving Soaps Foam,,
Shaving Soaps Gel,,
Shaving Soaps Mousse,,
Shaving Soaps Oil,,
Shaving Soaps Serum,,
Shaving Soaps Spray,,
Shaving Soaps Sticks,,
Fresh Crab,fish-jar(inc.seafood/shellfsh),
Fresh Crab Sticks,fish-jar(inc.seafood/shellfsh),
Fresh Lobster,fish-jar(inc.seafood/shellfsh),
Fresh Other Shellfish,fish-jar(inc.seafood/shellfsh),
Fresh Prawns,fish-jar(inc.seafood/shellfsh),
Fresh Scampi,fish-jar(inc.seafood/shellfsh),
Fresh Shrimps,fish-jar(inc.seafood/shellfsh),
Shellfish Crayfish,fish-jar(inc.seafood/shellfsh),
Shellfish Mussels,fish-jar(inc.seafood/shellfsh),
Shellfish Scallops,fish-jar(inc.seafood/shellfsh),
Shellfish Selection,fish-jar(inc.seafood/shellfsh),
Shellfish Smoked Prawn,fish-jar(inc.seafood/shellfsh),
Shoe Care Products,,
Baby Skincare,,
Facial Moisturisers Skincare,,
General Purpose,,
General Purpose Skincare,,
Hand Preparations Skincare,,
Lip Preparations,,
Petroleum Jelly Skincare,,
Skincare Cleansers,,
Skincare Non Barcoded,,
Skincare Toners,,
Sleeping Aids Caplets,,
Sleeping Aids Capsules,,
Sleeping Aids Liquid,,
Sleeping Aids Lozenges,,
Sleeping Aids Pastille,,
Sleeping Aids Plug Ins,,
Sleeping Aids Spray,,
Sleeping Aids Tablet,,
Smoking Cessat Inhaler/Inhalat,,
Smoking Cessation Capsules,,
Smoking Cessation Gel,,
Smoking Cessation Gum,,
Smoking Cessation Lozenge,,
Smoking Cessation Mouth Spray,,
Smoking Cessation Nasal Spray,,
Smoking Cessation Patch,,
Smoking Cessation Pouch,,
Smoking Cessation Strips,,
Smoking Cessation Tablet,,
Soda Water,soft drinks-crbntd flvrs bttls,
Sour+Specialit Beetroot+Onion,pickles-speciality,
Sour+Specialit Beetroot+Roaste,pickles-speciality,
Sour+Specialit Pink Pickled Sl,pickles-speciality,
Sour+Specialit Tangy White Pic,pickles-speciality,
Sour+Specialit White Pickled S,pickles-speciality,
Sour+Speciality P Burger Slaw,pickles-speciality,
Sour+Speciality P Cauliflower,pickles-speciality,
Sour+Speciality Pi Spicy Slaw,pickles-speciality,
Sour+Speciality Pick Red Slaw,pickles-speciality,
Sour+Speciality Pickle Celery,pickles-speciality,
Sr+Spclty Pickled Beetroot,pickles-speciality,
Sr+Spclty Pickled Cocktail,pickles-speciality,
Sr+Spclty Pickled Gherkins,pickles-speciality,
Sr+Spclty Pickled Mixed,pickles-speciality,
Sr+Spclty Pickled Onions,pickles-speciality,
Sr+Spclty Pickled Other,pickles-sour,
Sr+Spclty Pickled Red Cabbage,pickles-speciality,
Sr+Spclty Pickled Silverskins,pickles-speciality,
Sr+Spclty Pickled Speciality,pickles-speciality,
Sparkling Wine Red,alcohol-chmpgne/spkl wine/prry,
Sparkling Wine Rose,alcohol-chmpgne/spkl wine/prry,
Sparkling Wine Sparkling,alcohol-chmpgne/spkl wine/prry,
Spcl Trts  Assortment,biscuits - sweet,
Spcl Trts  Chocolate Mallows,biscuits - sweet,
Spcl Trts  Chocolate Wafer,biscuits - sweet,
Spcl Trts  Cookies,biscuits - sweet,
Spcl Trts  Fully Coated,biscuits - sweet,
Spcl Trts  Half Coated,biscuits - sweet,
Spcl Trts  Jaffa Cakes,biscuits - sweet,
Spcl Trts  Other Creams,biscuits - sweet,
Spcl Trts  Packet Wafers,biscuits - sweet,
Spcl Trts  Shortbread,biscuits - sweet,
Special Treats Butter,biscuits - sweet,
Special Treats Chocolate Diges,biscuits - sweet,
Special Treats Coconut/Nice,biscuits - sweet,
Special Treats Fruit Shortcake,biscuits - sweet,
Special Treats Ginger,biscuits - sweet,
Special Treats Jam,biscuits - sweet,
Special Treats Lunchbox,biscuits - sweet,
Special Treats Oat,biscuits - sweet,
Special Treats Other Everyday,biscuits - sweet,
Special Treats Other Fruit,biscuits - sweet,
Special Treats Other Sweet,biscuits - sweet,
Special Treats Shortcake,biscuits - sweet,
Gin,alcohol-gin,
Rum,alcohol-rum,
Spirits Brandy,alcohol-othr spirits & liqueur,
Spirits Gin,alcohol-gin,
Spirits Other,alcohol-othr spirits & liqueur,
Spirits Rum,alcohol-rum,
Spirits Vodka,alcohol-vodka,
Spirits Whisky,alcohol-othr spirits & liqueur,
Vodka,alcohol-vodka,
Spray Insecticide,,
Suet Beef,white fats,
Suet Vegetable,white fats,
Brown Sugar,sugar,
Caster Sugar,sugar,
Cube Sugar,sugar,
Demerara Sugar,sugar,
Golden Granulated Sugar,sugar,
Icing Sugar,sugar,
Low Calorie Sugar,sugar,
Other Sugars,sugar,
Preserving Sugar,sugar,
Sugar Non-Barcoded,sugar,
White Granulated Sugar,sugar,
Sugar Confecti Egg+Novelty+Sea,sugar conf-candy,
Sugar Confecti Sugar Multipack,sugar conf-candy,
Sugar Confectio Boxes+Gifting,sugar conf-candy,
Sugar Confectio Sugar Sharing,sugar conf-candy,
Sugar Confectio Sugar Singles,sugar conf-candy,
Sun Care Aftersun,,
Sun Care Artificial Tans,,
Sun Care Non Barcoded Products,,
Sun Care Pre-Tans,,
Sun Care Sun Tans,,
Sweet+Savoury Mix Bread,sweet & savoury mixes,
Sweet+Savoury Mix Breadcrumb,sweet & savoury mixes,
Sweet+Savoury Mix Cake,sweet & savoury mixes,
Sweet+Savoury Mix Crumble,sweet & savoury mixes,
Sweet+Savoury Mix Dessert Cake,sweet & savoury mixes,
Sweet+Savoury Mix Pastry,sweet & savoury mixes,
Sweet+Savoury Mix Savoury,sweet & savoury mixes,
Sweet+Savoury Mixes Biscuit,sweet & savoury mixes,
Sweet+Savoury Mixes Choux Mix,sweet & savoury mixes,
Sweet+Savoury Mixes Crumbs,sweet & savoury mixes,
Sweet+Savoury Mixes Icing Mix,sweet & savoury mixes,
Syrup,syrup and treacle,
Treacle,syrup and treacle,
Table Sauces Non Barcoded,sauces-table & ketchups,
Tbl Scs Other,sauces-table & ketchups,
Tbl Scs Thick Brown Sauce,sauces-table & ketchups,
Tbl Scs Tomato Sauce/Ketchup,sauces-table & ketchups,
Tbl Scs Worcester Sauce,sauces-table & ketchups,
Table+Qck Set Jellies Crystals,jellies,
Table+Quick Set Jellie Liquid,jellies,
Table+Quick Set Jellies Other,jellies,
Table+Quick Set Jellies Tablet,jellies,
Baby Talcum Powder,,
Mens Talcum Powder,,
Talcum Powder Non Barcoded,,
Womens/Family Talcum Powder,,
Packet Tea,tea-standard,
Tea Decaffeinated,tea-standard,
Tea Fruit+Herbal,tea-fruit & herbal bags,
Tea Green Bags,tea-standard,
Tea Instant,tea-standard,
Tea Loose,tea-standard,
Tea Non-Barcoded,tea-standard,
Tea Ordinary Bags,tea-standard,
Tea Organic Bags,tea-standard,
Tea Speciality Bags,tea-standard,
Canned Fruit Cocktail/Salad,ambient fruit,
Canned Fruit Non-Barcoded,ambient fruit,
Canned Other Fruits,ambient fruit,
Canned Peaches,fruit - peaches,
Canned Pears,fruit - pears,
Canned Pineapples,fruit - tropical fruit,
Tinned Fruit Mandarin+Pineappl,fruit - tropical fruit,
Tinned Fruit Pineapple,fruit - tropical fruit,
Tinned Sponge Puddings,ready to serve desserts,
Toaster Pastries,cakes & pastries,
Flat Pack Toilet Tissues,,
Hard Roll Toilet Tissues,,
Moist Toilet Tissue,,
Soft Toilet Rolls,,
Toilet Tissues Non Barcoded,,
Tomato Products Chopped,vegetables - tomatoes,
Tomato Products Passata,vegetables - tomatoes,
Tomato Products Pastes/Puree,vegetables - tomatoes,
Tomato Products Sieved,vegetables - tomatoes,
Tomato Products Whole,vegetables - tomatoes,
Low Calorie Tonic Water,soft drinks-mineral water,
Regular Tonic Water,soft drinks-mineral water,
Standard Tonic Water,soft drinks-mineral water,
ToothPastes Pastes,,
ToothPastes Polishes/Powders,,
ToothPastes Wipes,,
Topical Analge Devils Claw Cre,,
Topical Analgesic Cold Gel,,
Topical Analgesic Cream,,
Topical Analgesic Embrocation,,
Topical Analgesic Extra/Maxim,,
Topical Analgesic Freeze Spray,,
Topical Analgesic Gel,,
Topical Analgesic Icy Gel,,
Topical Analgesic Ointment,,
Topical Analgesic Patch,,
Topical Analgesic Rub,,
Topical Analgesics Balm,,
Topical Analgesics Cold Spray,,
Topical Analgesics Freeze Gel,,
Topical Analgesics Mousse,,
Topical Analgesics Muscle Oil,,
Topical Analgesics Plasters,,
Topical Analgesics Roll-Ons,,
Topical Analgesics Spray,,
Topical Analgesics Stick,,
Topical Analgesics Wraps,,
Tpcl Analgesic Devils Claw Gel,,
Tpcl Analgesic Ibuprofen Gel,,
Tpcl Analgesic Low Odour Spray,,
Tpcl Analgesic Muscle Lotion,,
Topical Antiseptics Cream,,
Topical Antiseptics Gel,,
Topical Antiseptics Liquid,,
Topical Antiseptics Lotion,,
Topical Antiseptics Ointment,,
Topical Antiseptics Other,,
Topical Antiseptics Patches,,
Topical Antiseptics Spray,,
Topical Antiseptics Wipes,,
Brown,bread - loose,
Total Bread Grained,bread - loose,
Total Bread Other,bread - loose,
Total Bread Wheat,bread - loose,
Total Bread Wholewheat,bread - loose,
Wrapped Bread Bran,bread - loose,
Wrapped Bread Brown,bread - loose,
Wrapped Bread Country Bran,bread - loose,
Wrapped Bread Country Brown,bread - loose,
Wrapped Bread Danish Brown,bread - loose,
Wrapped Bread Danish White,bread - loose,
Wrapped Bread Garlic,bread - loose,
Wrapped Bread Granary Malt Bro,bread - loose,
Wrapped Bread Hi Bran,bread - loose,
Wrapped Bread Italian,bread - loose,
Wrapped Bread Malt Wheatgrain,bread - loose,
Wrapped Bread Malted Brown,bread - loose,
Wrapped Bread Oatmeal,bread - loose,
Wrapped Bread Other Speciality,bread - loose,
Wrapped Bread Soft Wholemeal,bread - loose,
Wrapped Bread Softgrain,bread - loose,
Wrapped Bread Stoneground,bread - loose,
Wrapped Bread Stongrnd Whole,bread - loose,
Wrapped Bread Wheatgerm,bread - loose,
Wrapped Bread White,bread - loose,
Wrapped Bread Wholemeal,bread - loose,
Wrapped Bread Wholemeal Light,bread - loose,
Wrapped Bread Wholewhite,bread - loose,
All Flexi Packs,,
Canned Cat Food,,
Cat Food All Chub Packs,,
Cat Food All Flexi Packs,,
Cat Food Bulk,,
Cat Food Canned,,
Cat Food Dried,,
Cat Food Non Barcoded,,
Cat Food Soft Moist,,
Dried Cat Food,,
Bavarian Blue Cheese,cheese - natural,
Blue Brie,cheese - natural,
Brie Cheese,cheese - natural,
Buxton Blue,cheese - natural,
Caerphilly Cheese,cheese - natural,
Cambazola Cheese,cheese - natural,
Camembert Cheese,cheese - natural,
Cheddar Cheese,cheese - natural,
Cheese Mini Portions,cheese - natural,
Cheshire Cheese,cheese - natural,
Cottage Cheese,cheese-cottage,
Cow Mozzarella,cheese - natural,
Curd Cheese,cheese - natural,
Danish Blue Cheese,cheese - natural,
Derby/Sage Derby Cheese,cheese - natural,
Dolcelatte Cheese,cheese - natural,
Double Gloucester Cheese,cheese - natural,
Dovedale Cheese,cheese - natural,
Dubliner Cheese,cheese - natural,
Edam Cheese,cheese - natural,
Emmental Cheese,cheese - natural,
Feta Cheese,cheese - natural,
Goats Cheddar,cheese - natural,
Goats Cheese,cheese - natural,
Gorgonzola Cheese,cheese - natural,
Gouda Cheese,cheese - natural,
Gruyere Cheese,cheese - natural,
Jarlsberg Cheese,cheese - natural,
Lancashire Cheese,cheese - natural,
Leerdammer Cheese,cheese - natural,
Leicester/Red Cheese,cheese - natural,
Leicester/Red Leicester,cheese - natural,
Maasdam Cheese,cheese - natural,
Manchego Cheese,cheese - natural,
Mascarpone Cheese,cheese - natural,
Monterey Jack Cheese,cheese - natural,
Mycella Cheese,cheese - natural,
Other British Blue,cheese - natural,
Other British Blue Cheese,cheese - natural,
Other Hard British Cheese,cheese - natural,
Other Hard Cheese,cheese - natural,
Other Processed Cheese,cheese - processed,
Other Processed Smoked,cheese - processed,
Other Soft Blue Cheese,cheese - natural,
Other Soft Cheese,cheese - natural,
Parmesan Cheese,cheese - natural,
Processed Cheese Slices,cheese - processed,
Processed Cheese Snack,cheese - processed,
Processed Cheese Spread,cheese - processed,
Ricotta Cheese,cheese - natural,
Roquefort,cheese - natural,
Roule/Rulle,cheese - natural,
Salad Cheese,cheese - natural,
Shropshire Blue Cheese,cheese - natural,
Soft White Cheese,cheese - natural,
St Agur Cheese,cheese - natural,
St Paulin Cheese,cheese - natural,
Stilton Blue,cheese - natural,
Stilton White,cheese - natural,
Total Cheese Brie Somerset,cheese - natural,
Total Cheese Buffalo Mozzarell,cheese - natural,
Total Cheese Comte,cheese - natural,
Total Cheese Cow Mozzarella,cheese - natural,
Total Cheese Grana Padano,cheese - natural,
Total Cheese Halloumi,cheese - natural,
Total Cheese Paneer,cheese - natural,
Total Cheese Pecorino Romano,cheese - natural,
Total Cheese Pecorino Toscano,cheese - natural,
Total Cheese Quark,cheese - natural,
Wensleydale Cheese,cheese - natural,
Dry Dog Food Bulk,,
Dry Dog Food Prepacked Biscuit,,
Dry Dog Food Prepacked Meal,,
Dry Dog Food Soft Moist,,
Fruit Squash Non Barcode,fruit squashes,
High Juice Fruit Squash,fruit squashes,
Real Fruit Squash,fruit squashes,
Regular Fruit Squash,fruit squashes,
Whole Fruit Squash,fruit squashes,
1 Litre Standard Ice-Cream,ice cream tubs+handheld mltpck,
2 Litre Standard Ice-Cream,ice cream tubs+handheld mltpck,
3 Litre+Over Standrd Ice-Cream,ice cream tubs+handheld mltpck,
Choc Ices,ice cream tubs+handheld mltpck,
Complete Ice-Cream Desserts,ice cream tubs+handheld mltpck,
Filled Cones,ice cream tubs+handheld mltpck,
Filled Ice-Cream Cones,ice cream tubs+handheld mltpck,
Ice Cream 4 Litres and over,ice cream tubs+handheld mltpck,
Ice Cream Cups/Tubs,ice cream tubs+handheld mltpck,
Ice Cream Healthy,ice cream tubs+handheld mltpck,
Ice Cream Non-Barcoded,ice cream tubs+handheld mltpck,
Ice Cream Sorbet,ice cream tubs+handheld mltpck,
Lollies,ice cream tubs+handheld mltpck,
Other Ice-Cream Multipacks,ice cream tubs+handheld mltpck,
Premium Ice-Cream,ice cream tubs+handheld mltpck,
Up to 1 Litre Stndrd Ice-Cream,ice cream tubs+handheld mltpck,
Milk Buttermilk Other Type,milk - retail,
Milk Modified Pasteurised,milk - retail,
Milk Modified U.H.T.,milk - retail,
Milk Non Other Type,milk - retail,
Milk Other Type,milk - retail,
Milk Pasteurised,milk - retail,
Milk Semi-Skimmed Filtered,milk - retail,
Milk Semi-Skimmed Pasteurised,milk - retail,
Milk Semi-Skimmed Sterilised,,
Milk Semi-Skimmed U.H.T.,milk - retail,
Milk Skimmed Filtered,milk - retail,
Milk Skimmed Pasteurised,milk - retail,
Milk Skimmed Sterilised,milk - retail,
Milk Skimmed U.H.T.,milk - retail,
Milk Soya,milk - retail,
Milk Whole Filtered,milk - retail,
Milk Whole Pasteurised,milk - retail,
Milk Whole Sterilised,milk - retail,
Milk Whole U.H.T.,milk - retail,
Total Mil Rice Drin Other Type,milk - retail,
Total Mil Semi-Skim Other Type,milk - retail,
Total Mil Soya Milk Other Type,milk - retail,
Total Mil Specific Low U.H.T.,milk - retail,
Total Mil Specific Pasteurise,milk - retail,
Total Milk Buttermilk U.H.T.,milk - retail,
Total Milk Rice Drink U.H.T.,milk - retail,
Total Toothbrushes,,
Fruit/Salt Upset Stomach Powdr,,
Health Upset Stmch Slt/Pwdr,,
Liquid Upset Stomach Remedy,,
Lmn Pwdr Upset Stomach Remedy,,
Lmn Tblt Upset Stomach Remedy,,
Original Upset Stomach Tablet,,
Upset Stomach Remedy Powder,,
Upset Stomach Remedy Salt/Pwdr,,
Upset Stomach Remedy Tablets,,
Asparagus Spears/Other,vegetables - asparagus etc,
Asparagus Tips,vegetables - asparagus etc,
Avocado,vegetables - asparagus etc,
Beans,vegetables - beans etc,
Broccoli Purple,ambient vegetables-other veg,
Cabbage Pnted/Crispy,ambient vegetables-other veg,
Cauliflower Baby,ambient vegetables-other veg,
Cauliflower Whlhds/Other,ambient vegetables-other veg,
Lettuce Lollo Rosso,vegetables - lettuce,
Mixed Pack-Baby Veg,ambient vegetables-other veg,
Mixed Pack-Brassicas,ambient vegetables-other veg,
Mixed Pack-Root Crops,vegetables - roots etc,
New Potatoes,vegetables - potatoes,
Old Potatoes,vegetables - potatoes,
Onions Cooking Other,vegetables - onions,
Onions Cooking Red,vegetables - onions,
Onions Cooking White,vegetables - onions,
Spring Greens Baby,ambient vegetables-other veg,
Spring Greens-Other,ambient vegetables-other veg,
Sweetcorn Baby,ambient vegetables-sweetcorn,
Sweetcorn Other,ambient vegetables-sweetcorn,
Vegetabl Brussel S Brussel Sp,ambient vegetables-other veg,
Vegetable Artichoke Artichokes,ambient vegetables-other veg,
Vegetable Artichokes,ambient vegetables-other veg,
Vegetable Asparagus Asparagus,vegetables - asparagus etc,
Vegetable Asparagus Extra Fine,vegetables - asparagus etc,
Vegetable Aubergine Aubergines,ambient vegetables-other veg,
Vegetable Aubergines,ambient vegetables-other veg,
Vegetable Avocado Avocado Baby,ambient vegetables-other veg,
Vegetable Avocado Avocado Larg,ambient vegetables-other veg,
Vegetable Avocado Avocado Medi,ambient vegetables-other veg,
Vegetable Avocado Avocado Smal,ambient vegetables-other veg,
Vegetable Avocado Baby,ambient vegetables-other veg,
Vegetable Avocado Fairtrade,ambient vegetables-other veg,
Vegetable Avocado Fairtrade Av,ambient vegetables-other veg,
Vegetable Avocado Ripe,ambient vegetables-other veg,
Vegetable Baby Brussel Sprouts,ambient vegetables-other veg,
Vegetable Baking Potatoes,vegetables - potatoes,
Vegetable Basil,ambient vegetables-other veg,
Vegetable Bean Sprouts,vegetables - beans etc,
Vegetable Beans Baby,vegetables - beans etc,
Vegetable Beans Broad,vegetables - beans etc,
Vegetable Beans Dwarf/Green,vegetables - beans etc,
Vegetable Beans Extra Fine,vegetables - beans etc,
Vegetable Beans Fairtrade,vegetables - beans etc,
Vegetable Beans Fine,vegetables - beans etc,
Vegetable Beans Flat/String,vegetables - beans etc,
Vegetable Beans Mixed Pack-Oth,vegetables - beans etc,
Vegetable Beans Other,vegetables - beans etc,
Vegetable Beans Runner,vegetables - beans etc,
Vegetable Beetroot Baby,ambient vegetables-other veg,
Vegetable Beetroot Fresh,ambient vegetables-other veg,
Vegetable Beetroot Golden,ambient vegetables-other veg,
Vegetable Beetroot Vac-Pack,ambient vegetables-other veg,
Vegetable Broccoli Broccoli Pu,ambient vegetables-other veg,
Vegetable Broccoli Florets,ambient vegetables-other veg,
Vegetable Broccoli Other,ambient vegetables-other veg,
Vegetable Broccoli Tenderstem,ambient vegetables-other veg,
Vegetable Brussel S Brussel Sp,ambient vegetables-other veg,
Vegetable Brussel Sprouts,ambient vegetables-other veg,
Vegetable Cabbage Baby,ambient vegetables-other veg,
Vegetable Cabbage Cabbage Cavo,ambient vegetables-other veg,
Vegetable Cabbage Cabbage Choi,ambient vegetables-other veg,
Vegetable Cabbage Cabbage Janu,ambient vegetables-other veg,
Vegetable Cabbage Green,ambient vegetables-other veg,
Vegetable Cabbage Halves,ambient vegetables-other veg,
Vegetable Cabbage Other,ambient vegetables-other veg,
Vegetable Cabbage Red,ambient vegetables-other veg,
Vegetable Cabbage Savoy,ambient vegetables-other veg,
Vegetable Cabbage Spring,ambient vegetables-other veg,
Vegetable Cabbage White,ambient vegetables-other veg,
Vegetable Carrots Baby,vegetables - carrots,
Vegetable Carrots Bunch,vegetables - carrots,
Vegetable Carrots Carrots Baby,vegetables - carrots,
Vegetable Carrots Carrots Tops,vegetables - carrots,
Vegetable Carrots Chantenay,vegetables - carrots,
Vegetable Carrots Other,vegetables - carrots,
Vegetable Carrots Purple,vegetables - carrots,
Vegetable Cauliflow Cauliflowe,ambient vegetables-other veg,
Vegetable Cauliflower,ambient vegetables-other veg,
Vegetable Celeriac,ambient vegetables-other veg,
Vegetable Celery Celery Hearts,ambient vegetables-other veg,
Vegetable Celery Celery Other,ambient vegetables-other veg,
Vegetable Celery Celery Sticks,ambient vegetables-other veg,
Vegetable Chicory,ambient vegetables-other veg,
Vegetable Chillies Chillies Ch,ambient vegetables-other veg,
Vegetable Chillies Chillies Fi,ambient vegetables-other veg,
Vegetable Chillies Chillies Ro,ambient vegetables-other veg,
Vegetable Chillies Chillies Sc,ambient vegetables-other veg,
Vegetable Chillies Green,ambient vegetables-other veg,
Vegetable Chillies Mixed,ambient vegetables-other veg,
Vegetable Chillies Other,ambient vegetables-other veg,
Vegetable Chillies Red,ambient vegetables-other veg,
Vegetable Chinese Leaves,ambient vegetables-other veg,
Vegetable Chives,ambient vegetables-other veg,
Vegetable Chives Other Herbs,ambient vegetables-other veg,
Vegetable Coriander,ambient vegetables-other veg,
Vegetable Courgette Courgettes,ambient vegetables-other veg,
Vegetable Courgettes,ambient vegetables-other veg,
Vegetable Cucumber Half,vegetables - cucumber,
Vegetable Cucumber Whole,vegetables - cucumber,
Vegetable Dill,ambient vegetables-other veg,
Vegetable Endive,ambient vegetables-other veg,
Vegetable Fennel,ambient vegetables-other veg,
Vegetable Fenugreek,ambient vegetables-other veg,
Vegetable Garlic,ambient vegetables-other veg,
Vegetable Ginger,ambient vegetables-other veg,
Vegetable Herb Selection,ambient vegetables-other veg,
Vegetable Kale,ambient vegetables-other veg,
Vegetable Kale Kale Baby,ambient vegetables-other veg,
Vegetable Kalettes,ambient vegetables-other veg,
Vegetable Leeks,ambient vegetables-other veg,
Vegetable Leeks Baby,ambient vegetables-other veg,
Vegetable Lemongrass,ambient vegetables-other veg,
Vegetable Lettuce Cos,vegetables - lettuce,
Vegetable Lettuce Crisp,vegetables - lettuce,
Vegetable Lettuce Curl,vegetables - lettuce,
Vegetable Lettuce Iceberg,vegetables - lettuce,
Vegetable Lettuce Lettuce Cos,vegetables - lettuce,
Vegetable Lettuce Lettuce Red,vegetables - lettuce,
Vegetable Lettuce Lettuce Rock,vegetables - lettuce,
Vegetable Lettuce Lettuce Roma,vegetables - lettuce,
Vegetable Lettuce Little,vegetables - lettuce,
Vegetable Lettuce Other,vegetables - lettuce,
Vegetable Lettuce Round,vegetables - lettuce,
Vegetable Lettuce Webb,vegetables - lettuce,
Vegetable Marjoram,ambient vegetables-other veg,
Vegetable Marrow,ambient vegetables-other veg,
Vegetable Mint,ambient vegetables-other veg,
Vegetable Mint Basil,ambient vegetables-other veg,
Vegetable Mixed Pac Mixed Pack,ambient vegetables-other veg,
Vegetable Mixed Pac Mixed Pck,ambient vegetables-other veg,
Vegetable Mushroom Brown/Chest,vegetables - mushrooms,
Vegetable Mushroom Button/Clos,vegetables - mushrooms,
Vegetable Mushroom Exotic Mush,vegetables - mushrooms,
Vegetable Mushroom Flat/Open M,vegetables - mushrooms,
Vegetable Mushroom Oyster Mush,vegetables - mushrooms,
Vegetable Mushroom Portabello,vegetables - mushrooms,
Vegetable Mushroom Shitake Mus,vegetables - mushrooms,
Vegetable Mushroom Sliced Mush,vegetables - mushrooms,
Vegetable Mushroom Value Mushr,vegetables - mushrooms,
Vegetable Mustard+Cress,ambient vegetables-other veg,
Vegetable New Potat New Potato,vegetables - potatoes,
Vegetable New Potatoes,vegetables - potatoes,
Vegetable Okra,ambient vegetables-other veg,
Vegetable Old Potat Old Potato,vegetables - potatoes,
Vegetable Old Potatoes,vegetables - potatoes,
Vegetable Onions All Other,vegetables - onions,
Vegetable Onions Cooking Large,vegetables - onions,
Vegetable Onions Pickling,vegetables - onions,
Vegetable Onions Shallot,vegetables - onions,
Vegetable Onions Sweet,vegetables - onions,
Vegetable Oregano,ambient vegetables-other veg,
Vegetable Other,vegetables - onions,
Vegetable Other Brassica,vegetables - onions,
Vegetable Other Her Lettuce Ro,herbs and spices,
Vegetable Other Herbs,herbs and spices,
Vegetable Other New Potatoes,vegetables - potatoes,
Vegetable Other Old Potatoes,vegetables - potatoes,
Vegetable Other Other Vegetabl,vegetables - onions,
Vegetable Other Pot Old Potato,vegetables - potatoes,
Vegetable Other Root Crops,vegetables - roots etc,
Vegetable Other Sweet Potatoes,ambient vegetables-other veg,
Vegetable Other Vegetables,ambient vegetables-other veg,
Vegetable Pak Choi,ambient vegetables-other veg,
Vegetable Parsley-Curly,ambient vegetables-other veg,
Vegetable Parsley-F Parsley-Cu,ambient vegetables-other veg,
Vegetable Parsley-Flat Leaf,ambient vegetables-other veg,
Vegetable Parsnips,ambient vegetables-other veg,
Vegetable Peas Mangetout,ambient vegetables-other veg,
Vegetable Peas Other,ambient vegetables-other veg,
Vegetable Peas Sugarsnap,ambient vegetables-other veg,
Vegetable Pepper Green,vegetables - peppers,
Vegetable Pepper Large,vegetables - peppers,
Vegetable Pepper Loose,vegetables - peppers,
Vegetable Pepper Orange,vegetables - peppers,
Vegetable Pepper Other,vegetables - peppers,
Vegetable Pepper Prepacked,vegetables - peppers,
Vegetable Pepper Red,vegetables - peppers,
Vegetable Pepper Small,vegetables - peppers,
Vegetable Pepper Specialty,vegetables - peppers,
Vegetable Pepper Traffic Light,vegetables - peppers,
Vegetable Pepper Yellow,vegetables - peppers,
Vegetable Peppers Peppers Baby,vegetables - peppers,
Vegetable Peppers Peppers Rami,vegetables - peppers,
Vegetable Pumpkin,ambient vegetables-other veg,
Vegetable Radish,ambient vegetables-other veg,
Vegetable Raw Beetroot,ambient vegetables-other veg,
Vegetable Rosemary,herbs and spices,
Vegetable Sage,herbs and spices,
Vegetable Spinach,ambient vegetables-other veg,
Vegetable Spinach Baby,ambient vegetables-other veg,
Vegetable Spring Onions,ambient vegetables-other veg,
Vegetable Squash,vegetables - roots etc,
Vegetable Swedes,vegetables - roots etc,
Vegetable Swedes Baby,vegetables - roots etc,
Vegetable Swedes Portion,vegetables - roots etc,
Vegetable Sweet Potatoes,vegetables - roots etc,
Vegetable Sweetcorn Sweetcorn,ambient vegetables-sweetcorn,
Vegetable Tarragon,herbs and spices,
Vegetable Thyme,herbs and spices,
Vegetable Tomato Cherry,vegetables - tomatoes,
Vegetable Tomato Fairtrade Tom,vegetables - tomatoes,
Vegetable Tomato Mixed,vegetables - tomatoes,
Vegetable Tomato Ordinary,vegetables - tomatoes,
Vegetable Tomato Thick Flesh,vegetables - tomatoes,
Vegetable Tomato Tomato Baby P,vegetables - tomatoes,
Vegetable Tomato Tomato Cherry,vegetables - tomatoes,
Vegetable Tomato Tomato Piccol,vegetables - tomatoes,
Vegetable Tomato Tomato Plum B,vegetables - tomatoes,
Vegetable Tomato Tomato Plum O,vegetables - tomatoes,
Vegetable Tomato Vine,vegetables - tomatoes,
Vegetable Turnips,vegetables - roots etc,
Vegetable Turnips Bab Turnips,vegetables - roots etc,
Vegetable Watercress,ambient vegetables-other veg,
Antipasti Ambient,vegetable in a jar,
Antipasti Chilled,vegetable in a jar,
Vegetable in Jar,vegetable in a jar,
Vinegar Balsamic Vinegar,vinegar,
Vinegar Brown/Malt,vinegar,
Vinegar Other Vinegar,vinegar,
Fish Oil Supplements,,
Garlic Supplements,,
Other Vitamin Supplements,,
Royal Jelly Supplements,,
Single Vitamin Supplements,,
Vitamins+Minerals Non Barcoded,,
Vitamins.Miner 50 Plus Multivi,,
Vitamins.Miner Pregnancy Multi,,
Vitamins.Minera Vitamin E Oil,,
Vitamins.Minerals/s Vitamin A,,
Vtm Mnrl Glucosamine,,
Vtm Mnrl/Splmnt Adult Multvtm,,
Vtm Mnrl/Splmnt Chldrn Multvtm,,
Vtm Mnrl/Splmnt Cod Liver Oil,,
Vtm Mnrl/Splmnt Hrbl Splmnt,,
Vtm Mnrl/Splmnt Mineral,,
Vtm Mnrl/Splmnt Vitamin B,,
Vtm Mnrl/Splmnt Vitamin C,,
Vtm Mnrl/Splmnt Vitamin D,,
Vtm Mnrl/Spplmnts GLA,,
Vtm Mnrl/Spplmnts Vitamin E,,
Wash Additives,,
Dishwasher Product,,
Dishwashers,,
Rinse Aids,,
Washing Up Liquids,,
Washing Up Prods Non Barcoded,,
Wshng Up Prodct Pre-Wsh Trtmnt,,
Fresh Cod,fish - fresh wet/smoked/shell,
Fresh Coley,fish - fresh wet/smoked/shell,
Fresh Haddock,fish - fresh wet/smoked/shell,
Fresh Hake,fish - fresh wet/smoked/shell,
Fresh Herring,fish - fresh wet/smoked/shell,
Fresh Hoki,fish - fresh wet/smoked/shell,
Fresh Kippers,fish - fresh wet/smoked/shell,
Fresh Mackerel,fish - fresh wet/smoked/shell,
Fresh Other Natural Fish,fish - fresh wet/smoked/shell,
Fresh Other Smoked Fish,fish - fresh wet/smoked/shell,
Fresh Plaice,fish - fresh wet/smoked/shell,
Fresh Rock Salmon,fish - fresh wet/smoked/shell,
Fresh Salmon,fish - fresh wet/smoked/shell,
Fresh Skate,fish - fresh wet/smoked/shell,
Fresh Smoked Cod,fish - fresh wet/smoked/shell,
Fresh Smoked Coley,fish - fresh wet/smoked/shell,
Fresh Smoked Haddock,fish - fresh wet/smoked/shell,
Fresh Smoked Hake,fish - fresh wet/smoked/shell,
Fresh Smoked Mackerel,fish - fresh wet/smoked/shell,
Fresh Smoked Salmon,fish - fresh wet/smoked/shell,
Fresh Smoked Trout,fish - fresh wet/smoked/shell,
Fresh Smoked Whiting,fish - fresh wet/smoked/shell,
Fresh Sole Dover,fish - fresh wet/smoked/shell,
Fresh Sole Lemon,fish - fresh wet/smoked/shell,
Fresh Trout,fish - fresh wet/smoked/shell,
Fresh Tuna,fish - fresh wet/smoked/shell,
Fresh Whiting,fish - fresh wet/smoked/shell,
Wet/Smoked Fis Hot Smoked Mack,fish - fresh wet/smoked/shell,
Wet/Smoked Fis Smoked Loch Tro,fish - fresh wet/smoked/shell,
Wet/Smoked Fis Smoked Pollock,fish - fresh wet/smoked/shell,
Wet/Smoked Fis Smoked Sea Bass,fish - fresh wet/smoked/shell,
Wet/Smoked Fis Wild Smoked Sal,fish - fresh wet/smoked/shell,
Wet/Smoked Fish Battered,fish - fresh wet/smoked/shell,
Wet/Smoked Fish Breaded,fish - fresh wet/smoked/shell,
Wet/Smoked Fish Loch Trout,fish - fresh wet/smoked/shell,
Wet/Smoked Fish Pollock,fish - fresh wet/smoked/shell,
Wet/Smoked Fish Sea Bream,fish - fresh wet/smoked/shell,
Wet/Smoked Fish Selection,fish - fresh wet/smoked/shell,
Wet/Smoked Fish Wild Salmon,fish - fresh wet/smoked/shell,
Wet/Smoked Halibut,fish - fresh wet/smoked/shell,
Wet/Smoked Monkfish,fish - fresh wet/smoked/shell,
Wet/Smoked Sardines,fish - fresh wet/smoked/shell,
Wet/Smoked Sea Bass,fish - fresh wet/smoked/shell,
Wet/Smoked Smoked Halibut,fish - fresh wet/smoked/shell,
Wet/Smoked Smoked Hoki,fish - fresh wet/smoked/shell,
Wet/Smoked Smoked Tuna,fish - fresh wet/smoked/shell,
Wet/Smoked Sole,fish - fresh wet/smoked/shell,
Wet/Smoked Squid/Calamari,fish - fresh wet/smoked/shell,
Wet/Smoked Swordfish,fish - fresh wet/smoked/shell,
Wet/Smoked Tilapia,fish - fresh wet/smoked/shell,
Wet/Smoked White Fish,fish - fresh wet/smoked/shell,
Red,wine,
White,wine,
Wine Red,wine,
Wine Rose,wine,
Wine White,wine,
Luxury,yoghurt,
Split Pots,yoghurt,
Yoghurt Active Health,yoghurt,
Yoghurt Big Pot Flavoured,yoghurt,
Yoghurt Big Pot Plain,yoghurt,
Yoghurt Cholesterol Lowering,yoghurt,
Yoghurt Fat Free,yoghurt,
Yoghurt Kids Handheld,yoghurt,
Yoghurt Kids Pots,yoghurt,
Yoghurt Luxury,yoghurt,
Yoghurt Other Health Benefit,yoghurt,
Yoghurt Soya/Dairy Free,yoghurt,
Yoghurt Split Pots,yoghurt,
Yoghurt Standard,yoghurt,
Ygrht Drinks Non Active Health,yoghurt drinks and juices,
Yoghurt Drinks Active Health,yoghurt drinks and juices,
Yoghurt Drinks And Juices,yoghurt drinks and juices,