house,individ,size,sclass,lifestge,hhincome,child,region,age,sex,bmi,ethnicity,terageed,main_flag,num_adult,active_periods_th,area_code
761679,0,2,5,6,3,0,3,64,1,243,1,2,1,2,13,BL6
761679,1,2,5,6,3,0,3,65,2,342,1,2,0,2,13,BL6
630677,0,2,3,7,5,0,3,65,2,0,1,2,1,2,13,M6
630677,1,2,3,7,5,0,3,66,1,0,1,2,0,2,13,M6
304107,0,2,3,7,0,0,4,72,1,287,1,2,1,2,13,B26
304107,1,2,3,7,0,0,4,74,2,0,1,2,0,2,13,B26
932744,0,2,4,7,0,0,3,68,2,0,1,2,1,2,13,BL5
932744,1,2,4,7,0,0,3,67,1,0,1,2,0,2,13,BL5
295845,0,2,4,6,0,0,4,63,1,221,1,3,1,2,10,B29
126054,0,2,1,7,2,0,4,79,1,196,1,2,1,2,11,WS4
382553,0,2,4,7,0,0,4,68,1,0,1,2,1,2,13,B90
345166,0,3,1,5,8,0,4,55,1,0,6,3,1,3,12,B75
345166,1,3,1,5,8,0,4,64,2,207,6,3,0,3,12,B75
867187,0,2,3,6,2,0,3,57,1,327,1,2,1,2,5,M30
871805,0,2,3,7,0,0,4,82,1,203,1,1,1,2,13,B26
871805,1,2,3,7,0,0,4,82,2,293,1,2,0,2,13,B26
461373,0,4,4,5,5,0,3,48,1,262,1,3,1,4,7,BL2
461373,1,4,4,5,5,0,3,51,2,0,1,3,0,4,7,BL2
461373,2,4,4,5,5,0,3,31,2,0,1,3,0,4,7,BL2
249731,0,5,4,5,6,0,4,51,1,374,1,2,1,5,13,B74
249731,1,5,4,5,6,0,4,53,2,266,1,1,0,5,13,B74
322087,0,4,3,4,4,2,4,51,2,0,99,3,1,2,13,B64
322087,1,4,3,4,4,2,4,49,1,305,99,3,0,2,13,B64
199607,0,1,1,7,4,0,4,76,2,326,1,3,1,1,13,B29
148451,0,2,4,7,2,0,4,83,1,216,1,1,0,2,13,B47
148451,1,2,4,7,2,0,4,85,2,221,1,1,1,2,13,B47
950750,0,3,3,5,4,0,4,71,1,0,1,2,1,3,13,B90
950750,1,3,3,5,4,0,4,74,2,0,1,1,0,3,13,B90
836217,2,4,5,5,0,0,3,52,1,226,1,2,1,4,13,M33
279105,0,2,4,7,1,0,4,63,1,333,7,2,0,2,13,WS2
279105,1,2,4,7,1,0,4,67,2,489,7,1,1,2,13,WS2
904878,0,2,3,6,4,0,3,63,2,240,1,2,1,2,13,M8
904878,1,2,3,6,4,0,3,63,1,286,1,2,0,2,13,M8
501114,0,3,5,5,3,0,3,63,1,225,1,2,1,3,7,M9
501114,1,3,5,5,3,0,3,78,2,230,1,2,0,3,7,M9
237359,0,3,3,5,4,0,4,65,1,207,1,3,1,3,12,B91
237359,1,3,3,5,4,0,4,69,2,0,1,3,0,3,12,B91
237359,3,3,3,5,4,0,4,25,2,0,1,2,0,3,12,B91
753794,0,8,4,4,4,3,4,54,1,234,1,2,1,5,13,WV14
753794,1,8,4,4,4,3,4,54,2,315,1,2,0,5,13,WV14
425000,0,2,1,6,3,0,4,55,1,252,1,2,1,2,13,B26
425000,1,2,1,6,3,0,4,59,2,441,1,2,0,2,13,B26
181237,0,2,5,7,2,0,4,77,1,254,1,1,1,2,2,DY2
181237,1,2,5,7,2,0,4,81,2,224,1,1,0,2,2,DY2
216903,0,2,6,7,0,0,4,75,1,227,1,2,1,2,13,B23
216903,5,2,6,7,0,0,4,44,2,216,1,2,0,2,13,B23
688385,0,2,3,7,0,0,4,72,1,191,3,1,1,2,13,B74
688385,1,2,3,7,0,0,4,74,2,203,3,3,0,2,13,B74
311374,0,1,3,7,2,0,4,73,1,244,1,2,1,1,13,B26
383280,0,2,3,7,3,0,4,80,1,245,12,2,1,2,6,B32
383280,1,2,3,7,3,0,4,74,2,225,12,2,0,2,6,B32
330423,0,2,3,6,7,0,3,62,1,233,12,3,1,2,11,M8
131973,0,2,3,7,0,0,3,68,1,352,1,2,1,2,11,M33
131973,1,2,3,7,0,0,3,71,2,361,1,3,0,2,11,M33
46300,0,3,4,5,0,0,3,73,1,0,1,2,1,3,13,M19
46300,1,3,4,5,0,0,3,75,2,0,1,2,0,3,13,M19
46300,3,3,4,5,0,0,3,40,1,0,1,2,0,3,13,M19
561287,0,2,3,6,3,0,4,56,1,252,1,2,1,2,7,CV7
561287,3,2,3,6,3,0,4,28,1,209,1,2,0,2,7,CV7
648336,0,2,3,7,3,0,4,72,1,0,1,1,1,2,12,B26
968826,0,2,5,7,2,0,3,79,1,205,1,2,1,2,13,M44
968826,1,2,5,7,2,0,3,80,2,184,1,1,0,2,13,M44
492777,0,2,4,7,0,0,4,77,1,228,1,2,1,2,13,B13
492777,1,2,4,7,0,0,4,79,2,219,1,2,0,2,13,B13
987630,0,2,3,7,8,0,4,72,1,213,1,3,1,2,13,WS1
987630,1,2,3,7,8,0,4,75,2,213,1,3,0,2,13,WS1
371490,0,2,3,7,4,0,4,75,1,218,1,2,1,2,13,DY9
371490,1,2,3,7,4,0,4,76,2,239,1,3,0,2,13,DY9
555215,0,2,5,7,2,0,3,72,1,312,1,1,1,2,13,M24
166741,0,3,3,5,0,0,3,72,1,301,1,2,1,3,13,M33
166741,1,3,3,5,0,0,3,75,2,244,1,2,0,3,13,M33
583177,0,2,3,7,4,0,4,66,1,251,1,2,1,2,13,B31
583177,6,2,3,7,4,0,4,63,2,266,1,2,0,2,13,B31
413589,0,2,3,7,2,0,3,68,1,306,1,1,0,2,13,M22
413589,1,2,3,7,2,0,3,71,2,281,1,2,1,2,13,M22
517484,0,1,3,7,2,0,4,78,1,302,1,3,1,1,13,B45
583298,0,6,5,5,1,0,3,66,1,282,0,2,1,6,9,M30
583298,1,6,5,5,1,0,3,69,2,343,0,2,0,6,9,M30
583298,2,6,5,5,1,0,3,47,2,0,0,2,0,6,9,M30
583298,4,6,5,5,1,0,3,42,1,0,0,2,0,6,9,M30
139697,0,2,3,6,0,0,4,60,1,230,1,3,1,2,13,B78
139697,1,2,3,6,0,0,4,65,2,301,1,3,0,2,13,B78
295671,0,2,5,7,0,0,3,72,1,186,1,3,1,2,12,WA3
295671,1,2,5,7,0,0,3,77,2,210,1,3,0,2,12,WA3
591574,0,2,3,7,2,0,4,69,1,372,1,1,1,2,13,B63
591574,1,2,3,7,2,0,4,67,2,331,1,2,0,2,13,B63
376315,0,2,3,6,5,0,3,59,1,278,1,3,1,2,1,BL4
376315,1,2,3,6,5,0,3,69,2,237,1,2,0,2,1,BL4
233640,0,5,3,5,7,0,4,64,1,213,4,2,1,5,6,B44
233640,3,5,3,5,7,0,4,41,1,246,4,3,0,5,6,B44
930886,0,2,3,7,0,0,3,65,1,236,1,3,1,2,13,WA15
930886,1,2,3,7,0,0,3,68,2,236,1,3,0,2,13,WA15
807775,0,2,3,7,4,0,3,65,2,253,1,2,1,2,12,M28
807775,1,2,3,7,4,0,3,65,1,281,1,2,0,2,12,M28
139589,0,3,3,5,3,0,4,62,1,0,1,2,1,3,13,B90
139589,2,3,3,5,3,0,4,68,2,0,1,2,0,3,13,B90
139589,3,3,3,5,3,0,4,29,2,0,1,3,0,3,13,B90
920036,0,4,3,5,6,0,4,59,1,249,1,2,1,4,9,B17
920036,1,4,3,5,6,0,4,67,2,295,1,2,0,4,9,B17
661963,0,3,3,5,0,0,4,70,1,328,4,1,1,3,13,WS2
661963,1,3,3,5,0,0,4,69,2,280,4,2,0,3,13,WS2
661963,3,3,3,5,0,0,4,38,2,0,4,1,0,3,13,WS2
466735,0,2,1,6,0,0,3,61,2,285,1,3,1,2,13,M33
466735,1,2,1,6,0,0,3,57,1,0,1,3,0,2,13,M33
780736,0,2,1,6,0,0,3,59,1,273,1,2,1,2,13,OL6
780736,1,2,1,6,0,0,3,70,2,291,1,3,0,2,13,OL6
214902,0,2,4,6,4,0,4,56,1,0,1,2,1,2,13,DY3
773138,0,2,4,7,3,0,4,67,1,285,1,2,1,2,13,B14
773138,4,2,4,7,3,0,4,66,2,0,1,2,0,2,13,B14
584317,0,1,3,6,4,0,4,57,1,233,1,3,1,1,5,B72
913726,0,4,4,3,4,1,4,60,1,354,1,2,1,3,11,B70
913726,1,4,4,3,4,1,4,60,2,297,1,2,0,3,11,B70
913726,3,4,4,3,4,1,4,27,1,224,1,2,0,3,11,B70
215184,0,4,3,5,0,0,3,57,1,0,1,2,1,4,13,M44
215184,1,4,3,5,0,0,3,53,2,0,1,1,0,4,13,M44
360661,0,2,5,6,3,0,4,57,1,216,1,3,1,2,12,B92
360661,1,2,5,6,3,0,4,57,2,233,1,3,0,2,12,B92
610693,0,4,1,5,4,0,3,62,1,411,1,3,1,4,12,M24
610693,1,4,1,5,4,0,3,58,2,273,1,3,0,4,12,M24
303700,1,1,6,7,0,0,3,71,2,350,1,1,1,1,13,WA3
30657,0,3,3,5,0,0,3,58,1,0,1,2,1,3,10,M33
891141,0,4,4,5,8,0,4,58,2,313,1,2,0,4,13,B63
891141,1,4,4,5,8,0,4,59,1,273,1,2,1,4,13,B63
891141,2,4,4,5,8,0,4,23,2,264,1,3,0,4,13,B63
646785,0,3,1,1,5,0,4,44,1,0,1,3,1,3,13,B14
646785,1,3,1,1,5,0,4,51,2,0,1,3,0,3,13,B14
646785,2,3,1,1,5,0,4,26,1,0,1,3,0,3,13,B14
326607,0,2,5,7,0,0,4,73,2,0,1,2,1,2,12,B43
326607,1,2,5,7,0,0,4,69,1,0,1,2,0,2,12,B43
686907,0,2,6,7,0,0,4,81,1,227,1,3,1,2,13,B74
686907,1,2,6,7,0,0,4,82,2,237,1,3,0,2,13,B74
237730,0,2,4,7,0,0,4,70,1,248,99,1,1,2,13,B32
237730,1,2,4,7,0,0,4,71,2,280,99,1,0,2,13,B32
626915,1,1,4,7,2,0,3,75,2,317,1,2,1,1,12,OL4
299945,0,1,6,7,0,0,3,76,1,257,1,2,1,1,13,OL2
342661,0,1,3,6,3,0,4,63,2,218,1,3,1,1,13,B30
580010,0,1,3,7,0,0,4,70,1,182,1,3,1,1,13,B71
195832,0,2,3,7,3,0,4,82,1,376,0,3,1,2,10,B42
195832,2,2,3,7,3,0,4,61,1,256,0,3,0,2,10,B42
393133,0,2,1,7,3,0,3,77,2,340,1,2,1,2,13,M38
393133,1,2,1,7,3,0,3,78,1,287,1,1,0,2,13,M38
495132,0,2,1,7,4,0,4,81,2,226,1,3,1,2,12,B46
37740,0,2,1,7,4,0,3,83,2,224,1,3,1,2,13,SK4
37740,1,2,1,7,4,0,3,84,1,209,1,3,0,2,13,SK4
539023,1,1,3,7,3,0,4,65,1,265,1,2,1,1,13,DY4
107301,0,1,5,6,2,0,3,61,2,277,1,2,1,1,12,OL11
463517,0,1,3,7,2,0,4,92,1,309,1,1,1,1,8,B48
676677,0,2,5,6,0,0,4,52,2,263,1,2,1,2,9,B14
676677,2,2,5,6,0,0,4,22,1,0,1,4,0,2,9,B14
890258,0,1,3,7,3,0,4,81,1,289,1,1,1,1,13,B43
421198,1,3,5,5,0,0,4,86,2,266,1,2,1,3,13,B28
421198,2,3,5,5,0,0,4,63,1,254,1,2,0,3,13,B28
421198,3,3,5,5,0,0,4,65,2,234,1,2,0,3,13,B28
311893,0,2,5,7,2,0,4,72,1,213,1,2,1,2,11,CV7
311893,1,2,5,7,2,0,4,82,2,247,1,2,0,2,11,CV7
888726,0,3,1,5,0,0,4,72,1,318,1,3,1,3,13,B74
888726,1,3,1,5,0,0,4,72,2,244,1,3,0,3,13,B74
888726,2,3,1,5,0,0,4,40,2,238,1,3,0,3,13,B74
740754,0,1,3,6,0,0,4,54,1,0,1,3,1,1,13,B61
153670,0,1,6,7,1,0,3,71,1,216,1,3,1,1,11,OL4
529274,0,2,3,6,7,0,4,64,2,342,3,3,1,2,13,B63
529274,1,2,3,6,7,0,4,65,2,293,3,3,0,2,13,B63
722351,0,3,4,5,1,0,4,53,1,302,1,3,1,3,7,B28
722351,2,3,4,5,1,0,4,20,1,333,1,2,0,3,7,B28
722351,3,3,4,5,1,0,4,17,2,220,1,2,0,3,7,B28
696807,0,3,1,4,8,1,4,54,2,244,1,1,1,2,1,DY1
696807,1,3,1,4,8,1,4,55,1,0,1,2,0,2,1,DY1
179737,0,2,1,7,7,0,4,76,1,272,1,2,1,2,12,B93
179737,1,2,1,7,7,0,4,76,2,260,1,2,0,2,12,B93
451099,0,3,4,5,7,0,4,60,1,296,1,3,1,3,11,WS1
451099,1,3,4,5,7,0,4,64,2,310,1,2,0,3,11,WS1
119396,0,2,4,6,0,0,3,48,1,249,1,2,1,2,13,BL3
119396,1,2,4,6,0,0,3,50,2,369,1,1,0,2,13,BL3
566178,0,2,4,6,5,0,3,47,1,0,1,2,1,2,13,M24
566178,1,2,4,6,5,0,3,49,2,0,1,2,0,2,13,M24
493378,0,2,3,6,6,0,3,49,1,0,1,3,1,2,12,BL1
493378,1,2,3,6,6,0,3,66,2,0,1,2,0,2,12,BL1
509074,0,5,3,5,5,0,3,47,1,270,1,3,1,5,7,BL3
509074,1,5,3,5,5,0,3,48,2,0,1,3,0,5,7,BL3
509074,2,5,3,5,5,0,3,26,2,0,1,3,0,5,7,BL3
834424,0,5,4,4,4,1,3,47,1,201,1,2,1,4,12,OL4
834424,3,5,4,4,4,1,3,25,1,225,1,2,0,4,12,OL4
223095,0,3,1,5,0,0,4,50,1,0,1,1,1,3,9,B67
223095,1,3,1,5,0,0,4,57,2,0,1,2,0,3,9,B67
261202,4,6,3,5,0,0,3,75,1,252,1,2,0,6,13,BL5
608198,0,1,3,6,2,0,3,50,1,250,1,3,1,1,12,M27
585378,0,2,3,4,2,1,4,55,1,317,1,3,1,1,13,B42
111460,0,2,3,6,5,0,4,53,1,260,1,2,1,2,12,B30
111460,1,2,3,6,5,0,4,56,2,234,1,1,0,2,12,B30
973230,0,5,1,5,4,0,4,49,2,0,5,3,0,5,9,B28
973230,1,5,1,5,4,0,4,49,1,0,5,3,1,5,9,B28
973230,4,5,1,5,4,0,4,22,1,0,5,4,0,5,9,B28
854025,0,1,1,6,8,0,4,56,2,245,15,3,1,1,11,B90
349624,0,2,4,7,2,0,3,69,1,379,1,1,1,2,13,BL4
32738,0,2,1,6,0,0,4,53,1,0,1,1,1,2,10,B93
32738,1,2,1,6,0,0,4,59,2,0,1,2,0,2,10,B93
546383,0,2,1,6,8,0,3,57,2,329,1,3,1,2,13,M30
546383,1,2,1,6,8,0,3,55,2,298,1,2,0,2,13,M30
556691,0,2,1,6,6,0,3,51,2,0,1,2,0,2,13,BL1
556691,1,2,1,6,6,0,3,53,1,0,1,2,1,2,13,BL1
758052,0,2,5,6,2,0,3,56,2,0,1,2,1,2,13,M23
52930,0,3,3,5,8,0,4,56,1,270,1,3,1,3,6,B78
931413,0,1,5,7,2,0,3,73,2,221,1,1,1,1,13,M40
282277,0,3,3,5,0,0,4,57,1,258,1,2,1,3,13,DY3
282277,1,3,3,5,0,0,4,61,2,0,1,2,0,3,13,DY3
130397,0,2,3,6,6,0,3,57,1,270,1,3,1,2,12,SK4
147089,0,2,3,7,0,0,4,76,1,307,1,2,1,2,12,B28
147089,1,2,3,7,0,0,4,77,2,373,1,3,0,2,12,B28
438378,0,4,3,5,8,0,3,54,1,241,1,2,1,4,13,BL9
365318,0,3,4,5,7,0,3,57,1,323,1,2,1,3,13,M40
365318,1,3,4,5,7,0,3,59,2,275,1,2,0,3,13,M40
365318,2,3,4,5,7,0,3,35,1,0,1,2,0,3,13,M40
365318,3,3,4,5,7,0,3,30,2,211,1,3,0,3,13,M40
510979,0,5,6,5,4,0,3,51,1,258,15,2,1,5,12,M33
510979,1,5,6,5,4,0,3,57,2,251,15,3,0,5,12,M33
510979,3,5,6,5,4,0,3,27,2,185,15,3,0,5,12,M33
694460,0,3,5,5,3,0,3,47,1,285,1,2,1,3,9,M33
694460,1,3,5,5,3,0,3,46,2,265,1,2,0,3,9,M33
694460,3,3,5,5,3,0,3,19,1,311,1,2,0,3,9,M33
935824,0,4,4,2,4,1,3,55,1,282,1,2,1,3,13,BL4
935824,4,4,4,2,4,1,3,21,1,0,1,3,0,3,13,BL4
692262,0,4,4,5,4,0,3,48,1,257,1,2,1,4,12,M15
692262,1,4,4,5,4,0,3,54,2,366,1,2,0,4,12,M15
692262,2,4,4,5,4,0,3,22,1,274,1,2,0,4,12,M15
590039,0,4,5,5,0,0,4,46,1,251,4,3,1,4,2,WS5
590039,1,4,5,5,0,0,4,49,2,230,4,3,0,4,2,WS5
590039,2,4,5,5,0,0,4,23,2,0,4,4,0,4,2,WS5
689442,0,1,3,7,1,0,4,93,1,288,1,1,1,1,11,B35
591761,0,4,1,5,8,0,3,47,1,273,1,2,1,4,11,M30
591761,1,4,1,5,8,0,3,50,2,316,1,2,0,4,11,M30
591761,2,4,1,5,8,0,3,20,2,254,1,3,0,4,11,M30
672951,0,2,3,7,3,0,3,74,1,294,1,1,1,2,12,OL12
672951,1,2,3,7,3,0,3,66,2,393,1,3,0,2,12,OL12
6599,0,2,1,7,4,0,3,74,1,252,1,2,1,2,13,M33
6599,1,2,1,7,4,0,3,76,2,303,1,1,0,2,13,M33
459797,0,2,1,6,8,0,3,53,2,286,1,3,1,2,12,M15
638820,0,3,4,4,0,1,4,54,1,0,1,3,1,2,7,WS2
246347,0,3,3,5,5,0,4,51,1,0,1,2,1,3,13,B45
246347,1,3,3,5,5,0,4,54,2,0,1,2,0,3,13,B45
246347,2,3,3,5,5,0,4,20,2,0,1,4,0,3,13,B45
969897,0,2,4,6,5,0,4,58,1,323,1,1,1,2,13,DY5
969897,1,2,4,6,5,0,4,51,2,275,1,1,0,2,13,DY5
229792,0,3,3,5,0,0,4,58,1,225,4,3,1,3,12,B78
229792,2,3,3,5,0,0,4,26,2,230,4,3,0,3,12,B78
229792,3,3,3,5,0,0,4,20,2,208,4,3,0,3,12,B78
822133,0,2,3,7,2,0,3,78,1,290,1,1,1,2,13,OL8
822133,1,2,3,7,2,0,3,69,2,283,1,2,0,2,13,OL8
350266,0,4,5,5,8,0,4,51,1,351,1,1,1,4,9,B38
350266,1,4,5,5,8,0,4,62,2,288,1,3,0,4,9,B38
350266,2,4,5,5,8,0,4,24,1,461,1,2,0,4,9,B38
159203,0,2,5,6,0,0,4,53,1,0,1,4,1,2,13,DY1
159203,2,2,5,6,0,0,4,33,2,0,1,2,0,2,13,DY1
248010,0,2,6,7,0,0,4,68,1,0,1,1,1,2,13,B98
248010,1,2,6,7,0,0,4,62,2,0,1,2,0,2,13,B98
149472,0,4,4,4,5,1,4,48,1,346,1,3,1,3,4,B14
149472,2,4,4,4,5,1,4,51,2,0,1,3,0,3,4,B14
149916,0,4,5,4,4,1,4,54,1,0,7,2,1,3,8,B68
149916,1,4,5,4,4,1,4,21,1,0,7,3,0,3,8,B68
149916,2,4,5,4,4,1,4,15,2,0,7,4,0,3,8,B68
53789,0,2,3,6,3,0,4,51,1,258,1,3,1,2,7,DY3
551387,0,3,1,5,6,0,4,59,1,265,11,3,1,3,13,B62
551387,1,3,1,5,6,0,4,53,2,274,11,3,0,3,13,B62
551387,3,3,1,5,6,0,4,20,1,219,11,2,0,3,13,B62
736828,0,5,5,4,2,1,4,44,1,321,5,2,1,4,6,B14
736828,3,5,5,4,2,1,4,19,2,0,5,4,0,4,6,B14
180745,0,2,3,6,3,0,3,54,1,212,1,2,1,2,12,M30
180745,1,2,3,6,3,0,3,68,2,278,1,2,0,2,12,M30
269708,0,4,3,4,2,1,4,52,1,273,1,2,1,3,9,DY9
269708,1,4,3,4,2,1,4,55,2,284,1,2,0,3,9,DY9
741148,0,6,4,5,7,0,3,51,1,274,1,2,1,6,3,BL5
741148,1,6,4,5,7,0,3,52,2,0,1,2,0,6,3,BL5
741148,2,6,4,5,7,0,3,24,1,0,1,3,0,6,3,BL5
981792,0,1,3,7,3,0,3,67,2,0,1,3,1,1,13,M15
291244,0,4,3,4,0,1,4,60,2,221,12,2,1,3,12,WS4
619477,0,2,3,7,0,0,4,76,2,300,1,1,1,2,12,B71
619477,1,2,3,7,0,0,4,74,1,321,1,1,0,2,12,B71
851418,0,1,3,6,4,0,3,64,2,342,1,1,1,1,13,M9
509137,0,4,1,3,8,2,3,43,1,213,1,3,1,2,12,BL8
509137,2,4,1,3,8,2,3,46,2,283,1,3,0,2,12,BL8
437918,0,2,3,6,5,0,4,61,1,249,1,2,1,2,13,WS1
437918,1,2,3,6,5,0,4,64,2,233,1,2,0,2,13,WS1
92247,0,2,5,6,1,0,4,58,1,240,1,2,1,2,7,B91
92247,1,2,5,6,1,0,4,24,2,0,1,2,0,2,7,B91
340568,0,5,3,5,6,0,3,47,1,246,3,3,1,5,10,OL16
340568,1,5,3,5,6,0,3,70,2,335,3,3,0,5,10,OL16
288909,0,2,3,7,2,0,4,69,1,251,1,2,1,2,13,B76
288909,1,2,3,7,2,0,4,76,2,283,1,2,0,2,13,B76
382372,0,5,5,1,3,0,4,44,1,0,5,1,1,5,3,WS10
382372,1,5,5,1,3,0,4,44,2,0,5,1,0,5,3,WS10
711839,0,1,5,7,2,0,4,72,1,334,1,3,1,1,11,B38
862011,0,2,4,7,4,0,4,68,1,285,1,1,1,2,13,DY2
862011,1,2,4,7,4,0,4,78,2,242,1,2,0,2,13,DY2
744959,0,1,3,6,4,0,3,60,2,283,1,3,1,1,11,OL4
536499,0,5,4,5,2,0,4,51,1,0,1,2,1,5,11,WV13
256928,0,2,1,7,3,0,4,68,2,184,1,3,1,2,13,DY3
57823,0,1,6,1,2,0,4,44,1,339,1,2,1,1,6,B65
930277,0,2,4,6,2,0,3,48,1,232,1,3,1,2,8,M43
877268,0,1,5,7,2,0,3,80,1,225,1,1,1,1,13,OL16
591649,0,5,3,4,6,2,4,46,1,250,1,2,1,3,13,B92
591649,2,5,3,4,6,2,4,45,2,247,1,2,0,3,13,B92
682264,0,4,1,5,8,0,3,55,1,0,1,2,1,4,13,M14
83371,0,4,3,5,3,0,4,52,1,239,1,3,1,4,13,B90
83371,1,4,3,5,3,0,4,52,2,371,1,3,0,4,13,B90
83371,2,4,3,5,3,0,4,20,2,273,1,4,0,4,13,B90
83371,3,4,3,5,3,0,4,19,2,235,1,4,0,4,13,B90
719474,0,3,4,5,4,0,4,54,1,213,1,2,1,3,12,B31
282488,0,2,1,7,3,0,3,66,2,352,1,3,1,2,11,OL1
282488,1,2,1,7,3,0,3,59,1,0,1,1,0,2,11,OL1
109285,0,1,1,6,6,0,4,46,1,278,1,3,1,1,12,B31
68484,0,1,4,7,2,0,3,72,1,221,1,2,1,1,13,OL15
68484,1,1,4,7,2,0,3,73,2,0,1,1,0,1,13,OL15
900694,0,3,5,5,1,0,3,60,1,0,1,1,1,3,9,M11
832889,0,2,4,7,3,0,4,85,2,235,1,1,0,2,13,B92
832889,1,2,4,7,3,0,4,80,1,335,1,1,1,2,13,B92
258468,1,3,5,5,2,0,4,69,2,266,1,2,0,3,13,B68
258468,2,3,5,5,2,0,4,28,1,298,1,3,0,3,13,B68
572214,0,4,1,5,8,0,4,54,1,232,1,2,1,4,13,B74
572214,1,4,1,5,8,0,4,55,2,231,1,3,0,4,13,B74
572214,3,4,1,5,8,0,4,20,2,210,1,2,0,4,13,B74
705701,0,3,5,4,6,1,4,49,1,283,1,3,1,2,13,B60
705701,1,3,5,4,6,1,4,50,2,287,1,2,0,2,13,B60
705701,2,3,5,4,6,1,4,14,1,0,1,4,0,2,13,B60
954069,0,3,5,4,0,1,4,44,1,0,1,2,1,2,6,B25
218216,0,3,3,5,5,0,3,70,1,265,1,1,1,3,13,OL12
218216,1,3,3,5,5,0,3,75,2,362,1,2,0,3,13,OL12
218216,2,3,3,5,5,0,3,35,2,248,1,2,0,3,13,OL12
129610,0,2,5,1,3,0,4,44,1,351,5,3,1,2,12,DY5
129610,1,2,5,1,3,0,4,52,2,0,5,2,0,2,12,DY5
474059,0,4,3,5,3,0,4,61,1,226,1,2,1,4,12,WV14
474059,1,4,3,5,3,0,4,69,2,222,1,2,0,4,12,WV14
474059,5,4,3,5,3,0,4,19,2,167,1,2,0,4,12,WV14
506244,0,5,3,4,3,2,4,44,1,276,1,1,1,3,11,B61
148446,0,2,3,7,3,0,3,74,1,291,1,2,1,2,13,M8
148446,1,2,3,7,3,0,3,72,2,191,1,2,0,2,13,M8
687334,0,5,1,5,7,0,4,53,1,315,1,3,1,5,1,DY1
222501,0,2,3,6,2,0,4,54,2,291,1,2,1,2,13,B36
222501,1,2,3,6,2,0,4,55,1,279,1,2,0,2,13,B36
268750,0,5,1,4,0,1,4,49,1,239,5,3,1,4,13,B72
268750,2,5,1,4,0,1,4,24,1,174,5,3,0,4,13,B72
960611,0,2,3,6,4,0,3,50,1,323,1,2,1,2,13,BL4
960611,1,2,3,6,4,0,3,56,2,325,1,2,0,2,13,BL4
406715,0,2,3,6,3,0,3,45,1,215,1,3,1,2,13,BL4
406715,1,2,3,6,3,0,3,46,1,240,1,2,0,2,13,BL4
793499,0,6,3,4,7,1,3,43,1,255,1,3,1,5,12,WA15
793499,5,6,3,4,7,1,3,43,2,0,1,1,0,5,12,WA15
73082,0,5,4,5,3,0,3,61,1,0,1,2,1,5,12,OL10
73082,1,5,4,5,3,0,3,64,2,250,1,2,0,5,12,OL10
73082,2,5,4,5,3,0,3,23,2,0,1,3,0,5,12,OL10
73082,4,5,4,5,3,0,3,19,1,0,1,4,0,5,12,OL10
602490,1,1,5,6,2,0,3,59,1,0,1,1,1,1,13,WA3
258673,0,5,3,4,3,2,3,45,2,344,5,3,1,3,13,M8
258673,1,5,3,4,3,2,3,48,1,381,5,1,0,3,13,M8
245097,0,1,3,7,2,0,3,80,1,315,1,2,1,1,12,OL9
108304,0,1,6,7,0,0,4,83,1,245,1,1,1,1,12,B28
257109,0,2,3,7,4,0,3,84,1,239,1,2,1,2,12,WA15
257109,1,2,3,7,4,0,3,84,2,215,1,3,0,2,12,WA15
624983,0,2,1,7,7,0,4,70,2,334,1,3,1,2,13,B16
624983,1,2,1,7,7,0,4,60,1,198,1,3,0,2,13,B16
155084,0,2,3,7,3,0,3,67,1,247,1,2,1,2,13,M33
879272,0,2,5,7,4,0,3,87,1,274,1,2,1,2,13,OL8
879272,2,2,5,7,4,0,3,66,2,242,1,1,0,2,13,OL8
837274,0,4,1,5,6,0,4,47,1,232,1,3,1,4,13,DY9
837274,4,4,1,5,6,0,4,61,2,271,1,2,0,4,13,DY9
405582,0,4,5,4,0,1,4,49,1,221,4,3,1,3,11,B90
405582,1,4,5,4,0,1,4,51,2,0,4,3,0,3,11,B90
405582,2,4,5,4,0,1,4,21,1,170,4,4,0,3,11,B90
405582,3,4,5,4,0,1,4,18,1,170,4,4,0,3,11,B90
858042,0,3,3,3,3,2,4,48,1,216,1,3,1,1,12,B92
158329,1,1,6,6,2,0,3,52,1,324,1,2,1,1,6,WN1
642764,0,4,4,2,3,1,4,61,1,294,0,3,1,3,2,B7
642764,2,4,4,2,3,1,4,39,1,410,0,3,0,3,2,B7
642764,3,4,4,2,3,1,4,31,1,271,0,3,0,3,2,B7
14149,0,1,3,6,6,0,4,57,2,354,1,3,1,1,13,B68
289467,0,2,1,6,0,0,4,55,1,217,1,2,1,2,13,B46
289467,1,2,1,6,0,0,4,17,2,201,1,2,0,2,13,B46
378466,0,6,4,4,2,1,3,47,1,364,5,3,1,5,6,M14
944498,0,3,3,5,0,0,3,55,1,263,1,2,1,3,7,BL2
944498,3,3,3,5,0,0,3,17,1,184,1,4,0,3,7,BL2
944498,4,3,3,5,0,0,3,52,2,335,1,2,0,3,7,BL2
780384,0,2,4,7,3,0,4,71,1,256,1,3,1,2,13,B17
780384,1,2,4,7,3,0,4,74,2,213,1,1,0,2,13,B17
6897,0,2,6,7,0,0,3,82,2,178,1,1,1,2,13,BL3
6897,1,2,6,7,0,0,3,71,1,263,1,2,0,2,13,BL3
930606,0,3,3,5,7,0,4,68,2,281,4,3,1,3,13,B20
930606,1,3,3,5,7,0,4,67,1,239,4,3,0,3,13,B20
930606,3,3,3,5,7,0,4,35,2,245,4,3,0,3,13,B20
290051,0,1,4,7,2,0,3,82,2,328,1,1,1,1,12,M26
738957,0,4,4,5,4,0,4,50,1,271,1,2,1,4,13,WS4
738957,1,4,4,5,4,0,4,58,2,248,1,3,0,4,13,WS4
738957,2,4,4,5,4,0,4,20,2,0,1,2,0,4,13,WS4
706733,0,4,3,4,4,1,4,67,1,251,0,2,1,3,13,B31
706733,1,4,3,4,4,1,4,71,2,252,0,2,0,3,13,B31
60969,0,6,3,3,0,1,4,51,2,191,5,3,0,5,13,B11
60969,1,6,3,3,0,1,4,43,1,225,5,2,1,5,13,B11
716661,0,1,6,7,0,0,4,76,1,223,1,1,1,1,8,B78
628496,1,1,3,7,2,0,4,75,1,232,1,2,1,1,13,B25
909797,0,2,4,7,2,0,3,74,1,307,1,2,1,2,1,M40
909797,1,2,4,7,2,0,3,38,2,418,1,2,0,2,1,M40
360565,2,1,3,6,6,0,4,53,2,296,1,2,1,1,13,B42
953894,0,2,3,7,3,0,3,74,1,264,1,2,1,2,13,OL9
953894,1,2,3,7,3,0,3,75,2,332,1,1,0,2,13,OL9
303460,0,2,1,6,7,0,4,59,2,332,1,3,1,2,13,B26
303460,1,2,1,6,7,0,4,60,1,271,1,3,0,2,13,B26
723098,1,2,3,7,0,0,3,79,2,149,1,1,0,2,3,OL10
312997,0,1,3,7,2,0,4,84,1,255,1,2,1,1,11,B60
849354,1,2,5,7,3,0,4,78,2,366,1,1,1,2,11,B37
849354,2,2,5,7,3,0,4,53,1,349,1,3,0,2,11,B37
831029,0,3,4,4,7,1,4,59,2,301,12,2,1,2,13,WV13
831029,1,3,4,4,7,1,4,54,1,324,12,2,0,2,13,WV13
236359,0,1,3,6,2,0,3,60,1,0,1,2,1,1,11,OL11
986290,0,2,4,7,4,0,3,68,1,291,1,2,1,2,13,M24
986290,1,2,4,7,4,0,3,61,2,273,1,1,0,2,13,M24
124175,0,5,4,2,0,1,3,61,1,0,99,3,1,4,10,WA15
124175,1,5,4,2,0,1,3,70,2,0,99,2,0,4,10,WA15
754774,0,1,1,7,2,0,3,72,1,278,1,2,1,1,13,M23
995662,0,2,3,6,5,0,3,60,1,0,1,2,1,2,12,M24
995662,1,2,3,6,5,0,3,66,2,229,1,1,0,2,12,M24
484515,0,3,5,5,3,0,3,57,1,262,1,2,1,3,13,M44
484515,1,3,5,5,3,0,3,61,2,238,1,1,0,3,13,M44
823932,0,4,3,5,5,0,4,59,1,345,12,2,1,4,13,WS5
823932,2,4,3,5,5,0,4,28,2,228,12,3,0,4,13,WS5
586898,0,1,5,7,2,0,4,65,1,319,1,3,1,1,10,B92
227223,0,2,3,7,2,0,4,73,1,267,1,1,1,2,13,B65
227223,1,2,3,7,2,0,4,75,2,258,1,1,0,2,13,B65
861278,0,5,4,2,6,2,4,54,1,236,1,2,1,3,7,B23
861278,1,5,4,2,6,2,4,59,2,0,1,2,0,3,7,B23
861278,2,5,4,2,6,2,4,25,1,0,1,3,0,3,7,B23
626551,0,4,1,4,0,1,3,51,1,0,0,3,1,3,13,M33
626551,1,4,1,4,0,1,3,55,2,0,0,3,0,3,13,M33
810828,0,2,1,6,4,0,4,62,1,267,1,2,1,2,13,WV14
810828,1,2,1,6,4,0,4,64,2,305,1,1,0,2,13,WV14
660201,0,3,4,5,6,0,4,58,1,489,1,2,1,3,13,WS1
660201,1,3,4,5,6,0,4,60,2,241,1,2,0,3,13,WS1
177130,0,2,1,1,6,0,3,41,1,0,1,3,1,2,12,WA3
927796,0,2,3,7,2,0,4,70,1,289,1,3,1,2,13,B34
927796,1,2,3,7,2,0,4,69,2,235,1,2,0,2,13,B34
967530,0,1,3,7,0,0,4,71,1,273,1,4,1,1,13,B92
216794,0,4,1,5,7,0,4,59,1,230,7,2,1,4,11,B28
216794,1,4,1,5,7,0,4,62,2,216,7,1,0,4,11,B28
216794,4,4,1,5,7,0,4,28,2,0,7,3,0,4,11,B28
216794,5,4,1,5,7,0,4,87,1,0,7,0,0,4,11,B28
349818,0,2,5,6,2,0,4,58,2,432,1,2,1,2,13,B8
5502,0,3,3,4,4,1,4,44,1,241,1,2,1,2,13,B44
891021,0,2,1,7,3,0,3,83,2,225,1,2,1,2,13,M26
891021,1,2,1,7,3,0,3,71,1,263,1,1,0,2,13,M26
970001,0,6,5,4,2,1,3,69,2,300,5,3,1,5,13,M14
970001,1,6,5,4,2,1,3,55,1,311,5,2,0,5,13,M14
970001,2,6,5,4,2,1,3,82,1,282,5,2,0,5,13,M14
970001,3,6,5,4,2,1,3,18,1,182,5,1,0,5,13,M14
970001,4,6,5,4,2,1,3,16,2,192,5,4,0,5,13,M14
986325,0,3,5,4,3,1,4,57,2,268,1,2,1,2,5,DY4
986325,1,3,5,4,3,1,4,53,1,363,1,2,0,2,5,DY4
514188,0,2,4,7,2,0,4,67,1,260,1,2,1,2,13,B37
250974,0,1,6,6,2,0,4,56,2,339,1,2,1,1,13,B61
969546,0,2,5,6,0,0,4,45,1,260,1,2,1,2,13,B37
969546,2,2,5,6,0,0,4,61,2,419,1,2,0,2,13,B37
193205,0,3,3,4,5,1,3,46,1,0,1,3,1,2,13,OL2
956330,0,4,3,4,4,2,3,49,1,273,1,3,1,2,9,OL12
956330,1,4,3,4,4,2,3,53,2,233,1,1,0,2,9,OL12
641193,0,1,1,1,4,0,3,40,2,341,1,3,1,1,12,M28
71321,0,3,4,5,4,0,3,55,1,373,1,2,1,3,12,M33
71321,1,3,4,5,4,0,3,58,2,0,1,2,0,3,12,M33
71321,3,3,4,5,4,0,3,21,1,0,1,3,0,3,12,M33
152835,0,1,5,7,1,0,4,68,2,247,1,1,1,1,13,B30
933742,0,2,4,7,2,0,3,81,1,261,1,1,1,2,13,M26
933742,1,2,4,7,2,0,3,77,2,242,1,1,0,2,13,M26
322741,0,2,1,7,0,0,4,83,1,255,1,2,1,2,13,B43
322741,1,2,1,7,0,0,4,85,2,270,1,2,0,2,13,B43
118414,0,1,5,6,4,0,3,64,1,287,9,2,1,1,13,M18
461361,0,2,3,6,0,0,4,56,1,0,1,2,1,2,13,DY3
933172,0,1,3,6,3,0,4,53,1,278,1,2,1,1,12,B23
368615,0,2,1,7,0,0,3,81,1,177,1,2,1,2,13,WA15
773224,0,2,3,6,4,0,4,61,1,336,14,3,1,2,7,B24
773224,1,2,3,6,4,0,4,28,2,281,14,2,0,2,7,B24
196247,0,1,3,7,2,0,4,70,1,240,1,3,1,1,12,DY5
894934,0,2,5,7,3,0,4,66,2,271,2,1,1,2,8,B75
689063,0,2,3,7,0,0,4,80,1,236,1,2,1,2,13,B31
689063,1,2,3,7,0,0,4,75,2,240,1,3,0,2,13,B31
892030,0,1,3,7,2,0,4,81,1,344,1,2,1,1,4,B33
735042,0,2,1,7,4,0,4,80,1,301,1,3,1,2,12,B73
735042,1,2,1,7,4,0,4,82,2,358,1,3,0,2,12,B73
945840,0,1,3,6,4,0,3,59,1,0,0,2,1,1,4,BL9
975394,0,1,6,7,2,0,3,68,1,249,1,2,1,1,13,OL1
256507,0,4,4,4,2,1,3,50,1,0,3,3,1,3,11,BL3
256507,1,4,4,4,2,1,3,42,2,0,3,1,0,3,11,BL3
256507,2,4,4,4,2,1,3,20,1,0,3,4,0,3,11,BL3
256507,3,4,4,4,2,1,3,15,2,0,3,4,0,3,11,BL3
670003,0,6,4,3,7,3,4,43,1,213,1,2,1,3,13,B61
670003,1,6,4,3,7,3,4,44,2,263,1,2,0,3,13,B61
404035,0,4,3,4,8,1,4,45,1,364,15,3,1,3,12,B74
404035,1,4,3,4,8,1,4,47,2,255,15,3,0,3,12,B74
404035,2,4,3,4,8,1,4,16,2,228,15,2,0,3,12,B74
850127,0,1,1,6,0,0,4,61,2,283,1,3,1,1,13,B65
920112,0,2,1,7,4,0,4,81,1,264,1,1,1,2,12,B72
920112,1,2,1,7,4,0,4,83,2,273,1,2,0,2,12,B72
709780,0,1,5,6,2,0,4,62,1,311,1,1,1,1,13,B33
261501,0,4,3,4,6,2,4,39,1,0,1,2,1,2,13,B74
261501,1,4,3,4,6,2,4,43,2,0,1,2,0,2,13,B74
974172,0,2,6,7,3,0,4,73,2,312,1,1,1,2,13,B35
974172,1,2,6,7,3,0,4,69,1,295,1,1,0,2,13,B35
908497,0,2,1,7,3,0,4,88,1,220,1,1,1,2,13,B76
908497,1,2,1,7,3,0,4,94,2,214,1,1,0,2,13,B76
433345,0,3,5,4,4,1,4,45,1,251,0,3,1,2,12,B71
433345,1,3,5,4,4,1,4,57,2,284,0,2,0,2,12,B71
433345,2,3,5,4,4,1,4,14,2,0,0,4,0,2,12,B71
266037,0,6,4,4,4,1,4,53,1,233,4,3,1,5,13,B68
266037,1,6,4,4,4,1,4,53,2,258,4,3,0,5,13,B68
183758,0,4,3,4,7,2,4,39,1,333,1,2,1,2,13,WS2
183758,1,4,3,4,7,2,4,41,2,250,1,2,0,2,13,WS2
183758,2,4,3,4,7,2,4,13,2,0,1,4,0,2,13,WS2
633448,0,4,3,3,0,2,4,45,1,0,1,3,1,2,10,B66
633448,1,4,3,3,0,2,4,56,2,0,1,1,0,2,10,B66
418575,1,4,1,3,8,2,3,37,2,254,1,2,1,2,8,M27
748439,0,2,1,7,3,0,3,83,2,267,1,3,1,2,12,M33
748439,1,2,1,7,3,0,3,79,1,232,1,2,0,2,12,M33
315626,0,2,1,6,0,0,3,59,1,296,1,2,1,2,10,M33
315626,1,2,1,6,0,0,3,61,2,243,1,2,0,2,10,M33
590616,0,2,1,7,2,0,4,74,1,204,1,3,1,2,13,WS5
806200,0,1,1,7,8,0,4,69,1,232,1,2,1,1,8,B74
416699,0,5,1,4,4,1,3,50,1,0,1,3,1,4,13,M21
416699,1,5,1,4,4,1,3,53,2,263,1,3,0,4,13,M21
416699,2,5,1,4,4,1,3,18,1,0,1,4,0,4,13,M21
416699,3,5,1,4,4,1,3,16,1,0,1,4,0,4,13,M21
416699,4,5,1,4,4,1,3,13,1,0,1,4,0,4,13,M21
522585,0,4,3,5,8,0,3,63,1,213,1,3,1,4,13,BL1
522585,1,4,3,5,8,0,3,77,2,231,1,3,0,4,13,BL1
522585,2,4,3,5,8,0,3,36,1,206,1,3,0,4,13,BL1
522585,3,4,3,5,8,0,3,32,2,231,1,3,0,4,13,BL1
957878,0,4,1,5,8,0,3,58,1,260,1,3,1,4,9,M7
957878,1,4,1,5,8,0,3,58,2,0,1,3,0,4,9,M7
957878,2,4,1,5,8,0,3,29,2,0,1,3,0,4,9,M7
497828,0,2,3,6,5,0,4,56,1,0,1,2,1,2,13,WS1
497828,1,2,3,6,5,0,4,56,2,0,1,2,0,2,13,WS1
45669,0,4,3,5,0,0,3,60,1,256,1,2,1,4,12,M38
45669,1,4,3,5,0,0,3,66,1,301,1,1,0,4,12,M38
45669,2,4,3,5,0,0,3,22,2,305,1,3,0,4,12,M38
794441,0,1,3,6,3,0,3,47,1,216,1,2,1,1,1,M33
863383,0,3,3,2,3,1,3,39,1,175,11,3,1,2,3,OL9
233343,0,2,4,7,3,0,3,74,1,0,1,2,1,2,13,M43
233343,1,2,4,7,3,0,3,77,2,0,1,1,0,2,13,M43
353185,0,3,5,5,2,0,4,65,1,0,1,3,1,3,13,B13
353185,1,3,5,5,2,0,4,68,2,0,1,3,0,3,13,B13
865651,0,4,5,4,5,1,3,51,1,261,1,2,1,3,13,M23
615708,0,1,6,7,2,0,3,70,2,318,1,2,1,1,7,M16
445838,1,1,6,7,3,0,3,80,1,266,1,2,1,1,12,M40
463872,0,2,3,7,6,0,3,74,2,227,1,2,1,2,13,M33
463872,1,2,3,7,6,0,3,73,1,228,1,2,0,2,13,M33
24816,0,2,5,7,3,0,4,74,1,339,1,1,1,2,13,B31
24816,1,2,5,7,3,0,4,75,2,286,1,1,0,2,13,B31
240178,0,2,4,7,4,0,3,78,1,250,1,2,1,2,11,OL9
240178,2,2,4,7,4,0,3,61,2,292,1,2,0,2,11,OL9
949231,0,1,3,7,2,0,4,68,1,346,1,2,1,1,13,B17
3269,0,1,6,6,2,0,3,61,1,371,1,3,1,1,13,OL12
971604,0,2,3,7,3,0,4,80,1,272,1,1,1,2,11,B63
971604,1,2,3,7,3,0,4,81,2,275,1,3,0,2,11,B63
847480,0,2,3,7,0,0,4,72,1,388,1,1,1,2,11,B29
847480,1,2,3,7,0,0,4,72,2,300,1,1,0,2,11,B29
717360,0,2,1,7,0,0,4,68,1,298,1,3,1,2,7,B90
956763,0,3,3,5,0,0,4,67,1,262,1,3,1,3,11,B14
956763,1,3,3,5,0,0,4,67,2,283,1,3,0,3,11,B14
367484,0,2,4,7,2,0,3,74,1,360,1,1,1,2,13,M38
367484,1,2,4,7,2,0,3,75,2,378,1,1,0,2,13,M38
560992,0,1,3,7,0,0,3,81,1,234,1,1,1,1,13,OL2
972194,0,1,6,7,1,0,3,74,1,292,1,1,1,1,13,M11
382963,0,3,3,5,5,0,3,54,2,291,1,2,1,3,12,WA3
77848,0,1,3,7,0,0,3,80,1,235,1,2,1,1,13,M26
585044,0,1,3,7,2,0,3,73,1,336,1,2,1,1,12,WA15
351029,0,4,5,5,0,0,3,54,1,0,1,2,1,4,13,OL12
57981,0,2,3,7,2,0,3,72,1,259,1,3,1,2,6,M27
118273,0,1,1,6,2,0,3,61,2,0,1,2,1,1,13,OL16
45012,0,1,3,7,2,0,4,75,1,444,1,1,1,1,7,DY1
684861,0,2,1,6,7,0,4,47,2,288,1,3,1,2,13,B63
684861,1,2,1,6,7,0,4,47,1,293,1,3,0,2,13,B63
885305,0,2,3,6,0,0,4,58,2,316,1,2,1,2,13,WS3
885305,1,2,3,6,0,0,4,64,1,222,1,3,0,2,13,WS3
592006,0,2,1,7,3,0,4,71,2,282,1,2,1,2,13,B45
592006,1,2,1,7,3,0,4,57,1,203,1,3,0,2,13,B45
454628,0,2,5,6,6,0,4,54,1,186,1,2,1,2,13,B36
258835,0,4,4,5,6,0,3,70,2,261,1,2,1,4,11,M27
258835,1,4,4,5,6,0,3,65,1,0,1,2,0,4,11,M27
258835,2,4,4,5,6,0,3,18,2,0,1,4,0,4,11,M27
658591,0,2,3,7,3,0,4,70,1,238,1,1,1,2,13,WV14
658591,1,2,3,7,3,0,4,75,2,341,1,2,0,2,13,WV14
885525,0,2,3,7,5,0,3,70,1,206,1,3,1,2,11,M33
885525,1,2,3,7,5,0,3,44,2,251,1,3,0,2,11,M33
674015,0,1,3,7,4,0,3,75,1,337,1,1,1,1,12,BL8
441017,0,2,5,7,3,0,4,66,1,248,1,3,1,2,13,B45
441017,1,2,5,7,3,0,4,66,2,226,1,1,0,2,13,B45
913197,0,2,5,7,3,0,4,67,1,307,1,2,1,2,13,B23
913197,1,2,5,7,3,0,4,67,2,276,1,1,0,2,13,B23
999366,0,2,4,7,3,0,3,73,1,291,1,1,1,2,11,M30
999366,1,2,4,7,3,0,3,61,2,260,1,2,0,2,11,M30
448374,0,2,3,7,3,0,4,77,1,274,1,2,1,2,13,B37
448374,1,2,3,7,3,0,4,69,2,0,1,1,0,2,13,B37
844870,0,1,3,7,3,0,3,72,1,271,1,2,1,1,13,BL3
848704,0,2,3,7,5,0,4,76,1,382,1,1,1,2,13,B31
848704,1,2,3,7,5,0,4,65,2,441,1,2,0,2,13,B31
793659,0,1,6,7,2,0,4,71,1,283,1,3,1,1,13,B30
871202,0,2,3,7,3,0,3,71,1,271,1,2,1,2,13,OL10
871202,1,2,3,7,3,0,3,80,2,298,1,1,0,2,13,OL10
938997,0,3,3,5,4,0,4,72,1,344,1,2,1,3,13,B29
591634,0,2,3,7,0,0,4,72,2,292,1,2,1,2,13,B76
949408,0,2,4,7,4,0,4,68,1,283,1,2,1,2,13,B63
949408,1,2,4,7,4,0,4,54,2,273,1,2,0,2,13,B63
819799,0,2,3,7,3,0,4,79,1,282,1,2,1,2,13,B28
5799,0,2,1,7,0,0,4,70,1,0,1,3,1,2,13,B32
5799,1,2,1,7,0,0,4,80,2,0,1,3,0,2,13,B32
953241,0,2,1,7,2,0,4,79,1,308,1,1,1,2,13,B78
953241,1,2,1,7,2,0,4,73,2,297,1,3,0,2,13,B78
104768,0,2,3,7,5,0,3,70,1,247,1,2,1,2,13,SK4
104768,1,2,3,7,5,0,3,68,2,301,1,2,0,2,13,SK4
882507,0,2,3,6,2,0,4,46,1,0,1,2,1,2,13,B36
882507,1,2,3,6,2,0,4,24,2,0,1,2,0,2,13,B36
138702,0,2,3,7,3,0,4,79,1,290,2,3,1,2,11,B9
762785,0,5,3,5,0,0,4,69,1,0,1,2,1,5,13,B43
762785,1,5,3,5,0,0,4,74,2,0,1,3,0,5,13,B43
762785,2,5,3,5,0,0,4,32,1,0,1,3,0,5,13,B43
762785,3,5,3,5,0,0,4,29,2,0,1,3,0,5,13,B43
762785,4,5,3,5,0,0,4,26,1,0,1,3,0,5,13,B43
430461,0,2,1,7,2,0,4,70,2,262,1,3,1,2,6,B24
430461,1,2,1,7,2,0,4,66,1,333,1,3,0,2,6,B24
981453,0,4,3,5,0,0,4,40,1,0,1,2,0,4,13,B74
981453,1,4,3,5,0,0,4,72,2,0,1,2,0,4,13,B74
981453,2,4,3,5,0,0,4,70,1,290,1,2,1,4,13,B74
990702,0,5,1,4,6,2,3,43,1,0,1,3,1,3,13,M16
990702,1,5,1,4,6,2,3,44,2,0,1,3,0,3,13,M16
990702,2,5,1,4,6,2,3,19,1,0,1,4,0,3,13,M16
990702,4,5,1,4,6,2,3,15,1,0,1,4,0,3,13,M16
12250,0,1,1,6,0,0,4,51,2,363,4,3,1,1,12,B21
472114,0,2,4,7,4,0,4,77,1,397,1,2,1,2,13,WV13
472114,1,2,4,7,4,0,4,76,2,281,1,1,0,2,13,WV13
924018,0,5,1,5,6,0,4,55,2,284,5,3,1,5,13,B69
924018,1,5,1,5,6,0,4,51,1,248,5,3,0,5,13,B69
399836,0,3,3,5,4,0,3,77,1,317,1,2,1,3,7,BL3
399836,1,3,3,5,4,0,3,56,1,299,1,2,0,3,7,BL3
399836,3,3,3,5,4,0,3,28,1,307,1,2,0,3,7,BL3
852319,0,3,5,5,2,0,3,77,2,279,1,2,1,3,12,BL3
852319,1,3,5,5,2,0,3,60,1,232,1,2,0,3,12,BL3
523348,1,1,3,7,4,0,4,74,2,298,1,2,1,1,13,B31
153589,0,1,4,7,3,0,4,80,2,0,1,2,1,1,13,B90
982165,0,2,3,6,6,0,3,58,1,221,1,2,1,2,13,BL2
982165,1,2,3,6,6,0,3,60,2,0,1,3,0,2,13,BL2
918304,0,1,6,7,1,0,3,74,1,0,1,2,1,1,13,M9
559750,0,4,1,4,8,2,4,50,2,278,1,3,0,2,13,B94
559750,1,4,1,4,8,2,4,53,1,203,1,2,1,2,13,B94
559750,2,4,1,4,8,2,4,13,2,0,1,4,0,2,13,B94
445226,0,1,4,7,2,0,3,82,1,278,1,2,1,1,13,BL1
380578,0,2,4,7,0,0,3,79,1,344,1,2,1,2,13,BL9
380578,1,2,4,7,0,0,3,83,2,244,1,1,0,2,13,BL9
191861,0,2,5,7,2,0,3,78,1,200,1,2,1,2,13,M44
399690,0,2,4,7,2,0,3,81,2,319,1,2,1,2,13,OL12
399690,1,2,4,7,2,0,3,81,1,232,1,1,0,2,13,OL12
733172,0,1,3,7,2,0,3,76,1,288,1,2,1,1,13,OL11
720952,0,2,3,7,3,0,3,80,1,262,1,1,1,2,13,OL4
720952,1,2,3,7,3,0,3,82,2,225,1,2,0,2,13,OL4
239560,0,2,3,7,2,0,4,77,1,235,1,1,1,2,4,B38
239560,1,2,3,7,2,0,4,25,1,0,1,3,0,2,4,B38
109084,0,3,1,1,3,0,3,59,2,311,5,3,0,3,9,OL12
109084,1,3,1,1,3,0,3,33,1,247,5,3,1,3,9,OL12
573054,0,1,3,6,8,0,3,56,1,230,1,3,1,1,13,OL9
447981,0,3,4,5,8,0,3,61,2,406,1,2,1,3,13,OL10
447981,4,3,4,5,8,0,3,57,1,275,1,2,0,3,13,OL10
447981,5,3,4,5,8,0,3,24,1,0,1,3,0,3,13,OL10
516822,0,2,3,7,4,0,4,69,1,269,1,2,1,2,13,B60
516822,1,2,3,7,4,0,4,68,2,261,1,3,0,2,13,B60
453284,0,4,3,5,0,0,3,57,2,0,1,1,1,4,11,OL2
453284,1,4,3,5,0,0,3,56,1,0,1,2,0,4,11,OL2
453284,2,4,3,5,0,0,3,25,1,0,1,3,0,4,11,OL2
892277,0,2,4,6,6,0,4,55,2,289,4,3,0,2,13,DY1
892277,1,2,4,6,6,0,4,53,1,350,4,3,1,2,13,DY1
239052,0,5,6,3,1,2,4,61,1,371,1,3,1,3,13,B36
239052,2,5,6,3,1,2,4,29,1,252,1,3,0,3,13,B36
431052,0,2,1,6,3,0,4,61,1,232,1,2,1,2,5,B98
234174,0,1,3,6,2,0,3,57,1,248,1,2,1,1,13,M27
806125,0,2,3,7,4,0,4,66,1,343,1,2,1,2,10,WS9
580324,0,2,1,7,5,0,4,71,1,246,1,2,1,2,12,DY3
580324,1,2,1,7,5,0,4,72,2,296,1,3,0,2,12,DY3
660085,0,2,3,6,0,0,4,61,2,326,1,2,1,2,11,B30
660085,1,2,3,6,0,0,4,48,1,346,1,2,0,2,11,B30
557759,0,2,6,7,3,0,3,78,1,245,1,2,1,2,13,M9
557759,1,2,6,7,3,0,3,76,2,240,1,3,0,2,13,M9
932193,0,4,3,5,5,0,4,57,2,0,1,2,1,4,12,B38
932193,1,4,3,5,5,0,4,57,1,0,1,2,0,4,12,B38
932193,2,4,3,5,5,0,4,35,2,0,1,2,0,4,12,B38
932193,3,4,3,5,5,0,4,32,2,0,1,3,0,4,12,B38
613562,0,2,3,7,3,0,4,76,1,308,1,2,1,2,12,B67
265848,0,3,1,4,6,1,3,54,2,229,1,2,1,2,13,SK4
412220,1,2,4,7,4,0,4,53,2,375,1,2,0,2,13,B98
45126,0,2,1,7,0,0,4,83,1,319,1,1,1,2,13,B26
45126,1,2,1,7,0,0,4,86,2,238,1,2,0,2,13,B26
526243,0,3,1,5,4,0,3,72,1,364,1,2,1,3,13,BL9
404143,0,4,3,5,4,0,3,54,1,243,1,3,1,4,13,BL2
404143,1,4,3,5,4,0,3,56,2,241,1,3,0,4,13,BL2
599382,0,2,3,6,7,0,3,54,2,286,4,3,1,2,10,M19
599382,1,2,3,6,7,0,3,54,1,216,4,3,0,2,10,M19
754992,0,2,1,7,5,0,4,70,2,277,1,3,1,2,13,B90
754992,1,2,1,7,5,0,4,65,1,228,1,3,0,2,13,B90
672696,0,4,3,4,3,1,4,50,1,361,1,3,1,3,9,B68
971396,0,2,5,6,0,0,3,53,1,280,1,2,1,2,13,M33
971396,2,2,5,6,0,0,3,69,2,263,1,2,0,2,13,M33
122201,0,5,1,5,0,0,4,51,1,0,0,3,1,5,11,B16
122201,5,5,1,5,0,0,4,30,2,0,0,3,0,5,11,B16
122201,6,5,1,5,0,0,4,39,2,0,0,3,0,5,11,B16
384790,0,2,5,6,6,0,4,54,1,274,8,1,1,2,13,B30
384790,1,2,5,6,6,0,4,33,2,0,8,3,0,2,13,B30
84259,0,2,1,6,8,0,4,54,1,185,1,3,1,2,13,DY4
84259,1,2,1,6,8,0,4,84,1,210,1,1,0,2,13,DY4
299476,0,4,3,2,8,2,3,45,2,227,1,3,1,2,13,M33
618618,0,2,3,7,2,0,3,66,1,0,1,3,1,2,13,OL12
618618,1,2,3,7,2,0,3,68,2,0,1,3,0,2,13,OL12
879515,0,4,1,5,8,0,4,52,1,0,1,2,1,4,12,B98
879515,1,4,1,5,8,0,4,52,2,0,1,2,0,4,12,B98
799252,0,2,3,6,5,0,3,53,2,0,1,2,1,2,13,M22
799252,1,2,3,6,5,0,3,54,1,0,1,2,0,2,13,M22
371823,0,1,3,6,2,0,3,55,1,223,15,3,1,1,12,M1
745595,0,4,5,5,0,0,3,57,1,0,1,3,1,4,3,M24
745595,1,4,5,5,0,0,3,59,2,0,1,3,0,4,3,M24
745595,3,4,5,5,0,0,3,82,1,0,1,1,0,4,3,M24
745595,4,4,5,5,0,0,3,32,2,0,1,3,0,4,3,M24
249381,0,2,4,6,0,0,4,62,1,438,1,2,1,2,13,B63
249381,1,2,4,6,0,0,4,65,2,387,1,2,0,2,13,B63
684290,0,8,6,2,4,5,3,53,1,278,99,2,1,3,13,M30
684290,1,8,6,2,4,5,3,56,2,250,99,2,0,3,13,M30
24480,0,1,5,7,2,0,4,71,2,222,1,2,1,1,13,DY5
707106,0,3,4,5,0,0,3,60,2,303,1,2,1,3,13,M30
707106,1,3,4,5,0,0,3,55,1,230,1,1,0,3,13,M30
26133,1,2,3,6,5,0,4,52,1,313,1,3,1,2,3,B44
357681,0,5,4,3,4,2,3,57,2,330,1,2,1,3,12,M22
52640,0,2,3,6,5,0,4,61,2,293,1,2,1,2,12,DY9
52640,1,2,3,6,5,0,4,62,1,285,1,2,0,2,12,DY9
258511,0,1,3,6,0,0,4,63,2,0,12,2,1,1,7,B27
830697,0,1,6,7,1,0,4,66,2,201,1,2,1,1,8,B43
996255,0,3,1,5,5,0,4,57,1,233,4,3,1,3,13,B92
303006,0,4,4,3,5,1,3,64,2,312,1,2,0,3,5,OL4
303006,3,4,4,3,5,1,3,61,1,378,1,2,1,3,5,OL4
693688,0,2,3,6,7,0,3,57,2,285,1,3,1,2,13,OL6
693688,1,2,3,6,7,0,3,62,1,287,1,2,0,2,13,OL6
405574,0,2,3,6,3,0,4,63,1,299,1,2,1,2,13,B78
127286,0,2,1,6,8,0,3,60,2,324,1,3,1,2,13,M4
505726,0,2,3,7,4,0,3,66,2,229,1,3,1,2,13,OL11
505726,1,2,3,7,4,0,3,62,1,0,1,3,0,2,13,OL11
915979,0,1,1,7,2,0,3,67,1,0,1,3,1,1,13,M23
732464,0,3,5,5,0,0,4,55,1,263,8,2,1,3,13,B74
732464,1,3,5,5,0,0,4,59,2,296,8,1,0,3,13,B74
732464,2,3,5,5,0,0,4,25,2,287,8,2,0,3,13,B74
435477,0,3,4,5,0,0,4,57,1,0,1,1,1,3,12,B45
788935,0,2,5,6,4,0,4,59,1,0,1,2,1,2,13,B67
788935,1,2,5,6,4,0,4,67,2,0,1,2,0,2,13,B67
718098,0,2,5,7,2,0,3,66,1,279,1,1,1,2,13,M23
718098,1,2,5,7,2,0,3,26,2,226,1,1,0,2,13,M23
354041,0,3,4,5,0,0,3,59,1,281,1,3,1,3,9,BL5
354041,1,3,4,5,0,0,3,66,2,0,1,2,0,3,9,BL5
682517,0,2,6,7,2,0,3,69,1,268,1,1,1,2,13,OL16
682517,1,2,6,7,2,0,3,75,2,271,1,1,0,2,13,OL16
60167,0,2,1,7,0,0,4,73,1,272,1,4,1,2,12,B75
916319,0,2,3,6,8,0,4,50,1,428,1,1,1,2,13,DY5
916319,1,2,3,6,8,0,4,48,2,299,1,3,0,2,13,DY5
100370,0,3,3,5,6,0,3,60,2,241,11,3,1,3,8,OL11
100370,2,3,3,5,6,0,3,33,2,247,11,3,0,3,8,OL11
649128,0,2,3,7,3,0,4,67,2,338,1,2,1,2,10,B65
649128,1,2,3,7,3,0,4,58,1,449,1,1,0,2,10,B65
281871,0,4,1,5,8,0,3,52,2,0,1,3,1,4,11,WA3
281871,1,4,1,5,8,0,3,49,1,0,1,3,0,4,11,WA3
995451,0,3,1,4,8,1,4,55,1,446,1,3,1,2,11,B68
136707,0,2,4,6,5,0,3,58,2,277,1,2,1,2,13,OL2
136707,1,2,4,6,5,0,3,60,1,275,1,2,0,2,13,OL2
889824,0,1,3,7,3,0,3,71,1,0,1,3,1,1,13,BL4
606310,0,3,3,5,1,0,4,56,1,323,15,3,1,3,13,B31
606310,1,3,3,5,1,0,4,63,2,243,15,3,0,3,13,B31
821902,0,4,4,5,6,0,4,50,1,275,1,3,1,4,11,DY5
323120,0,4,3,5,7,0,4,51,1,264,1,2,1,4,13,B62
68108,0,2,1,6,8,0,4,47,2,331,1,3,1,2,13,DY4
68108,1,2,1,6,8,0,4,46,1,203,1,2,0,2,13,DY4
263160,0,2,4,7,3,0,3,67,2,296,1,2,1,2,9,BL8
811184,0,4,3,4,6,1,3,40,1,0,1,2,1,3,12,M28
742361,1,1,5,7,3,0,3,68,1,232,1,1,1,1,12,WN1
303626,0,5,1,2,4,1,4,56,2,275,0,3,1,4,12,B45
843410,0,3,3,1,5,0,4,43,1,360,5,3,1,3,12,B23
843410,1,3,3,1,5,0,4,47,2,359,5,3,0,3,12,B23
944342,0,2,5,2,2,1,4,63,1,243,1,2,1,1,13,B31
160656,0,7,3,3,0,3,4,49,1,0,15,3,1,4,13,B27
160656,1,7,3,3,0,3,4,49,2,0,15,3,0,4,13,B27
853695,0,2,3,6,0,0,3,50,2,0,1,3,1,2,13,OL4
853695,1,2,3,6,0,0,3,74,1,0,1,1,0,2,13,OL4
606606,0,1,3,6,2,0,3,64,1,254,1,3,1,1,8,BL1
150474,1,2,4,6,5,0,4,52,1,241,1,3,0,2,11,B14
555177,0,2,4,6,0,0,4,53,1,192,1,2,1,2,12,B70
555177,1,2,4,6,0,0,4,66,2,303,1,1,0,2,12,B70
932354,0,1,3,7,0,0,3,65,1,0,1,3,1,1,13,M35
5241,0,3,3,5,4,0,4,61,1,206,1,2,1,3,13,B71
916352,0,2,1,6,2,0,3,56,1,210,15,3,1,2,10,M9
969775,0,2,1,7,0,0,3,79,1,269,1,3,1,2,12,BL9
969775,1,2,1,7,0,0,3,85,2,292,1,3,0,2,12,BL9
408331,0,2,4,7,0,0,3,73,1,0,1,3,1,2,11,BL8
147995,0,2,3,6,2,0,4,61,2,252,1,2,1,2,13,WS4
147995,1,2,3,6,2,0,4,59,1,211,1,2,0,2,13,WS4
363826,0,2,3,6,8,0,4,55,1,275,1,3,1,2,13,B60
363826,1,2,3,6,8,0,4,57,2,252,1,3,0,2,13,B60
861831,0,2,3,7,3,0,3,65,1,238,1,3,1,2,13,BL2
195989,0,3,5,5,0,0,4,67,1,250,1,1,1,3,13,B25
195989,1,3,5,5,0,0,4,62,2,271,1,1,0,3,13,B25
195989,2,3,5,5,0,0,4,36,2,221,1,2,0,3,13,B25
891730,0,2,3,6,7,0,3,48,1,363,1,3,1,2,12,BL5
891730,1,2,3,6,7,0,3,47,2,304,1,2,0,2,12,BL5
295529,0,3,5,1,3,0,3,43,1,269,1,3,1,3,12,OL6
688601,0,3,5,4,3,1,4,54,1,0,1,2,1,2,5,B42
688601,2,3,5,4,3,1,4,20,1,0,1,2,0,2,5,B42
688601,5,3,5,4,3,1,4,15,1,0,1,4,0,2,5,B42
693938,0,2,1,6,5,0,4,57,1,328,13,3,1,2,8,B14
693938,2,2,1,6,5,0,4,27,1,321,13,4,0,2,8,B14
365924,0,3,1,5,8,0,3,46,1,393,16,3,1,3,13,M15
365924,1,3,1,5,8,0,3,49,2,388,16,2,0,3,13,M15
705661,0,1,3,7,3,0,3,65,2,266,1,3,1,1,10,SK4
624805,0,1,5,7,2,0,3,72,1,234,1,2,1,1,13,M19
335818,0,4,1,4,8,2,4,48,2,228,4,3,1,2,6,B17
335818,1,4,1,4,8,2,4,51,1,237,4,3,0,2,6,B17
351755,0,1,3,7,2,0,3,68,2,305,1,3,1,1,13,M15
62361,0,1,3,7,4,0,3,76,2,231,1,3,1,1,3,BL6
986050,1,2,3,7,4,0,4,71,2,208,1,3,1,2,12,WS2
986050,5,2,3,7,4,0,4,50,1,199,1,2,0,2,12,WS2
31204,0,2,1,7,3,0,4,78,2,281,1,2,0,2,13,B92
31204,1,2,1,7,3,0,4,75,1,276,1,2,1,2,13,B92
567272,0,2,1,7,5,0,4,73,2,218,1,3,1,2,13,B17
95695,0,1,3,6,3,0,4,61,1,228,1,2,1,1,13,DY1
51991,0,3,1,5,8,0,4,56,1,303,2,2,1,3,13,B23
51991,1,3,1,5,8,0,4,58,2,253,2,3,0,3,13,B23
51991,2,3,1,5,8,0,4,33,2,244,2,3,0,3,13,B23
528730,0,2,6,7,0,0,3,86,1,249,1,1,1,2,12,M33
211607,0,2,3,3,2,1,3,48,1,250,1,3,1,1,11,M6
87174,0,2,1,6,0,0,3,62,1,0,1,2,1,2,4,M46
87174,1,2,1,6,0,0,3,63,2,0,1,3,0,2,4,M46
177523,0,1,3,6,0,0,4,59,1,0,1,2,1,1,13,B24
176259,0,2,3,1,5,0,3,39,2,190,1,2,1,2,11,M22
176259,1,2,3,1,5,0,3,52,2,247,1,2,0,2,11,M22
408835,0,2,1,6,7,0,3,55,1,300,1,3,1,2,7,OL2
408835,1,2,1,6,7,0,3,56,2,294,1,3,0,2,7,OL2
366004,0,2,3,6,2,0,3,61,1,296,1,1,1,2,13,OL6
366004,1,2,3,6,2,0,3,63,2,247,1,1,0,2,13,OL6
651074,0,1,5,7,0,0,3,68,1,304,1,3,1,1,13,WA15
764385,0,3,4,4,6,1,4,48,2,353,1,2,1,2,11,WS2
764385,1,3,4,4,6,1,4,59,1,220,1,3,0,2,11,WS2
540824,0,3,3,5,8,0,3,46,2,246,1,3,1,3,13,BL4
540824,2,3,3,5,8,0,3,59,1,0,1,3,0,3,13,BL4
540824,3,3,3,5,8,0,3,23,2,0,1,3,0,3,13,BL4
588881,0,2,5,7,0,0,4,81,1,298,1,1,1,2,13,B25
588881,1,2,5,7,0,0,4,79,2,283,1,1,0,2,13,B25
142618,0,3,3,3,6,1,3,42,2,203,1,2,1,2,12,OL1
142618,1,3,3,3,6,1,3,43,1,282,1,2,0,2,12,OL1
565974,0,7,3,3,6,2,3,44,2,185,4,3,1,5,11,M16
565974,1,7,3,3,6,2,3,37,1,143,4,3,0,5,11,M16
565974,3,7,3,3,6,2,3,63,1,200,4,1,0,5,11,M16
565974,4,7,3,3,6,2,3,68,2,250,4,1,0,5,11,M16
565974,5,7,3,3,6,2,3,17,1,208,4,4,0,5,11,M16
565974,6,7,3,3,6,2,3,15,2,0,4,4,0,5,11,M16
661883,0,4,3,5,2,0,4,51,1,342,1,3,1,4,13,B68
327765,0,2,3,7,4,0,3,76,2,225,1,3,1,2,12,M33
327765,1,2,3,7,4,0,3,77,1,269,1,3,0,2,12,M33
414186,0,4,1,3,0,2,3,52,2,0,1,3,1,2,13,M28
414186,1,4,1,3,0,2,3,46,1,218,1,3,0,2,13,M28
12805,0,1,3,6,5,0,3,64,1,312,1,3,1,1,13,M46
353217,0,1,1,7,3,0,3,76,2,205,1,2,1,1,13,OL11
924538,1,2,4,7,3,0,3,66,1,229,1,3,0,2,1,OL2
130291,0,4,6,5,0,0,4,47,1,0,12,2,1,4,12,DY2
130291,1,4,6,5,0,0,4,57,2,0,12,2,0,4,12,DY2
130291,2,4,6,5,0,0,4,24,2,0,12,3,0,4,12,DY2
122391,0,1,3,7,0,0,3,76,2,204,1,1,1,1,9,M5
569118,0,2,3,6,6,0,3,59,1,294,1,2,1,2,12,M43
569118,1,2,3,6,6,0,3,64,2,351,1,2,0,2,12,M43
413792,0,2,1,6,0,0,3,64,1,216,1,3,1,2,12,OL9
413792,1,2,1,6,0,0,3,62,2,222,1,3,0,2,12,OL9
369704,0,3,3,5,8,0,3,57,1,206,1,3,1,3,11,BL2
369704,1,3,3,5,8,0,3,62,2,0,1,2,0,3,11,BL2
252706,0,2,3,6,7,0,3,53,1,163,1,3,1,2,10,M35
420827,0,2,1,7,7,0,3,78,2,230,1,3,1,2,13,M33
420827,1,2,1,7,7,0,3,67,1,223,1,3,0,2,13,M33
326295,0,4,1,4,5,1,4,50,2,0,0,3,1,3,9,B17
326295,1,4,1,4,5,1,4,42,1,0,0,3,0,3,9,B17
326295,2,4,1,4,5,1,4,17,1,0,0,4,0,3,9,B17
352221,0,5,6,3,1,1,3,57,1,333,1,3,1,4,13,M33
352221,2,5,6,3,1,1,3,33,2,276,1,3,0,4,13,M33
352221,3,5,6,3,1,1,3,29,2,294,1,3,0,4,13,M33
352221,4,5,6,3,1,1,3,22,1,211,1,3,0,4,13,M33
242116,0,3,1,5,3,0,3,55,2,288,1,2,1,3,12,M26
242116,1,3,1,5,3,0,3,52,1,344,1,2,0,3,12,M26
417700,0,1,5,6,2,0,3,62,2,236,1,2,1,1,13,M14
444497,0,4,3,5,5,0,3,56,1,0,0,3,1,4,13,M4
444497,1,4,3,5,5,0,3,59,2,0,0,3,0,4,13,M4
444497,2,4,3,5,5,0,3,29,1,0,0,3,0,4,13,M4
61015,0,3,3,5,0,0,3,69,1,0,1,1,1,3,13,WA3
61015,1,3,3,5,0,0,3,68,2,0,1,1,0,3,13,WA3
61015,3,3,3,5,0,0,3,45,1,0,1,2,0,3,13,WA3
934068,0,4,4,5,8,0,4,66,1,232,1,3,1,4,13,DY5
621072,0,3,3,5,0,0,4,47,1,0,1,2,1,3,13,DY2
621072,1,3,3,5,0,0,4,48,2,0,1,3,0,3,13,DY2
621072,2,3,3,5,0,0,4,16,1,0,1,4,0,3,13,DY2
937525,0,2,3,6,5,0,4,56,1,344,1,2,1,2,13,DY2
937525,1,2,3,6,5,0,4,55,2,331,1,2,0,2,13,DY2
279253,0,2,1,6,5,0,4,62,1,271,1,1,1,2,13,B24
279253,1,2,1,6,5,0,4,60,2,248,1,2,0,2,13,B24
46376,0,3,1,5,8,0,4,70,2,286,1,3,1,3,12,B17
46376,1,3,1,5,8,0,4,68,1,240,1,3,0,3,12,B17
492380,0,3,1,5,0,0,3,69,1,243,1,3,1,3,13,OL2
492380,1,3,1,5,0,0,3,67,2,285,1,3,0,3,13,OL2
492380,2,3,1,5,0,0,3,33,2,273,1,3,0,3,13,OL2
134335,0,4,1,3,8,2,3,41,2,342,1,3,1,2,11,BL4
134335,1,4,1,3,8,2,3,41,1,0,1,2,0,2,11,BL4
575961,1,2,3,7,4,0,4,84,2,0,1,2,1,2,13,B27
713103,0,1,6,6,2,0,3,48,1,256,1,2,1,1,13,OL2
214299,0,3,5,5,3,0,4,62,1,402,1,3,1,3,13,B35
214299,2,3,5,5,3,0,4,22,1,0,1,3,0,3,13,B35
535130,0,4,3,2,8,2,4,41,1,230,1,3,1,2,13,B36
535130,2,4,3,2,8,2,4,55,2,230,1,2,0,2,13,B36
259744,0,1,4,7,2,0,4,76,1,253,1,1,1,1,12,B68
51825,0,3,3,5,2,0,4,59,1,268,1,2,1,3,13,B98
468074,0,7,3,3,4,2,4,47,1,236,4,3,1,5,12,B43
118207,0,5,3,4,2,3,4,41,1,300,1,1,1,2,13,B70
133592,0,2,5,7,2,0,4,75,1,0,1,1,1,2,13,WV14
133592,3,2,5,7,2,0,4,84,2,0,1,1,0,2,13,WV14
10687,0,6,1,3,8,1,3,49,1,0,1,3,1,5,12,BL6
10687,1,6,1,3,8,1,3,48,2,0,1,3,0,5,12,BL6
10687,2,6,1,3,8,1,3,25,2,0,1,3,0,5,12,BL6
467430,0,3,3,2,3,2,4,40,1,0,1,3,1,1,13,B98
669498,0,4,1,3,5,3,4,49,1,314,1,3,1,1,13,WV13
10297,0,2,4,6,4,0,3,64,1,221,1,2,1,2,13,OL11
808263,0,3,3,5,8,0,3,68,1,315,1,3,1,3,12,M40
808263,1,3,3,5,8,0,3,64,2,247,1,3,0,3,12,M40
808263,2,3,3,5,8,0,3,36,1,361,1,2,0,3,12,M40
813020,0,1,3,6,3,0,4,55,1,256,1,1,1,1,13,B46
196285,0,3,3,5,8,0,3,59,1,209,1,2,1,3,13,M33
196285,1,3,3,5,8,0,3,69,2,321,1,2,0,3,13,M33
938618,0,2,3,7,3,0,3,78,1,260,1,2,1,2,12,BL9
938618,1,2,3,7,3,0,3,52,2,229,1,3,0,2,12,BL9
394456,0,2,5,7,0,0,4,68,1,214,16,1,1,2,13,B65
394456,1,2,5,7,0,0,4,82,2,309,16,1,0,2,13,B65
895137,0,2,4,6,5,0,3,52,1,0,1,2,1,2,13,WA3
895137,1,2,4,6,5,0,3,53,2,0,1,2,0,2,13,WA3
859560,0,3,3,5,8,0,3,57,1,290,1,3,1,3,13,BL9
859560,1,3,3,5,8,0,3,65,2,312,1,3,0,3,13,BL9
18913,0,6,1,4,3,1,3,45,2,295,6,3,1,5,5,OL9
461278,0,2,6,7,0,0,4,85,1,219,1,1,1,2,11,B32
461278,1,2,6,7,0,0,4,88,2,243,1,1,0,2,11,B32
845176,0,4,3,3,5,2,4,47,1,0,3,3,1,2,12,B31
485308,0,1,6,6,1,0,3,59,2,430,1,2,1,1,13,OL9
657363,0,1,6,7,2,0,3,69,2,269,1,3,1,1,13,BL1
809844,0,1,5,6,0,0,3,53,2,0,1,2,1,1,12,M30
689200,0,2,3,7,0,0,3,68,1,0,1,3,1,2,11,OL9
815698,0,2,3,6,3,0,4,55,1,251,12,3,1,2,13,B37
87570,0,2,3,6,5,0,3,54,1,288,1,3,1,2,13,OL10
64972,0,2,5,4,0,1,3,54,1,241,8,2,1,1,13,BL5
64972,1,2,5,4,0,1,3,50,2,236,8,2,0,1,13,BL5
585531,0,2,3,7,2,0,3,84,2,265,1,1,1,2,13,M9
349278,0,1,3,1,4,0,4,41,1,226,1,2,1,1,13,B64
402316,0,4,3,4,2,2,3,41,1,280,1,3,1,2,13,M7
402316,2,4,3,4,2,2,3,17,2,221,1,4,0,2,13,M7
578187,0,3,6,5,2,0,3,54,1,0,1,3,1,3,12,BL9
578187,1,3,6,5,2,0,3,56,2,0,1,3,0,3,12,BL9
28587,0,4,3,4,5,1,3,55,2,308,1,2,1,3,13,M23
28587,1,4,3,4,5,1,3,46,1,300,1,2,0,3,13,M23
28587,2,4,3,4,5,1,3,16,2,0,1,4,0,3,13,M23
268754,0,2,5,6,0,0,4,48,2,0,1,2,1,2,13,B63
268754,1,2,5,6,0,0,4,78,2,0,1,2,0,2,13,B63
351334,0,3,3,2,4,2,3,41,1,357,1,3,1,1,11,M33
112841,0,5,3,4,6,2,3,40,1,210,1,3,1,3,12,M6
112841,1,5,3,4,6,2,3,43,2,195,1,3,0,3,12,M6
929384,0,1,6,1,2,0,3,37,1,0,8,2,1,1,13,M9
471867,0,5,3,4,3,3,4,42,1,156,16,3,1,2,13,WV14
471867,1,5,3,4,3,3,4,43,2,0,16,2,0,2,13,WV14
471867,2,5,3,4,3,3,4,15,1,0,16,4,0,2,13,WV14
519131,0,2,5,6,4,0,4,61,1,318,1,1,1,2,12,DY5
711366,0,1,1,7,2,0,4,76,2,340,1,2,1,1,13,B32
292092,0,1,6,7,1,0,4,65,2,251,1,2,1,1,13,WS9
868579,0,5,3,3,3,2,3,39,1,342,11,3,1,3,7,M16
868579,1,5,3,3,3,2,3,40,2,329,11,3,0,3,7,M16
42389,0,1,6,7,2,0,3,67,2,239,1,1,1,1,10,M35
722546,0,4,6,5,2,0,3,55,2,353,1,2,1,4,12,M46
722546,1,4,6,5,2,0,3,54,1,386,1,2,0,4,12,M46
722546,2,4,6,5,2,0,3,26,2,183,1,3,0,4,12,M46
70738,0,5,4,4,8,2,4,40,1,0,1,2,1,3,11,B37
669940,0,2,5,6,0,0,3,57,2,241,1,3,1,2,11,OL2
669940,1,2,5,6,0,0,3,54,2,242,1,3,0,2,11,OL2
66351,0,3,1,1,8,0,3,38,2,258,3,3,1,3,12,M6
66351,1,3,1,1,8,0,3,65,1,204,3,2,0,3,12,M6
336087,0,2,3,1,6,0,3,39,1,224,1,3,1,2,13,OL16
336087,1,2,3,1,6,0,3,41,2,274,1,2,0,2,13,OL16
125845,0,5,4,2,5,3,4,36,1,195,1,3,1,2,12,DY5
125845,1,5,4,2,5,3,4,38,2,266,1,2,0,2,12,DY5
394026,0,3,6,1,0,0,4,41,2,0,6,3,1,3,8,WS1
394026,2,3,6,1,0,0,4,32,2,0,6,4,0,3,8,WS1
185396,0,4,5,4,3,1,3,44,1,185,1,2,1,3,13,M40
185396,1,4,5,4,3,1,3,53,2,270,1,2,0,3,13,M40
489962,0,2,4,7,5,0,3,75,2,374,1,2,1,2,13,M30
489962,3,2,4,7,5,0,3,78,1,424,1,1,0,2,13,M30
882534,0,2,3,4,3,1,4,46,1,218,1,2,1,1,7,DY4
459297,0,5,4,4,4,1,4,53,1,277,1,3,1,4,5,B44
146359,0,4,3,4,6,1,4,51,1,0,1,3,1,3,11,B76
146359,1,4,3,4,6,1,4,49,2,0,1,3,0,3,11,B76
454157,0,4,3,3,8,2,3,42,1,0,1,3,1,2,13,BL2
454157,2,4,3,3,8,2,3,14,2,0,1,4,0,2,13,BL2
454157,3,4,3,3,8,2,3,38,2,0,1,3,0,2,13,BL2
337613,0,5,3,3,8,3,4,41,1,200,1,3,1,2,11,DY9
337613,1,5,3,3,8,3,4,44,2,226,1,3,0,2,11,DY9
417765,0,1,5,6,2,0,4,61,2,270,1,2,1,1,13,B34
347882,0,5,5,5,3,0,3,59,1,0,1,2,1,5,13,BL4
322378,0,4,3,4,4,1,4,46,1,349,1,3,1,3,13,B67
322378,1,4,3,4,4,1,4,54,2,366,1,2,0,3,13,B67
322378,3,4,3,4,4,1,4,16,1,260,1,4,0,3,13,B67
322378,4,4,3,4,4,1,4,14,1,0,1,4,0,3,13,B67
740900,0,2,5,6,6,0,4,55,1,292,0,1,1,2,13,B71
740900,1,2,5,6,6,0,4,56,2,239,0,2,0,2,13,B71
498891,0,4,1,4,8,2,3,42,1,273,1,3,1,2,11,OL3
498891,1,4,1,4,8,2,3,42,2,293,1,3,0,2,11,OL3
498891,2,4,1,4,8,2,3,14,2,0,1,4,0,2,11,OL3
366773,0,3,3,4,2,1,4,43,1,0,5,2,1,2,13,B14
366773,1,3,3,4,2,1,4,16,1,0,5,1,0,2,13,B14
632068,0,4,3,3,7,2,4,46,1,257,1,3,1,2,11,B46
632068,1,4,3,3,7,2,4,46,2,262,1,3,0,2,11,B46
366542,0,1,4,7,0,0,4,88,2,246,1,1,1,1,13,B65
150751,1,1,5,6,3,0,4,60,2,376,1,2,1,1,13,WS3
492039,0,2,6,6,2,0,4,57,2,316,1,1,1,2,13,B29
492039,1,2,6,6,2,0,4,68,1,377,1,2,0,2,13,B29
935362,0,2,3,1,8,0,4,37,1,222,1,3,1,2,12,B72
935362,1,2,3,1,8,0,4,37,2,222,1,2,0,2,12,B72
604669,0,4,4,4,5,1,3,59,1,254,1,2,1,3,13,M43
63596,0,4,1,5,8,0,4,55,2,304,1,3,1,4,13,B63
63596,1,4,1,5,8,0,4,56,1,0,1,3,0,4,13,B63
63596,4,4,1,5,8,0,4,26,1,0,1,3,0,4,13,B63
507374,0,2,1,7,4,0,4,75,1,193,1,3,1,2,13,B29
507374,1,2,1,7,4,0,4,73,2,231,1,3,0,2,13,B29
404377,0,3,3,4,2,2,3,44,1,405,13,3,1,1,5,M23
404377,1,3,3,4,2,2,3,14,1,0,13,4,0,1,5,M23
473365,0,3,3,5,4,0,4,58,1,231,1,2,1,3,13,B74
473365,1,3,3,5,4,0,4,62,2,283,1,2,0,3,13,B74
316867,0,2,5,7,2,0,4,83,1,285,1,1,1,2,13,B63
316867,1,2,5,7,2,0,4,86,2,266,1,1,0,2,13,B63
509466,0,3,3,4,2,1,3,50,1,208,0,3,1,2,13,M27
665939,0,2,4,6,0,0,4,62,1,0,1,2,1,2,12,WV13
665939,1,2,4,6,0,0,4,62,2,0,1,2,0,2,12,WV13
688544,0,2,3,6,5,0,4,62,1,0,1,2,1,2,13,B23
688544,1,2,3,6,5,0,4,51,2,0,1,2,0,2,13,B23
627140,0,3,1,5,8,0,4,51,1,0,0,3,1,3,12,B91
627140,1,3,1,5,8,0,4,55,2,0,0,3,0,3,12,B91
627140,2,3,1,5,8,0,4,17,1,0,0,4,0,3,12,B91
979999,0,5,1,3,8,2,4,44,1,244,1,2,1,3,13,DY9
536963,0,2,3,7,2,0,4,75,1,0,1,1,1,2,12,B45
536963,1,2,3,7,2,0,4,75,2,0,1,1,0,2,12,B45
839619,0,2,3,7,5,0,3,78,1,215,1,2,1,2,11,M24
839619,1,2,3,7,5,0,3,78,2,275,1,2,0,2,11,M24
886197,0,4,4,3,8,2,3,44,2,227,1,3,1,2,12,M30
886197,1,4,4,3,8,2,3,43,1,204,1,3,0,2,12,M30
269949,0,2,3,6,0,0,4,53,1,269,1,3,1,2,12,B45
527654,0,3,1,3,3,2,3,39,1,213,1,3,1,1,12,M46
433817,0,2,3,6,2,0,4,63,1,280,1,3,1,2,12,B63
986777,0,2,3,7,4,0,4,74,1,233,1,3,1,2,13,B42
986777,1,2,3,7,4,0,4,77,2,236,1,3,0,2,13,B42
218523,0,4,3,3,5,2,4,38,1,238,1,2,1,2,10,B31
218523,1,4,3,3,5,2,4,42,2,278,1,3,0,2,10,B31
115548,0,5,3,5,0,0,4,58,1,310,5,2,1,5,6,B66
115548,1,5,3,5,0,0,4,29,1,226,5,3,0,5,6,B66
115548,2,5,3,5,0,0,4,36,1,280,5,3,0,5,6,B66
999136,0,3,3,3,7,1,3,40,1,0,1,3,1,2,9,OL6
999136,1,3,3,3,7,1,3,36,2,0,1,3,0,2,9,OL6
814160,0,4,1,4,8,2,3,45,1,246,1,3,1,2,13,BL8
814160,1,4,1,4,8,2,3,50,2,230,1,3,0,2,13,BL8
293572,0,2,4,7,3,0,3,71,1,236,1,2,1,2,13,OL3
293572,1,2,4,7,3,0,3,69,2,323,1,2,0,2,13,OL3
321345,0,3,1,5,7,0,4,52,1,0,1,3,1,3,13,B67
321345,1,3,1,5,7,0,4,54,2,0,1,3,0,3,13,B67
685119,0,2,6,7,2,0,3,66,1,230,1,3,1,2,11,OL10
123015,0,2,3,4,3,1,4,49,1,276,1,3,1,1,13,B33
948892,0,4,4,3,3,2,3,39,1,278,5,2,1,2,11,M8
948892,1,4,4,3,3,2,3,38,2,228,5,2,0,2,11,M8
948892,2,4,4,3,3,2,3,15,1,0,5,4,0,2,11,M8
631293,0,1,3,7,2,0,4,71,1,242,1,3,1,1,13,DY1
168947,0,5,3,5,4,0,4,54,1,299,4,2,1,5,13,WS5
892718,0,5,4,4,2,2,3,37,1,313,6,3,1,3,4,OL16
892718,1,5,4,4,2,2,3,44,2,0,6,2,0,3,4,OL16
892718,2,5,4,4,2,2,3,16,2,0,6,4,0,3,4,OL16
633414,0,6,4,4,3,2,3,50,1,0,5,2,1,4,9,M20
633414,1,6,4,4,3,2,3,49,2,286,5,2,0,4,9,M20
633414,2,6,4,4,3,2,3,23,1,221,5,3,0,4,9,M20
572567,0,2,4,6,6,0,3,56,2,232,1,2,1,2,13,OL2
572567,1,2,4,6,6,0,3,30,2,237,1,2,0,2,13,OL2
906973,0,5,1,4,0,2,3,38,1,284,1,3,1,3,13,WA15
906973,1,5,1,4,0,2,3,53,2,313,1,3,0,3,13,WA15
906973,2,5,1,4,0,2,3,18,1,0,1,4,0,3,13,WA15
139739,0,4,3,3,5,2,3,39,1,330,1,3,1,2,8,M46
139739,1,4,3,3,5,2,3,42,2,257,1,2,0,2,8,M46
852251,0,1,3,6,0,0,3,55,1,0,1,3,1,1,13,BL3
987165,0,1,3,7,0,0,3,76,1,273,16,2,1,1,11,OL11
83256,0,6,3,4,6,1,4,53,1,0,99,3,1,5,13,WS3
83256,1,6,3,4,6,1,4,51,2,0,99,3,0,5,13,WS3
792117,0,2,3,6,4,0,3,54,1,276,99,1,1,2,13,OL2
997233,0,2,1,1,6,0,4,40,2,199,4,3,1,2,13,B28
997233,1,2,1,1,6,0,4,41,2,208,4,3,0,2,13,B28
123670,0,1,4,6,3,0,4,47,2,266,1,2,1,1,11,B14
978216,0,1,3,7,3,0,4,65,1,249,1,2,1,1,13,B29
897799,0,4,4,5,4,0,4,67,1,299,1,2,1,4,12,B72
897799,1,4,4,5,4,0,4,69,2,245,1,1,0,4,12,B72
897799,3,4,4,5,4,0,4,27,1,253,1,3,0,4,12,B72
370226,0,9,5,2,2,5,4,40,1,195,5,2,1,4,4,B34
840626,0,2,3,6,6,0,4,64,1,0,99,3,1,2,12,WV14
840626,1,2,3,6,6,0,4,33,2,0,99,3,0,2,12,WV14
73158,0,5,5,3,0,2,4,42,1,223,5,1,1,3,13,B13
73158,1,5,5,3,0,2,4,18,2,153,5,4,0,3,13,B13
73158,3,5,5,3,0,2,4,13,1,0,5,4,0,3,13,B13
255729,0,6,4,3,2,3,4,36,1,0,5,3,1,3,12,WS2
255729,3,6,4,3,2,3,4,45,2,0,5,2,0,3,12,WS2
998898,0,3,3,4,4,1,4,49,1,0,5,1,1,2,12,WS1
998898,1,3,3,4,4,1,4,46,2,0,5,3,0,2,12,WS1
826245,0,1,3,6,3,0,4,57,2,230,99,3,1,1,12,B28
756189,0,1,3,7,2,0,3,78,1,285,1,2,1,1,13,OL6
108272,0,5,3,3,3,3,4,41,1,196,6,3,1,2,12,B8
108272,1,5,3,3,3,3,4,41,2,0,6,1,0,2,12,B8
108272,2,5,3,3,3,3,4,13,2,0,6,4,0,2,12,B8
410807,0,4,1,4,7,2,3,49,1,230,1,3,1,2,13,M46
705351,0,3,3,4,4,1,3,42,1,0,3,3,1,2,13,M44
705351,1,3,3,4,4,1,3,49,2,0,3,2,0,2,13,M44
769424,0,1,3,7,7,0,3,66,1,298,1,3,1,1,13,BL6
816695,0,4,4,3,1,3,4,32,1,0,5,2,1,1,4,DY2
459236,0,2,3,1,8,0,3,34,2,379,1,3,1,2,13,M35
459236,1,2,3,1,8,0,3,57,1,329,1,2,0,2,13,M35
878046,0,2,6,1,0,0,4,35,1,0,1,1,1,2,9,B38
878046,1,2,6,1,0,0,4,49,2,0,1,1,0,2,9,B38
40653,0,1,3,6,0,0,4,57,1,0,1,2,1,1,12,B71
479399,0,3,1,4,8,1,3,47,1,230,1,3,1,2,13,BL2
479399,1,3,1,4,8,1,3,49,2,228,1,3,0,2,13,BL2
746289,0,2,3,7,2,0,4,71,1,291,1,1,1,2,12,B24
746289,1,2,3,7,2,0,4,27,2,301,1,2,0,2,12,B24
697227,0,3,3,5,6,0,4,61,1,221,1,3,1,3,9,B67
744612,0,2,3,6,4,0,4,64,1,197,2,2,1,2,10,B20
744612,1,2,3,6,4,0,4,68,2,222,2,3,0,2,10,B20
706481,0,2,3,7,3,0,4,70,1,334,1,2,1,2,12,DY3
706481,1,2,3,7,3,0,4,68,2,277,1,2,0,2,12,DY3
769985,0,4,4,5,5,0,4,52,2,289,12,2,1,4,10,B66
769985,1,4,4,5,5,0,4,43,1,359,12,3,0,4,10,B66
769985,2,4,4,5,5,0,4,27,2,174,12,3,0,4,10,B66
769985,3,4,4,5,5,0,4,28,2,194,12,2,0,4,10,B66
644794,0,4,4,4,2,2,4,50,1,337,1,2,1,2,13,WS10
644794,1,4,4,4,2,2,4,51,2,319,1,2,0,2,13,WS10
89574,0,2,3,7,5,0,3,79,2,235,1,3,1,2,13,M22
89574,1,2,3,7,5,0,3,63,1,188,1,2,0,2,13,M22
17837,0,4,1,4,5,1,4,52,1,0,3,3,1,3,12,B28
17837,1,4,1,4,5,1,4,62,2,0,3,1,0,3,12,B28
320135,0,6,3,3,2,2,3,43,1,251,16,2,1,4,12,BL1
320135,1,6,3,3,2,2,3,59,2,258,16,2,0,4,12,BL1
111123,0,3,5,5,2,0,4,56,1,302,1,1,1,3,12,DY4
111123,1,3,5,5,2,0,4,57,2,288,1,1,0,3,12,DY4
832295,0,1,6,6,2,0,3,61,2,222,1,1,1,1,13,M3
499264,0,5,3,3,4,2,4,43,2,269,5,3,1,3,7,B67
159659,0,2,1,6,2,0,4,59,1,323,12,2,1,2,13,B8
159659,1,2,1,6,2,0,4,30,2,213,12,3,0,2,13,B8
44557,0,1,6,7,0,0,4,74,1,295,1,1,1,1,13,B44
138671,0,1,3,6,2,0,3,53,2,502,1,2,1,1,12,WA15
599961,0,3,1,2,6,1,3,48,2,271,1,3,1,2,13,OL16
599961,3,3,1,2,6,1,3,41,1,384,1,3,0,2,13,OL16
77201,0,6,1,3,5,4,4,47,2,292,1,3,1,2,12,WS3
241458,0,3,1,5,5,0,3,48,1,193,4,3,1,3,12,BL3
241458,1,3,1,5,5,0,3,45,2,0,4,3,0,3,12,BL3
451932,0,2,3,7,0,0,4,69,2,279,1,2,1,2,9,B78
786036,0,2,4,7,3,0,4,74,1,230,1,1,1,2,13,B93
786036,1,2,4,7,3,0,4,73,2,274,1,1,0,2,13,B93
365610,0,5,3,2,8,3,4,39,1,371,1,2,1,2,12,B73
761009,0,2,3,4,2,1,3,44,1,0,1,2,1,1,5,OL9
121542,0,2,3,7,0,0,4,81,1,259,1,1,1,2,13,B74
121542,1,2,3,7,0,0,4,82,2,307,1,1,0,2,13,B74
977592,0,5,3,4,3,1,4,56,2,214,7,3,1,4,12,B14
977592,1,5,3,4,3,1,4,52,1,260,7,3,0,4,12,B14
977592,2,5,3,4,3,1,4,24,1,185,7,3,0,4,12,B14
854608,0,1,6,7,2,0,3,78,1,371,1,1,1,1,6,M22
928843,0,1,1,7,2,0,3,84,2,161,1,3,1,1,13,M44
359552,0,1,4,7,3,0,4,78,2,354,1,2,1,1,12,WV14
633854,0,6,3,3,3,2,4,43,2,278,5,3,1,4,13,WS10
633854,1,6,3,3,3,2,4,44,1,0,5,3,0,4,13,WS10
633854,2,6,3,3,3,2,4,19,2,0,5,4,0,4,13,WS10
633854,3,6,3,3,3,2,4,17,1,0,5,4,0,4,13,WS10
633854,4,6,3,3,3,2,4,13,1,0,5,4,0,4,13,WS10
995899,0,1,1,1,7,0,4,40,1,215,1,3,1,1,13,DY2
203999,0,3,3,4,0,1,4,45,1,0,1,2,1,2,13,DY4
203999,1,3,3,4,0,1,4,50,2,0,1,3,0,2,13,DY4
203999,2,3,3,4,0,1,4,13,2,0,1,4,0,2,13,DY4
443543,0,5,4,2,2,3,3,41,1,0,13,3,1,2,10,M13
443543,1,5,4,2,2,3,3,17,2,0,13,4,0,2,10,M13
443543,2,5,4,2,2,3,3,15,2,0,13,4,0,2,10,M13
497636,0,2,3,6,5,0,4,59,1,347,1,3,1,2,13,B38
497636,1,2,3,6,5,0,4,83,1,296,1,1,0,2,13,B38
576831,0,3,1,5,4,0,3,51,2,301,1,3,1,3,13,OL14
576831,1,3,1,5,4,0,3,53,1,229,1,3,0,3,13,OL14
576831,2,3,1,5,4,0,3,18,1,205,1,2,0,3,13,OL14
877944,0,1,3,6,5,0,3,45,1,210,1,3,1,1,13,M5
264470,0,1,6,7,2,0,4,67,2,351,1,1,1,1,13,WS2
542019,0,1,5,7,1,0,4,67,2,192,1,1,1,1,2,B71
569274,0,1,4,7,2,0,3,70,1,311,1,1,1,1,13,M40
196404,0,3,6,5,1,0,3,82,1,320,1,1,1,3,13,OL2
198800,0,1,1,7,3,0,3,76,1,247,1,3,1,1,13,M20
671730,0,10,5,2,4,3,4,56,1,292,5,3,1,7,13,B14
671730,1,10,5,2,4,3,4,57,2,0,5,3,0,7,13,B14
671730,3,10,5,2,4,3,4,31,1,241,5,3,0,7,13,B14
671730,4,10,5,2,4,3,4,28,2,0,5,3,0,7,13,B14
671730,5,10,5,2,4,3,4,18,1,0,5,1,0,7,13,B14
900979,0,4,3,5,4,0,4,46,1,225,1,2,1,4,12,DY2
900979,1,4,3,5,4,0,4,50,2,382,1,3,0,4,12,DY2
633368,0,2,5,6,5,0,3,49,1,203,1,2,1,2,8,OL12
633368,1,2,5,6,5,0,3,54,2,284,1,2,0,2,8,OL12
570772,0,5,5,3,0,1,4,63,1,0,1,1,1,4,13,B27
157508,0,2,1,6,6,0,4,59,2,253,1,3,1,2,13,B98
157508,1,2,1,6,6,0,4,59,1,244,1,3,0,2,13,B98
363839,0,7,5,5,4,0,3,61,1,0,1,2,1,7,13,BL1
363839,1,7,5,5,4,0,3,84,2,0,1,2,0,7,13,BL1
363839,2,7,5,5,4,0,3,37,2,0,1,3,0,7,13,BL1
363839,3,7,5,5,4,0,3,35,2,0,1,3,0,7,13,BL1
363839,5,7,5,5,4,0,3,30,1,0,1,3,0,7,13,BL1
363839,6,7,5,5,4,0,3,36,1,0,1,3,0,7,13,BL1
249508,0,2,5,7,2,0,3,74,1,214,1,2,1,2,13,M30
249508,1,2,5,7,2,0,3,76,2,277,1,1,0,2,13,M30
994555,0,9,1,3,8,3,4,48,2,281,5,3,1,6,13,B9
994555,1,9,1,3,8,3,4,67,2,233,5,2,0,6,13,B9
994555,5,9,1,3,8,3,4,47,1,243,5,3,0,6,13,B9
996043,0,2,3,7,0,0,4,73,1,0,0,3,1,2,13,B60
996043,1,2,3,7,0,0,4,75,2,0,0,3,0,2,13,B60
915172,0,2,3,6,3,0,3,55,1,305,1,3,1,2,13,M18
915172,1,2,3,6,3,0,3,69,2,273,1,2,0,2,13,M18
133202,0,2,3,7,2,0,3,76,1,240,1,3,1,2,9,M46
133202,1,2,3,7,2,0,3,69,2,233,1,3,0,2,9,M46
218473,1,1,4,6,0,0,3,52,2,325,1,3,1,1,0,BL2
127091,0,3,3,5,2,0,4,59,1,0,12,2,1,3,5,B21
127091,5,3,3,5,2,0,4,60,2,0,12,2,0,3,5,B21
150586,0,2,1,7,0,0,3,83,1,293,1,3,1,2,8,BL8
150586,1,2,1,7,0,0,3,81,2,279,1,1,0,2,8,BL8
743396,0,4,1,4,6,1,4,50,2,281,9,3,1,3,13,B70
743396,1,4,1,4,6,1,4,16,1,219,9,2,0,3,13,B70
743396,2,4,1,4,6,1,4,55,1,250,9,3,0,3,13,B70
476053,0,2,4,7,4,0,3,68,1,269,1,1,1,2,13,BL4
176316,0,4,3,4,6,1,4,46,1,352,1,2,1,3,13,WV14
174600,0,5,3,2,3,3,4,32,1,0,4,3,1,2,12,WS10
174600,1,5,3,2,3,3,4,39,2,0,4,3,0,2,12,WS10
29635,0,2,6,7,3,0,4,69,1,302,1,1,1,2,11,B42
335184,0,9,4,3,2,3,4,57,1,240,5,3,1,6,13,B12
335184,1,9,4,3,2,3,4,59,2,220,5,2,0,6,13,B12
335184,3,9,4,3,2,3,4,37,1,200,5,3,0,6,13,B12
672171,0,3,1,4,5,2,4,45,1,262,1,3,1,1,12,B26
579316,0,6,6,3,3,3,4,41,1,412,8,3,1,3,11,B21
844338,0,1,6,6,2,0,4,54,2,292,1,2,1,1,13,B23
742479,0,3,4,5,4,0,4,72,1,313,1,1,1,3,13,B31
742479,1,3,4,5,4,0,4,72,2,360,1,2,0,3,13,B31
742479,2,3,4,5,4,0,4,43,2,235,1,2,0,3,13,B31
231925,0,2,3,6,4,0,4,54,1,228,5,2,1,2,12,B66
277915,0,3,1,5,4,0,4,63,2,306,1,2,1,3,13,WV14
104778,0,2,5,1,5,0,4,34,2,0,4,3,1,2,7,B43
104778,4,2,5,1,5,0,4,31,1,0,4,3,0,2,7,B43
122338,0,7,3,2,4,1,4,58,2,266,5,3,1,6,12,B28
122338,1,7,3,2,4,1,4,51,1,259,5,3,0,6,12,B28
122338,2,7,3,2,4,1,4,31,1,266,5,3,0,6,12,B28
122338,3,7,3,2,4,1,4,28,2,227,5,3,0,6,12,B28
122338,4,7,3,2,4,1,4,22,1,217,5,3,0,6,12,B28
122338,5,7,3,2,4,1,4,20,1,203,5,3,0,6,12,B28
468671,1,2,1,7,1,0,4,71,1,194,3,1,1,2,10,B30
468671,2,2,1,7,1,0,4,64,2,234,3,1,0,2,10,B30
268665,0,1,6,6,2,0,3,63,2,310,1,2,1,1,11,M38
174493,0,4,3,5,3,0,4,55,2,292,3,2,1,4,13,B44
174493,1,4,3,5,3,0,4,50,1,329,3,3,0,4,13,B44
174493,2,4,3,5,3,0,4,20,1,197,3,4,0,4,13,B44
904678,0,9,4,3,2,2,4,53,2,0,0,2,1,7,12,B67
904678,1,9,4,3,2,2,4,52,1,0,0,1,0,7,12,B67
826696,0,4,5,4,4,2,4,39,1,271,3,3,1,2,9,WV13
174726,0,1,3,6,1,0,3,61,2,268,1,3,1,1,13,OL10
339874,0,3,5,5,2,0,4,73,2,321,1,3,1,3,13,B44
339874,1,3,5,5,2,0,4,64,1,219,1,2,0,3,13,B44
339874,3,3,5,5,2,0,4,27,1,0,1,3,0,3,13,B44
839643,0,1,3,6,1,0,3,60,1,314,1,2,1,1,11,OL1
73668,0,4,5,5,0,0,4,72,1,285,1,1,1,4,13,WV14
168242,0,1,4,6,2,0,4,61,1,156,1,2,1,1,5,B23
383052,0,3,3,4,4,1,4,45,1,253,1,3,1,2,12,B31
565953,0,1,3,7,3,0,3,69,1,304,1,3,1,1,12,WA15
185033,0,2,6,7,2,0,4,66,2,435,1,2,1,2,1,B69
443174,0,2,5,6,1,0,4,55,1,331,12,3,1,2,5,B65
443174,1,2,5,6,1,0,4,65,2,293,12,2,0,2,5,B65
565796,0,1,3,7,2,0,3,68,1,400,1,2,1,1,13,M20
310131,0,1,4,6,3,0,3,55,2,250,1,1,1,1,13,M23
477474,0,3,4,5,3,0,3,77,1,337,1,1,1,3,12,M24
477474,1,3,4,5,3,0,3,81,2,216,1,1,0,3,12,M24
860871,0,4,4,5,7,0,4,54,1,0,1,2,1,4,13,B37
860871,1,4,4,5,7,0,4,59,2,0,1,2,0,4,13,B37
860871,3,4,4,5,7,0,4,23,1,0,1,2,0,4,13,B37
475122,0,2,1,7,4,0,3,80,2,255,1,1,1,2,2,M33
475122,1,2,1,7,4,0,3,35,2,190,1,3,0,2,2,M33
729413,0,5,3,3,0,2,3,42,1,0,1,2,1,3,13,BL4
729413,1,5,3,3,0,2,3,40,2,0,1,2,0,3,13,BL4
729413,2,5,3,3,0,2,3,70,1,0,1,1,0,3,13,BL4
255849,0,3,3,4,3,1,4,46,1,202,1,3,1,2,13,DY5
255849,1,3,3,4,3,1,4,23,2,210,1,4,0,2,13,DY5
813206,0,3,3,3,7,1,3,45,1,216,3,3,1,2,13,WA15
813206,1,3,3,3,7,1,3,45,2,254,3,3,0,2,13,WA15
723418,0,3,3,5,3,0,3,62,1,407,1,2,1,3,13,OL9
723418,1,3,3,5,3,0,3,67,2,234,1,2,0,3,13,OL9
342106,0,5,3,2,8,3,3,39,1,288,4,3,1,2,0,M33
43145,1,1,3,6,4,0,4,56,1,404,1,3,1,1,9,DY5
474494,0,4,3,3,7,1,4,51,2,287,1,3,1,3,5,B76
474494,6,4,3,3,7,1,4,48,1,192,1,2,0,3,5,B76
343164,0,1,3,7,2,0,3,72,2,297,1,3,1,1,13,M28
351223,0,1,5,7,0,0,4,71,2,300,1,3,1,1,13,B90
24264,0,2,3,7,2,0,4,69,1,287,1,2,1,2,12,B17
24264,1,2,3,7,2,0,4,73,2,273,1,3,0,2,12,B17
887491,0,9,4,2,7,4,3,64,1,360,1,1,1,5,4,M22
887491,1,9,4,2,7,4,3,41,1,351,1,3,0,5,4,M22
932652,0,5,3,3,2,3,3,41,1,239,1,3,1,2,12,WA3
932652,1,5,3,3,2,3,3,44,2,257,1,2,0,2,12,WA3
197452,0,3,4,4,7,1,3,43,1,324,3,3,1,2,13,M6
197452,1,3,4,4,7,1,3,44,2,321,3,3,0,2,13,M6
548641,0,1,4,7,2,0,4,77,1,236,1,1,1,1,13,B62
700120,0,3,3,4,0,1,4,54,1,0,1,2,1,2,13,WS10
508207,0,3,5,5,6,0,4,62,1,338,99,3,1,3,13,WS10
508207,1,3,5,5,6,0,4,70,2,287,99,3,0,3,13,WS10
508207,3,3,5,5,6,0,4,33,2,388,99,3,0,3,13,WS10
496394,0,2,3,6,4,0,4,56,2,343,1,2,1,2,13,B13
496394,1,2,3,6,4,0,4,57,1,0,1,2,0,2,13,B13
788630,0,1,3,6,5,0,3,58,1,245,99,3,1,1,11,M24
540294,0,1,1,7,0,0,3,74,1,317,1,3,1,1,12,BL7
3313,0,3,5,4,3,2,4,44,1,251,1,3,1,1,6,B37
131456,0,4,1,5,8,0,4,45,1,227,1,3,1,4,13,B76
131456,1,4,1,5,8,0,4,45,2,190,1,3,0,4,13,B76
131456,2,4,1,5,8,0,4,20,2,198,1,2,0,4,13,B76
528764,0,3,1,4,6,1,3,42,1,239,1,2,1,2,11,OL11
528764,1,3,1,4,6,1,3,47,2,284,1,2,0,2,11,OL11
71069,0,9,4,4,0,2,4,41,1,0,5,4,1,7,12,B33
71069,1,9,4,4,0,2,4,45,2,0,5,4,0,7,12,B33
71069,2,9,4,4,0,2,4,23,1,0,5,4,0,7,12,B33
71069,3,9,4,4,0,2,4,21,1,0,5,4,0,7,12,B33
71069,6,9,4,4,0,2,4,16,2,0,5,4,0,7,12,B33
478727,0,5,4,3,6,2,4,51,1,455,1,2,1,3,13,B98
478727,1,5,4,3,6,2,4,56,2,316,1,2,0,3,13,B98
426070,1,4,3,3,6,2,4,46,2,465,5,3,0,2,11,B9
658852,0,4,4,3,4,2,4,40,1,293,1,3,1,2,1,B36
658852,1,4,4,3,4,2,4,38,2,0,1,2,0,2,1,B36
489641,0,2,4,7,3,0,3,74,1,183,1,2,1,2,13,M28
489641,1,2,4,7,3,0,3,77,2,220,1,3,0,2,13,M28
462701,0,4,1,4,8,1,3,54,2,330,1,3,1,3,11,OL2
462701,1,4,1,4,8,1,3,51,1,294,1,3,0,3,11,OL2
231954,0,3,3,5,5,0,3,57,1,244,1,2,1,3,13,M7
231954,1,3,3,5,5,0,3,50,2,261,1,2,0,3,13,M7
907584,0,1,6,7,0,0,4,72,1,311,1,2,1,1,12,B23
308477,0,1,3,6,1,0,4,47,1,342,16,3,1,1,10,B17
842523,0,2,5,6,2,0,4,55,2,243,1,2,1,2,13,B42
34327,0,2,3,7,2,0,4,84,2,303,1,3,1,2,13,B67
810005,0,3,3,5,3,0,4,71,1,233,1,3,1,3,11,B17
810005,1,3,3,5,3,0,4,73,2,241,1,3,0,3,11,B17
211176,0,2,4,6,0,0,4,62,1,211,1,2,1,2,13,B90
211176,1,2,4,6,0,0,4,67,2,302,1,3,0,2,13,B90
203461,0,5,4,2,2,1,3,59,1,254,5,2,1,4,10,BL9
203461,3,5,4,2,2,1,3,30,2,351,5,3,0,4,10,BL9
203461,6,5,4,2,2,1,3,35,1,219,5,3,0,4,10,BL9
574113,0,2,6,7,1,0,4,73,1,317,1,2,1,2,13,WS2
574113,1,2,6,7,1,0,4,71,2,395,1,2,0,2,13,WS2
373190,0,3,1,3,7,1,4,39,1,274,1,3,1,2,2,DY5
373190,1,3,1,3,7,1,4,38,2,231,1,3,0,2,2,DY5
782983,0,2,1,6,8,0,3,50,1,215,1,3,1,2,10,M20
782983,1,2,1,6,8,0,3,47,1,204,1,3,0,2,10,M20
419453,0,3,5,5,4,0,4,51,1,428,1,3,1,3,13,DY2
436317,0,1,5,6,4,0,3,54,2,329,1,2,1,1,10,M9
590906,0,2,4,6,6,0,3,58,1,349,1,2,1,2,10,OL2
339015,0,4,6,5,0,0,4,60,2,269,1,2,1,4,11,B71
692122,0,4,3,5,6,0,3,50,1,276,1,2,1,4,13,M11
996637,0,3,5,5,4,0,4,51,1,268,1,2,1,3,10,B74
346165,0,2,3,6,1,0,4,63,1,303,1,2,1,2,13,WS10
346165,1,2,3,6,1,0,4,34,2,0,1,3,0,2,13,WS10
800145,0,3,3,4,6,1,3,53,1,291,1,3,1,2,13,OL3
800145,1,3,3,4,6,1,3,53,2,279,1,1,0,2,13,OL3
800145,4,3,3,4,6,1,3,15,1,0,1,4,0,2,13,OL3
955023,0,4,5,5,8,0,4,52,1,278,1,1,1,4,12,B30
955023,1,4,5,5,8,0,4,53,2,291,1,3,0,4,12,B30
953338,0,2,3,7,0,0,3,77,1,282,1,2,1,2,12,OL2
702336,0,4,3,2,3,2,4,49,1,317,1,2,1,2,12,B78
702336,1,4,3,2,3,2,4,28,1,0,1,3,0,2,12,B78
320642,0,3,3,5,0,0,4,64,1,248,1,1,1,3,13,B38
95900,0,2,1,7,0,0,4,72,1,213,1,3,1,2,8,B29
95900,1,2,1,7,0,0,4,44,2,288,1,3,0,2,8,B29
402458,0,5,5,3,0,1,4,46,1,0,0,2,1,4,13,B10
402458,1,5,5,3,0,1,4,45,2,263,0,2,0,4,13,B10
402458,2,5,5,3,0,1,4,25,2,263,0,3,0,4,13,B10
369915,0,2,4,7,4,0,4,74,1,263,1,2,1,2,13,B78
369915,1,2,4,7,4,0,4,78,2,0,1,1,0,2,13,B78
315123,0,2,6,7,3,0,3,77,1,0,1,1,1,2,10,BL8
884699,0,1,5,6,1,0,4,56,2,280,4,2,1,1,13,B69
974163,0,2,4,7,2,0,4,70,1,249,1,2,1,2,12,DY2
163408,0,2,5,3,2,1,3,60,1,275,1,2,1,1,13,M23
908658,0,2,4,6,4,0,3,53,1,354,1,2,1,2,11,OL9
401049,0,3,5,5,3,0,3,50,1,314,1,2,1,3,13,M11
210273,0,4,6,5,2,0,4,75,2,0,1,1,1,4,11,WS5
842997,0,4,4,2,4,2,4,44,2,205,4,3,1,2,8,B28
913587,0,2,3,1,7,0,3,33,1,300,1,3,1,2,11,BL3
913587,1,2,3,1,7,0,3,36,2,227,1,3,0,2,11,BL3
207067,0,2,3,6,3,0,3,58,2,267,1,2,1,2,7,OL10
243475,0,2,4,7,3,0,4,74,1,216,1,2,1,2,13,WS3
686043,0,2,4,6,5,0,3,64,1,287,1,2,1,2,13,OL2
783469,0,2,4,6,4,0,4,52,2,222,1,2,1,2,9,WS2
783469,1,2,4,6,4,0,4,63,2,254,1,1,0,2,9,WS2
717066,0,3,5,1,4,0,4,43,2,309,1,3,1,3,13,B33
717066,1,3,5,1,4,0,4,78,1,279,1,2,0,3,13,B33
717066,2,3,5,1,4,0,4,73,2,308,1,3,0,3,13,B33
276598,0,2,3,6,4,0,3,63,1,0,1,2,1,2,12,WA15
276598,1,2,3,6,4,0,3,64,2,0,1,3,0,2,12,WA15
356496,0,1,3,7,0,0,4,77,1,266,1,1,1,1,13,B42
886071,0,2,3,6,4,0,3,60,1,247,1,2,1,2,2,M26
886071,1,2,3,6,4,0,3,68,1,329,1,2,0,2,2,M26
993052,0,1,1,6,3,0,3,60,2,312,1,2,1,1,13,M7
992232,0,4,3,4,3,2,4,38,1,260,4,3,1,2,13,CV7
992232,3,4,3,4,3,2,4,41,2,286,4,3,0,2,13,CV7
551795,0,2,1,6,0,0,3,60,1,0,1,3,1,2,12,BL1
551795,1,2,1,6,0,0,3,66,2,0,1,3,0,2,12,BL1
934931,0,2,1,7,0,0,4,74,2,240,1,3,1,2,13,B60
934931,1,2,1,7,0,0,4,75,1,256,1,3,0,2,13,B60
276666,0,1,4,6,3,0,4,58,2,238,1,2,1,1,13,B37
998906,0,4,5,3,2,2,4,39,1,0,1,2,1,2,13,B14
795483,0,1,3,7,1,0,3,78,1,360,1,2,1,1,5,BL4
752117,0,3,6,5,0,0,4,49,2,317,1,2,1,3,13,B37
874868,0,2,3,6,4,0,3,59,1,305,1,1,1,2,12,BL7
874868,1,2,3,6,4,0,3,64,2,324,1,2,0,2,12,BL7
672424,1,2,4,4,2,1,3,52,1,429,1,1,1,1,2,BL4
672424,2,2,4,4,2,1,3,14,2,0,1,4,0,1,2,BL4
596616,0,2,6,7,2,0,4,66,1,287,1,1,1,2,13,B47
596616,1,2,6,7,2,0,4,73,2,265,1,1,0,2,13,B47
833607,0,4,3,3,2,2,4,45,2,240,1,3,1,2,13,B90
833607,1,4,3,3,2,2,4,43,1,202,1,3,0,2,13,B90
437376,0,3,3,5,5,0,3,79,2,263,1,2,1,3,13,BL1
437376,1,3,3,5,5,0,3,75,1,216,1,2,0,3,13,BL1
437376,2,3,3,5,5,0,3,52,2,212,1,3,0,3,13,BL1
870454,0,1,5,6,2,0,4,57,1,333,1,2,1,1,12,WS4
919167,0,2,3,1,5,0,4,41,1,0,3,3,1,2,8,B74
2856,0,5,5,4,1,1,3,49,1,303,5,2,1,4,13,OL8
2856,1,5,5,4,1,1,3,55,2,329,5,4,0,4,13,OL8
2856,2,5,5,4,1,1,3,23,1,196,5,3,0,4,13,OL8
2856,3,5,5,4,1,1,3,16,2,0,5,4,0,4,13,OL8
2856,4,5,5,4,1,1,3,13,2,0,5,4,0,4,13,OL8
435666,0,3,1,5,8,0,4,58,2,0,1,2,1,3,11,B78
435666,1,3,1,5,8,0,4,56,1,0,1,2,0,3,11,B78
697801,0,3,5,4,4,1,3,45,2,354,3,3,1,2,10,OL8
992972,0,2,3,1,6,0,4,42,2,0,1,2,1,2,13,B65
688165,0,2,3,6,0,0,4,57,2,300,1,2,1,2,13,DY4
688165,1,2,3,6,0,0,4,56,1,347,1,2,0,2,13,DY4
738418,0,4,1,4,8,2,4,44,2,254,1,3,1,2,9,B74
738418,1,4,1,4,8,2,4,42,1,232,1,3,0,2,9,B74
362069,0,4,1,4,0,2,3,54,1,0,12,3,1,2,13,OL12
362069,1,4,1,4,0,2,3,51,1,0,12,3,0,2,13,OL12
867259,0,3,5,3,0,1,4,52,1,231,1,2,1,2,12,B69
662060,0,1,3,6,2,0,3,59,1,229,1,3,1,1,13,BL2
19608,0,2,3,1,2,0,3,44,1,244,1,2,1,2,12,BL4
626816,0,6,5,2,2,4,4,34,1,0,5,3,1,2,10,B36
626816,1,6,5,2,2,4,4,39,2,0,5,2,0,2,10,B36
996832,0,2,3,1,3,0,3,36,1,239,1,3,1,2,13,M33
173430,0,2,5,6,2,0,4,60,2,208,1,2,1,2,13,B98
624286,0,1,3,6,3,0,4,48,2,264,1,3,1,1,13,B98
104863,0,1,3,6,2,0,4,52,1,230,1,2,1,1,12,B62
191198,0,2,3,7,3,0,3,68,1,257,1,1,1,2,7,BL5
815063,0,4,1,3,8,2,4,40,2,210,4,3,1,2,4,B68
372718,1,1,5,6,3,0,4,57,2,332,1,2,1,1,13,B90
706013,0,1,5,7,1,0,3,80,1,307,1,1,1,1,13,OL12
808798,0,2,5,1,2,0,4,44,2,259,1,2,1,2,7,B31
808798,1,2,5,1,2,0,4,66,1,223,1,2,0,2,7,B31
796601,0,4,4,3,8,2,3,39,1,226,1,2,1,2,12,M43
796601,1,4,4,3,8,2,3,52,2,271,1,2,0,2,12,M43
715272,0,2,3,6,6,0,3,56,1,0,1,2,1,2,13,BL1
715272,1,2,3,6,6,0,3,61,2,0,1,2,0,2,13,BL1
90711,0,6,1,4,7,1,4,50,1,0,5,2,1,5,12,WS5
90711,1,6,1,4,7,1,4,50,2,0,5,3,0,5,12,WS5
90711,2,6,1,4,7,1,4,23,1,0,5,4,0,5,12,WS5
46390,0,3,3,4,5,2,4,45,1,0,1,3,1,1,12,WS4
959207,1,4,3,3,5,2,4,48,2,275,13,3,0,2,10,B44
312923,0,5,1,2,8,2,4,37,1,256,1,3,1,3,12,B94
312923,1,5,1,2,8,2,4,44,2,0,1,3,0,3,12,B94
899235,0,4,1,4,8,2,4,46,1,226,1,3,1,2,13,B93
899235,1,4,1,4,8,2,4,51,2,229,1,3,0,2,13,B93
210850,0,7,3,3,6,2,4,58,2,269,1,3,1,5,7,WS4
210850,1,7,3,3,6,2,4,28,1,212,1,3,0,5,7,WS4
652798,0,1,4,7,1,0,3,65,2,235,1,2,1,1,10,BL9
855379,0,3,5,5,2,0,3,54,1,0,1,2,1,3,13,BL9
286805,0,6,4,4,8,1,4,68,1,246,1,2,1,5,13,WV13
286805,1,6,4,4,8,1,4,70,2,268,1,2,0,5,13,WV13
286805,2,6,4,4,8,1,4,37,2,240,1,2,0,5,13,WV13
286805,3,6,4,4,8,1,4,37,1,211,1,2,0,5,13,WV13
626887,0,2,3,6,1,0,4,47,1,259,1,2,1,2,13,WV13
626887,2,2,3,6,1,0,4,45,2,0,1,2,0,2,13,WV13
505409,0,2,3,6,8,0,4,64,2,282,1,3,1,2,13,B31
505409,1,2,3,6,8,0,4,62,1,213,1,2,0,2,13,B31
305618,0,3,5,5,0,0,4,62,2,0,0,3,1,3,13,B6
305618,1,3,5,5,0,0,4,57,1,0,0,2,0,3,13,B6
305618,3,3,5,5,0,0,4,24,1,0,0,3,0,3,13,B6
670881,0,2,3,1,0,0,4,42,1,0,1,2,1,2,13,B23
754835,0,6,5,5,4,0,4,48,1,195,5,3,1,6,13,B68
754835,1,6,5,5,4,0,4,26,2,170,5,1,0,6,13,B68
754835,2,6,5,5,4,0,4,22,1,188,5,2,0,6,13,B68
754835,4,6,5,5,4,0,4,18,2,181,5,3,0,6,13,B68
754835,5,6,5,5,4,0,4,17,1,0,5,4,0,6,13,B68
491587,0,3,3,4,6,1,4,44,1,294,1,3,1,2,13,B43
491587,1,3,3,4,6,1,4,65,2,285,1,2,0,2,13,B43
318762,0,4,1,4,8,2,4,44,1,254,4,3,1,2,9,DY4
318762,1,4,1,4,8,2,4,42,2,0,4,3,0,2,9,DY4
52428,0,6,1,2,8,2,3,42,2,211,1,3,1,4,1,M3
29898,0,5,3,4,3,2,4,48,1,205,5,3,1,3,13,WS2
226810,0,4,1,3,6,2,3,32,1,258,5,3,1,2,2,BL5
529487,0,3,4,3,2,1,3,39,1,235,1,3,1,2,11,M26
555932,0,4,4,4,5,2,4,42,1,0,1,2,1,2,6,B67
555932,1,4,4,4,5,2,4,53,2,0,1,2,0,2,6,B67
555932,2,4,4,4,5,2,4,15,1,0,1,4,0,2,6,B67
735458,0,2,5,4,3,1,3,38,2,255,1,2,1,1,13,M33
364444,0,2,3,6,0,0,3,59,1,0,1,1,1,2,4,WA3
475655,0,5,3,4,6,1,3,45,1,223,5,3,1,4,13,OL12
475655,1,5,3,4,6,1,3,69,1,0,5,2,0,4,13,OL12
475655,2,5,3,4,6,1,3,76,2,0,5,1,0,4,13,OL12
475655,4,5,3,4,6,1,3,35,2,0,5,3,0,4,13,OL12
591786,0,1,6,7,2,0,4,74,2,252,1,3,1,1,12,B91
304556,0,2,3,6,4,0,3,63,1,256,2,3,1,2,13,M5
613430,0,3,5,5,2,0,4,57,2,266,1,2,1,3,13,DY4
613430,1,3,5,5,2,0,4,49,1,329,1,2,0,3,13,DY4
613430,2,3,5,5,2,0,4,24,2,341,1,3,0,3,13,DY4
403480,0,5,3,3,5,3,4,47,2,265,4,3,1,2,13,B33
403480,1,5,3,3,5,3,4,45,1,235,4,3,0,2,13,B33
268701,0,2,4,6,0,0,3,58,1,0,1,2,1,2,13,M26
268701,1,2,4,6,0,0,3,62,2,0,1,3,0,2,13,M26
782510,0,1,1,7,5,0,4,72,1,215,1,3,1,1,12,B27
568131,0,1,5,6,3,0,3,48,2,336,1,3,1,1,13,M3
493985,0,5,3,5,0,0,4,53,1,0,4,3,1,5,10,WV14
493985,1,5,3,5,0,0,4,57,2,0,4,3,0,5,10,WV14
493985,2,5,3,5,0,0,4,30,1,0,4,3,0,5,10,WV14
493985,3,5,3,5,0,0,4,28,1,0,4,3,0,5,10,WV14
493985,4,5,3,5,0,0,4,24,2,0,4,3,0,5,10,WV14
7173,0,1,5,7,0,0,3,73,1,155,1,2,1,1,11,M44
121986,0,2,3,7,3,0,4,80,2,276,1,1,1,2,13,B60
121986,1,2,3,7,3,0,4,72,1,0,1,1,0,2,13,B60
323814,0,4,4,5,6,0,3,52,1,256,1,2,1,4,12,BL2
894367,0,2,1,7,4,0,3,70,2,277,1,2,1,2,13,M26
345426,0,2,4,7,5,0,3,77,1,335,99,2,1,2,12,BL4
345426,1,2,4,7,5,0,3,75,2,174,99,2,0,2,12,BL4
838984,0,3,3,5,5,0,3,77,2,252,99,1,1,3,13,M23
838984,1,3,3,5,5,0,3,69,1,232,99,1,0,3,13,M23
838984,2,3,3,5,5,0,3,33,2,235,99,3,0,3,13,M23
304895,0,2,4,6,6,0,4,61,1,0,1,2,1,2,13,DY2
304895,1,2,4,6,6,0,4,56,2,276,1,2,0,2,13,DY2
737862,0,2,4,6,4,0,3,57,1,0,1,2,1,2,13,WA15
408246,0,4,5,4,0,2,4,53,2,0,1,2,1,2,11,B33
408246,1,4,5,4,0,2,4,41,1,0,1,3,0,2,11,B33
454315,0,6,1,3,8,3,4,40,2,389,1,3,1,3,6,B62
304889,0,4,1,3,8,2,4,45,2,223,1,3,1,2,13,B93
304889,1,4,1,3,8,2,4,40,1,0,1,2,0,2,13,B93
283635,0,1,3,1,2,0,4,43,1,0,1,2,1,1,13,B32
855866,0,1,3,7,3,0,4,79,1,329,1,1,1,1,11,B28
993521,0,2,1,7,2,0,3,82,1,236,1,1,1,2,13,OL9
412091,0,2,1,6,5,0,4,56,1,0,1,2,1,2,5,B23
920789,0,2,4,6,3,0,3,52,1,233,1,2,1,2,13,OL9
920789,1,2,4,6,3,0,3,61,2,244,1,1,0,2,13,OL9
595272,0,2,4,6,0,0,4,52,1,0,1,2,1,2,13,WV14
821636,0,2,1,6,5,0,4,52,2,248,15,3,1,2,12,B23
821636,1,2,1,6,5,0,4,60,2,260,15,3,0,2,12,B23
729075,0,5,3,4,7,3,4,44,1,240,1,3,1,2,13,B43
729075,1,5,3,4,7,3,4,45,2,340,1,3,0,2,13,B43
729075,3,5,3,4,7,3,4,15,1,0,1,4,0,2,13,B43
372418,0,2,1,1,8,0,4,37,2,341,1,2,1,2,13,B64
372418,1,2,1,1,8,0,4,54,2,525,1,3,0,2,13,B64
722081,0,2,3,6,3,0,3,60,1,247,1,2,1,2,13,M28
392553,0,2,3,6,3,0,4,54,1,376,1,1,1,2,13,B31
61242,0,6,3,4,0,1,4,48,1,0,1,3,1,5,13,B48
61242,1,6,3,4,0,1,4,51,2,0,1,3,0,5,13,B48
61242,2,6,3,4,0,1,4,77,1,0,1,1,0,5,13,B48
61242,3,6,3,4,0,1,4,82,2,0,1,1,0,5,13,B48
780969,0,4,3,4,8,1,3,45,2,186,15,3,1,3,3,M30
780969,1,4,3,4,8,1,3,42,1,238,15,3,0,3,3,M30
780969,2,4,3,4,8,1,3,17,2,186,15,4,0,3,3,M30
247058,0,1,3,6,3,0,4,58,1,245,1,3,1,1,2,B37
807403,0,3,4,5,4,0,4,63,2,496,1,1,1,3,9,WS2
807403,2,3,4,5,4,0,4,35,2,275,1,1,0,3,9,WS2
378250,0,4,5,1,5,0,4,40,1,283,1,3,1,4,11,DY2
378250,1,4,5,1,5,0,4,49,2,227,1,2,0,4,11,DY2
378250,2,4,5,1,5,0,4,21,1,195,1,2,0,4,11,DY2
877617,0,2,3,1,6,0,3,43,1,244,1,3,1,2,3,M43
229725,0,2,1,7,4,0,4,74,1,293,1,3,1,2,13,B73
703025,0,2,4,6,2,0,4,49,1,0,1,3,1,2,12,B30
703025,1,2,4,6,2,0,4,61,2,0,1,2,0,2,12,B30
689517,0,3,5,3,2,1,3,55,1,0,1,2,1,2,9,BL2
689517,1,3,5,3,2,1,3,35,2,0,1,2,0,2,9,BL2
632896,0,7,4,1,0,0,3,28,2,0,5,3,1,7,13,M14
632896,1,7,4,1,0,0,3,48,1,0,5,3,0,7,13,M14
969178,0,6,4,3,2,4,4,36,1,225,5,3,1,2,2,B36
969178,1,6,4,3,2,4,4,40,2,283,5,1,0,2,2,B36
600341,0,2,1,7,0,0,3,70,1,0,1,3,1,2,11,M20
478697,0,1,1,1,2,0,3,41,1,208,1,3,1,1,13,M4
737877,0,3,3,5,5,0,4,53,1,339,3,3,1,3,13,B37
737877,1,3,3,5,5,0,4,17,2,232,3,4,0,3,13,B37
207496,0,4,3,2,3,2,3,37,1,0,1,2,1,2,12,BL1
406505,0,6,5,4,3,2,3,45,1,232,5,3,1,4,13,OL12
406505,1,6,5,4,3,2,3,48,2,231,5,4,0,4,13,OL12
406505,2,6,5,4,3,2,3,18,2,0,5,1,0,4,13,OL12
646179,0,4,3,3,5,2,3,42,1,0,1,2,1,2,11,M26
646179,1,4,3,3,5,2,3,38,2,255,1,2,0,2,11,M26
309297,0,2,3,7,2,0,3,74,1,323,1,3,1,2,2,M5
309297,1,2,3,7,2,0,3,74,2,221,1,3,0,2,2,M5
708884,0,2,1,7,0,0,4,70,1,328,1,3,1,2,13,DY9
708884,1,2,1,7,0,0,4,69,2,304,1,1,0,2,13,DY9
362581,0,3,1,5,4,0,3,66,2,271,1,2,1,3,13,M40
362581,1,3,1,5,4,0,3,63,1,0,1,2,0,3,13,M40
968185,0,2,4,6,4,0,3,57,2,251,1,2,1,2,13,BL2
968185,1,2,4,6,4,0,3,56,1,234,1,2,0,2,13,BL2
356868,0,3,3,3,2,2,3,33,1,303,5,3,1,1,12,BL9
56762,0,2,4,1,3,0,4,35,2,241,1,2,1,2,13,B44
56762,1,2,4,1,3,0,4,69,1,223,1,1,0,2,13,B44
714189,0,3,3,4,0,1,3,37,2,220,1,3,1,2,13,OL10
714189,1,3,3,4,0,1,3,38,1,195,1,3,0,2,13,OL10
269337,0,3,1,5,5,0,4,56,1,359,1,3,1,3,13,WS3
269337,1,3,1,5,5,0,4,53,2,297,1,3,0,3,13,WS3
948045,0,2,6,6,2,0,3,54,2,210,1,2,0,2,7,M38
948045,1,2,6,6,2,0,3,53,1,0,1,2,1,2,7,M38
236638,0,2,4,7,4,0,3,73,1,257,1,1,1,2,12,OL12
236638,1,2,4,7,4,0,3,75,2,258,1,2,0,2,12,OL12
277878,0,2,6,6,1,0,3,57,1,319,1,2,1,2,4,M14
277878,1,2,6,6,1,0,3,23,2,222,1,3,0,2,4,M14
171940,0,2,5,7,3,0,3,70,1,330,1,1,1,2,10,M27
171940,1,2,5,7,3,0,3,75,2,287,1,1,0,2,10,M27
62190,0,5,3,4,0,1,4,42,1,0,1,3,1,4,10,B26
62190,1,5,3,4,0,1,4,22,1,0,1,3,0,4,10,B26
62190,2,5,3,4,0,1,4,19,2,0,1,3,0,4,10,B26
736649,0,3,3,5,7,0,3,60,1,260,8,3,1,3,12,M23
736649,1,3,3,5,7,0,3,36,2,300,8,2,0,3,12,M23
268166,0,5,4,3,2,4,3,45,1,213,13,1,1,1,11,BL3
531683,0,2,3,6,0,0,4,52,1,282,0,3,1,2,6,DY2
974351,0,1,5,7,2,0,4,69,1,304,1,2,1,1,13,B13
797014,0,3,4,5,5,0,4,50,2,255,1,2,1,3,13,B90
797014,1,3,4,5,5,0,4,57,1,237,1,2,0,3,13,B90
641501,0,2,3,6,3,0,4,56,1,285,1,2,1,2,13,B37
641501,1,2,3,6,3,0,4,92,1,211,1,1,0,2,13,B37
107402,0,4,3,3,0,2,4,36,1,0,1,3,1,2,13,B23
107402,1,4,3,3,0,2,4,40,2,0,1,3,0,2,13,B23
462242,0,3,1,5,0,0,3,73,1,257,0,3,1,3,13,BL8
462242,1,3,1,5,0,0,3,70,2,271,0,2,0,3,13,BL8
598942,0,3,1,1,7,0,3,37,1,0,1,3,1,3,13,M27
598942,1,3,1,1,7,0,3,66,2,0,1,3,0,3,13,M27
598942,2,3,1,1,7,0,3,63,1,0,1,2,0,3,13,M27
936660,0,2,3,1,5,0,4,34,2,0,1,3,1,2,13,B68
936660,1,2,3,1,5,0,4,34,2,0,1,2,0,2,13,B68
935617,0,4,3,4,6,2,4,38,2,285,5,3,1,2,9,B33
935617,1,4,3,4,6,2,4,36,1,237,5,3,0,2,9,B33
695505,0,2,3,6,0,0,4,63,1,289,1,2,1,2,12,B92
695505,1,2,3,6,0,0,4,70,2,228,1,2,0,2,12,B92
164769,0,2,3,3,5,1,4,54,1,240,1,3,1,1,8,B63
353256,0,3,3,1,3,0,4,33,2,213,1,2,1,3,10,B44
777339,0,4,1,3,5,2,3,42,2,187,1,3,1,2,13,M33
777339,1,4,1,3,5,2,3,40,1,206,1,3,0,2,13,M33
968168,0,2,5,7,0,0,4,76,2,271,1,1,1,2,13,WV14
968168,1,2,5,7,0,0,4,76,1,273,1,1,0,2,13,WV14
891243,0,1,3,7,3,0,3,75,1,291,1,2,1,1,13,M26
953681,0,3,3,4,8,1,3,59,1,271,2,2,1,2,13,OL12
953681,1,3,3,4,8,1,3,37,1,251,2,2,0,2,13,OL12
568566,0,3,3,5,0,0,3,61,1,373,1,2,1,3,13,M20
568566,1,3,3,5,0,0,3,63,2,351,1,2,0,3,13,M20
250399,0,4,3,3,3,2,3,35,1,233,1,3,1,2,13,OL4
250399,3,4,3,3,3,2,3,33,2,205,1,3,0,2,13,OL4
58315,0,2,3,6,2,0,4,48,1,348,5,3,1,2,11,B23
58315,1,2,3,6,2,0,4,18,1,0,5,1,0,2,11,B23
738669,0,2,3,6,6,0,4,46,1,306,1,2,1,2,13,B33
738669,1,2,3,6,6,0,4,59,2,280,1,2,0,2,13,B33
551721,0,2,3,1,8,0,3,41,1,260,1,3,1,2,11,WA3
551721,1,2,3,1,8,0,3,73,2,261,1,3,0,2,11,WA3
385659,0,1,3,1,2,0,3,35,2,286,1,3,1,1,2,BL8
360964,0,2,3,6,0,0,3,58,1,0,1,3,1,2,11,M46
360964,1,2,3,6,0,0,3,52,2,0,1,3,0,2,11,M46
257977,0,1,3,6,4,0,4,59,1,273,1,3,1,1,13,B98
216351,0,4,5,3,2,2,4,47,2,210,3,3,1,2,13,B25
216351,1,4,5,3,2,2,4,48,1,206,3,3,0,2,13,B25
657503,0,2,3,6,4,0,4,61,2,334,1,2,1,2,13,B44
657503,1,2,3,6,4,0,4,60,1,300,1,2,0,2,13,B44
166378,0,2,5,6,4,0,3,58,2,254,1,2,1,2,13,BL6
166378,1,2,5,6,4,0,3,54,1,201,1,2,0,2,13,BL6
826958,0,2,3,6,4,0,3,52,1,0,4,2,1,2,9,M16
826958,2,2,3,6,4,0,3,67,2,0,4,3,0,2,9,M16
267284,0,1,6,6,1,0,3,55,2,234,1,1,1,1,13,BL9
265113,0,4,1,3,8,2,3,41,2,0,1,3,1,2,2,BL3
265113,1,4,1,3,8,2,3,41,1,0,1,3,0,2,2,BL3
229722,1,2,3,6,0,0,4,60,2,0,1,2,0,2,3,B27
245214,0,1,6,7,2,0,4,72,1,369,1,3,1,1,12,B73
52444,0,4,1,3,5,2,4,49,2,268,1,3,1,2,13,B76
52444,1,4,1,3,5,2,4,45,1,186,1,3,0,2,13,B76
171496,0,4,3,3,0,2,3,42,1,335,1,3,1,2,12,OL3
171496,1,4,3,3,0,2,3,41,2,264,1,3,0,2,12,OL3
78132,0,4,5,5,0,0,4,56,1,0,1,2,1,4,13,B26
78132,1,4,5,5,0,0,4,56,2,0,1,2,0,4,13,B26
78132,2,4,5,5,0,0,4,30,1,0,1,2,0,4,13,B26
78132,3,4,5,5,0,0,4,27,2,0,1,2,0,4,13,B26
301403,0,2,3,6,6,0,4,59,2,278,13,3,1,2,13,B62
301403,3,2,3,6,6,0,4,38,1,285,13,3,0,2,13,B62
504578,0,2,3,6,8,0,4,55,1,318,1,2,1,2,13,B34
504578,1,2,3,6,8,0,4,51,2,361,1,2,0,2,13,B34
394740,0,7,4,4,3,1,4,28,1,0,6,3,1,6,12,B66
394740,1,7,4,4,3,1,4,26,1,0,6,3,0,6,12,B66
394740,2,7,4,4,3,1,4,23,1,0,6,3,0,6,12,B66
394740,3,7,4,4,3,1,4,17,1,0,6,4,0,6,12,B66
394740,5,7,4,4,3,1,4,49,1,0,6,1,0,6,12,B66
394740,6,7,4,4,3,1,4,56,2,0,6,1,0,6,12,B66
744631,0,4,3,3,7,2,3,42,1,355,3,3,1,2,12,M18
744631,4,4,3,3,7,2,3,39,2,269,3,2,0,2,12,M18
61441,0,6,4,3,0,2,4,75,2,312,1,2,1,4,8,DY1
798666,0,2,4,6,4,0,4,62,1,223,1,2,1,2,13,B78
798666,1,2,4,6,4,0,4,30,2,251,1,2,0,2,13,B78
221222,0,3,5,4,6,1,3,47,2,244,3,3,1,2,13,M19
221222,1,3,5,4,6,1,3,47,1,265,3,3,0,2,13,M19
221222,3,3,5,4,6,1,3,14,1,0,3,4,0,2,13,M19
965328,0,3,5,3,4,1,4,36,1,260,3,3,1,2,13,WS4
965328,1,3,5,3,4,1,4,39,2,309,3,3,0,2,13,WS4
19104,0,5,3,3,3,3,4,33,1,226,6,3,1,2,1,WS1
19104,1,5,3,3,3,3,4,38,2,0,6,3,0,2,1,WS1
777028,0,4,5,3,5,2,4,42,1,271,3,3,1,2,13,WS2
777028,1,4,5,3,5,2,4,42,2,306,3,3,0,2,13,WS2
777028,2,4,5,3,5,2,4,14,2,0,3,4,0,2,13,WS2
264437,0,2,3,6,4,0,3,64,1,0,14,2,1,2,10,M33
264437,1,2,3,6,4,0,3,27,2,0,14,3,0,2,10,M33
976788,0,4,1,1,2,0,4,47,1,453,6,1,0,4,4,B6
976788,1,4,1,1,2,0,4,25,2,241,6,3,1,4,4,B6
336663,0,2,3,6,6,0,4,57,1,297,1,2,1,2,13,DY5
336663,1,2,3,6,6,0,4,20,1,265,1,3,0,2,13,DY5
821490,0,3,3,4,6,1,4,44,1,349,12,3,1,2,7,B23
97137,0,3,1,5,8,0,3,53,1,243,1,3,1,3,13,BL2
290687,0,2,4,7,4,0,4,68,2,228,1,2,1,2,11,B92
290687,1,2,4,7,4,0,4,67,1,292,1,2,0,2,11,B92
941023,0,2,3,1,5,0,3,38,1,223,1,3,1,2,12,M20
104050,0,4,1,2,8,2,3,51,1,326,1,1,1,2,13,SK4
104050,1,4,1,2,8,2,3,50,2,0,1,3,0,2,13,SK4
719477,0,2,3,6,4,0,3,60,1,241,1,2,1,2,4,M6
326412,0,2,4,6,2,0,3,61,1,211,1,2,1,2,13,M24
326412,1,2,4,6,2,0,3,77,2,293,1,1,0,2,13,M24
810093,0,4,5,3,3,2,3,45,1,249,1,2,1,2,13,M22
887923,0,1,3,6,3,0,3,52,2,491,1,3,1,1,13,M12
104103,0,4,3,3,5,2,3,47,1,0,1,3,1,2,11,M6
104103,1,4,3,3,5,2,3,53,2,0,1,3,0,2,11,M6
28699,0,4,4,2,4,2,3,34,1,320,0,3,1,2,5,M12
28699,1,4,4,2,4,2,3,35,2,0,0,3,0,2,5,M12
908273,0,6,1,3,0,1,4,48,1,243,0,2,1,5,13,B28
908273,1,6,1,3,0,1,4,56,2,241,0,3,0,5,13,B28
908273,2,6,1,3,0,1,4,28,1,189,0,3,0,5,13,B28
908273,3,6,1,3,0,1,4,18,1,200,0,3,0,5,13,B28
823664,0,3,3,3,1,1,4,42,1,342,99,3,1,2,12,B66
823664,1,3,3,3,1,1,4,28,2,228,99,3,0,2,12,B66
824518,0,1,3,7,2,0,4,80,2,267,1,2,1,1,9,B63
167192,0,2,3,1,0,0,3,35,1,245,15,3,1,2,4,M50
167192,1,2,3,1,0,0,3,32,2,289,15,3,0,2,4,M50
15295,0,3,3,5,4,0,3,61,2,255,1,3,1,3,13,M30
15295,1,3,3,5,4,0,3,61,1,232,1,3,0,3,13,M30
456164,0,3,3,5,2,0,4,64,1,254,12,2,1,3,10,B21
286715,0,2,1,6,8,0,4,59,1,269,1,3,1,2,13,B92
286715,1,2,1,6,8,0,4,56,2,231,1,2,0,2,13,B92
658523,0,10,5,2,3,2,4,48,1,256,5,3,1,8,11,WS10
658523,1,10,5,2,3,2,4,46,2,148,5,3,0,8,11,WS10
658523,2,10,5,2,3,2,4,26,2,141,5,3,0,8,11,WS10
658523,3,10,5,2,3,2,4,25,2,153,5,3,0,8,11,WS10
658523,4,10,5,2,3,2,4,23,1,217,5,3,0,8,11,WS10
658523,6,10,5,2,3,2,4,21,2,0,5,3,0,8,11,WS10
923871,0,2,1,1,0,0,4,34,1,0,0,3,1,2,6,B92
470630,0,4,1,3,8,2,3,44,1,293,13,3,1,2,3,M22
839500,0,4,3,4,5,2,4,47,1,0,1,3,1,2,10,WS3
839500,2,4,3,4,5,2,4,15,1,0,1,4,0,2,10,WS3
958959,1,1,5,7,1,0,4,68,2,221,1,1,1,1,13,WS1
411985,0,6,3,3,6,1,4,32,2,242,5,3,1,5,13,B6
411985,3,6,3,3,6,1,4,57,2,271,5,2,0,5,13,B6
411985,4,6,3,3,6,1,4,58,1,265,5,2,0,5,13,B6
853740,0,5,4,2,3,1,4,29,2,0,5,3,1,4,11,B66
853740,1,5,4,2,3,1,4,86,1,0,5,3,0,4,11,B66
853740,2,5,4,2,3,1,4,25,1,0,5,3,0,4,11,B66
853740,3,5,4,2,3,1,4,51,1,0,5,3,0,4,11,B66
555864,0,1,3,7,3,0,4,79,1,254,1,2,1,1,12,B93
226854,0,2,5,7,5,0,4,73,1,265,1,2,1,2,13,B43
226854,1,2,5,7,5,0,4,73,2,274,1,2,0,2,13,B43
458889,0,5,3,2,4,3,4,31,1,0,1,3,1,2,1,DY3
458889,1,5,3,2,4,3,4,32,2,0,1,3,0,2,1,DY3
282312,0,2,1,7,0,0,3,71,1,0,1,3,1,2,13,M6
282312,1,2,1,7,0,0,3,76,2,0,1,3,0,2,13,M6
240238,0,3,1,4,6,1,3,47,2,216,15,3,1,2,7,WA15
240238,1,3,1,4,6,1,3,47,1,0,15,3,0,2,7,WA15
401823,0,3,4,5,7,0,3,48,1,0,1,2,1,3,13,BL5
401823,1,3,4,5,7,0,3,75,2,0,1,3,0,3,13,BL5
401823,2,3,4,5,7,0,3,29,2,0,1,2,0,3,13,BL5
667244,0,1,4,6,6,0,3,58,1,285,1,3,1,1,12,OL9
909133,0,2,1,6,0,0,3,62,1,0,0,2,1,2,11,OL9
26045,0,2,3,6,4,0,3,50,1,298,1,2,1,2,13,OL4
782161,0,1,5,6,0,0,4,64,2,286,0,2,1,1,13,B30
119431,0,2,5,7,3,0,3,76,1,266,1,1,1,2,13,OL11
119431,1,2,5,7,3,0,3,86,2,236,1,1,0,2,13,OL11
241121,0,2,3,6,5,0,3,56,1,0,1,3,1,2,11,M28
885835,0,1,1,6,3,0,4,59,2,243,1,3,1,1,13,WS3
950481,0,2,5,6,5,0,4,58,2,272,1,2,1,2,13,B42
525814,0,1,5,6,2,0,3,60,2,387,1,2,1,1,12,OL8
713894,0,2,1,7,4,0,3,72,1,266,1,3,1,2,13,BL8
713894,1,2,1,7,4,0,3,74,2,245,1,3,0,2,13,BL8
530751,0,4,3,3,8,2,4,42,1,269,1,3,1,2,12,CV7
530751,1,4,3,3,8,2,4,42,2,171,1,3,0,2,12,CV7
27244,0,5,1,2,8,3,3,36,1,204,1,3,1,2,13,BL1
27244,1,5,1,2,8,3,3,36,2,221,1,3,0,2,13,BL1
291563,0,2,3,6,3,0,3,45,1,254,1,3,1,2,13,M23
291563,1,2,3,6,3,0,3,26,2,244,1,2,0,2,13,M23
576634,0,4,1,4,7,2,4,43,1,286,1,3,1,2,6,DY1
952509,0,3,1,5,7,0,3,52,1,259,1,2,1,3,11,M33
952509,1,3,1,5,7,0,3,53,2,258,1,2,0,3,11,M33
952509,3,3,1,5,7,0,3,18,1,0,1,2,0,3,11,M33
703203,0,5,3,3,7,1,3,52,2,282,13,3,1,4,12,BL1
703203,1,5,3,3,7,1,3,50,1,283,13,3,0,4,12,BL1
703203,2,5,3,3,7,1,3,19,1,280,13,4,0,4,12,BL1
703203,3,5,3,3,7,1,3,16,1,0,13,4,0,4,12,BL1
613265,0,3,6,1,2,0,4,42,1,297,1,1,1,3,13,B37
613265,2,3,6,1,2,0,4,16,1,0,1,4,0,3,13,B37
741397,0,2,5,7,2,0,4,73,2,121,1,1,1,2,13,B31
741397,1,2,5,7,2,0,4,72,2,334,1,1,0,2,13,B31
234876,0,1,1,6,8,0,3,53,1,310,8,3,1,1,10,M26
507159,0,4,3,3,5,2,3,37,1,181,5,3,1,2,13,M22
365407,0,4,1,3,7,2,3,44,1,205,1,2,1,2,13,BL8
365407,1,4,1,3,7,2,3,45,2,258,1,2,0,2,13,BL8
561630,0,4,3,2,6,2,4,45,1,274,4,3,1,2,7,B75
561630,1,4,3,2,6,2,4,43,2,263,4,3,0,2,7,B75
243403,0,7,3,3,4,3,3,44,1,0,1,2,1,4,13,WA15
243403,1,7,3,3,4,3,3,63,1,0,1,1,0,4,13,WA15
243403,2,7,3,3,4,3,3,62,2,0,1,1,0,4,13,WA15
289532,0,2,3,6,3,0,3,53,2,225,99,3,1,2,13,M16
289532,1,2,3,6,3,0,3,52,1,0,99,2,0,2,13,M16
994114,0,3,3,3,0,1,4,43,1,0,1,2,1,2,13,B43
994114,1,3,3,3,0,1,4,46,2,0,1,3,0,2,13,B43
637396,0,5,3,2,3,3,3,42,1,282,5,3,1,2,4,M19
637396,1,5,3,2,3,3,3,43,2,245,5,3,0,2,4,M19
212821,0,4,5,2,0,2,3,31,1,321,13,3,1,2,10,M14
840391,0,3,1,2,0,1,3,41,1,241,1,3,1,2,13,M28
840391,1,3,1,2,0,1,3,39,2,332,1,3,0,2,13,M28
255444,0,4,1,5,5,0,4,50,1,212,4,1,1,4,12,B20
255444,1,4,1,5,5,0,4,53,2,180,4,1,0,4,12,B20
906855,0,5,1,3,4,3,4,41,1,0,1,3,1,2,5,B63
906855,1,5,1,3,4,3,4,44,2,0,1,3,0,2,5,B63
25059,0,4,3,4,4,1,4,44,1,202,4,3,1,3,12,B20
25059,1,4,3,4,4,1,4,46,2,209,4,2,0,3,12,B20
25059,2,4,3,4,4,1,4,17,2,177,4,4,0,3,12,B20
803170,0,3,3,5,7,0,4,60,1,278,1,3,1,3,10,B93
803170,1,3,3,5,7,0,4,59,2,0,1,3,0,3,10,B93
416766,0,2,1,6,6,0,3,52,2,279,1,3,1,2,12,M26
416766,1,2,1,6,6,0,3,26,2,0,1,3,0,2,12,M26
271283,1,2,3,6,6,0,4,48,1,263,1,3,0,2,9,DY3
761340,0,2,3,6,4,0,4,59,1,0,1,3,1,2,13,B69
433214,0,2,3,1,5,0,3,39,1,315,1,3,1,2,6,M46
364222,0,4,4,3,0,2,4,38,1,205,1,3,1,2,13,B45
371158,0,5,4,3,4,3,3,43,1,335,3,2,1,2,13,WN1
371158,1,5,4,3,4,3,3,44,2,354,3,2,0,2,13,WN1
595827,0,8,5,2,0,6,4,38,1,0,0,2,1,2,9,DY1
595827,1,8,5,2,0,6,4,46,2,0,0,2,0,2,9,DY1
590650,0,1,6,6,2,0,4,49,1,218,1,2,1,1,13,B44
995613,0,4,6,4,0,2,4,32,1,226,99,2,1,2,5,B71
277289,0,1,6,6,2,0,4,56,2,301,2,2,1,1,13,B23
378924,0,9,6,3,0,4,3,37,1,0,5,3,1,5,9,OL11
378924,1,9,6,3,0,4,3,37,2,0,5,3,0,5,9,OL11
378924,2,9,6,3,0,4,3,26,2,0,5,4,0,5,9,OL11
378924,3,9,6,3,0,4,3,21,2,0,5,4,0,5,9,OL11
378924,4,9,6,3,0,4,3,19,1,0,5,4,0,5,9,OL11
321631,0,4,5,2,2,3,4,34,1,387,1,3,1,1,12,B7
149480,0,3,3,5,8,0,3,60,1,264,1,2,1,3,13,M30
149480,1,3,3,5,8,0,3,53,2,234,1,2,0,3,13,M30
104633,0,4,3,4,8,2,4,45,1,180,1,3,1,2,13,WS3
451158,0,1,3,6,0,0,3,52,2,248,1,1,1,1,3,BL2
451158,1,1,3,6,0,0,3,36,1,225,1,3,0,1,3,BL2
581219,0,5,4,3,5,2,4,44,1,0,1,3,1,3,9,B98
803825,0,4,3,2,8,2,4,42,1,195,1,3,1,2,3,B74
803825,1,4,3,2,8,2,4,43,2,251,1,2,0,2,3,B74
343710,0,4,1,5,0,0,4,56,1,0,1,2,1,4,10,B44
343710,1,4,1,5,0,0,4,65,2,0,1,2,0,4,10,B44
343710,2,4,1,5,0,0,4,34,1,0,1,3,0,4,10,B44
608526,0,1,3,6,4,0,3,64,1,357,1,2,1,1,13,OL4
683950,0,1,3,6,4,0,4,52,1,291,5,3,1,1,13,B68
489191,0,5,1,3,3,1,4,41,1,0,6,3,1,4,0,B11
489191,2,5,1,3,3,1,4,20,1,0,6,3,0,4,0,B11
489191,3,5,1,3,3,1,4,18,2,0,6,2,0,4,0,B11
771678,0,1,3,7,4,0,4,72,2,0,1,3,1,1,13,B75
464264,0,2,3,1,7,0,4,35,1,313,1,3,1,2,12,WS5
464264,1,2,3,1,7,0,4,33,1,285,1,3,0,2,12,WS5
110649,0,4,3,3,8,2,3,39,1,238,3,3,1,2,10,M28
110649,1,4,3,3,8,2,3,55,2,320,3,2,0,2,10,M28
490139,0,4,1,3,6,2,3,44,1,220,1,3,1,2,13,WA3
490139,1,4,1,3,6,2,3,50,2,252,1,3,0,2,13,WA3
662138,0,1,4,6,3,0,3,58,1,317,1,1,1,1,13,OL16
408658,0,2,4,6,6,0,4,50,2,298,1,2,1,2,13,CV7
408658,2,2,4,6,6,0,4,21,1,253,1,3,0,2,13,CV7
81367,0,5,5,5,3,0,4,53,1,0,4,2,1,5,11,WV14
81367,1,5,5,5,3,0,4,55,2,0,4,2,0,5,11,WV14
81367,3,5,5,5,3,0,4,25,1,0,4,3,0,5,11,WV14
309624,0,3,4,5,3,0,3,73,2,294,1,2,1,3,13,OL3
309624,1,3,4,5,3,0,3,55,1,252,1,2,0,3,13,OL3
644914,0,1,6,6,1,0,4,56,2,248,1,3,1,1,13,WS4
880817,0,3,3,1,4,0,3,41,1,306,1,3,1,3,13,OL11
880817,1,3,3,1,4,0,3,39,2,230,1,3,0,3,13,OL11
224229,0,4,5,4,4,1,3,45,2,278,3,3,1,3,12,OL1
224229,1,4,5,4,4,1,3,45,1,185,3,3,0,3,12,OL1
224229,2,4,5,4,4,1,3,17,1,0,3,4,0,3,12,OL1
913804,0,4,5,5,0,0,3,52,1,0,1,1,1,4,13,OL9
913804,1,4,5,5,0,0,3,55,2,0,1,1,0,4,13,OL9
250311,0,1,5,7,1,0,3,67,1,291,1,1,1,1,13,WA3
105200,0,4,1,3,6,2,4,37,2,0,4,3,1,2,3,B38
310096,0,8,5,2,2,2,4,54,1,304,0,1,1,6,10,B36
310096,1,8,5,2,2,2,4,61,1,313,0,2,0,6,10,B36
310096,3,8,5,2,2,2,4,28,2,227,0,3,0,6,10,B36
653811,0,4,4,2,3,2,3,44,1,300,1,3,1,2,7,OL9
653811,3,4,4,2,3,2,3,63,1,329,1,3,0,2,7,OL9
757674,0,5,3,3,7,1,4,47,1,0,1,3,1,4,12,B74
757674,1,5,3,3,7,1,4,51,2,0,1,3,0,4,12,B74
888711,0,3,3,2,2,2,4,39,1,0,1,3,1,1,4,B45
977617,0,2,4,7,0,0,3,78,1,321,1,1,1,2,13,OL12
977617,1,2,4,7,0,0,3,80,2,239,1,1,0,2,13,OL12
262817,0,1,4,7,3,0,4,67,1,0,99,1,1,1,13,B90
386448,0,4,3,3,0,2,4,38,1,0,99,3,1,2,12,DY1
621886,0,4,3,5,7,0,4,64,2,260,4,3,1,4,13,B20
621886,1,4,3,5,7,0,4,61,1,251,4,3,0,4,13,B20
621886,2,4,3,5,7,0,4,39,1,242,4,3,0,4,13,B20
621886,3,4,3,5,7,0,4,31,1,247,4,3,0,4,13,B20
818697,0,3,5,5,2,0,4,61,1,0,1,2,1,3,12,WS2
818697,1,3,5,5,2,0,4,63,2,0,1,2,0,3,12,WS2
487062,0,3,5,5,3,0,4,76,1,282,1,1,1,3,10,B44
769728,0,2,4,6,0,0,3,48,1,249,1,3,1,2,13,WA3
769728,1,2,4,6,0,0,3,40,2,351,1,2,0,2,13,WA3
470079,0,2,5,6,7,0,4,51,2,301,1,2,1,2,13,DY4
470079,1,2,5,6,7,0,4,63,1,319,1,2,0,2,13,DY4
81732,0,4,1,3,2,1,4,45,1,290,0,4,1,3,2,B70
316727,0,2,5,7,0,0,4,81,2,0,1,1,1,2,13,B33
316727,1,2,5,7,0,0,4,82,1,0,1,1,0,2,13,B33
475734,0,7,1,2,3,2,4,33,1,0,0,3,1,5,8,B13
475734,1,7,1,2,3,2,4,36,2,0,0,3,0,5,8,B13
475734,2,7,1,2,3,2,4,55,1,0,0,3,0,5,8,B13
188776,0,3,3,5,0,0,4,49,2,233,1,3,1,3,13,B30
188776,1,3,3,5,0,0,4,52,1,222,1,3,0,3,13,B30
410084,0,2,3,1,8,0,3,35,2,332,1,2,1,2,6,BL9
410084,1,2,3,1,8,0,3,39,1,282,1,3,0,2,6,BL9
769634,0,4,3,3,6,2,3,48,1,292,1,3,1,2,10,OL2
769634,1,4,3,3,6,2,3,58,2,303,1,2,0,2,10,OL2
816221,0,2,4,7,3,0,4,84,1,376,1,1,1,2,10,WS4
376990,0,3,1,4,3,1,3,48,1,0,1,3,1,2,12,BL6
829045,0,3,5,1,5,0,4,34,1,0,1,2,0,3,13,B14
456045,0,1,3,6,0,0,3,56,2,0,1,3,1,1,13,M27
130986,0,4,1,2,1,3,4,35,1,178,5,3,1,1,1,B25
827036,0,2,3,1,7,0,4,40,1,0,1,2,1,2,4,B73
288510,0,3,4,5,6,0,4,45,1,210,99,2,1,3,13,B26
288510,1,3,4,5,6,0,4,24,1,236,99,2,0,3,13,B26
288510,3,3,4,5,6,0,4,51,2,308,99,2,0,3,13,B26
755658,0,3,1,2,0,1,4,46,1,223,99,3,1,2,10,B73
65454,0,2,4,6,0,0,4,53,1,0,99,4,1,2,13,DY5
65454,1,2,4,6,0,0,4,59,2,0,99,4,0,2,13,DY5
800192,0,2,6,7,3,0,3,85,2,179,1,2,1,2,13,BL6
989361,0,3,5,1,4,0,4,41,1,0,1,2,1,3,4,B33
784086,0,2,6,6,0,0,4,64,1,304,1,2,1,2,13,B27
784086,1,2,6,6,0,0,4,34,1,341,1,3,0,2,13,B27
163481,0,3,3,2,4,1,4,36,1,424,99,3,1,2,5,B20
163481,1,3,3,2,4,1,4,43,2,215,99,3,0,2,5,B20
469069,0,2,5,6,3,0,3,52,1,293,1,2,1,2,13,M30
431480,0,9,4,2,0,6,3,39,1,210,0,3,1,3,13,BL4
431480,1,9,4,2,0,6,3,19,1,205,0,4,0,3,13,BL4
392614,0,3,3,5,0,0,3,62,2,273,1,3,1,3,13,M50
680196,0,4,3,5,6,0,4,49,2,0,1,2,1,4,12,B32
680196,1,4,3,5,6,0,4,47,1,0,1,3,0,4,12,B32
680196,2,4,3,5,6,0,4,20,1,0,1,4,0,4,12,B32
407742,0,6,3,3,7,4,4,35,1,208,99,3,1,2,8,WS1
348205,0,3,5,5,2,0,4,64,2,349,99,3,1,3,13,WS2
348205,1,3,5,5,2,0,4,62,1,235,99,2,0,3,13,WS2
348205,2,3,5,5,2,0,4,34,1,277,99,3,0,3,13,WS2
866036,0,1,4,1,4,0,3,44,2,313,99,2,1,1,12,M5
610872,0,4,3,2,8,2,3,47,1,263,1,3,1,2,0,BL4
433810,0,2,1,6,5,0,3,51,1,301,1,3,1,2,2,BL1
307435,0,4,5,2,6,2,4,43,1,348,1,2,1,2,13,B32
307435,3,4,5,2,6,2,4,36,2,292,1,3,0,2,13,B32
35147,0,1,4,1,3,0,3,31,1,244,3,3,1,1,3,WN1
474935,0,7,3,2,2,5,4,36,1,0,5,2,1,2,0,B8
720697,0,7,3,4,3,1,4,43,1,0,0,1,1,6,4,B36
720697,2,7,3,4,3,1,4,50,2,0,0,3,0,6,4,B36
156332,0,2,3,7,2,0,4,80,1,248,1,2,1,2,13,B91
156332,1,2,3,7,2,0,4,83,2,273,1,2,0,2,13,B91
654398,0,4,3,5,7,0,3,54,2,290,4,2,1,4,13,M16
654398,1,4,3,5,7,0,3,45,1,261,4,3,0,4,13,M16
654398,2,4,3,5,7,0,3,23,2,238,4,3,0,4,13,M16
717433,0,2,3,1,8,0,3,39,1,220,1,3,1,2,5,M6
717433,1,2,3,1,8,0,3,36,1,383,1,2,0,2,5,M6
334895,0,4,3,2,5,2,3,38,1,208,3,3,1,2,12,BL1
334895,1,4,3,2,5,2,3,40,2,0,3,3,0,2,12,BL1
390277,0,4,1,4,8,2,4,51,2,0,12,3,1,2,12,B20
390277,1,4,1,4,8,2,4,51,1,0,12,3,0,2,12,B20
279611,0,2,1,6,7,0,3,46,1,261,1,3,1,2,10,M24
279611,1,2,1,6,7,0,3,51,2,323,1,2,0,2,10,M24
726554,0,4,5,3,3,1,4,44,1,203,1,2,1,3,13,B26
726554,1,4,5,3,3,1,4,51,2,216,1,2,0,3,13,B26
605144,0,4,3,3,0,2,3,47,1,0,1,2,1,2,12,BL9
605144,1,4,3,3,0,2,3,48,2,0,1,2,0,2,12,BL9
324569,0,5,3,3,0,2,4,39,1,360,3,3,1,3,11,B67
324569,1,5,3,3,0,2,4,39,2,312,3,3,0,3,11,B67
324569,2,5,3,3,0,2,4,65,1,324,3,3,0,3,11,B67
682518,0,2,1,1,8,0,4,37,2,239,1,3,1,2,12,WV14
360029,0,4,3,3,3,2,4,43,2,260,5,3,1,2,13,WS1
360029,1,4,3,3,3,2,4,42,1,186,5,3,0,2,13,WS1
338033,0,7,5,3,3,5,3,45,1,276,13,3,1,2,13,BL5
338033,2,7,5,3,3,5,3,15,1,0,13,1,0,2,13,BL5
338033,3,7,5,3,3,5,3,14,1,0,13,1,0,2,13,BL5
551974,0,2,1,6,5,0,4,61,1,231,1,3,1,2,13,WS9
551974,1,2,1,6,5,0,4,63,2,249,1,2,0,2,13,WS9
266616,0,2,3,6,8,0,4,54,1,300,1,2,1,2,12,DY2
129646,0,3,1,3,5,1,3,34,1,228,1,3,1,2,8,M27
129646,1,3,1,3,5,1,3,37,2,0,1,3,0,2,8,M27
7344,0,1,3,7,2,0,4,75,1,208,1,2,1,1,13,B31
457924,0,4,6,2,0,3,3,31,1,0,5,3,1,1,13,OL11
659732,0,4,3,2,0,2,4,36,1,241,1,2,1,2,1,B23
529988,0,2,3,1,0,0,3,36,1,0,13,3,1,2,12,M28
529988,1,2,3,1,0,0,3,45,2,0,13,3,0,2,12,M28
14757,0,5,5,2,3,3,3,30,1,357,3,3,1,2,3,M22
109354,0,3,3,4,3,1,3,43,1,0,1,3,1,2,9,BL3
109354,1,3,3,4,3,1,3,47,2,0,1,2,0,2,9,BL3
853672,0,4,1,3,5,2,4,45,1,0,1,3,1,2,13,B74
853672,1,4,1,3,5,2,4,53,2,0,1,2,0,2,13,B74
215248,0,3,1,5,3,0,4,47,2,243,1,3,1,3,11,B14
785349,0,2,3,6,7,0,3,50,2,337,1,2,1,2,13,OL12
785349,1,2,3,6,7,0,3,46,2,313,1,2,0,2,13,OL12
724779,0,4,4,3,3,2,4,35,1,209,3,3,1,2,0,B24
959160,0,2,5,3,3,1,4,30,1,267,3,3,1,1,12,B98
732536,0,1,3,6,4,0,4,56,1,408,12,3,1,1,13,B7
134933,0,5,5,4,4,1,4,38,1,275,1,3,1,4,13,WS3
134933,1,5,5,4,4,1,4,18,1,0,1,4,0,4,13,WS3
134933,4,5,5,4,4,1,4,44,1,224,1,3,0,4,13,WS3
843525,0,4,1,3,8,2,4,48,2,286,4,3,1,2,11,B13
843525,1,4,1,3,8,2,4,38,1,295,4,3,0,2,11,B13
843525,2,4,1,3,8,2,4,15,2,0,4,4,0,2,11,B13
772932,0,6,5,3,3,1,4,45,1,0,6,4,1,5,10,B25
772932,1,6,5,3,3,1,4,52,2,0,6,3,0,5,10,B25
772932,2,6,5,3,3,1,4,19,1,0,6,3,0,5,10,B25
772932,3,6,5,3,3,1,4,18,2,0,6,2,0,5,10,B25
772932,4,6,5,3,3,1,4,16,1,0,6,2,0,5,10,B25
910767,0,3,5,3,4,2,4,36,1,0,3,3,1,1,0,B23
238465,0,3,1,5,7,0,3,56,1,0,12,3,1,3,6,OL8
238465,1,3,1,5,7,0,3,34,2,0,12,3,0,3,6,OL8
238465,2,3,1,5,7,0,3,32,2,0,12,3,0,3,6,OL8
856770,0,4,3,2,5,2,4,37,1,293,1,3,1,2,3,B72
364514,0,4,3,4,1,1,4,42,1,260,5,1,1,3,6,B65
364514,1,4,3,4,1,1,4,24,2,218,5,2,0,3,6,B65
935855,0,3,3,2,8,1,4,33,1,273,1,3,1,2,13,WS3
935855,1,3,3,2,8,1,4,34,2,241,1,3,0,2,13,WS3
259062,0,4,1,2,4,2,4,31,1,243,1,3,1,2,13,WS3
259062,1,4,1,2,4,2,4,32,2,260,1,3,0,2,13,WS3
250841,0,2,3,4,4,1,4,40,1,194,1,3,1,1,8,B23
125758,0,3,3,1,3,0,3,35,1,165,5,3,1,3,13,OL16
125758,1,3,3,1,3,0,3,66,2,0,5,2,0,3,13,OL16
125758,2,3,3,1,3,0,3,65,1,0,5,1,0,3,13,OL16
639636,0,3,4,5,5,0,4,69,2,316,1,1,1,3,8,B92
639636,2,3,4,5,5,0,4,36,1,0,1,2,0,3,8,B92
737363,0,3,3,2,2,2,3,32,1,432,1,3,1,1,2,M7
273356,0,2,5,6,3,0,3,63,1,252,1,2,1,2,13,OL4
273356,1,2,5,6,3,0,3,62,2,259,1,3,0,2,13,OL4
62620,0,6,5,3,5,2,4,26,2,206,13,3,1,4,0,B34
62620,2,6,5,3,5,2,4,49,1,356,13,2,0,4,0,B34
719782,0,4,1,3,8,2,3,44,1,276,16,3,1,2,6,M30
32818,0,4,4,3,1,2,4,37,1,260,1,3,1,2,11,B76
32818,1,4,4,3,1,2,4,38,2,261,1,3,0,2,11,B76
910908,0,2,3,4,3,1,3,48,1,287,1,2,1,1,13,M26
167472,0,3,3,3,4,1,4,41,2,252,0,3,1,2,7,B31
848422,0,2,3,1,5,0,4,36,1,189,1,3,1,2,4,B27
848422,1,2,3,1,5,0,4,39,2,214,1,2,0,2,4,B27
470013,0,1,3,1,0,0,3,42,2,0,1,3,1,1,0,BL4
858705,0,4,5,4,4,2,4,47,1,248,3,3,1,2,13,B24
858705,1,4,5,4,4,2,4,42,2,271,3,3,0,2,13,B24
389282,0,3,3,5,6,0,4,51,1,0,1,1,1,3,13,B36
389282,1,3,3,5,6,0,4,24,1,0,1,3,0,3,13,B36
38229,0,1,5,6,1,0,3,62,1,0,1,2,1,1,12,M27
173107,0,5,1,2,0,3,3,37,1,209,5,3,1,2,13,OL12
173107,1,5,1,2,0,3,3,41,2,286,5,3,0,2,13,OL12
338289,0,2,5,6,0,0,4,50,2,0,1,3,1,2,9,B37
452124,0,5,5,3,0,2,4,47,2,268,5,3,1,3,8,B28
452124,1,5,5,3,0,2,4,39,1,257,5,3,0,3,8,B28
452124,2,5,5,3,0,2,4,16,1,0,5,4,0,3,8,B28
452124,3,5,5,3,0,2,4,14,2,0,5,4,0,3,8,B28
288506,2,5,6,5,0,0,4,57,1,419,10,2,0,5,1,B23
288506,4,5,6,5,0,0,4,22,1,216,10,4,0,5,1,B23
254580,0,2,3,1,6,0,4,32,1,312,8,3,1,2,6,B43
254580,1,2,3,1,6,0,4,33,2,273,8,2,0,2,6,B43
249968,0,3,5,3,1,1,3,48,1,307,1,1,1,2,0,OL2
249968,1,3,5,3,1,1,3,24,2,358,1,2,0,2,0,OL2
97533,0,2,3,6,0,0,3,60,1,291,1,2,1,2,12,OL4
83570,0,2,4,1,2,0,4,26,1,0,5,2,1,2,0,DY1
83570,1,2,4,1,2,0,4,33,2,0,5,4,0,2,0,DY1
375524,0,4,3,5,6,0,4,53,1,0,1,2,1,4,9,B48
569007,0,3,3,5,0,0,3,52,1,0,1,3,1,3,13,OL1
927764,0,4,1,4,3,2,3,38,1,204,13,3,1,2,5,M28
927764,1,4,1,4,3,2,3,39,2,307,13,3,0,2,5,M28
504601,0,4,3,5,3,0,3,45,2,0,5,3,1,4,13,M19
504601,1,4,3,5,3,0,3,47,1,0,5,3,0,4,13,M19
504601,2,4,3,5,3,0,3,25,2,0,5,3,0,4,13,M19
504601,3,4,3,5,3,0,3,19,2,0,5,3,0,4,13,M19
880282,0,3,1,3,0,1,3,42,1,0,15,3,1,2,12,M9
41280,0,6,4,5,2,0,4,52,1,234,5,2,1,6,12,B66
41280,2,6,4,5,2,0,4,57,2,260,5,2,0,6,12,B66
41280,4,6,4,5,2,0,4,24,2,249,5,4,0,6,12,B66
518066,0,2,5,6,5,0,3,56,2,197,1,2,1,2,12,BL6
240822,0,6,4,2,0,2,3,64,1,378,1,1,1,4,12,BL4
240822,1,6,4,2,0,2,3,29,1,317,1,2,0,4,12,BL4
240822,2,6,4,2,0,2,3,61,2,255,1,1,0,4,12,BL4
981967,0,3,5,3,0,1,3,37,1,0,5,2,1,2,11,BL3
981967,1,3,5,3,0,1,3,37,2,0,5,2,0,2,11,BL3
895687,0,3,5,1,7,0,3,26,2,0,1,2,1,3,13,OL12
895687,1,3,5,1,7,0,3,63,1,249,1,2,0,3,13,OL12
895687,2,3,5,1,7,0,3,23,2,0,1,2,0,3,13,OL12
618392,0,1,6,1,1,0,4,36,1,0,1,3,1,1,1,B45
679962,0,8,3,3,3,6,4,43,1,257,4,2,1,2,11,B26
679962,1,8,3,3,3,6,4,43,2,0,4,2,0,2,11,B26
992962,0,4,3,1,6,0,3,44,1,335,1,1,1,4,8,OL14
679514,0,1,3,6,6,0,4,54,2,233,4,3,1,1,13,WS10
219741,0,5,3,5,0,0,3,51,1,280,1,3,1,5,13,M6
219741,1,5,3,5,0,0,3,51,2,280,1,3,0,5,13,M6
219741,3,5,3,5,0,0,3,21,1,0,1,3,0,5,13,M6
331812,0,4,3,1,0,0,3,28,2,0,4,3,1,4,13,BL3
331812,1,4,3,1,0,0,3,70,2,105,4,1,0,4,13,BL3
331812,2,4,3,1,0,0,3,24,1,121,4,3,0,4,13,BL3
331812,3,4,3,1,0,0,3,62,1,0,4,1,0,4,13,BL3
635420,0,1,5,1,4,0,4,33,2,282,1,3,1,1,13,DY4
675723,0,4,1,4,8,1,3,51,1,242,1,3,1,3,1,M38
338990,0,3,3,1,4,0,3,30,2,315,6,3,1,3,6,OL9
752121,0,4,1,4,5,1,4,41,1,0,4,3,1,3,8,WS5
263124,0,1,1,1,4,0,4,42,2,268,6,3,1,1,8,B42
478156,0,3,6,1,2,0,4,40,1,0,5,3,1,3,2,B10
478156,2,3,6,1,2,0,4,38,2,0,5,3,0,3,2,B10
665258,0,2,5,4,2,1,4,48,1,224,1,3,1,1,13,B24
182045,0,4,1,3,6,2,3,41,1,0,1,3,1,2,11,SK4
182045,1,4,1,3,6,2,3,42,2,0,1,3,0,2,11,SK4
656655,0,1,4,6,2,0,3,63,2,275,1,2,1,1,12,OL12
983739,0,2,5,1,2,0,3,40,2,261,1,3,1,2,13,OL6
983739,1,2,5,1,2,0,3,51,1,0,1,3,0,2,13,OL6
684259,0,4,6,1,1,0,4,29,2,0,1,3,1,4,12,B69
684259,1,4,6,1,1,0,4,58,2,0,1,1,0,4,12,B69
684259,2,4,6,1,1,0,4,59,1,0,1,1,0,4,12,B69
684259,3,4,6,1,1,0,4,24,2,0,1,2,0,4,12,B69
388981,0,2,1,7,4,0,4,78,1,237,1,3,1,2,8,B93
937050,0,4,3,2,2,2,4,32,1,236,6,3,1,2,12,B8
937050,1,4,3,2,2,2,4,35,2,234,6,3,0,2,12,B8
867237,0,4,3,5,8,0,3,52,1,207,1,3,1,4,13,M33
867237,1,4,3,5,8,0,3,52,2,238,1,3,0,4,13,M33
867237,2,4,3,5,8,0,3,22,1,186,1,2,0,4,13,M33
561781,0,3,3,5,7,0,3,59,2,298,99,3,1,3,9,M18
140743,0,1,3,7,3,0,3,69,2,231,1,1,1,1,13,M33
87786,0,9,3,2,6,1,4,24,1,201,5,3,1,8,5,B67
87786,1,9,3,2,6,1,4,51,2,0,5,2,0,8,5,B67
87786,2,9,3,2,6,1,4,48,1,0,5,2,0,8,5,B67
87786,3,9,3,2,6,1,4,27,2,0,5,3,0,8,5,B67
87786,4,9,3,2,6,1,4,27,2,0,5,3,0,8,5,B67
87786,5,9,3,2,6,1,4,18,1,0,5,4,0,8,5,B67
977485,0,2,3,1,7,0,3,32,1,270,1,3,1,2,13,BL1
977485,1,2,3,1,7,0,3,40,2,187,1,3,0,2,13,BL1
35679,0,1,3,1,4,0,3,37,2,275,10,3,1,1,13,M4
763880,0,4,1,3,5,2,4,41,1,252,1,3,1,2,11,B92
763880,1,4,1,3,5,2,4,46,2,229,1,3,0,2,11,B92
989687,0,4,3,4,4,1,4,54,2,230,4,3,1,3,10,B36
989687,1,4,3,4,4,1,4,50,1,246,4,3,0,3,10,B36
989687,2,4,3,4,4,1,4,24,2,192,4,3,0,3,10,B36
425166,0,2,4,6,8,0,3,56,1,281,99,3,1,2,11,WA15
757197,0,3,1,3,8,1,4,36,1,318,1,3,1,2,2,DY3
757197,2,3,1,3,8,1,4,38,2,241,1,3,0,2,2,DY3
475738,0,2,1,6,8,0,4,48,1,301,99,2,1,2,13,DY5
475738,1,2,1,6,8,0,4,55,2,329,99,2,0,2,13,DY5
554978,0,1,3,6,3,0,3,62,1,226,99,1,1,1,13,M18
939399,0,1,6,7,1,0,3,75,2,222,99,3,1,1,13,OL2
84419,0,5,5,2,2,3,3,32,2,284,1,2,1,2,1,M30
794314,0,2,6,1,2,0,4,33,2,0,99,2,1,2,0,WS2
794314,1,2,6,1,2,0,4,34,2,0,99,2,0,2,0,WS2
621334,0,5,3,3,4,2,4,36,1,291,99,3,1,3,9,B61
621334,2,5,3,3,4,2,4,36,2,311,99,2,0,3,9,B61
123755,0,2,3,6,5,0,3,46,1,182,99,3,1,2,8,M33
123755,1,2,3,6,5,0,3,17,1,182,99,4,0,2,8,M33
925695,0,4,4,1,5,0,3,41,1,0,99,1,1,4,10,M9
549193,0,2,3,6,0,0,4,60,1,287,1,2,1,2,2,B42
182392,0,3,5,4,3,1,4,48,1,257,1,2,1,2,12,B68
182392,1,3,5,4,3,1,4,52,2,239,1,2,0,2,12,B68
182392,2,3,5,4,3,1,4,14,1,0,1,4,0,2,12,B68
451393,0,6,5,3,3,4,3,45,1,0,0,3,1,2,13,OL11
451393,1,6,5,3,3,4,3,44,2,0,0,3,0,2,13,OL11
451393,2,6,5,3,3,4,3,14,1,0,0,4,0,2,13,OL11
648124,0,4,3,3,2,2,4,35,1,243,99,2,1,2,13,WS1
648124,1,4,3,3,2,2,4,39,2,265,99,3,0,2,13,WS1
158823,0,3,1,3,7,1,3,42,1,252,99,3,1,2,10,BL6
158823,1,3,1,3,7,1,3,44,2,226,99,3,0,2,10,BL6
984280,0,4,3,2,4,2,4,29,1,0,1,3,1,2,13,WS1
984280,1,4,3,2,4,2,4,33,2,0,1,2,0,2,13,WS1
220684,0,1,3,6,4,0,3,49,2,303,0,3,1,1,2,M23
216937,0,5,5,3,0,3,4,35,1,0,5,3,1,2,9,B20
750804,0,4,3,5,5,0,4,55,2,0,1,3,1,4,13,B68
750804,1,4,3,5,5,0,4,47,1,0,1,2,0,4,13,B68
750804,2,4,3,5,5,0,4,22,1,0,1,4,0,4,13,B68
750804,3,4,3,5,5,0,4,17,1,0,1,4,0,4,13,B68
716536,0,1,3,6,3,0,4,52,1,240,0,2,1,1,8,B70
363095,0,3,1,5,4,0,4,60,2,277,1,2,1,3,13,B63
363095,1,3,1,5,4,0,4,62,1,314,1,2,0,3,13,B63
363095,2,3,1,5,4,0,4,20,1,280,1,4,0,3,13,B63
600828,0,4,3,5,6,0,4,48,1,216,4,3,1,4,13,B74
600828,1,4,3,5,6,0,4,53,2,219,4,3,0,4,13,B74
600828,2,4,3,5,6,0,4,21,2,220,4,4,0,4,13,B74
368981,0,5,3,3,8,3,3,48,2,228,4,3,1,2,8,M18
368981,1,5,3,3,8,3,3,47,1,263,4,3,0,2,8,M18
409779,0,3,3,4,2,2,4,47,1,334,1,2,1,1,13,B78
409779,1,3,3,4,2,2,4,14,1,0,1,4,0,1,13,B78
98750,0,2,3,7,2,0,4,74,2,277,1,2,1,2,12,B63
98750,1,2,3,7,2,0,4,80,1,0,1,1,0,2,12,B63
900557,0,6,4,4,3,3,4,49,1,0,99,3,1,3,13,B27
900557,1,6,4,4,3,3,4,52,2,0,99,2,0,3,13,B27
900557,2,6,4,4,3,3,4,20,1,0,99,3,0,3,13,B27
132828,0,5,5,2,0,3,4,36,1,0,99,3,1,2,13,B11
132828,1,5,5,2,0,3,4,37,2,0,99,3,0,2,13,B11
586000,0,1,1,6,8,0,3,57,1,252,99,3,1,1,12,OL2
322514,0,2,3,7,4,0,4,76,1,205,1,2,1,2,4,CV7
322514,1,2,3,7,4,0,4,82,2,256,1,2,0,2,4,CV7
25336,0,3,3,5,4,0,4,69,2,0,99,3,1,3,10,B91
25336,1,3,3,5,4,0,4,68,1,0,99,3,0,3,10,B91
25336,4,3,3,5,4,0,4,26,1,0,99,3,0,3,10,B91
312579,0,1,5,6,1,0,3,62,2,123,0,3,1,1,13,M14
579621,0,1,3,6,3,0,3,49,2,362,1,3,1,1,13,M26
774262,0,1,3,6,2,0,4,55,1,287,1,3,1,1,13,B70
39933,0,3,1,3,5,1,3,42,1,230,15,3,1,2,7,WA15
39933,1,3,1,3,5,1,3,46,2,248,15,3,0,2,7,WA15
418341,0,4,1,5,2,0,4,54,1,289,5,3,1,4,13,B11
418341,1,4,1,5,2,0,4,21,2,0,5,4,0,4,13,B11
240353,0,5,3,3,0,3,4,39,1,205,8,3,1,2,11,B73
3820,0,1,3,6,0,0,3,63,1,244,1,2,1,1,12,SK4
337298,0,5,5,5,3,0,4,46,2,248,5,3,1,5,13,B6
337298,1,5,5,5,3,0,4,44,1,238,5,2,0,5,13,B6
337298,3,5,5,5,3,0,4,19,1,188,5,4,0,5,13,B6
337298,4,5,5,5,3,0,4,17,1,206,5,4,0,5,13,B6
104849,0,2,3,6,5,0,4,60,1,319,1,2,1,2,11,B38
881584,0,3,1,2,3,1,4,37,1,215,1,3,1,2,13,B32
881584,1,3,1,2,3,1,4,39,2,273,1,3,0,2,13,B32
835557,0,1,3,6,3,0,4,46,1,339,1,3,1,1,13,B69
957502,0,2,3,7,2,0,4,80,1,183,1,1,1,2,13,DY5
957502,1,2,3,7,2,0,4,82,2,234,1,1,0,2,13,DY5
6423,0,2,5,1,6,0,3,33,1,280,3,3,1,2,4,M18
6423,1,2,5,1,6,0,3,30,2,226,3,2,0,2,4,M18
672370,0,1,3,6,3,0,4,55,1,236,1,2,1,1,13,B14
737503,0,3,3,4,6,1,4,37,2,248,1,2,1,2,13,B69
737503,1,3,3,4,6,1,4,31,1,292,1,3,0,2,13,B69
543533,0,3,4,4,4,1,3,41,1,335,3,3,1,2,12,M24
543533,1,3,4,4,4,1,3,42,2,250,3,2,0,2,12,M24
532243,0,1,3,6,3,0,3,54,1,240,3,3,1,1,2,M16
744692,0,6,3,3,8,4,4,42,1,241,5,3,1,2,12,B36
744692,1,6,3,3,8,4,4,45,2,262,5,3,0,2,12,B36
855885,0,1,5,6,3,0,4,53,1,291,1,1,1,1,13,DY1
588996,0,6,5,3,1,2,4,37,1,319,0,4,1,4,10,B8
588996,1,6,5,3,1,2,4,42,2,240,0,1,0,4,10,B8
588996,2,6,5,3,1,2,4,18,2,230,0,4,0,4,10,B8
668719,0,5,5,1,3,0,4,28,1,0,1,2,1,5,12,WV13
668719,1,5,5,1,3,0,4,54,1,0,1,2,0,5,12,WV13
668719,2,5,5,1,3,0,4,58,2,0,1,2,0,5,12,WV13
668719,3,5,5,1,3,0,4,22,2,0,1,3,0,5,12,WV13
589641,0,4,3,2,4,2,3,35,1,0,1,3,1,2,6,M30
589641,1,4,3,2,4,2,3,35,2,0,1,3,0,2,6,M30
498280,0,2,5,1,4,0,4,42,1,188,1,3,1,2,13,DY4
498280,1,2,5,1,4,0,4,44,2,227,1,3,0,2,13,DY4
131336,0,4,5,5,2,0,3,49,2,328,3,2,1,4,13,M15
131336,1,4,5,5,2,0,3,50,2,247,3,1,0,4,13,M15
131336,2,4,5,5,2,0,3,19,2,270,3,2,0,4,13,M15
131336,3,4,5,5,2,0,3,17,2,263,3,1,0,4,13,M15
853349,0,4,3,4,4,1,3,43,1,294,5,3,1,3,11,M8
853349,1,4,3,4,4,1,3,47,2,285,5,3,0,3,11,M8
853349,2,4,3,4,4,1,3,21,1,170,5,4,0,3,11,M8
853349,3,4,3,4,4,1,3,14,2,0,5,4,0,3,11,M8
276737,0,5,5,4,3,1,4,38,1,397,1,2,1,4,9,B69
227183,0,2,3,7,2,0,3,77,2,313,1,1,1,2,13,BL1
227183,1,2,3,7,2,0,3,68,1,0,1,3,0,2,13,BL1
538673,0,4,5,3,3,2,4,35,2,329,3,3,1,2,3,B66
538673,1,4,5,3,3,2,4,33,1,221,3,3,0,2,3,B66
542043,0,1,5,1,3,0,4,32,1,280,1,3,1,1,10,WS3
659486,0,3,3,3,2,1,4,49,1,0,1,3,1,2,13,DY5
659486,2,3,3,3,2,1,4,55,2,0,1,2,0,2,13,DY5
737296,0,3,3,3,3,1,4,35,1,208,3,3,1,2,12,B61
737296,1,3,3,3,3,1,4,51,2,243,3,3,0,2,12,B61
994347,0,3,4,2,0,2,3,34,1,0,0,3,1,1,11,M18
994347,1,3,4,2,0,2,3,15,1,0,0,4,0,1,11,M18
274901,0,3,6,3,0,2,3,43,1,0,1,2,1,1,13,M27
653839,0,1,3,6,3,0,4,62,2,241,5,3,1,1,13,B8
58070,0,2,3,6,5,0,3,58,1,281,1,3,1,2,8,M26
58070,1,2,3,6,5,0,3,74,2,339,1,2,0,2,8,M26
936937,0,1,3,6,5,0,4,63,2,253,4,3,1,1,13,B68
192785,0,4,3,3,3,2,3,34,1,321,5,3,1,2,3,BL9
75215,0,4,1,3,4,2,4,42,1,250,6,3,1,2,13,DY1
75215,1,4,1,3,4,2,4,43,2,0,6,3,0,2,13,DY1
645167,0,4,3,2,5,2,3,41,1,0,1,2,1,2,13,M19
645167,2,4,3,2,5,2,3,46,2,0,1,2,0,2,13,M19
835765,0,4,3,3,6,2,4,44,1,415,11,4,1,2,12,B61
835765,1,4,3,3,6,2,4,43,2,0,11,3,0,2,12,B61
303238,0,2,1,1,8,0,3,37,2,232,1,3,1,2,11,SK4
303238,1,2,1,1,8,0,3,35,1,202,1,3,0,2,11,SK4
708676,0,4,5,3,3,1,4,46,1,231,3,3,1,3,5,B31
708676,1,4,5,3,3,1,4,51,2,249,3,2,0,3,5,B31
708676,2,4,5,3,3,1,4,16,1,0,3,4,0,3,5,B31
828117,0,5,3,4,2,1,4,38,1,0,99,0,1,4,5,B20
42449,0,1,3,6,0,0,4,53,2,446,0,2,1,1,13,B24
856882,0,4,3,3,3,2,4,47,2,258,4,3,1,2,11,B16
856882,4,4,3,3,3,2,4,36,1,0,4,2,0,2,11,B16
978947,0,4,4,3,2,2,4,36,1,329,1,3,1,2,8,B25
978947,1,4,4,3,2,2,4,41,2,324,1,2,0,2,8,B25
715943,0,5,3,4,6,2,3,38,1,194,1,2,1,3,11,BL9
715943,1,5,3,4,6,2,3,42,2,219,1,2,0,3,11,BL9
715943,2,5,3,4,6,2,3,17,2,135,1,2,0,3,11,BL9
715943,3,5,3,4,6,2,3,14,1,0,1,2,0,3,11,BL9
158039,0,4,3,5,4,0,4,56,1,240,1,2,1,4,13,WV14
158039,1,4,3,5,4,0,4,54,2,286,1,2,0,4,13,WV14
158039,2,4,3,5,4,0,4,26,2,305,1,2,0,4,13,WV14
158039,3,4,3,5,4,0,4,22,1,157,1,2,0,4,13,WV14
660839,0,11,1,2,4,6,3,52,2,264,1,3,1,5,13,BL5
660839,1,11,1,2,4,6,3,45,1,317,1,3,0,5,13,BL5
660839,2,11,1,2,4,6,3,22,2,178,1,4,0,5,13,BL5
660839,5,11,1,2,4,6,3,14,2,0,1,4,0,5,13,BL5
291212,0,4,3,2,0,2,4,32,1,210,3,3,1,2,3,DY4
333670,0,4,3,2,6,2,3,40,2,0,1,3,1,2,13,OL12
333670,1,4,3,2,6,2,3,39,1,0,1,3,0,2,13,OL12
804649,0,2,3,7,0,0,4,72,1,0,1,2,1,2,13,B92
804649,1,2,3,7,0,0,4,39,2,0,1,3,0,2,13,B92
920331,0,6,5,2,3,1,3,50,1,0,2,3,1,5,11,M6
920331,2,6,5,2,3,1,3,29,1,0,2,3,0,5,11,M6
920331,4,6,5,2,3,1,3,24,1,0,2,3,0,5,11,M6
9052,0,1,3,1,3,0,4,26,1,0,13,3,1,1,8,B29
450583,0,2,3,1,4,0,3,30,1,251,3,3,1,2,7,BL9
366288,0,6,5,2,2,4,4,36,1,287,6,3,1,2,10,B32
366288,1,6,5,2,2,4,4,38,2,292,6,3,0,2,10,B32
423864,0,3,1,1,8,0,3,36,2,301,1,3,1,3,5,OL3
455074,0,3,1,5,7,0,3,57,1,229,1,2,1,3,13,OL9
455074,1,3,1,5,7,0,3,62,2,218,1,1,0,3,13,OL9
455074,2,3,1,5,7,0,3,22,2,187,1,3,0,3,13,OL9
29460,0,1,4,1,3,0,4,32,1,314,3,3,1,1,0,B1
818849,0,1,1,1,4,0,3,34,1,290,1,3,1,1,11,BL9
550307,1,1,4,7,0,0,4,71,1,0,1,2,1,1,11,DY3
624208,0,3,1,2,0,1,3,41,1,265,1,3,1,2,1,M22
571723,0,4,1,3,6,2,4,37,1,305,1,3,1,2,9,DY9
571723,1,4,1,3,6,2,4,42,2,242,1,3,0,2,9,DY9
62866,0,4,5,5,2,0,3,48,1,294,1,3,1,4,4,BL1
62866,1,4,5,5,2,0,3,57,2,255,1,2,0,4,4,BL1
62866,2,4,5,5,2,0,3,22,2,192,1,2,0,4,4,BL1
62866,3,4,5,5,2,0,3,18,2,199,1,2,0,4,4,BL1
599892,0,4,3,3,0,2,4,46,1,0,13,3,1,2,12,B44
599892,1,4,3,3,0,2,4,47,2,0,13,3,0,2,12,B44
82546,0,1,3,1,3,0,3,36,1,255,1,3,1,1,11,M28
544293,0,7,1,2,4,5,3,34,1,0,1,2,1,2,9,M8
544293,1,7,1,2,4,5,3,38,2,0,1,2,0,2,9,M8
378949,0,4,6,1,3,0,3,42,1,302,1,2,1,4,12,M26
378949,1,4,6,1,3,0,3,43,2,399,1,2,0,4,12,M26
378949,2,4,6,1,3,0,3,18,2,325,1,2,0,4,12,M26
180402,0,2,3,1,0,0,4,34,1,192,1,3,1,2,12,B73
180402,1,2,3,1,0,0,4,34,2,224,1,3,0,2,12,B73
236724,0,4,6,2,3,2,4,38,1,207,3,3,1,2,10,B14
236724,1,4,6,2,3,2,4,42,2,275,3,2,0,2,10,B14
961967,0,4,6,3,3,2,3,54,2,339,1,2,1,2,13,M28
961967,1,4,6,3,3,2,3,46,1,208,1,2,0,2,13,M28
143366,0,2,3,1,6,0,3,34,2,206,1,2,1,2,13,M11
143366,1,2,3,1,6,0,3,30,2,255,1,3,0,2,13,M11
97590,0,3,1,3,5,1,3,33,1,213,1,2,1,2,4,M30
690936,0,1,6,1,2,0,4,40,1,360,5,2,1,1,12,B13
261466,0,8,3,2,0,3,4,36,2,252,4,3,1,5,9,B66
261466,1,8,3,2,0,3,4,36,2,226,4,3,0,5,9,B66
261466,2,8,3,2,0,3,4,37,1,311,4,3,0,5,9,B66
261466,4,8,3,2,0,3,4,58,1,335,4,2,0,5,9,B66
261466,5,8,3,2,0,3,4,66,2,261,4,3,0,5,9,B66
777137,0,2,4,7,0,0,4,65,1,0,8,3,1,2,11,B16
963991,0,3,5,2,8,1,4,32,1,0,1,2,1,2,13,CV7
963991,1,3,5,2,8,1,4,38,2,0,1,2,0,2,13,CV7
479288,0,3,1,2,8,1,3,37,1,0,1,3,1,2,10,OL6
479288,1,3,1,2,8,1,3,35,2,0,1,3,0,2,10,OL6
895354,0,4,4,4,4,2,4,38,1,0,3,3,1,2,13,B71
895354,1,4,4,4,4,2,4,39,2,0,3,3,0,2,13,B71
895354,2,4,4,4,4,2,4,14,2,0,3,4,0,2,13,B71
939812,0,3,4,2,6,1,3,37,1,248,1,3,1,2,11,BL1
939812,1,3,4,2,6,1,3,34,2,0,1,3,0,2,11,BL1
52013,0,3,6,3,0,2,3,32,1,0,12,3,1,1,13,M22
733977,0,4,3,1,3,0,4,42,1,181,1,1,1,4,13,WS3
733977,1,4,3,1,3,0,4,56,2,0,1,2,0,4,13,WS3
733977,2,4,3,1,3,0,4,25,2,0,1,2,0,4,13,WS3
733977,3,4,3,1,3,0,4,24,2,0,1,1,0,4,13,WS3
717308,0,3,6,1,1,0,4,44,1,279,5,3,1,3,10,B8
717308,1,3,6,1,1,0,4,16,1,237,5,4,0,3,10,B8
717308,2,3,6,1,1,0,4,19,2,257,5,4,0,3,10,B8
843658,0,3,5,4,2,1,4,43,1,237,10,3,1,2,13,WS3
843658,1,3,5,4,2,1,4,48,2,319,10,3,0,2,13,WS3
572388,0,4,4,3,4,2,4,41,1,188,1,3,1,2,5,B67
572388,1,4,4,3,4,2,4,42,2,323,1,2,0,2,5,B67
260334,0,2,3,6,5,0,3,48,2,382,1,2,1,2,7,OL4
488823,0,3,1,3,4,1,3,40,1,0,1,3,1,2,11,BL3
488823,1,3,1,3,4,1,3,44,2,0,1,3,0,2,11,BL3
616301,0,3,6,5,5,0,4,49,1,326,1,2,1,3,13,B61
616301,2,3,6,5,5,0,4,21,2,273,1,2,0,3,13,B61
906647,0,5,6,3,3,4,3,37,1,296,1,3,1,1,0,WA15
468273,0,1,6,1,3,0,4,36,1,260,13,3,1,1,11,B13
974220,0,3,1,2,4,1,3,34,1,0,1,2,1,2,8,M27
974220,1,3,1,2,4,1,3,37,2,0,1,2,0,2,8,M27
780547,0,6,3,2,2,3,4,33,1,0,99,0,1,3,10,B19
780547,1,6,3,2,2,3,4,37,2,0,99,0,0,3,10,B19
832477,0,2,1,6,8,0,4,45,1,197,1,3,1,2,12,B91
832477,1,2,1,6,8,0,4,61,2,205,1,3,0,2,12,B91
623989,0,4,5,2,6,2,4,36,1,0,5,3,1,2,12,B14
623989,1,4,5,2,6,2,4,41,2,0,5,2,0,2,12,B14
361750,0,3,3,2,3,2,4,35,1,0,12,3,1,1,12,B24
821277,0,3,1,2,7,1,4,31,1,271,5,3,1,2,9,B13
821277,1,3,1,2,7,1,4,31,2,215,5,3,0,2,9,B13
425910,0,4,4,2,3,2,4,30,1,355,1,3,1,2,9,WS4
425910,1,4,4,2,3,2,4,32,2,231,1,3,0,2,9,WS4
319549,0,4,3,2,7,2,4,38,1,198,1,2,1,2,10,B76
319549,1,4,3,2,7,2,4,37,2,268,1,2,0,2,10,B76
154319,0,8,4,2,3,5,4,34,1,333,8,3,1,3,7,B70
507234,1,5,3,2,1,1,4,56,1,0,5,2,0,4,1,B13
507234,3,5,3,2,1,1,4,59,2,0,5,3,0,4,1,B13
842243,0,2,3,7,0,0,3,79,2,0,1,1,1,2,12,M28
978856,0,2,4,6,5,0,4,47,1,236,3,3,1,2,13,B11
978856,1,2,4,6,5,0,4,44,2,270,3,2,0,2,13,B11
897719,0,2,4,3,4,1,3,28,1,247,3,3,1,1,10,OL8
654544,0,2,1,1,7,0,4,43,2,261,15,3,1,2,13,B62
654544,1,2,1,1,7,0,4,36,2,182,15,3,0,2,13,B62
852938,0,1,3,1,4,0,4,35,2,282,1,3,1,1,12,B23
415758,0,1,3,7,2,0,4,67,1,275,1,1,1,1,13,B65
510466,0,4,3,2,7,2,4,37,1,298,1,3,1,2,2,B76
510466,1,4,3,2,7,2,4,41,2,298,1,3,0,2,2,B76
540457,0,4,5,5,0,0,4,57,1,0,5,1,1,4,1,B12
825908,0,2,3,6,3,0,3,63,1,276,1,2,1,2,12,M24
825908,1,2,3,6,3,0,3,66,2,283,1,2,0,2,12,M24
838250,0,6,4,2,6,4,4,29,1,0,99,2,1,2,9,WV14
838250,1,6,4,2,6,4,4,40,2,247,99,2,0,2,9,WV14
684617,0,5,5,3,5,3,3,40,1,324,99,3,1,2,6,OL2
579203,0,2,3,1,7,0,4,39,2,201,99,4,1,2,11,B16
579203,1,2,3,1,7,0,4,37,1,233,99,3,0,2,11,B16
81740,0,2,1,1,6,0,4,38,2,210,4,3,1,2,11,B31
428596,0,5,3,2,4,2,3,40,1,338,1,2,1,3,8,M26
428596,1,5,3,2,4,2,3,35,2,372,1,2,0,3,8,M26
428596,3,5,3,2,4,2,3,17,1,0,1,4,0,3,8,M26
953227,0,4,1,2,8,2,3,33,1,202,1,3,1,2,13,SK4
953227,1,4,1,2,8,2,3,34,2,236,1,3,0,2,13,SK4
30048,0,7,5,2,1,2,4,37,1,242,6,2,1,5,12,B14
30048,1,7,5,2,1,2,4,37,1,244,6,2,0,5,12,B14
30048,2,7,5,2,1,2,4,43,2,185,6,2,0,5,12,B14
30048,3,7,5,2,1,2,4,17,2,0,6,4,0,5,12,B14
30048,4,7,5,2,1,2,4,16,2,0,6,4,0,5,12,B14
676521,0,4,4,2,8,2,3,43,1,399,3,3,1,2,13,M44
676521,1,4,4,2,8,2,3,44,2,242,3,3,0,2,13,M44
262521,0,4,3,1,0,0,4,44,1,474,5,3,1,4,4,B13
262521,2,4,3,1,0,0,4,51,2,316,5,3,0,4,4,B13
262521,3,4,3,1,0,0,4,22,2,258,5,4,0,4,4,B13
61043,0,4,3,2,8,2,4,34,1,206,99,2,1,2,13,B60
61043,1,4,3,2,8,2,4,41,2,250,99,3,0,2,13,B60
934743,0,4,4,2,3,2,4,30,2,0,5,3,1,2,4,B18
934743,1,4,4,2,3,2,4,35,1,0,5,3,0,2,4,B18
644272,0,2,5,6,3,0,4,54,1,262,1,2,1,2,13,WS3
644272,1,2,5,6,3,0,4,28,2,232,1,3,0,2,13,WS3
968382,0,4,5,2,3,2,4,26,1,280,1,2,1,2,13,WS3
789216,0,5,3,2,4,3,4,40,2,242,1,3,1,2,13,B31
789216,1,5,3,2,4,3,4,39,1,201,1,3,0,2,13,B31
241594,0,4,3,3,3,2,3,37,1,271,5,3,1,2,13,OL12
241594,1,4,3,3,3,2,3,40,2,285,5,3,0,2,13,OL12
671003,0,7,3,3,0,3,4,41,1,0,6,2,1,4,6,B26
671003,1,7,3,3,0,3,4,46,2,0,6,3,0,4,6,B26
497439,0,4,3,3,2,2,3,38,2,249,5,3,1,2,12,OL16
497439,1,4,3,3,2,2,3,38,1,261,5,3,0,2,12,OL16
880186,0,3,6,2,0,1,4,27,1,218,3,2,1,2,4,B21
340395,0,4,4,4,2,2,3,43,2,0,99,0,1,2,13,WA3
340395,1,4,4,4,2,2,3,14,2,0,99,0,0,2,13,WA3
90472,0,3,4,2,5,1,3,32,2,280,1,2,1,2,4,BL1
847857,0,5,3,2,8,3,4,41,1,291,1,2,1,2,12,B67
847857,1,5,3,2,8,3,4,43,2,404,1,2,0,2,12,B67
46663,0,3,3,4,6,1,3,36,1,299,1,2,1,2,4,M24
206788,0,5,3,3,7,2,4,63,1,350,1,3,1,3,12,B14
206788,5,5,3,3,7,2,4,34,2,301,1,2,0,3,12,B14
206788,6,5,3,3,7,2,4,33,1,299,1,2,0,3,12,B14
626926,0,3,3,2,0,1,4,37,1,240,4,3,1,2,9,B70
626926,1,3,3,2,0,1,4,38,2,0,4,3,0,2,9,B70
687888,0,4,4,1,0,0,4,34,2,257,0,3,1,4,9,B11
876699,0,3,1,2,7,1,4,38,1,0,1,3,1,2,10,B30
876699,1,3,1,2,7,1,4,40,2,0,1,3,0,2,10,B30
407634,0,1,5,1,0,0,4,31,1,0,99,0,1,1,11,B10
318709,0,1,3,7,0,0,4,68,1,208,1,3,1,1,13,WS2
173788,0,5,4,3,1,2,4,43,1,0,5,3,1,3,9,B11
173788,2,5,4,3,1,2,4,20,1,0,5,3,0,3,9,B11
834240,0,2,3,1,7,0,4,39,1,210,1,3,1,2,13,WS3
834240,1,2,3,1,7,0,4,39,2,258,1,3,0,2,13,WS3
404278,0,4,5,4,1,1,4,43,2,257,5,2,1,3,9,B20
404278,1,4,5,4,1,1,4,46,1,233,5,2,0,3,9,B20
785142,0,1,3,7,2,0,4,65,2,268,1,2,1,1,12,B26
995157,0,9,4,2,2,6,4,39,2,395,5,3,1,3,13,B10
995157,1,9,4,2,2,6,4,62,1,266,5,1,0,3,13,B10
995157,2,9,4,2,2,6,4,35,1,197,5,1,0,3,13,B10
995157,3,9,4,2,2,6,4,14,1,0,5,4,0,3,13,B10
581150,0,1,5,1,1,0,3,44,2,219,1,2,1,1,0,OL4
578188,0,3,1,2,5,1,3,31,2,0,1,4,1,2,12,OL1
578188,1,3,1,2,5,1,3,29,1,0,1,4,0,2,12,OL1
461143,0,5,1,5,8,0,4,50,2,0,99,0,1,5,13,B24
461143,1,5,1,5,8,0,4,47,2,0,99,0,0,5,13,B24
461143,2,5,1,5,8,0,4,24,2,0,99,0,0,5,13,B24
461143,3,5,1,5,8,0,4,23,1,0,99,0,0,5,13,B24
461143,4,5,1,5,8,0,4,46,1,0,99,0,0,5,13,B24
499973,0,2,5,6,0,0,4,48,1,0,1,2,1,2,2,B63
375120,0,3,4,5,2,0,4,48,1,208,6,2,1,3,13,B10
375120,1,3,4,5,2,0,4,59,2,215,6,1,0,3,13,B10
375120,2,3,4,5,2,0,4,20,2,169,6,4,0,3,13,B10
587072,0,1,4,1,2,0,4,35,1,227,0,3,1,1,3,B29
700876,0,3,4,3,0,2,3,35,1,257,5,2,1,1,11,OL10
87037,0,3,1,4,8,1,3,49,2,0,1,3,1,2,13,M33
87037,1,3,1,4,8,1,3,45,1,0,1,3,0,2,13,M33
848570,0,6,5,4,0,1,4,43,1,0,5,2,1,5,13,B13
848570,1,6,5,4,0,1,4,23,2,0,5,3,0,5,13,B13
848570,2,6,5,4,0,1,4,51,2,0,5,2,0,5,13,B13
848570,3,6,5,4,0,1,4,20,2,0,5,3,0,5,13,B13
554102,0,6,6,2,2,4,4,41,1,247,5,2,1,2,13,B13
554102,1,6,6,2,2,4,4,35,2,203,5,3,0,2,13,B13
408199,0,4,3,4,4,2,4,43,2,0,99,0,1,2,11,B13
96261,0,1,3,6,3,0,4,50,1,0,0,3,1,1,7,B24
566551,1,4,4,2,3,2,4,44,2,298,3,3,0,2,3,WS10
566551,2,4,4,2,3,2,4,15,2,0,3,1,0,2,3,WS10
588968,0,4,6,2,0,2,3,37,1,0,1,2,1,2,9,BL2
588968,1,4,6,2,0,2,3,59,2,0,1,2,0,2,9,BL2
475451,0,4,3,2,3,2,4,42,1,0,4,3,1,2,13,B65
475451,1,4,3,2,3,2,4,43,2,0,4,3,0,2,13,B65
917661,0,1,5,1,2,0,4,43,1,313,3,2,1,1,13,B66
355842,0,3,5,4,2,2,4,39,1,204,3,2,1,1,2,WS2
332187,0,5,3,3,5,3,3,33,1,342,1,2,1,2,9,BL2
332187,1,5,3,3,5,3,3,39,2,289,1,2,0,2,9,BL2
574846,0,3,3,4,6,1,3,44,1,270,1,2,1,2,13,OL12
574846,1,3,3,4,6,1,3,25,1,0,1,3,0,2,13,OL12
690171,0,4,4,4,0,1,4,45,1,0,1,2,1,3,13,B26
690171,1,4,4,4,0,1,4,47,2,0,1,2,0,3,13,B26
773054,0,4,3,3,2,2,4,40,1,0,1,1,1,2,3,B33
204935,0,3,5,4,2,1,4,45,1,226,1,2,1,2,13,DY1
204935,1,3,5,4,2,1,4,22,2,341,1,2,0,2,13,DY1
675621,0,4,1,3,8,2,4,38,2,219,1,3,1,2,13,B92
675621,1,4,1,3,8,2,4,40,1,508,1,3,0,2,13,B92
3619,0,2,6,6,2,0,4,48,1,372,1,2,1,2,13,B70
3619,1,2,6,6,2,0,4,43,1,292,1,2,0,2,13,B70
900957,0,1,1,6,4,0,4,50,1,334,1,3,1,1,13,B76
24410,0,3,3,5,4,0,4,55,2,331,1,2,1,3,12,B44
24410,1,3,3,5,4,0,4,60,1,273,1,2,0,3,12,B44
24410,2,3,3,5,4,0,4,19,2,207,1,2,0,3,12,B44
587854,0,1,4,6,3,0,3,49,2,0,1,2,1,1,12,M26
568257,0,3,1,2,5,1,3,28,1,244,5,3,1,2,13,OL16
568257,1,3,1,2,5,1,3,34,2,252,5,3,0,2,13,OL16
284890,0,4,4,3,5,2,4,41,1,243,3,3,1,2,11,B24
284890,1,4,4,3,5,2,4,42,2,290,3,3,0,2,11,B24
263466,0,2,5,7,3,0,3,76,2,211,1,2,1,2,13,WA3
263466,1,2,5,7,3,0,3,76,1,212,1,2,0,2,13,WA3
134615,0,5,5,2,2,3,3,37,1,312,13,2,1,2,11,M24
4223,0,3,3,2,8,1,3,33,1,0,1,3,1,2,6,M44
4223,1,3,3,2,8,1,3,40,2,0,1,2,0,2,6,M44
992064,0,4,3,2,5,2,4,34,1,247,3,3,1,2,12,B11
992064,1,4,3,2,5,2,4,36,2,252,3,3,0,2,12,B11
767796,0,3,3,4,2,1,4,36,1,0,1,2,1,2,11,WS9
767796,1,3,3,4,2,1,4,39,2,0,1,2,0,2,11,WS9
683078,0,5,5,4,2,1,4,25,1,246,4,3,1,4,3,B21
173782,0,1,3,1,2,0,4,43,2,204,0,2,1,1,13,B73
125543,0,3,4,3,3,1,4,28,1,0,1,2,1,2,13,DY2
125543,1,3,4,3,3,1,4,28,2,0,1,2,0,2,13,DY2
657373,0,1,4,1,1,0,4,35,1,203,1,3,1,1,3,B24
859563,0,3,1,3,5,1,4,45,1,0,1,3,1,2,13,B32
380756,0,4,4,5,2,0,4,50,2,264,5,3,1,4,12,B28
380756,1,4,4,5,2,0,4,84,1,261,5,1,0,4,12,B28
834137,0,1,3,7,2,0,4,70,2,262,1,3,1,1,11,B45
727380,0,7,3,2,2,2,3,27,1,200,4,3,1,5,11,BL1
727380,1,7,3,2,2,2,3,52,2,230,4,3,0,5,11,BL1
727380,2,7,3,2,2,2,3,54,1,280,4,3,0,5,11,BL1
727380,3,7,3,2,2,2,3,21,1,225,4,4,0,5,11,BL1
977928,0,4,3,4,3,3,3,44,1,259,13,2,1,1,12,M5
977928,1,4,3,4,3,3,3,14,1,0,13,4,0,1,12,M5
686363,0,4,3,2,7,2,4,39,2,252,6,3,1,2,10,B44
131821,0,3,3,2,6,1,4,39,2,0,0,3,1,2,13,B44
131821,1,3,3,2,6,1,4,39,2,0,0,3,0,2,13,B44
769883,0,3,1,2,8,1,4,37,1,325,4,3,1,2,0,B68
424360,1,3,5,2,4,1,4,24,1,0,5,2,0,2,2,B9
834739,0,4,3,5,0,0,4,67,1,0,0,3,1,4,12,B72
931054,0,2,4,3,2,1,4,30,1,226,3,3,1,1,6,B70
79693,0,3,3,1,3,0,4,27,1,228,1,4,1,3,12,B19
79693,1,3,3,1,3,0,4,31,2,222,1,4,0,3,12,B19
79693,2,3,3,1,3,0,4,18,1,238,1,4,0,3,12,B19
602745,0,1,3,6,2,0,3,51,1,238,1,2,1,1,9,OL16
839130,0,4,3,4,6,1,4,36,1,195,1,3,1,3,1,DY3
321966,0,3,3,2,6,1,3,30,1,251,4,3,1,2,5,M14
321966,1,3,3,2,6,1,3,33,2,231,4,3,0,2,5,M14
519797,1,5,1,2,4,3,4,47,2,303,16,3,0,2,1,B17
874926,0,4,3,2,4,2,4,42,2,202,3,3,1,2,9,WV14
874926,1,4,3,2,4,2,4,30,1,314,3,3,0,2,9,WV14
482159,0,4,3,2,4,2,4,41,1,260,5,3,1,2,13,B17
482159,1,4,3,2,4,2,4,44,2,250,5,3,0,2,13,B17
519822,0,8,5,2,1,5,4,42,2,0,5,2,1,3,7,B19
519822,1,8,5,2,1,5,4,72,1,0,5,1,0,3,7,B19
519822,2,8,5,2,1,5,4,38,1,0,5,1,0,3,7,B19
18789,0,3,1,2,6,1,4,38,1,326,1,3,1,2,12,WV14
18789,1,3,1,2,6,1,4,38,2,0,1,3,0,2,12,WV14
188830,0,7,3,2,3,3,4,40,2,0,5,3,1,4,3,B11
387948,0,2,4,1,3,0,3,33,1,237,1,3,1,2,12,BL3
387948,1,2,4,1,3,0,3,36,2,0,1,2,0,2,12,BL3
192849,0,1,1,6,5,0,3,54,2,231,1,3,1,1,13,M23
880198,0,3,3,5,6,0,3,58,2,204,1,2,1,3,13,M26
880198,1,3,3,5,6,0,3,57,1,215,1,3,0,3,13,M26
853568,0,4,3,3,3,2,4,36,2,285,5,3,1,2,13,B36
853568,1,4,3,3,3,2,4,32,1,291,5,3,0,2,13,B36
696849,0,2,3,6,6,0,3,61,2,286,2,2,1,2,13,OL2
696849,1,2,3,6,6,0,3,65,1,342,2,2,0,2,13,OL2
144801,0,5,4,3,1,2,4,36,1,366,6,2,1,3,10,B19
144801,1,5,4,3,1,2,4,43,2,216,6,3,0,3,10,B19
680629,0,3,4,2,4,1,4,39,2,243,7,3,1,2,0,B5
124111,0,3,1,2,7,1,3,39,1,195,1,3,1,2,12,M26
124111,1,3,1,2,7,1,3,38,2,303,1,2,0,2,12,M26
133193,0,1,1,1,0,0,3,33,1,223,5,3,1,1,8,M5
423216,0,5,1,2,8,3,4,40,1,236,99,3,1,2,11,B13
423216,1,5,1,2,8,3,4,41,2,318,99,3,0,2,11,B13
97087,0,4,4,2,4,2,3,32,1,0,1,2,1,2,2,M26
696652,0,2,6,1,2,0,4,32,1,0,1,3,1,2,4,B31
696652,1,2,6,1,2,0,4,65,1,0,1,2,0,2,4,B31
827345,0,4,5,5,2,0,4,48,1,226,1,3,1,4,13,B32
827345,1,4,5,5,2,0,4,55,2,226,1,2,0,4,13,B32
827345,2,4,5,5,2,0,4,20,2,209,1,3,0,4,13,B32
827345,3,4,5,5,2,0,4,18,2,223,1,2,0,4,13,B32
465490,0,3,4,5,8,0,4,61,1,362,1,2,1,3,13,WS9
465490,1,3,4,5,8,0,4,64,2,339,1,2,0,3,13,WS9
612299,0,5,1,2,4,3,4,35,1,303,1,3,1,2,1,B98
33756,0,10,6,4,1,2,3,49,1,0,99,0,1,8,1,BL3
316848,0,2,3,6,4,0,4,49,2,362,0,4,1,2,7,B24
316848,1,2,3,6,4,0,4,49,2,390,0,4,0,2,7,B24
411594,0,10,5,3,2,2,3,43,2,0,99,0,1,8,1,BL3
557353,0,1,1,1,5,0,4,32,1,0,15,3,1,1,6,B98
15967,0,4,5,4,7,1,4,44,2,284,1,2,1,3,13,DY1
15967,1,4,5,4,7,1,4,40,1,244,1,4,0,3,13,DY1
300172,0,3,6,2,2,2,4,34,1,261,1,2,1,1,3,B67
678243,0,3,4,3,7,1,3,35,1,0,1,3,1,2,9,OL11
678243,2,3,4,3,7,1,3,33,2,0,1,3,0,2,9,OL11
879357,0,3,6,2,2,1,3,29,1,283,3,3,1,2,12,M8
879357,1,3,6,2,2,1,3,36,2,239,3,3,0,2,12,M8
203711,0,1,4,7,2,0,3,69,1,274,1,2,1,1,13,M6
876629,0,3,5,4,3,1,4,52,2,327,1,2,1,2,8,DY4
876629,1,3,5,4,3,1,4,54,1,0,1,3,0,2,8,DY4
876629,2,3,5,4,3,1,4,15,2,0,1,4,0,2,8,DY4
499554,0,3,1,2,6,1,4,36,1,273,4,3,1,2,8,B17
499554,1,3,1,2,6,1,4,40,2,295,4,3,0,2,8,B17
518692,0,5,4,2,0,2,3,48,1,289,1,3,1,3,13,M27
518692,1,5,4,2,0,2,3,51,2,251,1,3,0,3,13,M27
518692,4,5,4,2,0,2,3,74,1,294,1,2,0,3,13,M27
175420,0,4,3,5,0,0,4,58,1,0,1,2,1,4,0,B28
152902,0,2,4,1,2,0,3,29,1,0,0,3,1,2,3,M15
152902,1,2,4,1,2,0,3,33,2,0,0,1,0,2,3,M15
522096,0,3,1,2,6,2,4,45,1,0,1,3,1,1,3,B32
96890,0,5,1,2,7,3,4,35,1,274,1,3,1,2,13,B90
96890,1,5,1,2,7,3,4,37,2,204,1,2,0,2,13,B90
578637,0,1,5,1,0,0,4,29,2,0,1,4,1,1,13,B33
373317,0,3,3,4,8,1,4,51,1,272,1,3,1,2,13,WS9
261519,0,3,3,5,4,0,3,60,1,0,1,2,1,3,13,OL8
261519,1,3,3,5,4,0,3,65,2,0,1,2,0,3,13,OL8
200046,0,2,4,6,2,0,3,53,1,447,1,2,1,2,13,M28
200046,1,2,4,6,2,0,3,66,2,452,1,2,0,2,13,M28
809533,0,2,1,6,7,0,3,60,2,335,3,3,1,2,13,M8
947763,0,5,6,2,3,3,3,38,2,241,1,3,1,2,8,OL4
947763,1,5,6,2,3,3,3,32,1,261,1,3,0,2,8,OL4
571771,0,1,3,1,3,0,3,39,1,455,1,3,1,1,13,OL8
819903,0,1,4,6,6,0,3,45,1,456,12,2,1,1,10,M19
326980,0,2,6,1,0,0,3,40,2,0,1,2,1,2,0,BL3
615197,0,3,4,4,1,1,4,52,1,0,99,3,1,2,13,B67
615197,1,3,4,4,1,1,4,16,2,0,99,4,0,2,13,B67
745768,0,3,5,5,4,0,3,56,2,244,1,2,1,3,13,BL3
745768,1,3,5,5,4,0,3,59,1,249,1,2,0,3,13,BL3
323031,0,3,5,3,3,1,4,35,1,185,3,3,1,2,13,B33
323031,1,3,5,3,3,1,4,34,2,257,3,2,0,2,13,B33
15583,0,3,1,2,6,1,4,30,1,208,1,3,1,2,13,B31
15583,1,3,1,2,6,1,4,38,2,266,1,3,0,2,13,B31
946025,0,7,4,2,4,2,4,31,2,338,4,3,1,5,1,B11
460135,0,2,5,1,2,0,3,36,1,241,3,1,1,2,10,M8
460135,1,2,5,1,2,0,3,42,2,271,3,3,0,2,10,M8
647263,0,1,3,6,2,0,3,64,1,230,1,3,1,1,12,M16
692212,0,1,3,6,8,0,4,54,1,252,4,2,1,1,0,B62
322217,0,4,3,3,4,3,4,41,1,330,1,3,1,1,12,WS9
235574,0,3,5,5,4,0,3,47,2,255,1,2,1,3,13,BL5
235574,1,3,5,5,4,0,3,20,1,215,1,4,0,3,13,BL5
829863,0,1,3,1,3,0,3,23,1,486,5,3,1,1,3,OL4
120388,0,2,3,7,3,0,3,67,1,213,1,2,1,2,13,OL6
120388,1,2,3,7,3,0,3,68,2,296,1,1,0,2,13,OL6
71609,0,4,3,2,3,2,4,37,1,0,1,3,1,2,9,B32
71609,1,4,3,2,3,2,4,38,2,0,1,3,0,2,9,B32
236509,0,2,5,7,3,0,3,69,1,233,1,1,1,2,13,BL6
302196,0,3,4,2,6,1,4,36,1,0,1,3,1,2,13,B35
302196,1,3,4,2,6,1,4,34,2,0,1,1,0,2,13,B35
287939,0,1,5,7,2,0,4,71,1,584,1,3,1,1,4,B8
13022,0,3,4,2,5,1,3,34,2,259,4,3,1,2,11,M16
13022,1,3,4,2,5,1,3,30,1,215,4,3,0,2,11,M16
673983,0,2,1,6,4,0,4,48,1,267,1,3,1,2,13,B26
673983,1,2,1,6,4,0,4,56,2,207,1,3,0,2,13,B26
176466,0,3,1,2,0,1,3,35,2,198,0,3,1,2,0,M22
941611,0,1,3,1,3,0,3,34,1,320,3,3,1,1,8,M22
24152,1,4,3,1,8,0,3,25,2,307,1,2,0,4,1,BL9
910444,0,4,4,3,8,2,4,38,1,278,1,2,1,2,8,B32
910444,2,4,4,3,8,2,4,43,2,280,1,1,0,2,8,B32
523141,0,1,5,1,3,0,4,32,1,221,3,3,1,1,13,B71
894032,0,2,4,7,4,0,3,68,2,0,1,2,1,2,6,M28
27583,0,3,5,5,0,0,4,46,1,368,3,3,1,3,12,B98
289080,0,1,3,1,2,0,4,37,1,342,3,4,1,1,5,B20
358050,0,3,4,2,4,2,3,32,1,244,3,3,1,1,1,M43
208989,0,4,5,4,5,1,4,47,2,236,3,3,1,3,7,WV14
122494,0,4,3,3,3,2,3,41,2,261,4,3,1,2,10,M16
122494,1,4,3,3,3,2,3,39,1,219,4,3,0,2,10,M16
416178,0,2,5,7,3,0,3,70,1,263,1,1,1,2,12,BL9
416178,1,2,5,7,3,0,3,35,1,307,1,2,0,2,12,BL9
560944,0,2,3,6,4,0,4,50,1,312,1,3,1,2,12,B98
560944,1,2,3,6,4,0,4,47,2,273,1,2,0,2,12,B98
513087,0,3,5,5,2,0,4,56,1,347,1,1,1,3,7,WS2
923753,0,1,6,6,1,0,3,59,1,388,14,1,1,1,10,M23
141732,0,1,5,1,2,0,4,36,2,182,0,3,1,1,1,B21
770557,0,1,5,1,5,0,4,38,2,271,3,3,1,1,7,B14
266015,0,3,3,2,3,1,4,35,2,0,1,1,1,2,13,B69
266015,1,3,3,2,3,1,4,32,1,0,1,1,0,2,13,B69
484358,0,3,3,4,2,1,4,36,2,280,9,3,1,2,11,B10
484358,1,3,3,4,2,1,4,33,1,260,9,3,0,2,11,B10
403667,0,4,1,2,7,2,4,38,1,0,1,3,1,2,8,B60
911545,0,3,5,2,6,1,3,31,1,258,13,3,1,2,13,M1
911545,1,3,5,2,6,1,3,34,2,0,13,3,0,2,13,M1
160387,0,1,5,1,0,0,4,32,1,235,3,3,1,1,1,B92
927024,0,2,3,1,2,0,3,32,1,271,3,2,1,2,11,BL1
927024,1,2,3,1,2,0,3,36,2,259,3,3,0,2,11,BL1
928270,0,2,6,7,0,0,4,74,2,224,1,2,1,2,13,B69
928270,1,2,6,7,0,0,4,73,1,0,1,2,0,2,13,B69
511625,0,2,4,1,0,0,3,36,2,223,4,3,1,2,11,OL2
511625,1,2,4,1,0,0,3,36,1,203,4,3,0,2,11,OL2
346646,0,1,5,6,2,0,4,61,2,304,1,2,1,1,1,B92
339370,0,3,6,3,3,2,4,51,1,0,1,3,1,1,12,WS2
339370,1,3,6,3,3,2,4,20,1,0,1,4,0,1,12,WS2
827730,0,4,6,3,2,3,3,34,1,389,1,1,1,1,11,OL12
827730,1,4,6,3,2,3,3,14,2,0,1,4,0,1,11,OL12
150673,0,2,3,6,0,0,4,45,1,329,1,3,1,2,9,WS3
150673,1,2,3,6,0,0,4,46,2,320,1,2,0,2,9,WS3
601994,0,2,3,6,3,0,3,59,2,207,1,2,1,2,13,M12
601994,1,2,3,6,3,0,3,59,1,254,1,3,0,2,13,M12
155591,0,1,4,1,3,0,3,24,2,0,13,4,1,1,7,M11
660737,0,2,3,7,4,0,4,69,1,273,1,1,1,2,13,B61
660737,1,2,3,7,4,0,4,51,1,245,1,2,0,2,13,B61
461767,0,4,5,1,3,0,4,44,1,287,3,3,1,4,11,B23
461767,1,4,5,1,3,0,4,50,2,272,3,3,0,4,11,B23
118032,0,3,1,2,5,1,3,34,1,0,0,3,1,2,10,M16
118032,1,3,1,2,5,1,3,41,2,0,0,3,0,2,10,M16
110965,0,2,3,6,5,0,3,45,1,0,1,3,1,2,13,BL3
110965,1,2,3,6,5,0,3,47,2,0,1,3,0,2,13,BL3
287751,0,1,5,6,2,0,3,54,2,0,99,2,1,1,8,M18
285743,0,2,1,7,8,0,4,66,1,0,1,2,1,2,13,B75
354052,0,1,6,6,1,0,4,61,1,388,1,2,1,1,13,WS4
888878,0,3,3,1,3,0,3,36,1,290,1,3,1,3,13,M19
888878,1,3,3,1,3,0,3,64,2,340,1,2,0,3,13,M19
888878,2,3,3,1,3,0,3,66,1,314,1,2,0,3,13,M19
506281,0,4,4,3,4,2,4,36,1,0,99,0,1,2,2,B98
964496,0,3,3,1,2,0,4,36,1,239,5,2,1,3,11,B18
964496,1,3,3,1,2,0,4,22,2,223,5,3,0,3,11,B18
964496,2,3,3,1,2,0,4,21,2,258,5,2,0,3,11,B18
980880,0,1,6,6,2,0,4,62,1,504,1,2,1,1,5,B68
955763,0,1,5,1,3,0,3,37,2,321,1,3,1,1,8,M6
201210,0,3,3,4,4,1,3,50,1,298,1,3,1,2,13,M27
201210,1,3,3,4,4,1,3,19,1,192,1,2,0,2,13,M27
331072,0,7,4,2,0,5,4,36,1,236,11,3,1,2,11,B67
331072,1,7,4,2,0,5,4,14,1,0,11,4,0,2,11,B67
226051,0,3,4,2,1,1,3,43,1,313,5,3,1,2,9,OL16
226051,1,3,4,2,1,1,3,41,2,244,5,3,0,2,9,OL16
370030,0,3,5,2,2,1,4,29,1,220,3,3,1,2,5,B46
382865,0,4,3,2,4,1,3,39,1,219,15,3,1,3,11,M35
382865,1,4,3,2,4,1,3,42,2,301,15,2,0,3,11,M35
382865,2,4,3,2,4,1,3,62,1,244,15,2,0,3,11,M35
721810,0,4,4,2,5,2,3,48,1,229,16,3,1,2,13,BL3
721810,1,4,4,2,5,2,3,47,2,287,16,3,0,2,13,BL3
134579,0,3,6,2,0,2,3,30,1,256,0,3,1,1,4,BL3
348821,0,6,5,2,2,3,4,39,1,252,1,3,1,3,3,WV14
897258,0,2,3,7,5,0,4,67,1,375,1,3,1,2,9,B62
406529,0,1,5,1,2,0,4,32,1,196,1,3,1,1,5,B1
922615,0,2,1,1,0,0,4,29,2,316,1,3,1,2,8,B1
922615,1,2,1,1,0,0,4,31,1,218,1,3,0,2,8,B1
213921,0,3,5,4,0,1,4,26,1,197,9,3,1,2,11,B1
374815,0,2,5,1,2,0,4,35,2,221,1,3,1,2,8,B1
374815,1,2,5,1,2,0,4,25,2,285,1,3,0,2,8,B1
552210,0,2,1,4,4,1,3,47,1,360,1,3,1,1,6,OL16
916268,0,3,1,2,0,1,3,31,1,215,13,3,1,2,1,OL8
118116,0,4,3,2,4,2,3,37,2,298,5,3,1,2,4,M14
355649,0,4,5,2,6,2,4,41,1,399,3,3,1,2,10,DY2
355649,1,4,5,2,6,2,4,52,2,324,3,3,0,2,10,DY2
286275,0,1,5,1,2,0,4,33,1,269,11,3,1,1,2,B21
173936,0,1,5,1,3,0,4,35,1,219,5,3,1,1,3,B29
233031,0,3,4,3,4,1,4,37,2,266,13,3,1,2,9,B42
233031,1,3,4,3,4,1,4,37,1,263,13,3,0,2,9,B42
777335,0,2,4,1,6,0,4,40,1,250,5,2,1,2,13,B14
777335,1,2,4,1,6,0,4,41,2,251,5,3,0,2,13,B14
157065,0,4,4,3,2,2,4,39,2,243,5,3,1,2,12,B6
157065,1,4,4,3,2,2,4,34,1,185,5,3,0,2,12,B6
399633,0,4,5,2,2,2,3,29,1,0,1,2,1,2,2,M33
16562,0,4,3,2,4,2,3,34,1,0,1,3,1,2,10,BL7
164296,0,3,3,2,3,2,4,40,1,192,12,3,1,1,13,B26
755703,0,1,5,1,3,0,4,33,1,204,99,3,1,1,2,B24
934485,0,1,3,6,3,0,3,47,2,280,99,2,1,1,12,M15
851878,0,3,4,2,4,1,3,43,2,258,99,3,1,2,13,OL8
851878,1,3,4,2,4,1,3,34,1,268,99,1,0,2,13,OL8
915492,0,2,6,7,2,0,4,70,2,296,99,1,1,2,12,WS2
939128,0,3,3,2,4,1,4,29,1,267,99,3,1,2,13,B37
939128,1,3,3,2,4,1,4,29,2,277,99,3,0,2,13,B37
758663,0,3,5,3,2,1,3,48,1,338,99,3,1,2,10,M43
758663,1,3,5,3,2,1,3,53,2,287,99,3,0,2,10,M43
390132,0,5,5,2,0,3,3,33,1,0,99,0,1,2,12,OL16
929213,0,4,1,3,6,2,4,38,1,264,1,3,1,2,13,B43
929213,1,4,1,3,6,2,4,36,2,333,1,2,0,2,13,B43
448686,0,2,6,1,1,0,3,42,2,241,99,1,1,2,13,OL8
448686,1,2,6,1,1,0,3,52,1,0,99,2,0,2,13,OL8
357452,0,3,3,3,3,1,4,36,1,294,99,3,1,2,7,B75
42757,0,2,3,4,3,1,3,49,1,0,2,2,1,1,8,OL9
270613,0,4,5,2,1,2,4,31,1,0,1,2,1,2,0,B29
270613,1,4,5,2,1,2,4,47,2,0,1,1,0,2,0,B29
596671,0,3,5,2,2,1,4,28,1,315,1,2,1,2,9,DY5
281014,0,1,1,1,8,0,3,38,2,216,4,3,1,1,2,M4
705487,0,6,1,3,0,2,4,46,2,0,0,3,1,4,12,B11
705487,1,6,1,3,0,2,4,43,1,0,0,2,0,4,12,B11
705487,2,6,1,3,0,2,4,20,2,0,0,3,0,4,12,B11
705487,3,6,1,3,0,2,4,19,2,0,0,2,0,4,12,B11
705487,4,6,1,3,0,2,4,14,1,0,0,4,0,4,12,B11
713611,0,5,6,2,2,2,3,42,1,326,16,3,1,3,8,M14
790743,0,4,5,5,3,0,3,51,1,313,1,3,1,4,7,BL6
790743,1,4,5,5,3,0,3,50,2,0,1,2,0,4,7,BL6
790743,3,4,5,5,3,0,3,22,1,0,1,2,0,4,7,BL6
227860,0,3,3,2,3,2,3,36,1,392,5,3,1,1,13,M33
747984,0,2,3,6,0,0,4,53,1,236,1,2,1,2,13,B98
874353,0,2,3,6,4,0,3,61,1,316,1,2,1,2,6,OL8
874353,1,2,3,6,4,0,3,25,2,237,1,3,0,2,6,OL8
442275,0,5,3,2,3,3,4,32,2,260,1,3,1,2,3,B28
442275,1,5,3,2,3,3,4,58,1,230,1,3,0,2,3,B28
707324,0,1,3,1,2,0,4,36,1,227,0,3,1,1,1,B24
766465,0,3,1,4,8,1,4,40,2,270,1,3,1,2,13,B78
766465,1,3,1,4,8,1,4,41,1,207,1,3,0,2,13,B78
437146,0,1,1,1,2,0,4,25,2,155,5,2,1,1,13,B21
525944,0,4,5,3,3,2,4,39,1,243,7,3,1,2,3,B72
525944,1,4,5,3,3,2,4,41,2,191,7,3,0,2,3,B72
369887,0,2,4,6,1,0,4,56,1,0,12,4,1,2,2,DY2
881178,0,1,3,1,3,0,4,23,1,197,4,3,1,1,1,B67
2163,0,3,4,2,6,1,3,34,1,255,3,3,1,2,9,OL12
502020,0,2,4,3,3,1,4,32,1,327,1,3,1,1,1,B44
623296,0,1,3,6,4,0,4,47,2,394,1,3,1,1,13,B13
641253,0,2,6,3,2,1,3,38,1,234,1,3,1,1,7,BL4
643400,0,2,5,1,5,0,3,41,1,308,1,3,1,2,11,OL4
643400,1,2,5,1,5,0,3,40,2,261,1,3,0,2,11,OL4
418793,0,4,3,2,8,2,3,42,1,314,1,3,1,2,9,M21
826292,0,6,3,2,5,1,4,62,1,331,1,3,1,5,10,B16
826292,1,6,3,2,5,1,4,63,2,286,1,3,0,5,10,B16
826292,2,6,3,2,5,1,4,28,2,0,1,2,0,5,10,B16
826292,3,6,3,2,5,1,4,30,1,0,1,3,0,5,10,B16
189438,0,2,3,6,4,0,4,55,1,223,1,2,1,2,10,WS1
426781,0,6,3,3,5,3,4,40,1,0,4,2,1,3,13,CV7
426781,2,6,3,3,5,3,4,19,2,0,4,4,0,3,13,CV7
766976,0,3,1,2,0,1,3,32,2,291,4,3,1,2,13,M4
766976,1,3,1,2,0,1,3,26,1,299,4,3,0,2,13,M4
280687,0,4,3,5,3,0,4,51,1,340,1,3,1,4,11,B63
280687,1,4,3,5,3,0,4,50,2,304,1,1,0,4,11,B63
669677,0,4,3,2,5,2,4,40,1,326,1,3,1,2,5,WS1
669677,1,4,3,2,5,2,4,37,2,226,1,3,0,2,5,WS1
289098,0,5,1,3,8,3,4,44,1,312,1,3,1,2,13,B91
289098,1,5,1,3,8,3,4,43,2,261,1,3,0,2,13,B91
80325,0,5,5,2,0,3,3,38,1,243,5,3,1,2,3,BL3
80325,1,5,5,2,0,3,3,41,2,278,5,3,0,2,3,BL3
877176,2,4,3,1,3,0,4,64,2,210,1,3,0,4,1,B27
600974,0,4,4,2,5,2,4,38,2,295,1,3,1,2,13,B75
600974,1,4,4,2,5,2,4,38,1,0,1,3,0,2,13,B75
944479,0,4,5,3,2,1,4,44,1,0,1,3,1,3,9,B42
240930,0,4,5,2,3,3,3,31,1,391,5,3,1,1,10,OL11
776203,0,3,1,5,0,0,4,68,1,352,1,2,1,3,13,WV13
776203,1,3,1,5,0,0,4,70,2,0,1,3,0,3,13,WV13
776203,2,3,1,5,0,0,4,41,2,0,1,3,0,3,13,WV13
914511,0,4,3,3,3,2,4,33,1,336,1,3,1,2,8,B65
914511,1,4,3,3,3,2,4,33,2,374,1,2,0,2,8,B65
776594,0,1,3,6,2,0,3,49,1,248,1,3,1,1,13,M24
296130,0,5,3,3,0,3,4,35,1,287,0,2,1,2,3,B98
296130,1,5,3,3,0,3,4,36,2,0,0,2,0,2,3,B98
286108,0,1,1,6,5,0,3,59,1,253,1,3,1,1,9,M27
50050,0,1,3,6,2,0,3,58,2,265,1,3,1,1,13,OL4
545129,0,1,3,6,3,0,3,59,2,301,1,3,1,1,12,OL6
257248,0,2,1,4,3,1,3,41,1,0,1,3,1,1,9,BL8
993076,0,3,3,2,6,1,3,24,1,258,8,3,1,2,11,OL4
993076,1,3,3,2,6,1,3,54,1,0,8,3,0,2,11,OL4
341578,0,2,3,1,4,0,4,34,1,311,6,2,1,2,5,B70
341578,1,2,3,1,4,0,4,31,2,0,6,2,0,2,5,B70
330138,0,5,5,2,3,2,4,37,1,204,1,2,1,3,11,WS10
330138,1,5,5,2,3,2,4,25,2,232,1,2,0,3,11,WS10
534705,0,3,3,5,5,0,4,62,1,247,15,3,1,3,12,B98
534705,2,3,3,5,5,0,4,25,2,0,15,3,0,3,12,B98
161820,0,3,3,2,6,1,4,29,1,257,1,3,1,2,13,DY2
161820,1,3,3,2,6,1,4,40,2,235,1,3,0,2,13,DY2
629059,0,1,3,6,3,0,3,45,1,268,1,3,1,1,10,SK4
78357,0,4,3,4,6,1,3,43,1,249,1,3,1,3,13,BL2
562469,0,3,1,5,5,0,3,52,1,0,1,2,1,3,12,BL2
562469,1,3,1,5,5,0,3,58,2,0,1,2,0,3,12,BL2
562469,2,3,1,5,5,0,3,18,2,0,1,3,0,3,12,BL2
730721,0,4,3,4,2,2,4,38,2,266,5,3,1,2,10,B32
730721,1,4,3,4,2,2,4,38,2,291,5,3,0,2,10,B32
601542,0,7,4,5,1,0,3,48,1,214,4,3,1,7,1,BL3
962768,0,5,5,5,2,0,4,59,1,0,1,2,1,5,13,B36
962768,1,5,5,5,2,0,4,61,2,0,1,2,0,5,13,B36
962768,3,5,5,5,2,0,4,21,1,0,1,3,0,5,13,B36
962768,4,5,5,5,2,0,4,18,1,0,1,3,0,5,13,B36
608310,0,1,5,1,5,0,4,29,1,254,13,3,1,1,8,B1
936968,0,1,5,6,2,0,3,45,2,261,1,2,1,1,7,OL6
496046,0,5,4,3,0,3,4,37,1,0,5,3,1,2,8,B28
496046,1,5,4,3,0,3,4,39,2,0,5,3,0,2,8,B28
304542,0,2,6,7,3,0,3,73,1,0,99,0,1,2,13,OL12
304542,1,2,6,7,3,0,3,76,2,0,99,0,0,2,13,OL12
474081,0,5,3,3,5,2,4,43,2,369,5,3,1,3,8,B11
724460,0,3,3,2,4,1,4,34,2,0,0,1,1,2,8,B20
724460,1,3,3,2,4,1,4,31,1,0,0,2,0,2,8,B20
669157,0,4,3,1,6,0,4,44,2,246,1,2,1,4,13,B61
669157,1,4,3,1,6,0,4,43,1,195,1,2,0,4,13,B61
574152,0,2,4,6,6,0,4,62,1,355,1,2,1,2,5,B63
995590,0,3,3,3,0,1,3,42,2,324,7,3,1,2,12,OL8
995590,1,3,3,3,0,1,3,42,1,257,7,3,0,2,12,OL8
313235,0,4,5,5,5,0,4,53,1,269,1,2,1,4,13,B65
313235,1,4,5,5,5,0,4,54,2,306,1,2,0,4,13,B65
72647,0,4,6,4,3,1,4,47,1,165,3,3,1,3,12,B17
72647,1,4,6,4,3,1,4,19,1,205,3,4,0,3,12,B17
799858,0,2,1,6,8,0,3,56,2,185,15,3,1,2,13,M4
799858,1,2,1,6,8,0,3,44,2,133,15,3,0,2,13,M4
734690,0,4,4,2,3,2,3,42,1,271,1,3,1,2,4,M40
734690,1,4,4,2,3,2,3,42,2,388,1,3,0,2,4,M40
874330,1,4,5,2,3,2,4,44,2,260,1,3,0,2,10,B92
199430,0,4,1,4,5,1,3,44,1,278,1,2,1,3,6,OL8
199430,1,4,1,4,5,1,3,39,2,228,1,2,0,3,6,OL8
135743,0,2,5,7,3,0,4,86,1,234,1,2,1,2,11,B30
135743,1,2,5,7,3,0,4,56,1,243,1,2,0,2,11,B30
833116,0,3,3,5,5,0,3,46,1,462,1,2,1,3,13,BL8
833116,1,3,3,5,5,0,3,46,2,289,1,2,0,3,13,BL8
833116,2,3,3,5,5,0,3,19,2,218,1,3,0,3,13,BL8
951397,0,2,3,1,6,0,4,37,2,265,4,3,1,2,1,DY9
951397,1,2,3,1,6,0,4,38,1,248,4,3,0,2,1,DY9
81569,0,2,3,3,1,1,4,29,1,304,3,3,1,1,13,DY1
932518,0,2,6,6,2,0,3,49,1,234,1,2,1,2,12,M40
932518,1,2,6,6,2,0,3,19,1,186,1,3,0,2,12,M40
613371,0,2,5,6,3,0,4,54,1,0,1,3,1,2,13,B43
613371,1,2,5,6,3,0,4,52,2,0,1,2,0,2,13,B43
515607,0,5,5,4,2,1,3,43,1,255,3,3,1,4,11,M21
515607,2,5,5,4,2,1,3,38,2,270,3,3,0,4,11,M21
515607,3,5,5,4,2,1,3,20,1,256,3,3,0,4,11,M21
964517,0,4,3,5,8,0,3,45,1,273,3,3,1,4,13,M26
964517,1,4,3,5,8,0,3,45,2,216,3,3,0,4,13,M26
519946,0,4,3,4,7,1,4,49,2,279,5,3,1,3,7,WS5
519946,1,4,3,4,7,1,4,37,1,176,5,3,0,3,7,WS5
338034,0,4,5,4,0,2,4,46,1,230,15,3,1,2,12,B92
338034,1,4,5,4,0,2,4,46,2,241,15,2,0,2,12,B92
88340,0,4,1,4,6,2,3,40,1,276,1,3,1,2,12,M28
88340,1,4,1,4,6,2,3,42,2,221,1,3,0,2,12,M28
768898,0,7,3,2,6,1,4,41,1,340,12,3,1,6,9,WS2
768898,1,7,3,2,6,1,4,42,2,305,12,3,0,6,9,WS2
385003,0,3,1,5,5,0,3,50,1,278,1,3,1,3,4,OL2
163248,0,4,1,4,8,1,4,49,1,257,1,3,1,3,13,B30
163248,1,4,1,4,8,1,4,49,2,270,1,3,0,3,13,B30
163248,2,4,1,4,8,1,4,19,2,0,1,3,0,3,13,B30
298687,0,2,5,6,5,0,4,51,1,189,3,3,1,2,13,DY2
298687,1,2,5,6,5,0,4,45,2,0,3,3,0,2,13,DY2
874662,0,1,3,6,3,0,4,60,1,216,99,2,1,1,12,B61
717775,0,2,5,3,2,1,3,30,1,501,1,2,1,1,2,M26
173035,0,4,1,4,6,2,3,44,2,250,1,3,1,2,13,OL11
173035,1,4,1,4,6,2,3,34,1,258,1,2,0,2,13,OL11
910020,0,4,5,2,6,2,4,35,1,237,1,3,1,2,1,B46
413937,0,7,3,2,1,6,3,42,1,333,13,2,1,1,11,BL3
413937,1,7,3,2,1,6,3,14,1,0,13,1,0,1,11,BL3
404870,0,2,6,1,1,0,4,40,1,331,1,2,1,2,3,WS3
404870,1,2,6,1,1,0,4,57,2,253,1,1,0,2,3,WS3
462847,0,4,3,2,0,1,3,31,1,222,5,3,1,3,1,OL12
335630,0,3,3,2,0,1,4,22,1,141,0,2,1,2,7,B78
640104,0,4,3,4,8,1,3,46,1,0,1,2,1,3,13,OL3
640104,1,4,3,4,8,1,3,51,2,0,1,3,0,3,13,OL3
258223,0,1,4,1,3,0,3,42,2,249,5,1,1,1,2,OL11
177309,0,3,3,1,2,0,4,19,1,0,0,4,1,3,1,B64
177309,2,3,3,1,2,0,4,22,2,0,0,4,0,3,1,B64
395874,0,3,1,2,8,1,3,34,2,265,15,3,1,2,12,M33
395874,1,3,1,2,8,1,3,34,1,309,15,3,0,2,12,M33
150233,0,1,3,1,3,0,4,37,1,336,2,3,1,1,6,B29
538597,0,3,3,5,7,0,4,51,1,263,1,3,1,3,8,B75
538597,1,3,3,5,7,0,4,51,2,248,1,3,0,3,8,B75
538597,2,3,3,5,7,0,4,16,1,0,1,4,0,3,8,B75
42942,0,2,5,1,2,0,3,44,2,202,15,3,1,2,13,M23
42942,1,2,5,1,2,0,3,66,1,327,15,2,0,2,13,M23
567014,0,3,3,2,7,1,4,36,1,325,1,2,1,2,1,B62
587406,0,2,5,6,4,0,4,55,1,307,1,2,1,2,12,B71
227093,0,4,4,1,6,0,4,22,2,188,4,3,1,4,10,WS1
227093,1,4,4,1,6,0,4,53,2,295,4,2,0,4,10,WS1
227093,2,4,4,1,6,0,4,55,1,314,4,2,0,4,10,WS1
315433,0,2,3,7,2,0,3,65,1,291,1,2,1,2,11,OL9
256166,0,2,3,1,4,0,4,27,1,230,1,2,1,2,13,WV14
256166,1,2,3,1,4,0,4,27,2,263,1,2,0,2,13,WV14
445335,0,1,3,6,5,0,3,57,1,252,1,3,1,1,13,BL3
379286,0,2,3,1,2,0,4,39,1,291,1,3,1,2,1,B34
100256,0,2,5,6,3,0,3,59,2,293,1,2,1,2,13,OL15
100256,1,2,5,6,3,0,3,66,1,212,1,2,0,2,13,OL15
639677,0,3,3,1,0,0,4,32,1,324,4,3,1,3,12,B91
639677,1,3,3,1,0,0,4,68,1,212,4,2,0,3,12,B91
639677,2,3,3,1,0,0,4,67,2,192,4,3,0,3,12,B91
737306,0,3,1,3,7,1,4,48,1,205,6,3,1,2,11,B43
105682,0,3,6,5,0,0,3,51,1,333,1,1,1,3,12,M23
105682,1,3,6,5,0,0,3,57,2,285,1,1,0,3,12,M23
105682,2,3,6,5,0,0,3,23,1,219,1,2,0,3,12,M23
384783,0,4,5,4,7,2,4,41,1,0,1,3,1,2,3,B78
771422,0,3,4,1,3,0,4,37,1,208,1,2,1,3,5,B34
227861,0,2,3,2,3,1,4,32,1,0,12,3,1,1,13,B20
313075,0,2,3,1,7,0,4,39,1,246,0,3,1,2,8,B23
313075,1,2,3,1,7,0,4,33,2,227,0,3,0,2,8,B23
89722,0,1,6,1,2,0,4,41,1,0,1,3,1,1,3,B68
679851,0,4,3,3,2,3,4,41,1,279,12,3,1,1,5,B24
599594,0,6,1,4,6,1,3,48,2,285,1,3,1,5,1,M30
126895,0,3,3,2,5,1,3,33,1,252,0,3,1,2,2,BL4
126895,1,3,3,2,5,1,3,33,2,270,0,3,0,2,2,BL4
503842,0,1,3,1,6,0,3,26,2,227,3,3,1,1,11,M1
466447,0,2,5,1,1,0,3,26,1,171,5,3,1,2,8,M8
466447,1,2,5,1,1,0,3,34,1,222,5,3,0,2,8,M8
387393,0,3,5,2,7,1,4,30,1,291,1,3,1,2,12,B62
387393,1,3,5,2,7,1,4,30,2,374,1,2,0,2,12,B62
485824,0,2,5,6,0,0,4,52,1,200,15,3,1,2,12,WS10
485824,1,2,5,6,0,0,4,53,2,186,15,2,0,2,12,WS10
547049,0,2,5,1,7,0,3,35,1,0,0,2,1,2,9,WN1
687201,0,4,5,5,2,0,3,58,1,279,1,2,1,4,11,M8
687201,1,4,5,5,2,0,3,26,2,166,1,3,0,4,11,M8
730475,0,4,3,2,0,2,4,28,1,0,1,3,1,2,1,B37
487296,0,2,3,6,2,0,4,46,2,289,1,3,1,2,10,B60
487296,1,2,3,6,2,0,4,19,2,162,1,2,0,2,10,B60
981199,0,3,3,2,0,1,3,33,1,348,1,2,1,2,12,WA3
981199,1,3,3,2,0,1,3,38,2,374,1,2,0,2,12,WA3
616929,0,5,6,4,4,1,3,50,1,529,1,3,1,4,10,M7
616929,1,5,6,4,4,1,3,18,1,263,1,2,0,4,10,M7
616929,2,5,6,4,4,1,3,18,1,279,1,2,0,4,10,M7
616929,4,5,6,4,4,1,3,74,1,318,1,3,0,4,10,M7
419630,0,4,4,5,6,0,3,47,1,285,1,2,1,4,7,M44
419630,2,4,4,5,6,0,3,20,2,163,1,2,0,4,7,M44
775223,0,2,3,7,3,0,4,73,1,244,1,2,1,2,10,B23
805691,0,6,5,3,4,3,3,43,1,0,99,0,1,3,2,M46
805691,2,6,5,3,4,3,3,24,2,0,99,0,0,3,2,M46
766490,0,1,3,1,5,0,4,34,1,271,8,3,1,1,9,B3
953505,0,4,4,2,4,2,3,32,1,235,1,3,1,2,1,M9
156080,0,1,6,1,2,0,4,23,1,258,1,3,1,1,1,B71
765725,0,1,6,1,1,0,4,40,2,321,1,3,1,1,4,DY4
905122,0,1,3,1,0,0,4,39,1,316,1,3,1,1,10,B65
910977,0,1,1,1,4,0,3,24,2,202,1,3,1,1,11,BL1
207643,0,3,3,5,4,0,4,49,1,0,99,0,1,3,1,B18
927825,0,2,3,1,5,0,4,27,2,0,1,3,1,2,13,WS2
927825,1,2,3,1,5,0,4,28,1,0,1,3,0,2,13,WS2
810888,6,9,4,5,2,0,3,26,2,0,99,0,0,9,1,BL3
985031,0,5,3,4,8,1,3,44,1,230,1,2,1,4,11,BL8
985031,1,5,3,4,8,1,3,54,2,232,1,3,0,4,11,BL8
985031,2,5,3,4,8,1,3,21,1,183,1,3,0,4,11,BL8
985031,3,5,3,4,8,1,3,18,1,156,1,4,0,4,11,BL8
919148,0,5,3,2,5,3,3,40,1,204,1,3,1,2,12,M43
694083,0,2,5,6,0,0,3,61,1,238,3,3,1,2,12,M26
694083,1,2,5,6,0,0,3,64,2,0,3,2,0,2,12,M26
884078,0,3,5,1,7,0,3,35,2,0,0,2,1,3,10,WN1
24944,0,1,3,1,5,0,3,40,1,300,1,3,1,1,12,M14
995313,0,2,3,6,3,0,4,54,1,0,1,2,1,2,10,B62
995313,1,2,3,6,3,0,4,58,1,0,1,2,0,2,10,B62
106893,0,2,5,1,7,0,3,35,1,0,10,2,1,2,8,WN1
783718,0,2,6,7,2,0,4,68,2,320,1,1,1,2,11,B44
783718,1,2,6,7,2,0,4,64,1,336,1,2,0,2,11,B44
960501,0,3,3,5,2,0,4,54,1,368,1,2,1,3,6,B98
458130,0,2,5,1,3,0,4,37,1,0,99,0,1,2,7,B62
662507,0,2,3,2,0,1,3,34,1,0,99,0,1,1,7,BL6
286344,0,2,6,7,2,0,3,70,2,322,1,1,1,2,11,BL9
286344,1,2,6,7,2,0,3,72,1,263,1,1,0,2,11,BL9
944680,0,3,4,2,5,1,4,31,1,285,13,3,1,2,8,WS1
259796,0,3,3,3,5,1,3,51,1,264,10,3,1,2,6,M20
259796,1,3,3,3,5,1,3,72,1,255,10,2,0,2,6,M20
566140,0,1,5,1,2,0,3,25,1,291,1,3,1,1,2,WN1
297978,0,3,3,4,8,1,3,42,1,252,1,2,1,2,7,WA3
297978,1,3,3,4,8,1,3,42,2,250,1,2,0,2,7,WA3
778695,0,4,1,4,8,2,4,46,1,0,1,2,1,2,3,CV7
539074,0,2,3,6,4,0,3,51,1,0,1,3,1,2,10,M18
539074,1,2,3,6,4,0,3,51,1,0,1,3,0,2,10,M18
394723,0,3,5,4,0,1,4,46,1,273,1,2,1,2,10,WS3
394723,1,3,5,4,0,1,4,53,2,254,1,2,0,2,10,WS3
561527,0,3,3,3,2,2,4,35,1,187,5,3,1,1,1,B11
621695,0,4,4,3,7,2,4,41,1,0,99,0,1,2,10,B38
427627,0,4,3,2,6,2,4,37,1,242,15,3,1,2,6,B92
544950,0,4,4,3,8,2,4,34,1,318,1,3,1,2,8,B65
579967,0,1,4,1,3,0,4,32,1,275,1,3,1,1,10,WS10
677508,0,3,3,1,8,0,3,32,1,291,8,3,1,3,1,OL6
557236,0,4,3,2,5,2,3,27,1,203,5,3,1,2,4,M40
271589,0,8,5,2,1,3,4,39,1,268,6,3,1,5,2,B11
271589,1,8,5,2,1,3,4,67,2,299,6,3,0,5,2,B11
271589,2,8,5,2,1,3,4,14,2,0,6,1,0,5,2,B11
597818,0,2,3,1,7,0,3,32,1,256,1,3,1,2,6,WA3
676904,0,4,6,2,2,3,4,28,1,213,1,3,1,1,5,WS3
512603,1,2,5,1,6,0,4,28,2,369,1,3,0,2,6,B43
737403,0,3,5,4,0,2,3,44,1,0,12,3,1,1,9,M15
737403,1,3,5,4,0,2,3,15,2,0,12,4,0,1,9,M15
263240,0,2,6,6,3,0,4,45,1,329,8,3,1,2,7,B68
263240,1,2,6,6,3,0,4,66,1,309,8,1,0,2,7,B68
661025,0,4,3,3,4,1,3,51,1,293,9,3,1,3,8,M26
661025,1,4,3,3,4,1,3,52,2,231,9,2,0,3,8,M26
661025,2,4,3,3,4,1,3,51,2,258,9,2,0,3,8,M26
487571,0,2,4,1,3,0,3,32,2,207,1,3,1,2,2,BL5
487571,1,2,4,1,3,0,3,30,1,280,1,3,0,2,2,BL5
8105,0,4,5,5,1,0,3,55,1,0,99,0,1,4,4,M33
8105,1,4,5,5,1,0,3,48,2,0,99,0,0,4,4,M33
8105,2,4,5,5,1,0,3,28,2,0,99,0,0,4,4,M33
8105,3,4,5,5,1,0,3,24,1,0,99,0,0,4,4,M33
772785,0,1,5,6,2,0,3,62,1,0,1,2,1,1,8,WA3
375852,0,2,5,2,3,1,4,24,1,175,6,2,1,1,1,B11
48672,0,3,5,1,5,0,4,43,1,267,5,3,1,3,6,B14
48672,1,3,5,1,5,0,4,67,1,294,5,1,0,3,6,B14
48672,2,3,5,1,5,0,4,72,2,223,5,1,0,3,6,B14
470121,0,4,3,4,5,2,4,42,2,222,3,3,1,2,8,B64
478309,0,3,3,5,4,0,4,48,1,239,7,3,1,3,4,B71
478309,1,3,3,5,4,0,4,77,2,339,7,3,0,3,4,B71
209320,0,3,6,3,0,2,3,26,2,0,99,0,1,1,2,M23
620250,0,3,3,3,2,1,3,41,1,321,1,2,1,2,6,OL6
620250,1,3,3,3,2,1,3,17,1,213,1,1,0,2,6,OL6
327350,0,3,4,2,5,1,4,35,1,349,3,3,1,2,7,B70
327350,1,3,4,2,5,1,4,41,2,323,3,3,0,2,7,B70
621058,0,4,4,2,2,2,3,33,1,209,3,3,1,2,6,M23
621058,1,4,4,2,2,2,3,40,2,313,3,3,0,2,6,M23
293026,0,1,1,6,8,0,4,52,2,377,4,3,1,1,3,B1
799124,0,3,4,2,3,1,3,34,1,0,1,2,1,2,3,BL1
154014,0,2,4,1,5,0,3,28,1,226,1,2,1,2,5,M18
899442,0,1,5,1,3,0,3,32,2,247,12,3,1,1,4,M27
360030,0,4,3,2,0,2,4,33,1,0,2,3,1,2,2,B31
360030,1,4,3,2,0,2,4,37,2,0,2,3,0,2,2,B31
252597,0,5,5,3,2,3,4,43,2,0,0,3,1,2,5,B11
252597,1,5,5,3,2,3,4,37,1,0,0,3,0,2,5,B11
729391,0,5,4,2,4,3,4,39,1,263,7,3,1,2,5,B36
729391,1,5,4,2,4,3,4,37,2,349,7,3,0,2,5,B36
140297,0,2,3,1,4,0,3,27,1,0,99,0,1,2,2,OL10
549808,0,1,4,1,4,0,4,44,2,251,0,3,1,1,3,B14
942305,0,3,3,2,5,1,3,27,1,237,13,3,1,2,5,BL4
942305,1,3,3,2,5,1,3,35,2,251,13,3,0,2,5,BL4
652929,0,4,3,2,5,2,3,29,1,277,3,3,1,2,3,M35
652929,1,4,3,2,5,2,3,30,2,251,3,3,0,2,3,M35
932324,0,2,3,1,7,0,3,30,1,198,1,2,1,2,3,WA3
932324,1,2,3,1,7,0,3,30,2,221,1,3,0,2,3,WA3
274829,0,1,5,1,4,0,3,27,2,251,9,3,1,1,3,M13
410253,0,2,3,1,6,0,4,33,1,302,1,3,1,2,1,B14
503176,0,3,5,2,2,1,4,28,1,280,3,3,1,2,3,WV14
503176,1,3,5,2,2,1,4,27,2,296,3,2,0,2,3,WV14
590117,0,3,3,3,3,1,4,27,2,201,1,3,1,2,1,B69
731450,0,2,5,1,1,0,3,27,1,270,5,3,1,2,1,M16
557472,0,2,4,1,6,0,3,27,1,232,1,3,1,2,1,M3
557472,1,2,4,1,6,0,3,30,2,359,1,3,0,2,1,M3
295845,3,2,4,6,0,0,4,68,2,0,99,3,0,2,10,B29
126054,1,2,1,7,2,0,4,83,2,0,99,3,0,2,11,WS4
382553,1,2,4,7,0,0,4,82,2,0,99,1,0,2,13,B90
345166,3,3,1,5,8,0,4,28,2,0,99,3,0,3,12,B75
461373,3,4,4,5,5,0,3,29,2,0,99,2,0,4,7,BL2
249731,3,5,4,5,6,0,4,25,1,0,99,2,0,5,13,B74
249731,4,5,4,5,6,0,4,22,1,0,99,2,0,5,13,B74
249731,5,5,4,5,6,0,4,20,2,0,99,2,0,5,13,B74
322087,2,4,3,4,4,2,4,15,1,0,99,4,0,2,13,B64
322087,3,4,3,4,4,2,4,12,2,0,99,4,0,2,13,B64
950750,2,3,3,5,4,0,4,40,2,0,99,2,0,3,13,B90
836217,3,4,5,5,0,0,3,24,1,0,99,2,0,4,13,M33
836217,4,4,5,5,0,0,3,21,2,0,99,4,0,4,13,M33
836217,5,4,5,5,0,0,3,18,1,0,99,4,0,4,13,M33
501114,4,3,5,5,3,0,3,64,2,0,99,2,0,3,7,M9
753794,6,8,4,4,4,3,4,23,2,0,99,2,0,5,13,WV14
753794,7,8,4,4,4,3,4,19,1,0,99,4,0,5,13,WV14
753794,8,8,4,4,4,3,4,16,2,0,99,4,0,5,13,WV14
753794,9,8,4,4,4,3,4,14,1,0,99,4,0,5,13,WV14
753794,10,8,4,4,4,3,4,12,1,0,99,4,0,5,13,WV14
753794,11,8,4,4,4,3,4,11,1,0,99,4,0,5,13,WV14
330423,1,2,3,6,7,0,3,66,2,0,99,3,0,2,11,M8
648336,1,2,3,7,3,0,4,79,2,0,99,2,0,2,12,B26
555215,6,2,5,7,2,0,3,41,1,0,99,2,0,2,13,M24
583298,3,6,5,5,1,0,3,45,1,0,99,2,0,6,9,M30
583298,5,6,5,5,1,0,3,30,1,0,99,2,0,6,9,M30
233640,1,5,3,5,7,0,4,70,2,0,99,2,0,5,6,B44
233640,4,5,3,5,7,0,4,35,2,0,99,2,0,5,6,B44
233640,5,5,3,5,7,0,4,31,2,0,99,3,0,5,6,B44
920036,5,4,3,5,6,0,4,22,1,0,99,2,0,4,9,B17
920036,6,4,3,5,6,0,4,19,1,0,99,3,0,4,9,B17
214902,1,2,4,6,4,0,4,58,2,0,99,2,0,2,13,DY3
913726,4,4,4,3,4,1,4,5,1,0,99,4,0,3,11,B70
215184,2,4,3,5,0,0,3,27,2,0,99,3,0,4,13,M44
215184,3,4,3,5,0,0,3,22,1,0,99,2,0,4,13,M44
610693,2,4,1,5,4,0,3,20,2,0,99,3,0,4,12,M24
610693,3,4,1,5,4,0,3,19,1,0,99,2,0,4,12,M24
30657,3,3,3,5,0,0,3,25,1,0,99,3,0,3,10,M33
30657,4,3,3,5,0,0,3,21,2,0,99,2,0,3,10,M33
891141,3,4,4,5,8,0,4,22,2,0,99,3,0,4,13,B63
495132,1,2,1,7,4,0,4,76,1,0,99,2,0,2,12,B46
696807,2,3,1,4,8,1,4,14,1,0,99,4,0,2,1,DY1
451099,3,3,4,5,7,0,4,23,2,0,99,3,0,3,11,WS1
509074,3,5,3,5,5,0,3,18,1,0,99,2,0,5,7,BL3
509074,4,5,3,5,5,0,3,16,2,0,99,2,0,5,7,BL3
834424,1,5,4,4,4,1,3,51,2,0,99,2,0,4,12,OL4
834424,4,5,4,4,4,1,3,22,1,0,99,2,0,4,12,OL4
834424,5,5,4,4,4,1,3,13,1,0,99,4,0,4,12,OL4
223095,3,3,1,5,0,0,4,29,2,0,99,2,0,3,9,B67
261202,0,6,3,5,0,0,3,45,1,0,99,2,0,6,13,BL5
261202,1,6,3,5,0,0,3,46,2,0,99,2,0,6,13,BL5
261202,2,6,3,5,0,0,3,25,2,0,99,2,0,6,13,BL5
261202,3,6,3,5,0,0,3,22,2,0,99,2,0,6,13,BL5
261202,5,6,3,5,0,0,3,73,2,0,99,2,0,6,13,BL5
585378,3,2,3,4,2,1,4,11,2,0,99,4,0,1,13,B42
973230,3,5,1,5,4,0,4,20,1,0,99,4,0,5,9,B28
973230,5,5,1,5,4,0,4,17,2,0,99,4,0,5,9,B28
349624,1,2,4,7,2,0,3,72,2,0,99,1,0,2,13,BL4
758052,1,2,5,6,2,0,3,55,1,0,99,2,0,2,13,M23
52930,2,3,3,5,8,0,4,26,2,0,99,3,0,3,6,B78
52930,3,3,3,5,8,0,4,23,1,0,99,3,0,3,6,B78
282277,2,3,3,5,0,0,4,25,2,0,99,3,0,3,13,DY3
130397,2,2,3,6,6,0,3,48,2,0,99,2,0,2,12,SK4
438378,1,4,3,5,8,0,3,56,2,0,99,3,0,4,13,BL9
438378,2,4,3,5,8,0,3,23,2,0,99,2,0,4,13,BL9
438378,3,4,3,5,8,0,3,21,2,0,99,2,0,4,13,BL9
510979,2,5,6,5,4,0,3,32,1,0,99,3,0,5,12,M33
510979,4,5,6,5,4,0,3,23,1,0,99,3,0,5,12,M33
935824,1,4,4,2,4,1,3,54,2,0,99,2,0,3,13,BL4
935824,5,4,4,2,4,1,3,1,1,0,99,0,0,3,13,BL4
692262,4,4,4,5,4,0,3,16,2,0,99,2,0,4,12,M15
590039,3,4,5,5,0,0,4,22,1,0,99,4,0,4,2,WS5
591761,3,4,1,5,8,0,3,16,2,0,99,1,0,4,11,M30
459797,1,2,1,6,8,0,3,58,2,0,99,2,0,2,12,M15
638820,1,3,4,4,0,1,4,57,2,0,99,1,0,2,7,WS2
638820,2,3,4,4,0,1,4,14,2,0,99,4,0,2,7,WS2
350266,7,4,5,5,8,0,4,32,2,0,99,1,0,4,9,B38
149472,3,4,4,4,5,1,4,16,1,0,99,4,0,3,4,B14
149472,4,4,4,4,5,1,4,13,2,0,99,4,0,3,4,B14
149916,3,4,5,4,4,1,4,60,2,0,99,2,0,3,8,B68
53789,2,2,3,6,3,0,4,20,2,0,99,4,0,2,7,DY3
736828,1,5,5,4,2,1,4,47,2,0,99,2,0,4,6,B14
736828,2,5,5,4,2,1,4,23,1,0,99,4,0,4,6,B14
736828,4,5,5,4,2,1,4,16,2,0,99,4,0,4,6,B14
269708,2,4,3,4,2,1,4,21,2,0,99,2,0,3,9,DY9
269708,3,4,3,4,2,1,4,11,1,0,99,4,0,3,9,DY9
741148,3,6,4,5,7,0,3,23,2,0,99,3,0,6,3,BL5
741148,4,6,4,5,7,0,3,20,1,0,99,2,0,6,3,BL5
741148,5,6,4,5,7,0,3,19,2,0,99,2,0,6,3,BL5
291244,1,4,3,4,0,1,4,43,1,0,99,2,0,3,12,WS4
291244,4,4,3,4,0,1,4,16,1,0,99,4,0,3,12,WS4
291244,5,4,3,4,0,1,4,12,1,0,99,4,0,3,12,WS4
509137,3,4,1,3,8,2,3,10,2,0,99,4,0,2,12,BL8
509137,4,4,1,3,8,2,3,6,2,0,99,4,0,2,12,BL8
340568,2,5,3,5,6,0,3,24,2,0,99,3,0,5,10,OL16
340568,3,5,3,5,6,0,3,21,1,0,99,2,0,5,10,OL16
340568,4,5,3,5,6,0,3,17,1,0,99,1,0,5,10,OL16
382372,2,5,5,1,3,0,4,23,1,0,99,3,0,5,3,WS10
382372,4,5,5,1,3,0,4,18,2,0,99,1,0,5,3,WS10
382372,5,5,5,1,3,0,4,16,2,0,99,1,0,5,3,WS10
536499,1,5,4,5,2,0,4,56,2,0,99,2,0,5,11,WV13
536499,2,5,4,5,2,0,4,25,1,0,99,3,0,5,11,WV13
536499,3,5,4,5,2,0,4,23,1,0,99,3,0,5,11,WV13
536499,4,5,4,5,2,0,4,21,1,0,99,3,0,5,11,WV13
256928,2,2,1,7,3,0,4,93,1,0,99,1,0,2,13,DY3
930277,2,2,4,6,2,0,3,19,1,0,99,2,0,2,8,M43
591649,1,5,3,4,6,2,4,21,1,0,99,2,0,3,13,B92
591649,3,5,3,4,6,2,4,14,2,0,99,4,0,3,13,B92
591649,4,5,3,4,6,2,4,10,1,0,99,4,0,3,13,B92
682264,2,4,1,5,8,0,3,23,1,0,99,3,0,4,13,M14
682264,3,4,1,5,8,0,3,20,2,0,99,3,0,4,13,M14
682264,4,4,1,5,8,0,3,56,2,0,99,2,0,4,13,M14
719474,1,3,4,5,4,0,4,54,2,0,99,2,0,3,12,B31
719474,2,3,4,5,4,0,4,20,1,0,99,4,0,3,12,B31
900694,2,3,5,5,1,0,3,31,2,0,99,2,0,3,9,M11
900694,3,3,5,5,1,0,3,20,1,0,99,2,0,3,9,M11
258468,0,3,5,5,2,0,4,68,1,0,99,2,0,3,13,B68
572214,2,4,1,5,8,0,4,23,2,0,99,2,0,4,13,B74
954069,1,3,5,4,0,1,4,25,2,0,99,2,0,2,6,B25
954069,2,3,5,4,0,1,4,15,1,0,99,4,0,2,6,B25
474059,6,4,3,5,3,0,4,19,2,0,99,2,0,4,12,WV14
506244,3,5,3,4,3,2,4,16,2,0,99,4,0,3,11,B61
506244,4,5,3,4,3,2,4,15,1,0,99,4,0,3,11,B61
506244,5,5,3,4,3,2,4,44,2,0,99,1,0,3,11,B61
506244,6,5,3,4,3,2,4,11,2,0,99,4,0,3,11,B61
687334,1,5,1,5,7,0,4,54,2,0,99,3,0,5,1,DY1
687334,2,5,1,5,7,0,4,21,1,0,99,4,0,5,1,DY1
687334,3,5,1,5,7,0,4,19,2,0,99,4,0,5,1,DY1
687334,4,5,1,5,7,0,4,17,2,0,99,4,0,5,1,DY1
268750,1,5,1,4,0,1,4,53,2,0,99,3,0,4,13,B72
268750,4,5,1,4,0,1,4,19,2,0,99,3,0,4,13,B72
268750,5,5,1,4,0,1,4,10,1,0,99,4,0,4,13,B72
793499,2,6,3,4,7,1,3,20,2,0,99,2,0,5,12,WA15
793499,3,6,3,4,7,1,3,19,1,0,99,2,0,5,12,WA15
793499,4,6,3,4,7,1,3,17,2,0,99,4,0,5,12,WA15
793499,6,6,3,4,7,1,3,12,1,0,99,1,0,5,12,WA15
73082,3,5,4,5,3,0,3,22,2,0,99,4,0,5,12,OL10
258673,2,5,3,4,3,2,3,17,2,0,99,4,0,3,13,M8
258673,3,5,3,4,3,2,3,15,1,0,99,4,0,3,13,M8
258673,4,5,3,4,3,2,3,11,1,0,99,4,0,3,13,M8
155084,1,2,3,7,3,0,3,22,1,0,99,4,0,2,13,M33
837274,2,4,1,5,6,0,4,18,1,0,99,4,0,4,13,DY9
837274,3,4,1,5,6,0,4,16,1,0,99,4,0,4,13,DY9
405582,4,4,5,4,0,1,4,15,2,0,99,4,0,3,11,B90
858042,2,3,3,3,3,2,4,12,1,0,99,4,0,1,12,B92
858042,3,3,3,3,3,2,4,9,2,0,99,4,0,1,12,B92
642764,4,4,4,2,3,1,4,2,2,0,99,4,0,3,2,B7
378466,1,6,4,4,2,1,3,51,2,0,99,3,0,5,6,M14
378466,3,6,4,4,2,1,3,21,1,0,99,4,0,5,6,M14
378466,4,6,4,4,2,1,3,19,1,0,99,4,0,5,6,M14
378466,5,6,4,4,2,1,3,16,1,0,99,4,0,5,6,M14
378466,6,6,4,4,2,1,3,12,2,0,99,4,0,5,6,M14
738957,3,4,4,5,4,0,4,17,2,0,99,4,0,4,13,WS4
706733,3,4,3,4,4,1,4,42,2,0,99,2,0,3,13,B31
706733,6,4,3,4,4,1,4,10,1,0,99,4,0,3,13,B31
60969,2,6,3,3,0,1,4,23,2,0,99,3,0,5,13,B11
60969,4,6,3,3,0,1,4,83,1,0,99,1,0,5,13,B11
60969,5,6,3,3,0,1,4,17,1,0,99,2,0,5,13,B11
60969,6,6,3,3,0,1,4,9,2,0,99,4,0,5,13,B11
723098,0,2,3,7,0,0,3,78,1,0,99,2,0,2,3,OL10
831029,2,3,4,4,7,1,4,12,1,0,99,4,0,2,13,WV13
124175,2,5,4,2,0,1,3,34,2,0,99,3,0,4,10,WA15
124175,3,5,4,2,0,1,3,31,2,0,99,2,0,4,10,WA15
124175,4,5,4,2,0,1,3,3,1,0,99,4,0,4,10,WA15
484515,3,3,5,5,3,0,3,33,2,0,99,2,0,3,13,M44
823932,3,4,3,5,5,0,4,23,2,0,99,3,0,4,13,WS5
823932,4,4,3,5,5,0,4,16,2,0,99,4,0,4,13,WS5
861278,3,5,4,2,6,2,4,16,1,0,99,1,0,3,7,B23
861278,4,5,4,2,6,2,4,13,2,0,99,1,0,3,7,B23
861278,5,5,4,2,6,2,4,2,1,0,99,0,0,3,7,B23
626551,2,4,1,4,0,1,3,16,1,0,99,1,0,3,13,M33
626551,3,4,1,4,0,1,3,15,1,0,99,1,0,3,13,M33
660201,2,3,4,5,6,0,4,33,1,0,99,3,0,3,13,WS1
177130,1,2,1,1,6,0,3,41,2,0,99,3,0,2,12,WA3
349818,1,2,5,6,2,0,4,29,1,0,99,3,0,2,13,B8
5502,5,3,3,4,4,1,4,16,2,0,99,4,0,2,13,B44
5502,6,3,3,4,4,1,4,13,2,0,99,4,0,2,13,B44
970001,5,6,5,4,2,1,3,14,2,0,99,4,0,5,13,M14
986325,2,3,5,4,3,1,4,14,1,0,99,4,0,2,5,DY4
514188,2,2,4,7,2,0,4,46,2,0,99,2,0,2,13,B37
193205,2,3,3,4,5,1,3,20,1,0,99,3,0,2,13,OL2
193205,3,3,3,4,5,1,3,15,2,0,99,1,0,2,13,OL2
956330,2,4,3,4,4,2,3,15,2,0,99,4,0,2,9,OL12
956330,3,4,3,4,4,2,3,11,1,0,99,4,0,2,9,OL12
461361,2,2,3,6,0,0,4,28,2,0,99,2,0,2,13,DY3
368615,1,2,1,7,0,0,3,85,2,0,99,3,0,2,13,WA15
894934,1,2,5,7,3,0,4,83,1,0,99,1,0,2,8,B75
670003,2,6,4,3,7,3,4,18,2,0,99,2,0,3,13,B61
670003,3,6,4,3,7,3,4,15,2,0,99,4,0,3,13,B61
670003,4,6,4,3,7,3,4,9,2,0,99,4,0,3,13,B61
670003,5,6,4,3,7,3,4,8,1,0,99,4,0,3,13,B61
404035,3,4,3,4,8,1,4,15,1,0,99,1,0,3,12,B74
261501,2,4,3,4,6,2,4,14,1,0,99,4,0,2,13,B74
261501,3,4,3,4,6,2,4,10,1,0,99,4,0,2,13,B74
266037,2,6,4,4,4,1,4,28,1,0,99,3,0,5,13,B68
266037,3,6,4,4,4,1,4,23,1,0,99,4,0,5,13,B68
266037,4,6,4,4,4,1,4,17,1,0,99,4,0,5,13,B68
266037,5,6,4,4,4,1,4,14,2,0,99,4,0,5,13,B68
183758,3,4,3,4,7,2,4,11,1,0,99,4,0,2,13,WS2
633448,2,4,3,3,0,2,4,15,1,0,99,4,0,2,10,B66
633448,3,4,3,3,0,2,4,9,1,0,99,4,0,2,10,B66
418575,2,4,1,3,8,2,3,43,1,0,99,3,0,2,8,M27
418575,3,4,1,3,8,2,3,9,2,0,99,4,0,2,8,M27
418575,4,4,1,3,8,2,3,11,2,0,99,4,0,2,8,M27
590616,3,2,1,7,2,0,4,36,2,0,99,3,0,2,13,WS5
45669,3,4,3,5,0,0,3,21,2,0,99,4,0,4,12,M38
863383,3,3,3,2,3,1,3,41,2,0,99,2,0,2,3,OL9
863383,4,3,3,2,3,1,3,3,2,0,99,4,0,2,3,OL9
353185,3,3,5,5,2,0,4,22,1,0,99,3,0,3,13,B13
865651,1,4,5,4,5,1,3,53,2,0,99,2,0,3,13,M23
865651,3,4,5,4,5,1,3,26,1,0,99,2,0,3,13,M23
865651,4,4,5,4,5,1,3,11,1,0,99,4,0,3,13,M23
717360,3,2,1,7,0,0,4,68,2,0,99,3,0,2,7,B90
956763,2,3,3,5,0,0,4,31,2,0,99,3,0,3,11,B14
382963,1,3,3,5,5,0,3,53,1,0,99,2,0,3,12,WA3
382963,4,3,3,5,5,0,3,21,1,0,99,2,0,3,12,WA3
351029,1,4,5,5,0,0,3,55,2,0,99,2,0,4,13,OL12
351029,2,4,5,5,0,0,3,33,2,0,99,3,0,4,13,OL12
351029,3,4,5,5,0,0,3,26,2,0,99,3,0,4,13,OL12
57981,2,2,3,7,2,0,3,45,2,0,99,2,0,2,6,M27
454628,3,2,5,6,6,0,4,50,2,0,99,1,0,2,13,B36
258835,3,4,4,5,6,0,3,17,2,0,99,4,0,4,11,M27
938997,4,3,3,5,4,0,4,24,2,0,99,2,0,3,13,B29
938997,5,3,3,5,4,0,4,77,2,0,99,1,0,3,13,B29
591634,1,2,3,7,0,0,4,71,1,0,99,2,0,2,13,B76
819799,3,2,3,7,3,0,4,80,2,0,99,2,0,2,13,B28
138702,1,2,3,7,3,0,4,47,2,0,99,2,0,2,11,B9
981453,5,4,3,5,0,0,4,18,2,0,99,4,0,4,13,B74
990702,5,5,1,4,6,2,3,12,1,0,99,4,0,3,13,M16
924018,2,5,1,5,6,0,4,24,1,0,99,3,0,5,13,B69
924018,3,5,1,5,6,0,4,24,2,0,99,3,0,5,13,B69
924018,5,5,1,5,6,0,4,77,1,0,99,1,0,5,13,B69
852319,2,3,5,5,2,0,3,34,2,0,99,3,0,3,12,BL3
559750,3,4,1,4,8,2,4,12,1,0,99,4,0,2,13,B94
191861,1,2,5,7,2,0,3,92,2,0,99,1,0,2,13,M44
109084,2,3,1,1,3,0,3,17,1,0,99,4,0,3,9,OL12
453284,3,4,3,5,0,0,3,23,2,0,99,2,0,4,11,OL2
239052,7,5,6,3,1,2,4,58,2,0,99,3,0,3,13,B36
239052,8,5,6,3,1,2,4,8,1,0,99,4,0,3,13,B36
239052,9,5,6,3,1,2,4,5,2,0,99,1,0,3,13,B36
431052,1,2,1,6,3,0,4,65,2,0,99,2,0,2,5,B98
806125,2,2,3,7,4,0,4,65,2,0,99,2,0,2,10,WS9
613562,1,2,3,7,3,0,4,73,2,0,99,1,0,2,12,B67
265848,3,3,1,4,6,1,3,49,1,0,99,2,0,2,13,SK4
265848,4,3,1,4,6,1,3,14,1,0,99,4,0,2,13,SK4
412220,0,2,4,7,4,0,4,92,1,0,99,1,0,2,13,B98
526243,1,3,1,5,4,0,3,71,2,0,99,2,0,3,13,BL9
526243,2,3,1,5,4,0,3,41,1,0,99,3,0,3,13,BL9
404143,2,4,3,5,4,0,3,22,1,0,99,3,0,4,13,BL2
404143,3,4,3,5,4,0,3,20,1,0,99,3,0,4,13,BL2
672696,1,4,3,4,3,1,4,46,2,0,99,2,0,3,9,B68
672696,2,4,3,4,3,1,4,16,2,0,99,4,0,3,9,B68
672696,3,4,3,4,3,1,4,14,2,0,99,4,0,3,9,B68
122201,1,5,1,5,0,0,4,75,1,0,99,3,0,5,11,B16
122201,2,5,1,5,0,0,4,81,2,0,99,3,0,5,11,B16
299476,1,4,3,2,8,2,3,8,2,0,99,4,0,2,13,M33
299476,2,4,3,2,8,2,3,44,1,0,99,3,0,2,13,M33
299476,3,4,3,2,8,2,3,5,1,0,99,4,0,2,13,M33
879515,2,4,1,5,8,0,4,21,1,0,99,4,0,4,12,B98
879515,3,4,1,5,8,0,4,17,2,0,99,4,0,4,12,B98
684290,4,8,6,2,4,5,3,12,1,0,99,4,0,3,13,M30
684290,5,8,6,2,4,5,3,5,2,0,99,4,0,3,13,M30
684290,6,8,6,2,4,5,3,13,2,0,99,4,0,3,13,M30
684290,7,8,6,2,4,5,3,8,2,0,99,4,0,3,13,M30
684290,8,8,6,2,4,5,3,1,2,0,99,4,0,3,13,M30
684290,9,8,6,2,4,5,3,35,1,0,99,2,0,3,13,M30
707106,3,3,4,5,0,0,3,32,2,0,99,3,0,3,13,M30
26133,2,2,3,6,5,0,4,18,1,0,99,3,0,2,3,B44
357681,1,5,4,3,4,2,3,61,1,0,99,2,0,3,12,M22
357681,2,5,4,3,4,2,3,35,1,0,99,2,0,3,12,M22
357681,5,5,4,3,4,2,3,10,1,0,99,4,0,3,12,M22
357681,6,5,4,3,4,2,3,7,1,0,99,4,0,3,12,M22
996255,3,3,1,5,5,0,4,23,1,0,99,3,0,3,13,B92
996255,4,3,1,5,5,0,4,44,2,0,99,3,0,3,13,B92
303006,1,4,4,3,5,1,3,38,2,0,99,2,0,3,5,OL4
303006,6,4,4,3,5,1,3,9,1,0,99,4,0,3,5,OL4
405574,4,2,3,6,3,0,4,79,2,0,99,1,0,2,13,B78
127286,3,2,1,6,8,0,3,44,2,0,99,3,0,2,13,M4
435477,1,3,4,5,0,0,4,66,2,0,99,1,0,3,12,B45
435477,2,3,4,5,0,0,4,25,2,0,99,2,0,3,12,B45
354041,2,3,4,5,0,0,3,26,2,0,99,3,0,3,9,BL5
60167,1,2,1,7,0,0,4,75,2,0,99,4,0,2,12,B75
100370,1,3,3,5,6,0,3,66,1,0,99,3,0,3,8,OL11
281871,3,4,1,5,8,0,3,20,1,0,99,4,0,4,11,WA3
281871,4,4,1,5,8,0,3,19,2,0,99,4,0,4,11,WA3
995451,3,3,1,4,8,1,4,56,2,0,99,2,0,2,11,B68
995451,4,3,1,4,8,1,4,16,1,0,99,4,0,2,11,B68
606310,2,3,3,5,1,0,4,31,2,0,99,3,0,3,13,B31
821902,1,4,4,5,6,0,4,56,2,0,99,1,0,4,11,DY5
821902,2,4,4,5,6,0,4,20,1,0,99,4,0,4,11,DY5
821902,3,4,4,5,6,0,4,17,1,0,99,4,0,4,11,DY5
323120,1,4,3,5,7,0,4,55,2,0,99,2,0,4,13,B62
323120,2,4,3,5,7,0,4,24,2,0,99,1,0,4,13,B62
323120,3,4,3,5,7,0,4,21,1,0,99,2,0,4,13,B62
263160,2,2,4,7,3,0,3,29,2,0,99,3,0,2,9,BL8
811184,1,4,3,4,6,1,3,49,2,0,99,2,0,3,12,M28
811184,2,4,3,4,6,1,3,18,1,0,99,4,0,3,12,M28
811184,3,4,3,4,6,1,3,12,1,0,99,4,0,3,12,M28
303626,1,5,1,2,4,1,4,24,2,0,99,3,0,4,12,B45
303626,2,5,1,2,4,1,4,22,2,0,99,4,0,4,12,B45
303626,3,5,1,2,4,1,4,37,1,0,99,3,0,4,12,B45
303626,4,5,1,2,4,1,4,4,2,0,99,4,0,4,12,B45
843410,2,3,3,1,5,0,4,18,2,0,99,4,0,3,12,B23
944342,5,2,5,2,2,1,4,0,2,0,99,4,0,1,13,B31
160656,2,7,3,3,0,3,4,22,2,0,99,4,0,4,13,B27
160656,3,7,3,3,0,3,4,20,2,0,99,4,0,4,13,B27
160656,4,7,3,3,0,3,4,15,2,0,99,4,0,4,13,B27
160656,5,7,3,3,0,3,4,11,1,0,99,4,0,4,13,B27
160656,6,7,3,3,0,3,4,10,2,0,99,4,0,4,13,B27
150474,0,2,4,6,5,0,4,53,2,0,99,2,0,2,11,B14
5241,1,3,3,5,4,0,4,68,2,0,99,2,0,3,13,B71
5241,3,3,3,5,4,0,4,26,1,0,99,3,0,3,13,B71
916352,1,2,1,6,2,0,3,62,2,0,99,3,0,2,10,M9
408331,1,2,4,7,0,0,3,73,2,0,99,2,0,2,11,BL8
861831,1,2,3,7,3,0,3,68,1,0,99,3,0,2,13,BL2
295529,2,3,5,1,3,0,3,18,2,0,99,4,0,3,12,OL6
295529,3,3,5,1,3,0,3,16,2,0,99,4,0,3,12,OL6
688601,4,3,5,4,3,1,4,17,2,0,99,4,0,2,5,B42
365924,3,3,1,5,8,0,3,68,1,0,99,2,0,3,13,M15
335818,2,4,1,4,8,2,4,16,1,0,99,4,0,2,6,B17
335818,3,4,1,4,8,2,4,13,1,0,99,4,0,2,6,B17
567272,1,2,1,7,5,0,4,75,2,0,99,3,0,2,13,B17
528730,2,2,6,7,0,0,3,66,1,0,99,3,0,2,12,M33
211607,2,2,3,3,2,1,3,8,2,0,99,4,0,1,11,M6
764385,2,3,4,4,6,1,4,13,1,0,99,4,0,2,11,WS2
142618,2,3,3,3,6,1,3,7,1,0,99,4,0,2,12,OL1
565974,7,7,3,3,6,2,3,8,1,0,99,4,0,5,11,M16
661883,1,4,3,5,2,0,4,55,2,0,99,2,0,4,13,B68
661883,2,4,3,5,2,0,4,19,1,0,99,3,0,4,13,B68
661883,3,4,3,5,2,0,4,17,1,0,99,2,0,4,13,B68
414186,2,4,1,3,0,2,3,8,2,0,99,4,0,2,13,M28
414186,3,4,1,3,0,2,3,6,2,0,99,4,0,2,13,M28
924538,0,2,4,7,3,0,3,71,2,0,99,1,0,2,1,OL2
130291,3,4,6,5,0,0,4,17,2,0,99,4,0,4,12,DY2
369704,3,3,3,5,8,0,3,22,2,0,99,3,0,3,11,BL2
252706,1,2,3,6,7,0,3,53,2,0,99,1,0,2,10,M35
326295,3,4,1,4,5,1,4,11,1,0,99,4,0,3,9,B17
352221,5,5,6,3,1,1,3,6,2,0,99,4,0,4,13,M33
242116,3,3,1,5,3,0,3,22,2,0,99,2,0,3,12,M26
444497,3,4,3,5,5,0,3,26,2,0,99,3,0,4,13,M4
934068,1,4,4,5,8,0,4,68,2,0,99,3,0,4,13,DY5
934068,2,4,4,5,8,0,4,34,1,0,99,3,0,4,13,DY5
934068,3,4,4,5,8,0,4,31,2,0,99,3,0,4,13,DY5
46376,3,3,1,5,8,0,4,32,2,0,99,3,0,3,12,B17
134335,2,4,1,3,8,2,3,12,2,0,99,4,0,2,11,BL4
134335,3,4,1,3,8,2,3,9,2,0,99,4,0,2,11,BL4
575961,2,2,3,7,4,0,4,81,1,0,99,2,0,2,13,B27
214299,1,3,5,5,3,0,4,63,2,0,99,2,0,3,13,B35
535130,3,4,3,2,8,2,4,7,2,0,99,4,0,2,13,B36
535130,4,4,3,2,8,2,4,2,2,0,99,4,0,2,13,B36
51825,2,3,3,5,2,0,4,24,2,0,99,4,0,3,13,B98
51825,3,3,3,5,2,0,4,22,2,0,99,2,0,3,13,B98
468074,1,7,3,3,4,2,4,49,2,0,99,3,0,5,12,B43
468074,2,7,3,3,4,2,4,18,2,0,99,4,0,5,12,B43
468074,3,7,3,3,4,2,4,16,2,0,99,4,0,5,12,B43
468074,4,7,3,3,4,2,4,72,2,0,99,1,0,5,12,B43
468074,5,7,3,3,4,2,4,68,1,0,99,1,0,5,12,B43
468074,6,7,3,3,4,2,4,9,1,0,99,4,0,5,12,B43
118207,1,5,3,4,2,3,4,69,2,0,99,1,0,2,13,B70
118207,2,5,3,4,2,3,4,15,2,0,99,4,0,2,13,B70
118207,3,5,3,4,2,3,4,14,2,0,99,4,0,2,13,B70
118207,4,5,3,4,2,3,4,13,1,0,99,4,0,2,13,B70
10687,3,6,1,3,8,1,3,22,1,0,99,3,0,5,12,BL6
10687,4,6,1,3,8,1,3,16,2,0,99,4,0,5,12,BL6
10687,6,6,1,3,8,1,3,9,1,0,99,4,0,5,12,BL6
467430,8,3,3,2,3,2,4,6,2,0,99,4,0,1,13,B98
467430,9,3,3,2,3,2,4,4,1,0,99,0,0,1,13,B98
669498,3,4,1,3,5,3,4,16,2,0,99,4,0,1,13,WV13
669498,5,4,1,3,5,3,4,9,2,0,99,4,0,1,13,WV13
669498,6,4,1,3,5,3,4,9,1,0,99,4,0,1,13,WV13
10297,1,2,4,6,4,0,3,66,2,0,99,2,0,2,13,OL11
196285,2,3,3,5,8,0,3,28,2,0,99,3,0,3,13,M33
859560,2,3,3,5,8,0,3,31,2,0,99,3,0,3,13,BL9
18913,1,6,1,4,3,1,3,48,1,0,99,3,0,5,5,OL9
18913,2,6,1,4,3,1,3,22,2,0,99,3,0,5,5,OL9
18913,3,6,1,4,3,1,3,20,1,0,99,3,0,5,5,OL9
18913,4,6,1,4,3,1,3,16,2,0,99,4,0,5,5,OL9
18913,5,6,1,4,3,1,3,12,2,0,99,4,0,5,5,OL9
845176,2,4,3,3,5,2,4,15,2,0,99,4,0,2,12,B31
845176,3,4,3,3,5,2,4,50,2,0,99,3,0,2,12,B31
845176,4,4,3,3,5,2,4,7,1,0,99,4,0,2,12,B31
689200,1,2,3,7,0,0,3,67,2,0,99,1,0,2,11,OL9
815698,1,2,3,6,3,0,4,24,1,0,99,3,0,2,13,B37
87570,1,2,3,6,5,0,3,49,2,0,99,3,0,2,13,OL10
64972,3,2,5,4,0,1,3,15,1,0,99,4,0,1,13,BL5
585531,1,2,3,7,2,0,3,85,1,0,99,1,0,2,13,M9
402316,3,4,3,4,2,2,3,15,2,0,99,4,0,2,13,M7
402316,4,4,3,4,2,2,3,11,2,0,99,4,0,2,13,M7
578187,4,3,6,5,2,0,3,27,2,0,99,2,0,3,12,BL9
28587,3,4,3,4,5,1,3,12,1,0,99,4,0,3,13,M23
351334,2,3,3,2,4,2,3,9,1,0,99,4,0,1,11,M33
351334,3,3,3,2,4,2,3,3,2,0,99,4,0,1,11,M33
112841,2,5,3,4,6,2,3,16,2,0,99,4,0,3,12,M6
112841,3,5,3,4,6,2,3,12,2,0,99,4,0,3,12,M6
112841,4,5,3,4,6,2,3,10,1,0,99,4,0,3,12,M6
471867,3,5,3,4,3,3,4,14,2,0,99,4,0,2,13,WV14
471867,4,5,3,4,3,3,4,12,1,0,99,4,0,2,13,WV14
519131,5,2,5,6,4,0,4,57,2,0,99,1,0,2,12,DY5
868579,2,5,3,3,3,2,3,22,1,0,99,2,0,3,7,M16
868579,3,5,3,3,3,2,3,10,2,0,99,4,0,3,7,M16
868579,4,5,3,3,3,2,3,6,1,0,99,4,0,3,7,M16
722546,3,4,6,5,2,0,3,22,2,0,99,3,0,4,12,M46
70738,1,5,4,4,8,2,4,40,2,0,99,1,0,3,11,B37
70738,2,5,4,4,8,2,4,20,2,0,99,2,0,3,11,B37
70738,3,5,4,4,8,2,4,15,2,0,99,4,0,3,11,B37
70738,4,5,4,4,8,2,4,12,1,0,99,4,0,3,11,B37
66351,2,3,1,1,8,0,3,38,1,0,99,3,0,3,12,M6
125845,2,5,4,2,5,3,4,8,2,0,99,4,0,2,12,DY5
125845,3,5,4,2,5,3,4,4,2,0,99,4,0,2,12,DY5
125845,4,5,4,2,5,3,4,4,1,0,99,4,0,2,12,DY5
394026,1,3,6,1,0,0,4,75,1,0,99,1,0,3,8,WS1
185396,3,4,5,4,3,1,3,16,2,0,99,4,0,3,13,M40
185396,4,4,5,4,3,1,3,14,1,0,99,4,0,3,13,M40
882534,4,2,3,4,3,1,4,14,2,0,99,4,0,1,7,DY4
146359,2,4,3,4,6,1,4,19,2,0,99,3,0,3,11,B76
146359,3,4,3,4,6,1,4,14,2,0,99,1,0,3,11,B76
454157,5,4,3,3,8,2,3,9,1,0,99,4,0,2,13,BL2
337613,2,5,3,3,8,3,4,14,1,0,99,4,0,2,11,DY9
337613,3,5,3,3,8,3,4,12,2,0,99,4,0,2,11,DY9
337613,4,5,3,3,8,3,4,8,1,0,99,4,0,2,11,DY9
347882,2,5,5,5,3,0,3,32,1,0,99,3,0,5,13,BL4
347882,3,5,5,5,3,0,3,26,2,0,99,3,0,5,13,BL4
347882,4,5,5,5,3,0,3,31,1,0,99,3,0,5,13,BL4
347882,5,5,5,5,3,0,3,58,2,0,99,2,0,5,13,BL4
498891,3,4,1,4,8,2,3,11,1,0,99,4,0,2,11,OL3
366773,2,3,3,4,2,1,4,13,2,0,99,1,0,2,13,B14
632068,2,4,3,3,7,2,4,14,1,0,99,4,0,2,11,B46
632068,3,4,3,3,7,2,4,9,2,0,99,4,0,2,11,B46
604669,1,4,4,4,5,1,3,60,2,0,99,1,0,3,13,M43
604669,4,4,4,4,5,1,3,29,2,0,99,2,0,3,13,M43
604669,5,4,4,4,5,1,3,14,1,0,99,4,0,3,13,M43
63596,3,4,1,5,8,0,4,29,1,0,99,3,0,4,13,B63
404377,2,3,3,4,2,2,3,11,1,0,99,4,0,1,5,M23
473365,3,3,3,5,4,0,4,35,1,0,99,2,0,3,13,B74
509466,1,3,3,4,2,1,3,58,2,0,99,3,0,2,13,M27
509466,2,3,3,4,2,1,3,13,2,0,99,4,0,2,13,M27
979999,1,5,1,3,8,2,4,47,2,0,99,3,0,3,13,DY9
979999,3,5,1,3,8,2,4,22,2,0,99,4,0,3,13,DY9
979999,4,5,1,3,8,2,4,9,1,0,99,4,0,3,13,DY9
979999,6,5,1,3,8,2,4,6,2,0,99,4,0,3,13,DY9
886197,2,4,4,3,8,2,3,8,2,0,99,4,0,2,12,M30
886197,3,4,4,3,8,2,3,6,1,0,99,4,0,2,12,M30
269949,2,2,3,6,0,0,4,17,2,0,99,1,0,2,12,B45
527654,2,3,1,3,3,2,3,12,1,0,99,4,0,1,12,M46
527654,3,3,1,3,3,2,3,5,2,0,99,4,0,1,12,M46
433817,2,2,3,6,2,0,4,25,2,0,99,3,0,2,12,B63
218523,2,4,3,3,5,2,4,9,2,0,99,4,0,2,10,B31
218523,3,4,3,3,5,2,4,7,2,0,99,4,0,2,10,B31
115548,4,5,3,5,0,0,4,37,2,0,99,3,0,5,6,B66
115548,5,5,3,5,0,0,4,61,2,0,99,1,0,5,6,B66
999136,2,3,3,3,7,1,3,10,1,0,99,4,0,2,9,OL6
814160,2,4,1,4,8,2,3,13,2,0,99,4,0,2,13,BL8
814160,3,4,1,4,8,2,3,12,2,0,99,4,0,2,13,BL8
321345,2,3,1,5,7,0,4,23,2,0,99,3,0,3,13,B67
123015,1,2,3,4,3,1,4,15,1,0,99,4,0,1,13,B33
948892,3,4,4,3,3,2,3,10,2,0,99,4,0,2,11,M8
168947,1,5,3,5,4,0,4,57,2,0,99,2,0,5,13,WS5
168947,2,5,3,5,4,0,4,22,1,0,99,3,0,5,13,WS5
168947,3,5,3,5,4,0,4,18,2,0,99,4,0,5,13,WS5
168947,4,5,3,5,4,0,4,17,2,0,99,4,0,5,13,WS5
892718,3,5,4,4,2,2,3,12,2,0,99,4,0,3,4,OL16
892718,4,5,4,4,2,2,3,10,2,0,99,4,0,3,4,OL16
633414,3,6,4,4,3,2,3,21,1,0,99,2,0,4,9,M20
633414,4,6,4,4,3,2,3,15,1,0,99,4,0,4,9,M20
633414,5,6,4,4,3,2,3,13,1,0,99,4,0,4,9,M20
906973,3,5,1,4,0,2,3,15,1,0,99,4,0,3,13,WA15
906973,4,5,1,4,0,2,3,14,1,0,99,4,0,3,13,WA15
139739,2,4,3,3,5,2,3,11,2,0,99,4,0,2,8,M46
139739,3,4,3,3,5,2,3,7,1,0,99,4,0,2,8,M46
83256,2,6,3,4,6,1,4,22,1,0,99,3,0,5,13,WS3
83256,3,6,3,4,6,1,4,20,2,0,99,4,0,5,13,WS3
83256,4,6,3,4,6,1,4,16,2,0,99,4,0,5,13,WS3
83256,5,6,3,4,6,1,4,15,1,0,99,4,0,5,13,WS3
792117,2,2,3,6,4,0,3,27,2,0,99,1,0,2,13,OL2
897799,4,4,4,5,4,0,4,27,2,0,99,2,0,4,12,B72
370226,1,9,5,2,2,5,4,42,2,0,99,1,0,4,4,B34
370226,2,9,5,2,2,5,4,19,1,0,99,4,0,4,4,B34
370226,3,9,5,2,2,5,4,17,2,0,99,4,0,4,4,B34
370226,4,9,5,2,2,5,4,16,1,0,99,4,0,4,4,B34
370226,5,9,5,2,2,5,4,11,1,0,99,4,0,4,4,B34
370226,7,9,5,2,2,5,4,9,1,0,99,4,0,4,4,B34
370226,9,9,5,2,2,5,4,7,2,0,99,4,0,4,4,B34
370226,10,9,5,2,2,5,4,4,2,0,99,0,0,4,4,B34
73158,2,5,5,3,0,2,4,52,2,0,99,2,0,3,13,B13
73158,4,5,5,3,0,2,4,7,1,0,99,4,0,3,13,B13
255729,1,6,4,3,2,3,4,16,2,0,99,4,0,3,12,WS2
255729,2,6,4,3,2,3,4,15,1,0,99,4,0,3,12,WS2
255729,4,6,4,3,2,3,4,10,2,0,99,4,0,3,12,WS2
255729,5,6,4,3,2,3,4,7,2,0,99,4,0,3,12,WS2
998898,2,3,3,4,4,1,4,13,1,0,99,4,0,2,12,WS1
108272,3,5,3,3,3,3,4,9,2,0,99,4,0,2,12,B8
108272,4,5,3,3,3,3,4,5,1,0,99,4,0,2,12,B8
410807,1,4,1,4,7,2,3,52,2,0,99,3,0,2,13,M46
410807,2,4,1,4,7,2,3,15,1,0,99,4,0,2,13,M46
410807,3,4,1,4,7,2,3,13,1,0,99,4,0,2,13,M46
705351,2,3,3,4,4,1,3,13,1,0,99,4,0,2,13,M44
816695,2,4,4,3,1,3,4,13,1,0,99,4,0,1,4,DY2
816695,12,4,4,3,1,3,4,10,1,0,99,4,0,1,4,DY2
816695,14,4,4,3,1,3,4,7,2,0,99,4,0,1,4,DY2
479399,2,3,1,4,8,1,3,11,2,0,99,4,0,2,13,BL2
697227,1,3,3,5,6,0,4,57,2,0,99,2,0,3,9,B67
697227,2,3,3,5,6,0,4,32,2,0,99,3,0,3,9,B67
644794,2,4,4,4,2,2,4,17,1,0,99,4,0,2,13,WS10
644794,3,4,4,4,2,2,4,15,2,0,99,4,0,2,13,WS10
644794,4,4,4,4,2,2,4,13,1,0,99,4,0,2,13,WS10
17837,2,4,1,4,5,1,4,16,1,0,99,4,0,3,12,B28
17837,3,4,1,4,5,1,4,13,2,0,99,4,0,3,12,B28
320135,2,6,3,3,2,2,3,22,1,0,99,3,0,4,12,BL1
320135,3,6,3,3,2,2,3,20,2,0,99,4,0,4,12,BL1
320135,4,6,3,3,2,2,3,15,1,0,99,4,0,4,12,BL1
320135,5,6,3,3,2,2,3,7,2,0,99,4,0,4,12,BL1
111123,3,3,5,5,2,0,4,24,2,0,99,2,0,3,12,DY4
499264,1,5,3,3,4,2,4,39,1,0,99,3,0,3,7,B67
499264,3,5,3,3,4,2,4,81,1,0,99,4,0,3,7,B67
499264,4,5,3,3,4,2,4,8,1,0,99,4,0,3,7,B67
499264,5,5,3,3,4,2,4,8,2,0,99,4,0,3,7,B67
599961,4,3,1,2,6,1,3,2,2,0,99,4,0,2,13,OL16
77201,2,6,1,3,5,4,4,15,1,0,99,4,0,2,12,WS3
77201,3,6,1,3,5,4,4,14,1,0,99,4,0,2,12,WS3
77201,4,6,1,3,5,4,4,13,2,0,99,4,0,2,12,WS3
77201,5,6,1,3,5,4,4,8,1,0,99,4,0,2,12,WS3
77201,6,6,1,3,5,4,4,50,1,0,99,3,0,2,12,WS3
241458,2,3,1,5,5,0,3,18,2,0,99,3,0,3,12,BL3
451932,1,2,3,7,0,0,4,88,1,0,99,2,0,2,9,B78
365610,1,5,3,2,8,3,4,42,2,0,99,3,0,2,12,B73
365610,2,5,3,2,8,3,4,13,2,0,99,4,0,2,12,B73
365610,3,5,3,2,8,3,4,9,2,0,99,4,0,2,12,B73
365610,4,5,3,2,8,3,4,4,2,0,99,4,0,2,12,B73
761009,2,2,3,4,2,1,3,13,2,0,99,4,0,1,5,OL9
977592,3,5,3,4,3,1,4,17,1,0,99,1,0,4,12,B14
977592,4,5,3,4,3,1,4,15,2,0,99,1,0,4,12,B14
633854,5,6,3,3,3,2,4,9,1,0,99,4,0,4,13,WS10
443543,3,5,4,2,2,3,3,4,2,0,99,4,0,2,10,M13
443543,4,5,4,2,2,3,3,1,2,0,99,4,0,2,10,M13
196404,1,3,6,5,1,0,3,87,2,0,99,1,0,3,13,OL2
196404,2,3,6,5,1,0,3,48,1,0,99,2,0,3,13,OL2
671730,2,10,5,2,4,3,4,36,1,0,99,3,0,7,13,B14
671730,6,10,5,2,4,3,4,39,2,0,99,3,0,7,13,B14
671730,7,10,5,2,4,3,4,6,1,0,99,3,0,7,13,B14
671730,8,10,5,2,4,3,4,4,1,0,99,0,0,7,13,B14
671730,9,10,5,2,4,3,4,2,2,0,99,0,0,7,13,B14
900979,2,4,3,5,4,0,4,17,1,0,99,4,0,4,12,DY2
900979,3,4,3,5,4,0,4,16,1,0,99,4,0,4,12,DY2
570772,1,5,5,3,0,1,4,67,2,0,99,1,0,4,13,B27
570772,2,5,5,3,0,1,4,44,1,0,99,3,0,4,13,B27
570772,3,5,5,3,0,1,4,43,2,0,99,2,0,4,13,B27
570772,4,5,5,3,0,1,4,6,2,0,99,4,0,4,13,B27
363839,4,7,5,5,4,0,3,32,1,0,99,3,0,7,13,BL1
994555,2,9,1,3,8,3,4,66,1,0,99,2,0,6,13,B9
994555,3,9,1,3,8,3,4,46,1,0,99,3,0,6,13,B9
994555,4,9,1,3,8,3,4,36,2,0,99,3,0,6,13,B9
994555,6,9,1,3,8,3,4,11,2,0,99,4,0,6,13,B9
994555,7,9,1,3,8,3,4,11,2,0,99,4,0,6,13,B9
994555,8,9,1,3,8,3,4,6,1,0,99,4,0,6,13,B9
127091,2,3,3,5,2,0,4,32,2,0,99,3,0,3,5,B21
743396,3,4,1,4,6,1,4,10,1,0,99,4,0,3,13,B70
476053,3,2,4,7,4,0,3,70,2,0,99,1,0,2,13,BL4
176316,1,4,3,4,6,1,4,53,2,0,99,2,0,3,13,WV14
176316,2,4,3,4,6,1,4,20,1,0,99,4,0,3,13,WV14
176316,3,4,3,4,6,1,4,15,1,0,99,4,0,3,13,WV14
174600,2,5,3,2,3,3,4,10,1,0,99,4,0,2,12,WS10
174600,3,5,3,2,3,3,4,8,2,0,99,4,0,2,12,WS10
174600,4,5,3,2,3,3,4,3,2,0,99,4,0,2,12,WS10
29635,1,2,6,7,3,0,4,78,2,0,99,1,0,2,11,B42
335184,4,9,4,3,2,3,4,31,2,0,99,3,0,6,13,B12
335184,5,9,4,3,2,3,4,17,2,0,99,4,0,6,13,B12
335184,6,9,4,3,2,3,4,13,2,0,99,4,0,6,13,B12
335184,7,9,4,3,2,3,4,9,1,0,99,4,0,6,13,B12
335184,8,9,4,3,2,3,4,34,1,0,99,3,0,6,13,B12
335184,9,9,4,3,2,3,4,9,1,0,99,4,0,6,13,B12
672171,2,3,1,4,5,2,4,14,2,0,99,4,0,1,12,B26
672171,3,3,1,4,5,2,4,12,1,0,99,4,0,1,12,B26
579316,2,6,6,3,3,3,4,19,2,0,99,4,0,3,11,B21
579316,3,6,6,3,3,3,4,15,1,0,99,4,0,3,11,B21
579316,4,6,6,3,3,3,4,11,1,0,99,4,0,3,11,B21
579316,5,6,6,3,3,3,4,8,2,0,99,4,0,3,11,B21
579316,6,6,6,3,3,3,4,42,2,0,99,3,0,3,11,B21
742479,4,3,4,5,4,0,4,29,2,0,99,3,0,3,13,B31
231925,1,2,3,6,4,0,4,28,2,0,99,2,0,2,12,B66
277915,1,3,1,5,4,0,4,70,1,0,99,2,0,3,13,WV14
277915,2,3,1,5,4,0,4,32,1,0,99,3,0,3,13,WV14
122338,6,7,3,2,4,1,4,3,1,0,99,1,0,6,12,B28
174493,3,4,3,5,3,0,4,16,2,0,99,4,0,4,13,B44
904678,2,9,4,3,2,2,4,31,2,0,99,2,0,7,12,B67
904678,3,9,4,3,2,2,4,27,1,0,99,3,0,7,12,B67
904678,4,9,4,3,2,2,4,26,2,0,99,2,0,7,12,B67
904678,5,9,4,3,2,2,4,22,1,0,99,4,0,7,12,B67
904678,6,9,4,3,2,2,4,33,1,0,99,1,0,7,12,B67
904678,7,9,4,3,2,2,4,7,1,0,99,4,0,7,12,B67
904678,8,9,4,3,2,2,4,5,2,0,99,4,0,7,12,B67
826696,1,4,5,4,4,2,4,44,2,0,99,2,0,2,9,WV13
826696,2,4,5,4,4,2,4,15,2,0,99,4,0,2,9,WV13
826696,3,4,5,4,4,2,4,12,1,0,99,4,0,2,9,WV13
73668,1,4,5,5,0,0,4,77,2,0,99,1,0,4,13,WV14
73668,2,4,5,5,0,0,4,24,2,0,99,2,0,4,13,WV14
73668,3,4,5,5,0,0,4,49,2,0,99,1,0,4,13,WV14
383052,3,3,3,4,4,1,4,13,1,0,99,4,0,2,12,B31
383052,4,3,3,4,4,1,4,44,2,0,99,2,0,2,12,B31
185033,1,2,6,7,2,0,4,64,1,0,99,2,0,2,1,B69
477474,2,3,4,5,3,0,3,51,2,0,99,3,0,3,12,M24
860871,2,4,4,5,7,0,4,25,2,0,99,2,0,4,13,B37
729413,4,5,3,3,0,2,3,11,1,0,99,4,0,3,13,BL4
729413,5,5,3,3,0,2,3,9,2,0,99,4,0,3,13,BL4
255849,2,3,3,4,3,1,4,15,2,0,99,4,0,2,13,DY5
813206,2,3,3,3,7,1,3,7,1,0,99,4,0,2,13,WA15
723418,3,3,3,5,3,0,3,23,2,0,99,3,0,3,13,OL9
342106,6,5,3,2,8,3,3,44,2,0,99,3,0,2,0,M33
342106,7,5,3,2,8,3,3,13,2,0,99,4,0,2,0,M33
342106,9,5,3,2,8,3,3,10,2,0,99,4,0,2,0,M33
342106,10,5,3,2,8,3,3,4,1,0,99,0,0,2,0,M33
474494,5,4,3,3,7,1,4,21,2,0,99,4,0,3,5,B76
474494,7,4,3,3,7,1,4,8,2,0,99,4,0,3,5,B76
887491,2,9,4,2,7,4,3,29,2,0,99,3,0,5,4,M22
887491,3,9,4,2,7,4,3,14,2,0,99,4,0,5,4,M22
887491,4,9,4,2,7,4,3,18,2,0,99,4,0,5,4,M22
887491,5,9,4,2,7,4,3,9,2,0,99,4,0,5,4,M22
887491,6,9,4,2,7,4,3,84,1,0,99,1,0,5,4,M22
887491,7,9,4,2,7,4,3,5,1,0,99,4,0,5,4,M22
887491,8,9,4,2,7,4,3,2,2,0,99,0,0,5,4,M22
932652,2,5,3,3,2,3,3,12,1,0,99,4,0,2,12,WA3
932652,3,5,3,3,2,3,3,10,1,0,99,4,0,2,12,WA3
932652,4,5,3,3,2,3,3,7,1,0,99,4,0,2,12,WA3
197452,2,3,4,4,7,1,3,12,2,0,99,4,0,2,13,M6
700120,1,3,3,4,0,1,4,40,2,0,99,2,0,2,13,WS10
700120,4,3,3,4,0,1,4,13,1,0,99,4,0,2,13,WS10
3313,1,3,5,4,3,2,4,15,1,0,99,1,0,1,6,B37
3313,2,3,5,4,3,2,4,14,1,0,99,1,0,1,6,B37
131456,3,4,1,5,8,0,4,19,2,0,99,2,0,4,13,B76
528764,2,3,1,4,6,1,3,13,2,0,99,4,0,2,11,OL11
71069,4,9,4,4,0,2,4,20,1,0,99,4,0,7,12,B33
71069,5,9,4,4,0,2,4,18,1,0,99,4,0,7,12,B33
71069,7,9,4,4,0,2,4,13,2,0,99,4,0,7,12,B33
71069,8,9,4,4,0,2,4,11,1,0,99,4,0,7,12,B33
478727,2,5,4,3,6,2,4,19,1,0,99,4,0,3,13,B98
478727,3,5,4,3,6,2,4,13,2,0,99,4,0,3,13,B98
478727,4,5,4,3,6,2,4,9,2,0,99,4,0,3,13,B98
426070,0,4,3,3,6,2,4,45,1,0,99,3,0,2,11,B9
426070,2,4,3,3,6,2,4,12,1,0,99,4,0,2,11,B9
426070,3,4,3,3,6,2,4,9,1,0,99,4,0,2,11,B9
658852,2,4,4,3,4,2,4,12,1,0,99,4,0,2,1,B36
658852,3,4,4,3,4,2,4,8,1,0,99,4,0,2,1,B36
231954,3,3,3,5,5,0,3,29,2,0,99,2,0,3,13,M7
842523,1,2,5,6,2,0,4,58,1,0,99,2,0,2,13,B42
34327,1,2,3,7,2,0,4,82,1,0,99,2,0,2,13,B67
810005,2,3,3,5,3,0,4,36,1,0,99,3,0,3,11,B17
203461,1,5,4,2,2,1,3,61,2,0,99,1,0,4,10,BL9
203461,7,5,4,2,2,1,3,3,1,0,99,4,0,4,10,BL9
373190,2,3,1,3,7,1,4,6,2,0,99,1,0,2,2,DY5
419453,1,3,5,5,4,0,4,53,2,0,99,1,0,3,13,DY2
419453,2,3,5,5,4,0,4,22,2,0,99,3,0,3,13,DY2
590906,1,2,4,6,6,0,3,59,2,0,99,2,0,2,10,OL2
339015,1,4,6,5,0,0,4,56,1,0,99,2,0,4,11,B71
339015,4,4,6,5,0,0,4,26,2,0,99,2,0,4,11,B71
339015,5,4,6,5,0,0,4,22,1,0,99,2,0,4,11,B71
692122,1,4,3,5,6,0,3,58,2,0,99,2,0,4,13,M11
692122,2,4,3,5,6,0,3,29,2,0,99,3,0,4,13,M11
996637,2,3,5,5,4,0,4,21,2,0,99,2,0,3,10,B74
996637,3,3,5,5,4,0,4,18,2,0,99,2,0,3,10,B74
800145,3,3,3,4,6,1,3,24,2,0,99,1,0,2,13,OL3
955023,3,4,5,5,8,0,4,19,1,0,99,4,0,4,12,B30
955023,4,4,5,5,8,0,4,16,2,0,99,4,0,4,12,B30
953338,2,2,3,7,0,0,3,49,1,0,99,3,0,2,12,OL2
702336,5,4,3,2,3,2,4,6,1,0,99,4,0,2,12,B78
702336,6,4,3,2,3,2,4,3,2,0,99,4,0,2,12,B78
320642,1,3,3,5,0,0,4,69,2,0,99,1,0,3,13,B38
320642,2,3,3,5,0,0,4,33,1,0,99,3,0,3,13,B38
402458,3,5,5,3,0,1,4,23,2,0,99,4,0,4,13,B10
402458,4,5,5,3,0,1,4,6,1,0,99,4,0,4,13,B10
315123,1,2,6,7,3,0,3,79,2,0,99,1,0,2,10,BL8
974163,1,2,4,7,2,0,4,19,2,0,99,2,0,2,12,DY2
163408,1,2,5,3,2,1,3,6,2,0,99,4,0,1,13,M23
908658,1,2,4,6,4,0,3,57,2,0,99,2,0,2,11,OL9
401049,1,3,5,5,3,0,3,50,2,0,99,2,0,3,13,M11
401049,2,3,5,5,3,0,3,17,1,0,99,2,0,3,13,M11
210273,1,4,6,5,2,0,4,71,1,0,99,1,0,4,11,WS5
210273,2,4,6,5,2,0,4,32,1,0,99,3,0,4,11,WS5
210273,3,4,6,5,2,0,4,18,2,0,99,4,0,4,11,WS5
842997,1,4,4,2,4,2,4,38,1,0,99,3,0,2,8,B28
842997,2,4,4,2,4,2,4,12,2,0,99,4,0,2,8,B28
842997,3,4,4,2,4,2,4,3,1,0,99,0,0,2,8,B28
207067,1,2,3,6,3,0,3,68,1,0,99,2,0,2,7,OL10
243475,1,2,4,7,3,0,4,86,2,0,99,1,0,2,13,WS3
686043,1,2,4,6,5,0,3,69,2,0,99,1,0,2,13,OL2
992232,5,4,3,4,3,2,4,14,1,0,99,4,0,2,13,CV7
992232,6,4,3,4,3,2,4,12,2,0,99,4,0,2,13,CV7
998906,1,4,5,3,2,2,4,38,2,0,99,2,0,2,13,B14
998906,2,4,5,3,2,2,4,10,2,0,99,4,0,2,13,B14
998906,3,4,5,3,2,2,4,5,1,0,99,4,0,2,13,B14
752117,1,3,6,5,0,0,4,70,1,0,99,2,0,3,13,B37
752117,2,3,6,5,0,0,4,73,2,0,99,2,0,3,13,B37
833607,2,4,3,3,2,2,4,8,2,0,99,4,0,2,13,B90
833607,3,4,3,3,2,2,4,5,2,0,99,4,0,2,13,B90
919167,1,2,3,1,5,0,4,16,2,0,99,4,0,2,8,B74
435666,2,3,1,5,8,0,4,16,1,0,99,4,0,3,11,B78
697801,1,3,5,4,4,1,3,48,1,0,99,3,0,2,10,OL8
697801,2,3,5,4,4,1,3,14,1,0,99,4,0,2,10,OL8
992972,1,2,3,1,6,0,4,47,1,0,99,3,0,2,13,B65
738418,2,4,1,4,8,2,4,14,1,0,99,4,0,2,9,B74
738418,3,4,1,4,8,2,4,11,2,0,99,4,0,2,9,B74
362069,2,4,1,4,0,2,3,11,2,0,99,4,0,2,13,OL12
362069,3,4,1,4,0,2,3,10,2,0,99,4,0,2,13,OL12
867259,1,3,5,3,0,1,4,10,2,0,99,4,0,2,12,B69
867259,2,3,5,3,0,1,4,53,2,0,99,2,0,2,12,B69
19608,1,2,3,1,2,0,3,45,2,0,99,2,0,2,12,BL4
626816,2,6,5,2,2,4,4,11,1,0,99,4,0,2,10,B36
626816,3,6,5,2,2,4,4,8,1,0,99,4,0,2,10,B36
626816,4,6,5,2,2,4,4,5,1,0,99,4,0,2,10,B36
626816,5,6,5,2,2,4,4,1,1,0,99,0,0,2,10,B36
996832,1,2,3,1,3,0,3,38,2,0,99,2,0,2,13,M33
173430,1,2,5,6,2,0,4,60,1,0,99,2,0,2,13,B98
815063,1,4,1,3,8,2,4,44,1,0,99,3,0,2,4,B68
815063,2,4,1,3,8,2,4,11,2,0,99,4,0,2,4,B68
815063,3,4,1,3,8,2,4,6,1,0,99,4,0,2,4,B68
796601,2,4,4,3,8,2,3,11,2,0,99,4,0,2,12,M43
796601,3,4,4,3,8,2,3,8,1,0,99,4,0,2,12,M43
90711,3,6,1,4,7,1,4,20,1,0,99,4,0,5,12,WS5
90711,4,6,1,4,7,1,4,18,1,0,99,4,0,5,12,WS5
90711,5,6,1,4,7,1,4,11,1,0,99,4,0,5,12,WS5
46390,2,3,3,4,5,2,4,14,2,0,99,4,0,1,12,WS4
46390,3,3,3,4,5,2,4,11,1,0,99,4,0,1,12,WS4
959207,0,4,3,3,5,2,4,41,1,0,99,3,0,2,10,B44
959207,2,4,3,3,5,2,4,8,2,0,99,4,0,2,10,B44
959207,3,4,3,3,5,2,4,6,2,0,99,4,0,2,10,B44
312923,2,5,1,2,8,2,4,17,2,0,99,4,0,3,12,B94
312923,3,5,1,2,8,2,4,8,1,0,99,4,0,3,12,B94
312923,4,5,1,2,8,2,4,3,1,0,99,4,0,3,12,B94
899235,2,4,1,4,8,2,4,15,1,0,99,4,0,2,13,B93
899235,3,4,1,4,8,2,4,11,1,0,99,4,0,2,13,B93
210850,2,7,3,3,6,2,4,37,2,0,99,2,0,5,7,WS4
210850,3,7,3,3,6,2,4,81,1,0,99,1,0,5,7,WS4
210850,4,7,3,3,6,2,4,18,1,0,99,4,0,5,7,WS4
210850,5,7,3,3,6,2,4,14,1,0,99,4,0,5,7,WS4
210850,6,7,3,3,6,2,4,7,2,0,99,4,0,5,7,WS4
855379,2,3,5,5,2,0,3,31,1,0,99,3,0,3,13,BL9
855379,3,3,5,5,2,0,3,26,1,0,99,3,0,3,13,BL9
286805,4,6,4,4,8,1,4,17,1,0,99,2,0,5,13,WV13
286805,5,6,4,4,8,1,4,13,1,0,99,4,0,5,13,WV13
670881,1,2,3,1,0,0,4,44,2,0,99,2,0,2,13,B23
754835,3,6,5,5,4,0,4,21,2,0,99,3,0,6,13,B68
491587,2,3,3,4,6,1,4,11,1,0,99,9,0,2,13,B43
318762,2,4,1,4,8,2,4,15,1,0,99,1,0,2,9,DY4
318762,3,4,1,4,8,2,4,11,1,0,99,1,0,2,9,DY4
52428,1,6,1,2,8,2,3,42,1,0,99,3,0,4,1,M3
52428,2,6,1,2,8,2,3,17,1,0,99,4,0,4,1,M3
52428,3,6,1,2,8,2,3,18,2,0,99,4,0,4,1,M3
52428,4,6,1,2,8,2,3,10,2,0,99,4,0,4,1,M3
52428,5,6,1,2,8,2,3,4,1,0,99,4,0,4,1,M3
29898,1,5,3,4,3,2,4,53,2,0,99,3,0,3,13,WS2
29898,2,5,3,4,3,2,4,17,2,0,99,4,0,3,13,WS2
29898,3,5,3,4,3,2,4,15,1,0,99,4,0,3,13,WS2
29898,4,5,3,4,3,2,4,11,1,0,99,4,0,3,13,WS2
226810,1,4,1,3,6,2,3,47,2,0,99,3,0,2,2,BL5
226810,2,4,1,3,6,2,3,10,1,0,99,4,0,2,2,BL5
226810,3,4,1,3,6,2,3,6,2,0,99,4,0,2,2,BL5
529487,1,3,4,3,2,1,3,19,1,0,99,2,0,2,11,M26
529487,3,3,4,3,2,1,3,9,1,0,99,1,0,2,11,M26
555932,3,4,4,4,5,2,4,11,1,0,99,4,0,2,6,B67
735458,1,2,5,4,3,1,3,10,1,0,99,4,0,1,13,M33
364444,1,2,3,6,0,0,3,63,2,0,99,3,0,2,4,WA3
475655,5,5,3,4,6,1,3,10,1,0,99,4,0,4,13,OL12
304556,1,2,3,6,4,0,3,65,2,0,99,0,0,2,13,M5
403480,2,5,3,3,5,3,4,13,2,0,99,4,0,2,13,B33
403480,3,5,3,3,5,3,4,11,2,0,99,4,0,2,13,B33
403480,4,5,3,3,5,3,4,9,1,0,99,4,0,2,13,B33
323814,1,4,4,5,6,0,3,56,2,0,99,2,0,4,12,BL2
323814,2,4,4,5,6,0,3,22,2,0,99,3,0,4,12,BL2
323814,3,4,4,5,6,0,3,19,1,0,99,3,0,4,12,BL2
894367,1,2,1,7,4,0,3,67,1,0,99,2,0,2,13,M26
737862,1,2,4,6,4,0,3,64,2,0,99,3,0,2,13,WA15
408246,2,4,5,4,0,2,4,14,2,0,99,4,0,2,11,B33
408246,3,4,5,4,0,2,4,10,2,0,99,4,0,2,11,B33
454315,1,6,1,3,8,3,4,36,1,0,99,3,0,3,6,B62
454315,2,6,1,3,8,3,4,20,2,0,99,2,0,3,6,B62
454315,3,6,1,3,8,3,4,12,2,0,99,4,0,3,6,B62
454315,4,6,1,3,8,3,4,9,2,0,99,4,0,3,6,B62
454315,6,6,1,3,8,3,4,6,2,0,99,4,0,3,6,B62
304889,2,4,1,3,8,2,4,10,1,0,99,4,0,2,13,B93
304889,3,4,1,3,8,2,4,7,2,0,99,4,0,2,13,B93
993521,1,2,1,7,2,0,3,83,2,0,99,1,0,2,13,OL9
412091,1,2,1,6,5,0,4,21,1,0,99,4,0,2,5,B23
595272,3,2,4,6,0,0,4,18,1,0,99,4,0,2,13,WV14
729075,2,5,3,4,7,3,4,15,1,0,99,4,0,2,13,B43
729075,4,5,3,4,7,3,4,10,2,0,99,4,0,2,13,B43
722081,1,2,3,6,3,0,3,62,2,0,99,2,0,2,13,M28
392553,1,2,3,6,3,0,4,17,2,0,99,4,0,2,13,B31
61242,4,6,3,4,0,1,4,16,2,0,99,4,0,5,13,B48
61242,5,6,3,4,0,1,4,15,2,0,99,4,0,5,13,B48
780969,3,4,3,4,8,1,3,15,2,0,99,4,0,3,3,M30
807403,1,3,4,5,4,0,4,59,1,0,99,2,0,3,9,WS2
378250,3,4,5,1,5,0,4,17,2,0,99,2,0,4,11,DY2
877617,1,2,3,1,6,0,3,48,2,0,99,2,0,2,3,M43
229725,1,2,1,7,4,0,4,81,2,0,99,2,0,2,13,B73
689517,3,3,5,3,2,1,3,8,2,0,99,4,0,2,9,BL2
632896,2,7,4,1,0,0,3,26,1,0,99,3,0,7,13,M14
632896,3,7,4,1,0,0,3,25,1,0,99,4,0,7,13,M14
632896,4,7,4,1,0,0,3,21,2,0,99,3,0,7,13,M14
632896,5,7,4,1,0,0,3,19,2,0,99,3,0,7,13,M14
632896,6,7,4,1,0,0,3,16,2,0,99,3,0,7,13,M14
969178,2,6,4,3,2,4,4,15,1,0,99,4,0,2,2,B36
969178,3,6,4,3,2,4,4,12,2,0,99,4,0,2,2,B36
969178,4,6,4,3,2,4,4,9,1,0,99,4,0,2,2,B36
969178,5,6,4,3,2,4,4,5,1,0,99,4,0,2,2,B36
600341,2,2,1,7,0,0,3,34,2,0,99,3,0,2,11,M20
737877,2,3,3,5,5,0,4,57,2,0,99,3,0,3,13,B37
207496,1,4,3,2,3,2,3,42,2,0,99,2,0,2,12,BL1
207496,2,4,3,2,3,2,3,4,1,0,99,4,0,2,12,BL1
207496,3,4,3,2,3,2,3,3,2,0,99,4,0,2,12,BL1
406505,3,6,5,4,3,2,3,16,1,0,99,1,0,4,13,OL12
406505,4,6,5,4,3,2,3,13,1,0,99,1,0,4,13,OL12
406505,5,6,5,4,3,2,3,10,2,0,99,1,0,4,13,OL12
646179,2,4,3,3,5,2,3,10,1,0,99,4,0,2,11,M26
646179,3,4,3,3,5,2,3,6,2,0,99,4,0,2,11,M26
362581,2,3,1,5,4,0,3,39,2,0,99,3,0,3,13,M40
356868,2,3,3,3,2,2,3,11,2,0,99,4,0,1,12,BL9
356868,3,3,3,3,2,2,3,8,2,0,99,4,0,1,12,BL9
714189,2,3,3,4,0,1,3,12,1,0,99,1,0,2,13,OL10
269337,2,3,1,5,5,0,4,18,1,0,99,1,0,3,13,WS3
948045,2,2,6,6,2,0,3,25,1,0,99,3,0,2,7,M38
62190,3,5,3,4,0,1,4,12,2,0,99,1,0,4,10,B26
62190,4,5,3,4,0,1,4,58,2,0,99,3,0,4,10,B26
736649,3,3,3,5,7,0,3,21,1,0,99,3,0,3,12,M23
268166,2,5,4,3,2,4,3,15,1,0,99,1,0,1,11,BL3
268166,3,5,4,3,2,4,3,14,1,0,99,1,0,1,11,BL3
268166,4,5,4,3,2,4,3,12,2,0,99,1,0,1,11,BL3
268166,5,5,4,3,2,4,3,8,1,0,99,1,0,1,11,BL3
531683,1,2,3,6,0,0,4,18,2,0,99,4,0,2,6,DY2
797014,4,3,4,5,5,0,4,16,2,0,99,4,0,3,13,B90
107402,2,4,3,3,0,2,4,10,1,0,99,4,0,2,13,B23
107402,3,4,3,3,0,2,4,7,1,0,99,4,0,2,13,B23
462242,3,3,1,5,0,0,3,31,2,0,99,3,0,3,13,BL8
935617,2,4,3,4,6,2,4,13,2,0,99,4,0,2,9,B33
935617,3,4,3,4,6,2,4,11,2,0,99,4,0,2,9,B33
164769,1,2,3,3,5,1,4,6,1,0,99,4,0,1,8,B63
353256,1,3,3,1,3,0,4,59,1,0,99,1,0,3,10,B44
353256,2,3,3,1,3,0,4,23,2,0,99,4,0,3,10,B44
777339,2,4,1,3,5,2,3,8,2,0,99,4,0,2,13,M33
777339,3,4,1,3,5,2,3,5,1,0,99,4,0,2,13,M33
953681,2,3,3,4,8,1,3,10,1,0,99,4,0,2,13,OL12
568566,2,3,3,5,0,0,3,33,1,0,99,2,0,3,13,M20
250399,2,4,3,3,3,2,3,10,1,0,99,1,0,2,13,OL4
250399,4,4,3,3,3,2,3,5,1,0,99,1,0,2,13,OL4
216351,2,4,5,3,2,2,4,10,2,0,99,4,0,2,13,B25
216351,3,4,5,3,2,2,4,5,1,0,99,4,0,2,13,B25
265113,2,4,1,3,8,2,3,10,2,0,99,4,0,2,2,BL3
265113,3,4,1,3,8,2,3,8,2,0,99,4,0,2,2,BL3
229722,0,2,3,6,0,0,4,60,1,0,99,3,0,2,3,B27
52444,2,4,1,3,5,2,4,12,2,0,99,4,0,2,13,B76
52444,3,4,1,3,5,2,4,9,1,0,99,4,0,2,13,B76
171496,2,4,3,3,0,2,3,10,2,0,99,4,0,2,12,OL3
171496,3,4,3,3,0,2,3,8,1,0,99,4,0,2,12,OL3
394740,4,7,4,4,3,1,4,13,2,0,99,4,0,6,12,B66
744631,2,4,3,3,7,2,3,12,1,0,99,4,0,2,12,M18
744631,3,4,3,3,7,2,3,9,2,0,99,4,0,2,12,M18
61441,2,6,4,3,0,2,4,53,1,0,99,1,0,4,8,DY1
61441,3,6,4,3,0,2,4,20,1,0,99,2,0,4,8,DY1
61441,4,6,4,3,0,2,4,22,1,0,99,2,0,4,8,DY1
61441,5,6,4,3,0,2,4,9,1,0,99,4,0,4,8,DY1
61441,6,6,4,3,0,2,4,10,2,0,99,4,0,4,8,DY1
965328,3,3,5,3,4,1,4,9,2,0,99,4,0,2,13,WS4
19104,2,5,3,3,3,3,4,10,2,0,99,4,0,2,1,WS1
19104,3,5,3,3,3,3,4,7,2,0,99,4,0,2,1,WS1
19104,4,5,3,3,3,3,4,6,2,0,99,4,0,2,1,WS1
777028,3,4,5,3,5,2,4,5,1,0,99,4,0,2,13,WS2
976788,2,4,1,1,2,0,4,17,2,0,99,4,0,4,4,B6
976788,3,4,1,1,2,0,4,23,2,0,99,4,0,4,4,B6
821490,2,3,3,4,6,1,4,19,1,0,99,3,0,2,7,B23
821490,3,3,3,4,6,1,4,15,1,0,99,3,0,2,7,B23
97137,1,3,1,5,8,0,3,21,2,0,99,2,0,3,13,BL2
97137,2,3,1,5,8,0,3,59,2,0,99,3,0,3,13,BL2
941023,1,2,3,1,5,0,3,45,2,0,99,2,0,2,12,M20
104050,2,4,1,2,8,2,3,5,2,0,99,4,0,2,13,SK4
104050,3,4,1,2,8,2,3,3,1,0,99,4,0,2,13,SK4
719477,1,2,3,6,4,0,3,88,1,0,99,2,0,2,4,M6
810093,1,4,5,3,3,2,3,48,2,0,99,2,0,2,13,M22
810093,2,4,5,3,3,2,3,7,2,0,99,4,0,2,13,M22
810093,3,4,5,3,3,2,3,5,1,0,99,4,0,2,13,M22
104103,2,4,3,3,5,2,3,9,2,0,99,4,0,2,11,M6
104103,3,4,3,3,5,2,3,9,1,0,99,4,0,2,11,M6
28699,5,4,4,2,4,2,3,6,2,0,99,4,0,2,5,M12
28699,6,4,4,2,4,2,3,2,2,0,99,4,0,2,5,M12
908273,4,6,1,3,0,1,4,24,2,0,99,3,0,5,13,B28
908273,5,6,1,3,0,1,4,9,1,0,99,4,0,5,13,B28
823664,2,3,3,3,1,1,4,9,1,0,99,4,0,2,12,B66
15295,2,3,3,5,4,0,3,24,1,0,99,3,0,3,13,M30
456164,1,3,3,5,2,0,4,33,2,0,99,3,0,3,10,B21
456164,2,3,3,5,2,0,4,22,2,0,99,3,0,3,10,B21
658523,5,10,5,2,3,2,4,23,2,0,99,3,0,8,11,WS10
658523,8,10,5,2,3,2,4,15,1,0,99,3,0,8,11,WS10
658523,9,10,5,2,3,2,4,19,1,0,99,3,0,8,11,WS10
658523,10,10,5,2,3,2,4,0,2,0,99,0,0,8,11,WS10
923871,1,2,1,1,0,0,4,32,1,0,99,3,0,2,6,B92
470630,1,4,1,3,8,2,3,45,2,0,99,3,0,2,3,M22
470630,2,4,1,3,8,2,3,14,2,0,99,4,0,2,3,M22
470630,3,4,1,3,8,2,3,9,1,0,99,4,0,2,3,M22
839500,1,4,3,4,5,2,4,49,2,0,99,3,0,2,10,WS3
839500,3,4,3,4,5,2,4,11,2,0,99,4,0,2,10,WS3
411985,1,6,3,3,6,1,4,38,2,0,99,2,0,5,13,B6
411985,2,6,3,3,6,1,4,34,1,0,99,2,0,5,13,B6
411985,5,6,3,3,6,1,4,9,1,0,99,4,0,5,13,B6
853740,4,5,4,2,3,1,4,1,1,0,99,4,0,4,11,B66
458889,4,5,3,2,4,3,4,9,1,0,99,4,0,2,1,DY3
458889,5,5,3,2,4,3,4,6,1,0,99,4,0,2,1,DY3
458889,6,5,3,2,4,3,4,3,2,0,99,4,0,2,1,DY3
240238,2,3,1,4,6,1,3,13,2,0,99,4,0,2,7,WA15
909133,1,2,1,6,0,0,3,61,2,0,99,3,0,2,11,OL9
26045,1,2,3,6,4,0,3,48,2,0,99,2,0,2,13,OL4
241121,3,2,3,6,5,0,3,23,2,0,99,3,0,2,11,M28
950481,2,2,5,6,5,0,4,53,1,0,99,2,0,2,13,B42
530751,2,4,3,3,8,2,4,8,2,0,99,4,0,2,12,CV7
530751,3,4,3,3,8,2,4,6,1,0,99,4,0,2,12,CV7
27244,2,5,1,2,8,3,3,8,2,0,99,1,0,2,13,BL1
27244,3,5,1,2,8,3,3,7,1,0,99,1,0,2,13,BL1
27244,4,5,1,2,8,3,3,4,2,0,99,4,0,2,13,BL1
576634,1,4,1,4,7,2,4,54,2,0,99,2,0,2,6,DY1
576634,2,4,1,4,7,2,4,11,2,0,99,4,0,2,6,DY1
576634,3,4,1,4,7,2,4,11,2,0,99,4,0,2,6,DY1
703203,4,5,3,3,7,1,3,8,2,0,99,4,0,4,12,BL1
613265,1,3,6,1,2,0,4,17,2,0,99,4,0,3,13,B37
507159,1,4,3,3,5,2,3,37,2,0,99,3,0,2,13,M22
507159,2,4,3,3,5,2,3,12,1,0,99,1,0,2,13,M22
507159,3,4,3,3,5,2,3,9,2,0,99,1,0,2,13,M22
365407,2,4,1,3,7,2,3,13,2,0,99,4,0,2,13,BL8
365407,3,4,1,3,7,2,3,9,2,0,99,4,0,2,13,BL8
561630,2,4,3,2,6,2,4,9,2,0,99,4,0,2,7,B75
561630,3,4,3,2,6,2,4,5,1,0,99,4,0,2,7,B75
243403,3,7,3,3,4,3,3,36,1,0,99,1,0,4,13,WA15
243403,4,7,3,3,4,3,3,10,1,0,99,4,0,4,13,WA15
243403,5,7,3,3,4,3,3,7,2,0,99,4,0,4,13,WA15
243403,6,7,3,3,4,3,3,5,1,0,99,4,0,4,13,WA15
994114,2,3,3,3,0,1,4,9,1,0,99,4,0,2,13,B43
637396,2,5,3,2,3,3,3,13,1,0,99,4,0,2,4,M19
637396,3,5,3,2,3,3,3,10,2,0,99,4,0,2,4,M19
637396,4,5,3,2,3,3,3,2,1,0,99,4,0,2,4,M19
212821,6,4,5,2,0,2,3,39,2,0,99,3,0,2,10,M14
212821,7,4,5,2,0,2,3,3,1,0,99,4,0,2,10,M14
212821,8,4,5,2,0,2,3,1,2,0,99,0,0,2,10,M14
840391,2,3,1,2,0,1,3,4,2,0,99,4,0,2,13,M28
255444,2,4,1,5,5,0,4,20,2,0,99,4,0,4,12,B20
255444,3,4,1,5,5,0,4,16,1,0,99,4,0,4,12,B20
906855,2,5,1,3,4,3,4,15,2,0,99,4,0,2,5,B63
906855,3,5,1,3,4,3,4,12,1,0,99,4,0,2,5,B63
906855,4,5,1,3,4,3,4,7,2,0,99,4,0,2,5,B63
25059,3,4,3,4,4,1,4,15,2,0,99,4,0,3,12,B20
803170,2,3,3,5,7,0,4,20,2,0,99,3,0,3,10,B93
271283,0,2,3,6,6,0,4,54,2,0,99,2,0,2,9,DY3
761340,1,2,3,6,4,0,4,19,2,0,99,2,0,2,13,B69
433214,1,2,3,1,5,0,3,41,2,0,99,2,0,2,6,M46
364222,1,4,4,3,0,2,4,9,1,0,99,4,0,2,13,B45
364222,2,4,4,3,0,2,4,39,2,0,99,3,0,2,13,B45
364222,3,4,4,3,0,2,4,6,2,0,99,4,0,2,13,B45
371158,2,5,4,3,4,3,3,11,2,0,99,4,0,2,13,WN1
371158,3,5,4,3,4,3,3,9,2,0,99,4,0,2,13,WN1
371158,4,5,4,3,4,3,3,6,1,0,99,4,0,2,13,WN1
595827,2,8,5,2,0,6,4,15,1,0,99,4,0,2,9,DY1
595827,3,8,5,2,0,6,4,13,1,0,99,4,0,2,9,DY1
595827,4,8,5,2,0,6,4,9,1,0,99,4,0,2,9,DY1
595827,5,8,5,2,0,6,4,6,1,0,99,4,0,2,9,DY1
595827,6,8,5,2,0,6,4,5,1,0,99,4,0,2,9,DY1
595827,7,8,5,2,0,6,4,1,2,0,99,4,0,2,9,DY1
995613,1,4,6,4,0,2,4,12,1,0,99,4,0,2,5,B71
995613,2,4,6,4,0,2,4,33,2,0,99,2,0,2,5,B71
995613,3,4,6,4,0,2,4,12,2,0,99,4,0,2,5,B71
378924,5,9,6,3,0,4,3,15,2,0,99,4,0,5,9,OL11
378924,6,9,6,3,0,4,3,14,1,0,99,4,0,5,9,OL11
378924,7,9,6,3,0,4,3,10,1,0,99,4,0,5,9,OL11
378924,8,9,6,3,0,4,3,8,1,0,99,4,0,5,9,OL11
321631,2,4,5,2,2,3,4,12,1,0,99,4,0,1,12,B7
321631,3,4,5,2,2,3,4,9,2,0,99,4,0,1,12,B7
321631,4,4,5,2,2,3,4,4,1,0,99,4,0,1,12,B7
149480,4,3,3,5,8,0,3,19,1,0,99,4,0,3,13,M30
104633,1,4,3,4,8,2,4,49,2,0,99,2,0,2,13,WS3
104633,2,4,3,4,8,2,4,14,1,0,99,4,0,2,13,WS3
104633,3,4,3,4,8,2,4,12,2,0,99,4,0,2,13,WS3
581219,1,5,4,3,5,2,4,43,2,0,99,2,0,3,9,B98
581219,2,5,4,3,5,2,4,18,2,0,99,4,0,3,9,B98
581219,3,5,4,3,5,2,4,14,1,0,99,4,0,3,9,B98
581219,4,5,4,3,5,2,4,6,1,0,99,4,0,3,9,B98
803825,2,4,3,2,8,2,4,5,2,0,99,4,0,2,3,B74
803825,3,4,3,2,8,2,4,4,1,0,99,4,0,2,3,B74
343710,4,4,1,5,0,0,4,27,2,0,99,3,0,4,10,B44
489191,1,5,1,3,3,1,4,49,2,0,99,3,0,4,0,B11
489191,4,5,1,3,3,1,4,9,1,0,99,4,0,4,0,B11
110649,2,4,3,3,8,2,3,10,2,0,99,4,0,2,10,M28
110649,3,4,3,3,8,2,3,8,1,0,99,4,0,2,10,M28
490139,2,4,1,3,6,2,3,8,1,0,99,4,0,2,13,WA3
490139,3,4,1,3,6,2,3,7,1,0,99,4,0,2,13,WA3
81367,2,5,5,5,3,0,4,30,2,0,99,3,0,5,11,WV14
81367,4,5,5,5,3,0,4,18,1,0,99,2,0,5,11,WV14
880817,2,3,3,1,4,0,3,18,2,0,99,4,0,3,13,OL11
224229,3,4,5,4,4,1,3,13,1,0,99,4,0,3,12,OL1
913804,3,4,5,5,0,0,3,30,2,0,99,3,0,4,13,OL9
913804,4,4,5,5,0,0,3,27,2,0,99,2,0,4,13,OL9
105200,1,4,1,3,6,2,4,34,1,0,99,3,0,2,3,B38
105200,2,4,1,3,6,2,4,7,2,0,99,4,0,2,3,B38
105200,3,4,1,3,6,2,4,5,2,0,99,4,0,2,3,B38
310096,2,8,5,2,2,2,4,31,2,0,99,2,0,6,10,B36
310096,4,8,5,2,2,2,4,23,2,0,99,3,0,6,10,B36
310096,5,8,5,2,2,2,4,27,1,0,99,2,0,6,10,B36
310096,6,8,5,2,2,2,4,4,1,0,99,4,0,6,10,B36
310096,7,8,5,2,2,2,4,0,1,0,99,0,0,6,10,B36
653811,2,4,4,2,3,2,3,8,1,0,99,4,0,2,7,OL9
653811,5,4,4,2,3,2,3,4,1,0,99,4,0,2,7,OL9
757674,2,5,3,3,7,1,4,19,2,0,99,4,0,4,12,B74
757674,3,5,3,3,7,1,4,16,2,0,99,4,0,4,12,B74
757674,4,5,3,3,7,1,4,8,2,0,99,4,0,4,12,B74
888711,1,3,3,2,2,2,4,8,1,0,99,4,0,1,4,B45
888711,2,3,3,2,2,2,4,3,1,0,99,4,0,1,4,B45
386448,1,4,3,3,0,2,4,12,2,0,99,4,0,2,12,DY1
386448,2,4,3,3,0,2,4,8,1,0,99,4,0,2,12,DY1
386448,3,4,3,3,0,2,4,38,1,0,99,1,0,2,12,DY1
818697,2,3,5,5,2,0,4,38,1,0,99,3,0,3,12,WS2
487062,1,3,5,5,3,0,4,78,2,0,99,1,0,3,10,B44
487062,2,3,5,5,3,0,4,49,2,0,99,3,0,3,10,B44
81732,1,4,1,3,2,1,4,21,1,0,99,2,0,3,2,B70
81732,2,4,1,3,2,1,4,8,2,0,99,4,0,3,2,B70
81732,3,4,1,3,2,1,4,19,2,0,99,2,0,3,2,B70
475734,3,7,1,2,3,2,4,26,1,0,99,4,0,5,8,B13
475734,4,7,1,2,3,2,4,23,1,0,99,4,0,5,8,B13
475734,5,7,1,2,3,2,4,5,1,0,99,4,0,5,8,B13
475734,6,7,1,2,3,2,4,2,2,0,99,0,0,5,8,B13
188776,2,3,3,5,0,0,4,17,1,0,99,4,0,3,13,B30
769634,2,4,3,3,6,2,3,9,1,0,99,4,0,2,10,OL2
769634,3,4,3,3,6,2,3,6,1,0,99,4,0,2,10,OL2
816221,1,2,4,7,3,0,4,24,1,0,99,3,0,2,10,WS4
376990,1,3,1,4,3,1,3,55,2,0,99,3,0,2,12,BL6
376990,2,3,1,4,3,1,3,14,2,0,99,4,0,2,12,BL6
829045,1,3,5,1,5,0,4,39,2,0,99,2,0,3,13,B14
829045,2,3,5,1,5,0,4,17,2,0,99,4,0,3,13,B14
130986,1,4,1,2,1,3,4,6,1,0,99,3,0,1,1,B25
130986,2,4,1,2,1,3,4,2,2,0,99,1,0,1,1,B25
130986,3,4,1,2,1,3,4,4,1,0,99,3,0,1,1,B25
827036,2,2,3,1,7,0,4,49,2,0,99,2,0,2,4,B73
755658,1,3,1,2,0,1,4,45,2,0,99,2,0,2,10,B73
755658,2,3,1,2,0,1,4,4,2,0,99,4,0,2,10,B73
800192,1,2,6,7,3,0,3,85,1,0,99,2,0,2,13,BL6
989361,2,3,5,1,4,0,4,18,1,0,99,4,0,3,4,B33
989361,4,3,5,1,4,0,4,38,2,0,99,3,0,3,4,B33
163481,2,3,3,2,4,1,4,2,1,0,99,4,0,2,5,B20
469069,1,2,5,6,3,0,3,51,2,0,99,1,0,2,13,M30
431480,2,9,4,2,0,6,3,15,1,0,99,4,0,3,13,BL4
431480,3,9,4,2,0,6,3,11,2,0,99,4,0,3,13,BL4
431480,4,9,4,2,0,6,3,9,2,0,99,4,0,3,13,BL4
431480,5,9,4,2,0,6,3,4,2,0,99,4,0,3,13,BL4
431480,6,9,4,2,0,6,3,3,2,0,99,4,0,3,13,BL4
431480,7,9,4,2,0,6,3,47,2,0,99,2,0,3,13,BL4
431480,8,9,4,2,0,6,3,0,2,0,99,0,0,3,13,BL4
392614,2,3,3,5,0,0,3,20,2,0,99,4,0,3,13,M50
392614,3,3,3,5,0,0,3,60,1,0,99,2,0,3,13,M50
680196,3,4,3,5,6,0,4,20,1,0,99,4,0,4,12,B32
407742,1,6,3,3,7,4,4,40,2,0,99,3,0,2,8,WS1
407742,2,6,3,3,7,4,4,11,1,0,99,4,0,2,8,WS1
407742,3,6,3,3,7,4,4,11,2,0,99,4,0,2,8,WS1
407742,4,6,3,3,7,4,4,6,1,0,99,4,0,2,8,WS1
407742,5,6,3,3,7,4,4,6,1,0,99,4,0,2,8,WS1
610872,1,4,3,2,8,2,3,57,2,0,99,3,0,2,0,BL4
610872,2,4,3,2,8,2,3,4,1,0,99,4,0,2,0,BL4
610872,3,4,3,2,8,2,3,1,1,0,99,4,0,2,0,BL4
433810,4,2,1,6,5,0,3,17,1,0,99,2,0,2,2,BL1
307435,1,4,5,2,6,2,4,7,1,0,99,4,0,2,13,B32
307435,4,4,5,2,6,2,4,5,2,0,99,4,0,2,13,B32
474935,1,7,3,2,2,5,4,45,2,0,99,2,0,2,0,B8
474935,2,7,3,2,2,5,4,15,1,0,99,4,0,2,0,B8
474935,3,7,3,2,2,5,4,14,1,0,99,4,0,2,0,B8
474935,4,7,3,2,2,5,4,12,1,0,99,4,0,2,0,B8
474935,6,7,3,2,2,5,4,7,1,0,99,4,0,2,0,B8
474935,7,7,3,2,2,5,4,4,2,0,99,4,0,2,0,B8
720697,1,7,3,4,3,1,4,88,1,0,99,3,0,6,4,B36
720697,3,7,3,4,3,1,4,24,2,0,99,2,0,6,4,B36
720697,4,7,3,4,3,1,4,15,1,0,99,4,0,6,4,B36
720697,5,7,3,4,3,1,4,18,1,0,99,4,0,6,4,B36
720697,6,7,3,4,3,1,4,25,2,0,99,4,0,6,4,B36
654398,3,4,3,5,7,0,3,20,2,0,99,3,0,4,13,M16
334895,2,4,3,2,5,2,3,8,2,0,99,4,0,2,12,BL1
334895,3,4,3,2,5,2,3,3,1,0,99,4,0,2,12,BL1
390277,2,4,1,4,8,2,4,15,1,0,99,4,0,2,12,B20
390277,3,4,1,4,8,2,4,13,2,0,99,4,0,2,12,B20
726554,2,4,5,3,3,1,4,7,2,0,99,4,0,3,13,B26
726554,3,4,5,3,3,1,4,20,2,0,99,4,0,3,13,B26
605144,2,4,3,3,0,2,3,11,1,0,99,4,0,2,12,BL9
605144,3,4,3,3,0,2,3,7,1,0,99,4,0,2,12,BL9
324569,3,5,3,3,0,2,4,11,1,0,99,4,0,3,11,B67
324569,4,5,3,3,0,2,4,6,2,0,99,4,0,3,11,B67
682518,1,2,1,1,8,0,4,26,1,0,99,3,0,2,12,WV14
360029,2,4,3,3,3,2,4,10,2,0,99,4,0,2,13,WS1
360029,3,4,3,3,3,2,4,7,1,0,99,4,0,2,13,WS1
338033,1,7,5,3,3,5,3,50,2,0,99,3,0,2,13,BL5
338033,4,7,5,3,3,5,3,12,2,0,99,1,0,2,13,BL5
338033,5,7,5,3,3,5,3,9,1,0,99,1,0,2,13,BL5
338033,6,7,5,3,3,5,3,5,1,0,99,1,0,2,13,BL5
266616,4,2,3,6,8,0,4,55,2,0,99,2,0,2,12,DY2
129646,2,3,1,3,5,1,3,5,2,0,99,4,0,2,8,M27
457924,2,4,6,2,0,3,3,8,2,0,99,4,0,1,13,OL11
457924,3,4,6,2,0,3,3,7,1,0,99,4,0,1,13,OL11
457924,4,4,6,2,0,3,3,1,2,0,99,0,0,1,13,OL11
659732,1,4,3,2,0,2,4,40,2,0,99,2,0,2,1,B23
659732,2,4,3,2,0,2,4,6,1,0,99,4,0,2,1,B23
659732,3,4,3,2,0,2,4,4,2,0,99,4,0,2,1,B23
14757,1,5,5,2,3,3,3,57,2,0,99,3,0,2,3,M22
14757,2,5,5,2,3,3,3,9,1,0,99,4,0,2,3,M22
14757,3,5,5,2,3,3,3,7,2,0,99,4,0,2,3,M22
14757,4,5,5,2,3,3,3,3,1,0,99,4,0,2,3,M22
109354,2,3,3,4,3,1,3,11,2,0,99,4,0,2,9,BL3
853672,2,4,1,3,5,2,4,12,2,0,99,4,0,2,13,B74
853672,3,4,1,3,5,2,4,7,1,0,99,4,0,2,13,B74
215248,1,3,1,5,3,0,4,48,1,0,99,2,0,3,11,B14
215248,2,3,1,5,3,0,4,21,2,0,99,2,0,3,11,B14
724779,1,4,4,3,3,2,4,6,2,0,99,4,0,2,0,B24
724779,2,4,4,3,3,2,4,11,2,0,99,4,0,2,0,B24
724779,3,4,4,3,3,2,4,39,2,0,99,3,0,2,0,B24
959160,2,2,5,3,3,1,4,7,2,0,99,4,0,1,12,B98
959160,3,2,5,3,3,1,4,0,1,0,99,4,0,1,12,B98
134933,2,5,5,4,4,1,4,16,1,0,99,4,0,4,13,WS3
134933,3,5,5,4,4,1,4,12,1,0,99,4,0,4,13,WS3
843525,3,4,1,3,8,2,4,7,2,0,99,4,0,2,11,B13
772932,5,6,5,3,3,1,4,7,1,0,99,4,0,5,10,B25
910767,2,3,5,3,4,2,4,15,1,0,99,4,0,1,0,B23
910767,3,3,5,3,4,2,4,7,2,0,99,4,0,1,0,B23
856770,1,4,3,2,5,2,4,39,2,0,99,3,0,2,3,B72
856770,2,4,3,2,5,2,4,6,1,0,99,1,0,2,3,B72
856770,3,4,3,2,5,2,4,4,2,0,99,1,0,2,3,B72
364514,3,4,3,4,1,1,4,18,2,0,99,4,0,3,6,B65
364514,4,4,3,4,1,1,4,12,1,0,99,4,0,3,6,B65
935855,2,3,3,2,8,1,4,2,1,0,99,4,0,2,13,WS3
259062,2,4,1,2,4,2,4,6,1,0,99,4,0,2,13,WS3
259062,3,4,1,2,4,2,4,1,2,0,99,4,0,2,13,WS3
250841,1,2,3,4,4,1,4,12,2,0,99,4,0,1,8,B23
639636,1,3,4,5,5,0,4,66,1,0,99,1,0,3,8,B92
737363,2,3,3,2,2,2,3,6,2,0,99,1,0,1,2,M7
737363,5,3,3,2,2,2,3,2,1,0,99,4,0,1,2,M7
62620,3,6,5,3,5,2,4,28,2,0,99,3,0,4,0,B34
62620,4,6,5,3,5,2,4,21,2,0,99,3,0,4,0,B34
62620,5,6,5,3,5,2,4,12,1,0,99,4,0,4,0,B34
62620,6,6,5,3,5,2,4,9,2,0,99,4,0,4,0,B34
719782,1,4,1,3,8,2,3,11,1,0,99,4,0,2,6,M30
719782,2,4,1,3,8,2,3,6,2,0,99,4,0,2,6,M30
719782,3,4,1,3,8,2,3,45,2,0,99,3,0,2,6,M30
32818,2,4,4,3,1,2,4,12,2,0,99,1,0,2,11,B76
32818,3,4,4,3,1,2,4,6,1,0,99,1,0,2,11,B76
910908,1,2,3,4,3,1,3,10,2,0,99,4,0,1,13,M26
167472,1,3,3,3,4,1,4,41,1,0,99,3,0,2,7,B31
167472,2,3,3,3,4,1,4,6,1,0,99,4,0,2,7,B31
858705,3,4,5,4,4,2,4,13,1,0,99,4,0,2,13,B24
858705,4,4,5,4,4,2,4,11,1,0,99,4,0,2,13,B24
389282,2,3,3,5,6,0,4,19,2,0,99,4,0,3,13,B36
173107,2,5,1,2,0,3,3,8,1,0,99,4,0,2,13,OL12
173107,3,5,1,2,0,3,3,4,1,0,99,4,0,2,13,OL12
173107,4,5,1,2,0,3,3,1,2,0,99,0,0,2,13,OL12
338289,1,2,5,6,0,0,4,26,2,0,99,3,0,2,9,B37
452124,4,5,5,3,0,2,4,7,1,0,99,4,0,3,8,B28
288506,0,5,6,5,0,0,4,45,1,0,99,2,0,5,1,B23
288506,1,5,6,5,0,0,4,56,1,0,99,2,0,5,1,B23
288506,3,5,6,5,0,0,4,75,1,0,99,1,0,5,1,B23
249968,2,3,5,3,1,1,3,7,2,0,99,4,0,2,0,OL2
97533,1,2,3,6,0,0,3,65,2,0,99,1,0,2,12,OL4
375524,1,4,3,5,6,0,4,54,2,0,99,3,0,4,9,B48
375524,2,4,3,5,6,0,4,20,2,0,99,2,0,4,9,B48
375524,3,4,3,5,6,0,4,18,1,0,99,2,0,4,9,B48
569007,1,3,3,5,0,0,3,35,2,0,99,3,0,3,13,OL1
569007,2,3,3,5,0,0,3,25,1,0,99,2,0,3,13,OL1
927764,2,4,1,4,3,2,3,13,2,0,99,4,0,2,5,M28
927764,3,4,1,4,3,2,3,11,2,0,99,4,0,2,5,M28
880282,1,3,1,3,0,1,3,42,2,0,99,3,0,2,12,M9
880282,2,3,1,3,0,1,3,6,2,0,99,4,0,2,12,M9
41280,1,6,4,5,2,0,4,32,1,0,99,3,0,6,12,B66
41280,3,6,4,5,2,0,4,29,2,0,99,3,0,6,12,B66
41280,5,6,4,5,2,0,4,19,1,0,99,4,0,6,12,B66
518066,1,2,5,6,5,0,3,59,1,0,99,2,0,2,12,BL6
240822,3,6,4,2,0,2,3,23,2,0,99,4,0,4,12,BL4
240822,4,6,4,2,0,2,3,5,2,0,99,4,0,4,12,BL4
240822,5,6,4,2,0,2,3,4,2,0,99,4,0,4,12,BL4
981967,2,3,5,3,0,1,3,7,2,0,99,4,0,2,11,BL3
679962,2,8,3,3,3,6,4,14,1,0,99,4,0,2,11,B26
679962,3,8,3,3,3,6,4,11,1,0,99,4,0,2,11,B26
679962,4,8,3,3,3,6,4,9,1,0,99,4,0,2,11,B26
679962,5,8,3,3,3,6,4,7,2,0,99,4,0,2,11,B26
679962,6,8,3,3,3,6,4,7,2,0,99,4,0,2,11,B26
679962,7,8,3,3,3,6,4,7,2,0,99,4,0,2,11,B26
992962,1,4,3,1,6,0,3,48,2,0,99,2,0,4,8,OL14
992962,2,4,3,1,6,0,3,21,2,0,99,2,0,4,8,OL14
992962,3,4,3,1,6,0,3,18,2,0,99,4,0,4,8,OL14
219741,2,5,3,5,0,0,3,23,2,0,99,3,0,5,13,M6
219741,4,5,3,5,0,0,3,17,2,0,99,4,0,5,13,M6
675723,1,4,1,4,8,1,3,54,2,0,99,2,0,3,1,M38
675723,2,4,1,4,8,1,3,17,1,0,99,4,0,3,1,M38
675723,3,4,1,4,8,1,3,11,1,0,99,4,0,3,1,M38
338990,1,3,3,1,4,0,3,49,1,0,99,1,0,3,6,OL9
338990,4,3,3,1,4,0,3,21,1,0,99,3,0,3,6,OL9
752121,1,4,1,4,5,1,4,47,2,0,99,3,0,3,8,WS5
752121,2,4,1,4,5,1,4,20,1,0,99,3,0,3,8,WS5
752121,3,4,1,4,5,1,4,12,1,0,99,1,0,3,8,WS5
478156,1,3,6,1,2,0,4,64,1,0,99,4,0,3,2,B10
665258,1,2,5,4,2,1,4,13,2,0,99,4,0,1,13,B24
182045,2,4,1,3,6,2,3,7,2,0,99,4,0,2,11,SK4
182045,3,4,1,3,6,2,3,7,2,0,99,4,0,2,11,SK4
388981,1,2,1,7,4,0,4,76,2,0,99,2,0,2,8,B93
937050,2,4,3,2,2,2,4,6,1,0,99,4,0,2,12,B8
937050,3,4,3,2,2,2,4,4,2,0,99,4,0,2,12,B8
867237,3,4,3,5,8,0,3,18,2,0,99,4,0,4,13,M33
561781,1,3,3,5,7,0,3,65,1,0,99,2,0,3,9,M18
561781,2,3,3,5,7,0,3,39,2,0,99,3,0,3,9,M18
87786,6,9,3,2,6,1,4,1,2,0,99,4,0,8,5,B67
87786,7,9,3,2,6,1,4,29,1,0,99,3,0,8,5,B67
87786,8,9,3,2,6,1,4,27,1,0,99,3,0,8,5,B67
763880,2,4,1,3,5,2,4,11,2,0,99,4,0,2,11,B92
763880,3,4,1,3,5,2,4,8,1,0,99,4,0,2,11,B92
989687,3,4,3,4,4,1,4,15,1,0,99,4,0,3,10,B36
425166,1,2,4,6,8,0,3,61,2,0,99,3,0,2,11,WA15
757197,1,3,1,3,8,1,4,9,2,0,99,4,0,2,2,DY3
84419,1,5,5,2,2,3,3,32,1,0,99,3,0,2,1,M30
84419,2,5,5,2,2,3,3,9,2,0,99,4,0,2,1,M30
84419,3,5,5,2,2,3,3,7,2,0,99,4,0,2,1,M30
84419,4,5,5,2,2,3,3,4,2,0,99,0,0,2,1,M30
621334,1,5,3,3,4,2,4,8,1,0,99,4,0,3,9,B61
621334,3,5,3,3,4,2,4,16,1,0,99,4,0,3,9,B61
621334,4,5,3,3,4,2,4,12,1,0,99,4,0,3,9,B61
925695,1,4,4,1,5,0,3,20,1,0,99,2,0,4,10,M9
925695,2,4,4,1,5,0,3,16,2,0,99,4,0,4,10,M9
925695,3,4,4,1,5,0,3,45,2,0,99,1,0,4,10,M9
549193,1,2,3,6,0,0,4,28,1,0,99,2,0,2,2,B42
451393,3,6,5,3,3,4,3,11,1,0,99,4,0,2,13,OL11
451393,4,6,5,3,3,4,3,9,1,0,99,4,0,2,13,OL11
451393,5,6,5,3,3,4,3,6,2,0,99,4,0,2,13,OL11
648124,2,4,3,3,2,2,4,8,2,0,99,4,0,2,13,WS1
648124,3,4,3,3,2,2,4,5,2,0,99,4,0,2,13,WS1
158823,2,3,1,3,7,1,3,5,2,0,99,4,0,2,10,BL6
984280,2,4,3,2,4,2,4,6,2,0,99,4,0,2,13,WS1
984280,3,4,3,2,4,2,4,3,1,0,99,4,0,2,13,WS1
216937,1,5,5,3,0,3,4,40,2,0,99,3,0,2,9,B20
216937,2,5,5,3,0,3,4,10,1,0,99,4,0,2,9,B20
216937,3,5,5,3,0,3,4,8,2,0,99,4,0,2,9,B20
216937,4,5,5,3,0,3,4,5,2,0,99,4,0,2,9,B20
600828,3,4,3,5,6,0,4,17,2,0,99,4,0,4,13,B74
368981,2,5,3,3,8,3,3,12,2,0,99,4,0,2,8,M18
368981,3,5,3,3,8,3,3,9,1,0,99,4,0,2,8,M18
368981,4,5,3,3,8,3,3,5,1,0,99,4,0,2,8,M18
409779,2,3,3,4,2,2,4,12,2,0,99,4,0,1,13,B78
900557,3,6,4,4,3,3,4,14,1,0,99,4,0,3,13,B27
900557,4,6,4,4,3,3,4,11,2,0,99,4,0,3,13,B27
900557,5,6,4,4,3,3,4,10,2,0,99,4,0,3,13,B27
132828,2,5,5,2,0,3,4,9,2,0,99,4,0,2,13,B11
132828,3,5,5,2,0,3,4,6,1,0,99,4,0,2,13,B11
132828,4,5,5,2,0,3,4,2,2,0,99,1,0,2,13,B11
39933,2,3,1,3,5,1,3,5,2,0,99,4,0,2,7,WA15
418341,2,4,1,5,2,0,4,24,2,0,99,4,0,4,13,B11
418341,3,4,1,5,2,0,4,26,2,0,99,3,0,4,13,B11
240353,1,5,3,3,0,3,4,38,2,0,99,3,0,2,11,B73
240353,2,5,3,3,0,3,4,11,1,0,99,4,0,2,11,B73
240353,3,5,3,3,0,3,4,8,1,0,99,4,0,2,11,B73
240353,4,5,3,3,0,3,4,7,2,0,99,4,0,2,11,B73
337298,2,5,5,5,3,0,4,21,2,0,99,2,0,5,13,B6
104849,1,2,3,6,5,0,4,61,2,0,99,3,0,2,11,B38
881584,2,3,1,2,3,1,4,4,1,0,99,4,0,2,13,B32
737503,2,3,3,4,6,1,4,12,2,0,99,4,0,2,13,B69
543533,2,3,4,4,4,1,3,10,1,0,99,4,0,2,12,M24
744692,2,6,3,3,8,4,4,15,2,0,99,4,0,2,12,B36
744692,3,6,3,3,8,4,4,13,2,0,99,4,0,2,12,B36
744692,4,6,3,3,8,4,4,11,1,0,99,4,0,2,12,B36
744692,5,6,3,3,8,4,4,5,1,0,99,4,0,2,12,B36
588996,3,6,5,3,1,2,4,16,1,0,99,4,0,4,10,B8
588996,4,6,5,3,1,2,4,13,1,0,99,4,0,4,10,B8
588996,5,6,5,3,1,2,4,9,2,0,99,4,0,4,10,B8
668719,4,5,5,1,3,0,4,25,2,0,99,3,0,5,12,WV13
589641,2,4,3,2,4,2,3,7,1,0,99,4,0,2,6,M30
589641,4,4,3,2,4,2,3,5,2,0,99,4,0,2,6,M30
276737,1,5,5,4,3,1,4,35,2,0,99,1,0,4,9,B69
276737,2,5,5,4,3,1,4,17,1,0,99,2,0,4,9,B69
276737,3,5,5,4,3,1,4,16,2,0,99,4,0,4,9,B69
276737,4,5,5,4,3,1,4,11,2,0,99,4,0,4,9,B69
538673,2,4,5,3,3,2,4,12,2,0,99,4,0,2,3,B66
538673,3,4,5,3,3,2,4,7,1,0,99,4,0,2,3,B66
659486,1,3,3,3,2,1,4,9,2,0,99,4,0,2,13,DY5
737296,2,3,3,3,3,1,4,5,2,0,99,4,0,2,12,B61
994347,2,3,4,2,0,2,3,4,2,0,99,4,0,1,11,M18
274901,1,3,6,3,0,2,3,15,2,0,99,4,0,1,13,M27
274901,2,3,6,3,0,2,3,9,1,0,99,4,0,1,13,M27
192785,1,4,3,3,3,2,3,43,2,0,99,3,0,2,3,BL9
192785,2,4,3,3,3,2,3,13,2,0,99,3,0,2,3,BL9
192785,3,4,3,3,3,2,3,8,2,0,99,4,0,2,3,BL9
75215,2,4,1,3,4,2,4,14,2,0,99,4,0,2,13,DY1
75215,3,4,1,3,4,2,4,9,1,0,99,4,0,2,13,DY1
645167,1,4,3,2,5,2,3,8,2,0,99,4,0,2,13,M19
645167,3,4,3,2,5,2,3,4,2,0,99,4,0,2,13,M19
835765,2,4,3,3,6,2,4,6,1,0,99,4,0,2,12,B61
835765,3,4,3,3,6,2,4,5,1,0,99,4,0,2,12,B61
708676,3,4,5,3,3,1,4,9,1,0,99,4,0,3,5,B31
828117,1,5,3,4,2,1,4,41,2,0,99,0,0,4,5,B20
828117,2,5,3,4,2,1,4,19,2,0,99,0,0,4,5,B20
828117,3,5,3,4,2,1,4,16,2,0,99,0,0,4,5,B20
828117,4,5,3,4,2,1,4,10,2,0,99,0,0,4,5,B20
856882,5,4,3,3,3,2,4,8,1,0,99,4,0,2,11,B16
856882,6,4,3,3,3,2,4,5,1,0,99,4,0,2,11,B16
978947,2,4,4,3,2,2,4,8,1,0,99,4,0,2,8,B25
978947,3,4,4,3,2,2,4,5,2,0,99,4,0,2,8,B25
715943,4,5,3,4,6,2,3,11,1,0,99,2,0,3,11,BL9
660839,3,11,1,2,4,6,3,20,2,0,99,4,0,5,13,BL5
660839,4,11,1,2,4,6,3,17,1,0,99,4,0,5,13,BL5
660839,6,11,1,2,4,6,3,12,1,0,99,4,0,5,13,BL5
660839,7,11,1,2,4,6,3,10,1,0,99,4,0,5,13,BL5
660839,8,11,1,2,4,6,3,7,1,0,99,4,0,5,13,BL5
660839,9,11,1,2,4,6,3,3,1,0,99,0,0,5,13,BL5
660839,10,11,1,2,4,6,3,1,2,0,99,0,0,5,13,BL5
291212,1,4,3,2,0,2,4,33,2,0,99,3,0,2,3,DY4
291212,2,4,3,2,0,2,4,5,1,0,99,4,0,2,3,DY4
291212,3,4,3,2,0,2,4,3,1,0,99,4,0,2,3,DY4
333670,2,4,3,2,6,2,3,6,2,0,99,4,0,2,13,OL12
333670,3,4,3,2,6,2,3,2,2,0,99,4,0,2,13,OL12
920331,1,6,5,2,3,1,3,53,2,0,99,3,0,5,11,M6
920331,3,6,5,2,3,1,3,25,2,0,99,3,0,5,11,M6
920331,5,6,5,2,3,1,3,4,2,0,99,4,0,5,11,M6
450583,1,2,3,1,4,0,3,30,2,0,99,2,0,2,7,BL9
366288,2,6,5,2,2,4,4,15,1,0,99,1,0,2,10,B32
366288,3,6,5,2,2,4,4,13,1,0,99,1,0,2,10,B32
366288,4,6,5,2,2,4,4,9,2,0,99,1,0,2,10,B32
366288,5,6,5,2,2,4,4,4,2,0,99,0,0,2,10,B32
423864,1,3,1,1,8,0,3,72,2,0,99,3,0,3,5,OL3
423864,2,3,1,1,8,0,3,69,1,0,99,3,0,3,5,OL3
624208,1,3,1,2,0,1,3,43,2,0,99,2,0,2,1,M22
624208,2,3,1,2,0,1,3,4,2,0,99,4,0,2,1,M22
571723,2,4,1,3,6,2,4,10,2,0,99,4,0,2,9,DY9
571723,3,4,1,3,6,2,4,5,2,0,99,4,0,2,9,DY9
599892,2,4,3,3,0,2,4,10,2,0,99,4,0,2,12,B44
599892,3,4,3,3,0,2,4,6,2,0,99,4,0,2,12,B44
544293,2,7,1,2,4,5,3,13,2,0,99,4,0,2,9,M8
544293,3,7,1,2,4,5,3,11,2,0,99,4,0,2,9,M8
544293,4,7,1,2,4,5,3,10,2,0,99,4,0,2,9,M8
544293,5,7,1,2,4,5,3,4,2,0,99,4,0,2,9,M8
544293,6,7,1,2,4,5,3,2,2,0,99,1,0,2,9,M8
378949,3,4,6,1,3,0,3,16,2,0,99,3,0,4,12,M26
236724,2,4,6,2,3,2,4,6,1,0,99,4,0,2,10,B14
236724,3,4,6,2,3,2,4,4,2,0,99,4,0,2,10,B14
961967,2,4,6,3,3,2,3,9,1,0,99,4,0,2,13,M28
961967,3,4,6,3,3,2,3,8,1,0,99,4,0,2,13,M28
97590,1,3,1,3,5,1,3,36,2,0,99,3,0,2,4,M30
97590,2,3,1,3,5,1,3,5,2,0,99,4,0,2,4,M30
261466,3,8,3,2,0,3,4,4,2,0,99,4,0,5,9,B66
261466,6,8,3,2,0,3,4,2,1,0,99,4,0,5,9,B66
261466,7,8,3,2,0,3,4,1,2,0,99,0,0,5,9,B66
777137,1,2,4,7,0,0,4,24,1,0,99,3,0,2,11,B16
963991,2,3,5,2,8,1,4,4,1,0,99,4,0,2,13,CV7
479288,2,3,1,2,8,1,3,2,2,0,99,4,0,2,10,OL6
895354,3,4,4,4,4,2,4,12,1,0,99,4,0,2,13,B71
939812,2,3,4,2,6,1,3,4,1,0,99,4,0,2,11,BL1
52013,1,3,6,3,0,2,3,7,2,0,99,4,0,1,13,M22
52013,2,3,6,3,0,2,3,12,1,0,99,4,0,1,13,M22
843658,2,3,5,4,2,1,4,10,2,0,99,4,0,2,13,WS3
572388,2,4,4,3,4,2,4,11,2,0,99,4,0,2,5,B67
572388,3,4,4,3,4,2,4,8,2,0,99,4,0,2,5,B67
260334,1,2,3,6,5,0,3,62,1,0,99,2,0,2,7,OL4
488823,2,3,1,3,4,1,3,5,1,0,99,4,0,2,11,BL3
616301,1,3,6,5,5,0,4,23,1,0,99,3,0,3,13,B61
906647,1,5,6,3,3,4,3,14,2,0,99,4,0,1,0,WA15
906647,2,5,6,3,3,4,3,13,2,0,99,4,0,1,0,WA15
906647,3,5,6,3,3,4,3,10,2,0,99,4,0,1,0,WA15
906647,4,5,6,3,3,4,3,6,1,0,99,4,0,1,0,WA15
974220,2,3,1,2,4,1,3,2,1,0,99,4,0,2,8,M27
780547,2,6,3,2,2,3,4,33,1,0,99,0,0,3,10,B19
780547,3,6,3,2,2,3,4,9,1,0,99,0,0,3,10,B19
780547,4,6,3,2,2,3,4,8,1,0,99,0,0,3,10,B19
780547,5,6,3,2,2,3,4,3,1,0,99,0,0,3,10,B19
623989,2,4,5,2,6,2,4,6,1,0,99,1,0,2,12,B14
623989,3,4,5,2,6,2,4,4,1,0,99,1,0,2,12,B14
361750,2,3,3,2,3,2,4,5,1,0,99,4,0,1,12,B24
361750,3,3,3,2,3,2,4,3,2,0,99,4,0,1,12,B24
821277,2,3,1,2,7,1,4,2,2,0,99,0,0,2,9,B13
425910,2,4,4,2,3,2,4,8,2,0,99,4,0,2,9,WS4
425910,3,4,4,2,3,2,4,3,2,0,99,4,0,2,9,WS4
319549,2,4,3,2,7,2,4,3,2,0,99,4,0,2,10,B76
319549,3,4,3,2,7,2,4,1,1,0,99,0,0,2,10,B76
154319,1,8,4,2,3,5,4,34,2,0,99,1,0,3,7,B70
154319,2,8,4,2,3,5,4,16,2,0,99,4,0,3,7,B70
154319,3,8,4,2,3,5,4,12,1,0,99,4,0,3,7,B70
154319,4,8,4,2,3,5,4,10,2,0,99,4,0,3,7,B70
154319,5,8,4,2,3,5,4,5,1,0,99,4,0,3,7,B70
154319,6,8,4,2,3,5,4,3,1,0,99,4,0,3,7,B70
154319,7,8,4,2,3,5,4,2,1,0,99,4,0,3,7,B70
507234,0,5,3,2,1,1,4,31,1,0,99,1,0,4,1,B13
507234,2,5,3,2,1,1,4,25,1,0,99,3,0,4,1,B13
507234,4,5,3,2,1,1,4,3,1,0,99,4,0,4,1,B13
842243,1,2,3,7,0,0,3,78,1,0,99,1,0,2,12,M28
897719,1,2,4,3,4,1,3,7,2,0,99,4,0,1,10,OL8
510466,2,4,3,2,7,2,4,6,2,0,99,4,0,2,2,B76
510466,3,4,3,2,7,2,4,3,1,0,99,4,0,2,2,B76
540457,1,4,5,5,0,0,4,70,2,0,99,1,0,4,1,B12
540457,2,4,5,5,0,0,4,30,2,0,99,3,0,4,1,B12
540457,3,4,5,5,0,0,4,28,2,0,99,3,0,4,1,B12
838250,2,6,4,2,6,4,4,10,2,0,99,4,0,2,9,WV14
838250,3,6,4,2,6,4,4,7,1,0,99,4,0,2,9,WV14
838250,4,6,4,2,6,4,4,3,1,0,99,4,0,2,9,WV14
838250,5,6,4,2,6,4,4,1,1,0,99,4,0,2,9,WV14
684617,1,5,5,3,5,3,3,41,2,0,99,3,0,2,6,OL2
684617,2,5,5,3,5,3,3,12,2,0,99,4,0,2,6,OL2
684617,3,5,5,3,5,3,3,10,1,0,99,4,0,2,6,OL2
684617,4,5,5,3,5,3,3,8,1,0,99,4,0,2,6,OL2
81740,1,2,1,1,6,0,4,38,1,0,99,3,0,2,11,B31
428596,4,5,3,2,4,2,3,13,1,0,99,4,0,3,8,M26
428596,5,5,3,2,4,2,3,2,1,0,99,0,0,3,8,M26
953227,2,4,1,2,8,2,3,5,2,0,99,4,0,2,13,SK4
953227,3,4,1,2,8,2,3,3,2,0,99,4,0,2,13,SK4
30048,5,7,5,2,1,2,4,9,2,0,99,4,0,5,12,B14
30048,6,7,5,2,1,2,4,5,1,0,99,4,0,5,12,B14
676521,2,4,4,2,8,2,3,8,2,0,99,4,0,2,13,M44
676521,3,4,4,2,8,2,3,2,1,0,99,0,0,2,13,M44
262521,1,4,3,1,0,0,4,80,1,0,99,3,0,4,4,B13
61043,2,4,3,2,8,2,4,6,2,0,99,4,0,2,13,B60
61043,3,4,3,2,8,2,4,3,1,0,99,4,0,2,13,B60
934743,2,4,4,2,3,2,4,6,1,0,99,4,0,2,4,B18
934743,3,4,4,2,3,2,4,3,1,0,99,4,0,2,4,B18
968382,1,4,5,2,3,2,4,31,2,0,99,2,0,2,13,WS3
968382,2,4,5,2,3,2,4,6,2,0,99,4,0,2,13,WS3
968382,3,4,5,2,3,2,4,4,2,0,99,4,0,2,13,WS3
789216,2,5,3,2,4,3,4,9,2,0,99,4,0,2,13,B31
789216,3,5,3,2,4,3,4,7,2,0,99,4,0,2,13,B31
789216,4,5,3,2,4,3,4,3,1,0,99,4,0,2,13,B31
241594,2,4,3,3,3,2,3,13,2,0,99,4,0,2,13,OL12
241594,3,4,3,3,3,2,3,8,1,0,99,4,0,2,13,OL12
671003,2,7,3,3,0,3,4,20,2,0,99,4,0,4,6,B26
671003,3,7,3,3,0,3,4,16,2,0,99,4,0,4,6,B26
671003,4,7,3,3,0,3,4,13,2,0,99,4,0,4,6,B26
671003,5,7,3,3,0,3,4,10,1,0,99,4,0,4,6,B26
671003,6,7,3,3,0,3,4,5,1,0,99,4,0,4,6,B26
497439,2,4,3,3,2,2,3,11,1,0,99,4,0,2,12,OL16
497439,3,4,3,3,2,2,3,9,1,0,99,4,0,2,12,OL16
880186,1,3,6,2,0,1,4,34,2,0,99,2,0,2,4,B21
880186,2,3,6,2,0,1,4,3,1,0,99,0,0,2,4,B21
340395,2,4,4,4,2,2,3,11,1,0,99,0,0,2,13,WA3
340395,3,4,4,4,2,2,3,42,1,0,99,0,0,2,13,WA3
90472,1,3,4,2,5,1,3,45,1,0,99,2,0,2,4,BL1
90472,2,3,4,2,5,1,3,2,2,0,99,4,0,2,4,BL1
847857,2,5,3,2,8,3,4,10,1,0,99,4,0,2,12,B67
847857,3,5,3,2,8,3,4,7,1,0,99,4,0,2,12,B67
847857,4,5,3,2,8,3,4,2,1,0,99,4,0,2,12,B67
46663,1,3,3,4,6,1,3,36,2,0,99,2,0,2,4,M24
46663,2,3,3,4,6,1,3,11,2,0,99,4,0,2,4,M24
206788,7,5,3,3,7,2,4,7,2,0,99,4,0,3,12,B14
206788,8,5,3,3,7,2,4,5,2,0,99,4,0,3,12,B14
626926,2,3,3,2,0,1,4,4,2,0,99,4,0,2,9,B70
687888,1,4,4,1,0,0,4,70,2,0,99,3,0,4,9,B11
687888,2,4,4,1,0,0,4,62,1,0,99,3,0,4,9,B11
687888,3,4,4,1,0,0,4,27,1,0,99,3,0,4,9,B11
876699,2,3,1,2,7,1,4,3,1,0,99,4,0,2,10,B30
173788,1,5,4,3,1,2,4,47,2,0,99,3,0,3,9,B11
173788,3,5,4,3,1,2,4,8,2,0,99,4,0,3,9,B11
173788,4,5,4,3,1,2,4,8,2,0,99,4,0,3,9,B11
404278,2,4,5,4,1,1,4,18,1,0,99,4,0,3,9,B20
404278,3,4,5,4,1,1,4,15,2,0,99,4,0,3,9,B20
995157,4,9,4,2,2,6,4,13,1,0,99,4,0,3,13,B10
995157,5,9,4,2,2,6,4,11,1,0,99,4,0,3,13,B10
995157,6,9,4,2,2,6,4,8,1,0,99,4,0,3,13,B10
995157,7,9,4,2,2,6,4,7,2,0,99,4,0,3,13,B10
995157,8,9,4,2,2,6,4,2,1,0,99,0,0,3,13,B10
578188,2,3,1,2,5,1,3,3,1,0,99,4,0,2,12,OL1
499973,1,2,5,6,0,0,4,49,2,0,99,2,0,2,2,B63
700876,2,3,4,3,0,2,3,9,1,0,99,4,0,1,11,OL10
700876,3,3,4,3,0,2,3,5,2,0,99,4,0,1,11,OL10
87037,2,3,1,4,8,1,3,12,2,0,99,4,0,2,13,M33
848570,4,6,5,4,0,1,4,18,2,0,99,2,0,5,13,B13
848570,5,6,5,4,0,1,4,10,1,0,99,1,0,5,13,B13
554102,2,6,6,2,2,4,4,13,1,0,99,4,0,2,13,B13
554102,3,6,6,2,2,4,4,9,1,0,99,4,0,2,13,B13
554102,4,6,6,2,2,4,4,6,2,0,99,4,0,2,13,B13
554102,5,6,6,2,2,4,4,4,1,0,99,4,0,2,13,B13
408199,1,4,3,4,4,2,4,36,1,0,99,0,0,2,11,B13
408199,2,4,3,4,4,2,4,14,2,0,99,0,0,2,11,B13
408199,3,4,3,4,4,2,4,12,1,0,99,0,0,2,11,B13
566551,0,4,4,2,3,2,4,42,1,0,99,3,0,2,3,WS10
566551,3,4,4,2,3,2,4,2,1,0,99,4,0,2,3,WS10
588968,2,4,6,2,0,2,3,6,1,0,99,4,0,2,9,BL2
588968,3,4,6,2,0,2,3,2,2,0,99,4,0,2,9,BL2
475451,2,4,3,2,3,2,4,4,2,0,99,4,0,2,13,B65
475451,3,4,3,2,3,2,4,1,2,0,99,4,0,2,13,B65
355842,2,3,5,4,2,2,4,15,2,0,99,4,0,1,2,WS2
355842,3,3,5,4,2,2,4,13,1,0,99,4,0,1,2,WS2
332187,2,5,3,3,5,3,3,15,2,0,99,4,0,2,9,BL2
332187,3,5,3,3,5,3,3,14,1,0,99,4,0,2,9,BL2
332187,4,5,3,3,5,3,3,9,1,0,99,4,0,2,9,BL2
574846,2,3,3,4,6,1,3,12,1,0,99,4,0,2,13,OL12
690171,2,4,4,4,0,1,4,17,1,0,99,4,0,3,13,B26
690171,3,4,4,4,0,1,4,13,1,0,99,4,0,3,13,B26
773054,1,4,3,3,2,2,4,16,1,0,99,4,0,2,3,B33
773054,2,4,3,3,2,2,4,13,2,0,99,4,0,2,3,B33
773054,3,4,3,3,2,2,4,8,1,0,99,4,0,2,3,B33
204935,2,3,5,4,2,1,4,14,2,0,99,4,0,2,13,DY1
675621,2,4,1,3,8,2,4,9,1,0,99,4,0,2,13,B92
675621,3,4,1,3,8,2,4,8,1,0,99,4,0,2,13,B92
568257,2,3,1,2,5,1,3,4,2,0,99,4,0,2,13,OL16
284890,2,4,4,3,5,2,4,7,1,0,99,4,0,2,11,B24
284890,3,4,4,3,5,2,4,10,1,0,99,4,0,2,11,B24
134615,1,5,5,2,2,3,3,43,2,0,99,2,0,2,11,M24
134615,2,5,5,2,2,3,3,5,1,0,99,4,0,2,11,M24
134615,3,5,5,2,2,3,3,3,1,0,99,4,0,2,11,M24
134615,4,5,5,2,2,3,3,2,2,0,99,0,0,2,11,M24
4223,2,3,3,2,8,1,3,4,2,0,99,4,0,2,6,M44
992064,2,4,3,2,5,2,4,4,1,0,99,4,0,2,12,B11
992064,3,4,3,2,5,2,4,3,1,0,99,4,0,2,12,B11
767796,2,3,3,4,2,1,4,14,1,0,99,4,0,2,11,WS9
683078,1,5,5,4,2,1,4,51,1,0,99,3,0,4,3,B21
683078,2,5,5,4,2,1,4,24,2,0,99,3,0,4,3,B21
683078,3,5,5,4,2,1,4,48,2,0,99,3,0,4,3,B21
683078,4,5,5,4,2,1,4,15,2,0,99,4,0,4,3,B21
125543,2,3,4,3,3,1,4,6,2,0,99,4,0,2,13,DY2
859563,1,3,1,3,5,1,4,42,2,0,99,3,0,2,13,B32
859563,2,3,1,3,5,1,4,8,1,0,99,4,0,2,13,B32
380756,2,4,4,5,2,0,4,56,1,0,99,2,0,4,12,B28
380756,3,4,4,5,2,0,4,25,2,0,99,2,0,4,12,B28
727380,4,7,3,2,2,2,3,2,2,0,99,4,0,5,11,BL1
727380,5,7,3,2,2,2,3,29,1,0,99,2,0,5,11,BL1
727380,6,7,3,2,2,2,3,1,1,0,99,0,0,5,11,BL1
977928,2,4,3,4,3,3,3,11,2,0,99,4,0,1,12,M5
977928,3,4,3,4,3,3,3,10,1,0,99,4,0,1,12,M5
686363,1,4,3,2,7,2,4,40,1,0,99,3,0,2,10,B44
686363,2,4,3,2,7,2,4,3,2,0,99,4,0,2,10,B44
686363,3,4,3,2,7,2,4,1,2,0,99,0,0,2,10,B44
131821,2,3,3,2,6,1,4,3,2,0,99,1,0,2,13,B44
769883,1,3,1,2,8,1,4,4,2,0,99,3,0,2,0,B68
769883,3,3,1,2,8,1,4,41,2,0,99,4,0,2,0,B68
424360,0,3,5,2,4,1,4,29,2,0,99,3,0,2,2,B9
424360,2,3,5,2,4,1,4,4,1,0,99,4,0,2,2,B9
834739,1,4,3,5,0,0,4,74,2,0,99,2,0,4,12,B72
834739,2,4,3,5,0,0,4,32,2,0,99,2,0,4,12,B72
834739,3,4,3,5,0,0,4,27,1,0,99,2,0,4,12,B72
931054,1,2,4,3,2,1,4,5,2,0,99,4,0,1,6,B70
839130,1,4,3,4,6,1,4,37,2,0,99,2,0,3,1,DY3
839130,2,4,3,4,6,1,4,17,1,0,99,1,0,3,1,DY3
839130,3,4,3,4,6,1,4,14,2,0,99,1,0,3,1,DY3
321966,2,3,3,2,6,1,3,2,1,0,99,4,0,2,5,M14
874926,2,4,3,2,4,2,4,8,1,0,99,4,0,2,9,WV14
874926,3,4,3,2,4,2,4,3,2,0,99,4,0,2,9,WV14
482159,2,4,3,2,4,2,4,5,1,0,99,4,0,2,13,B17
482159,3,4,3,2,4,2,4,2,2,0,99,4,0,2,13,B17
519822,3,8,5,2,1,5,4,14,2,0,99,4,0,3,7,B19
519822,4,8,5,2,1,5,4,10,2,0,99,4,0,3,7,B19
519822,5,8,5,2,1,5,4,9,2,0,99,4,0,3,7,B19
519822,6,8,5,2,1,5,4,7,2,0,99,4,0,3,7,B19
519822,7,8,5,2,1,5,4,3,2,0,99,4,0,3,7,B19
18789,2,3,1,2,6,1,4,2,1,0,99,4,0,2,12,WV14
188830,1,7,3,2,3,3,4,71,2,0,99,1,0,4,3,B11
188830,2,7,3,2,3,3,4,68,1,0,99,1,0,4,3,B11
188830,3,7,3,2,3,3,4,36,2,0,99,2,0,4,3,B11
188830,4,7,3,2,3,3,4,12,2,0,99,4,0,4,3,B11
188830,5,7,3,2,3,3,4,9,1,0,99,4,0,4,3,B11
188830,6,7,3,2,3,3,4,3,1,0,99,4,0,4,3,B11
880198,2,3,3,5,6,0,3,66,1,0,99,3,0,3,13,M26
853568,2,4,3,3,3,2,4,10,2,0,99,4,0,2,13,B36
853568,3,4,3,3,3,2,4,8,1,0,99,4,0,2,13,B36
144801,2,5,4,3,1,2,4,14,1,0,99,4,0,3,10,B19
144801,3,5,4,3,1,2,4,9,2,0,99,4,0,3,10,B19
144801,4,5,4,3,1,2,4,71,1,0,99,2,0,3,10,B19
680629,1,3,4,2,4,1,4,41,1,0,99,3,0,2,0,B5
680629,2,3,4,2,4,1,4,2,2,0,99,4,0,2,0,B5
124111,2,3,1,2,7,1,3,3,1,0,99,4,0,2,12,M26
423216,2,5,1,2,8,3,4,9,1,0,99,4,0,2,11,B13
423216,3,5,1,2,8,3,4,2,2,0,99,4,0,2,11,B13
423216,4,5,1,2,8,3,4,1,1,0,99,0,0,2,11,B13
97087,1,4,4,2,4,2,3,33,2,0,99,2,0,2,2,M26
97087,2,4,4,2,4,2,3,10,2,0,99,4,0,2,2,M26
97087,3,4,4,2,4,2,3,2,2,0,99,4,0,2,2,M26
465490,2,3,4,5,8,0,4,26,1,0,99,2,0,3,13,WS9
612299,1,5,1,2,4,3,4,41,2,0,99,3,0,2,1,B98
612299,2,5,1,2,4,3,4,13,2,0,99,4,0,2,1,B98
612299,3,5,1,2,4,3,4,6,2,0,99,4,0,2,1,B98
612299,4,5,1,2,4,3,4,2,2,0,99,0,0,2,1,B98
33756,1,10,6,4,1,2,3,12,2,0,99,0,0,8,1,BL3
33756,2,10,6,4,1,2,3,11,2,0,99,0,0,8,1,BL3
33756,3,10,6,4,1,2,3,33,2,0,99,0,0,8,1,BL3
33756,4,10,6,4,1,2,3,31,1,0,99,0,0,8,1,BL3
33756,5,10,6,4,1,2,3,29,1,0,99,0,0,8,1,BL3
33756,6,10,6,4,1,2,3,27,2,0,99,0,0,8,1,BL3
33756,7,10,6,4,1,2,3,20,2,0,99,0,0,8,1,BL3
33756,8,10,6,4,1,2,3,22,2,0,99,0,0,8,1,BL3
33756,9,10,6,4,1,2,3,24,2,0,99,0,0,8,1,BL3
411594,1,10,5,3,2,2,3,49,1,0,99,0,0,8,1,BL3
411594,2,10,5,3,2,2,3,11,2,0,99,0,0,8,1,BL3
411594,3,10,5,3,2,2,3,8,2,0,99,0,0,8,1,BL3
411594,4,10,5,3,2,2,3,39,2,0,99,0,0,8,1,BL3
411594,5,10,5,3,2,2,3,36,1,0,99,0,0,8,1,BL3
411594,6,10,5,3,2,2,3,35,1,0,99,0,0,8,1,BL3
411594,7,10,5,3,2,2,3,32,2,0,99,0,0,8,1,BL3
411594,8,10,5,3,2,2,3,29,1,0,99,0,0,8,1,BL3
411594,9,10,5,3,2,2,3,27,2,0,99,0,0,8,1,BL3
15967,2,4,5,4,7,1,4,21,1,0,99,3,0,3,13,DY1
15967,3,4,5,4,7,1,4,14,2,0,99,4,0,3,13,DY1
300172,1,3,6,2,2,2,4,15,1,0,99,1,0,1,3,B67
300172,2,3,6,2,2,2,4,2,1,0,99,0,0,1,3,B67
678243,1,3,4,3,7,1,3,9,2,0,99,4,0,2,9,OL11
879357,2,3,6,2,2,1,3,2,1,0,99,4,0,2,12,M8
499554,2,3,1,2,6,1,4,2,1,0,99,4,0,2,8,B17
518692,2,5,4,2,0,2,3,3,1,0,99,4,0,3,13,M27
518692,5,5,4,2,0,2,3,1,1,0,99,4,0,3,13,M27
175420,1,4,3,5,0,0,4,54,2,0,99,2,0,4,0,B28
175420,2,4,3,5,0,0,4,23,2,0,99,4,0,4,0,B28
175420,3,4,3,5,0,0,4,20,1,0,99,4,0,4,0,B28
522096,1,3,1,2,6,2,4,9,2,0,99,4,0,1,3,B32
522096,2,3,1,2,6,2,4,4,2,0,99,4,0,1,3,B32
96890,2,5,1,2,7,3,4,6,2,0,99,4,0,2,13,B90
96890,3,5,1,2,7,3,4,3,2,0,99,4,0,2,13,B90
96890,4,5,1,2,7,3,4,1,1,0,99,4,0,2,13,B90
373317,1,3,3,4,8,1,4,54,2,0,99,2,0,2,13,WS9
373317,2,3,3,4,8,1,4,15,1,0,99,4,0,2,13,WS9
261519,2,3,3,5,4,0,3,35,2,0,99,2,0,3,13,OL8
809533,1,2,1,6,7,0,3,36,1,0,99,3,0,2,13,M8
947763,2,5,6,2,3,3,3,7,2,0,99,4,0,2,8,OL4
947763,3,5,6,2,3,3,3,5,2,0,99,4,0,2,8,OL4
947763,4,5,6,2,3,3,3,3,2,0,99,4,0,2,8,OL4
326980,1,2,6,1,0,0,3,40,1,0,99,3,0,2,0,BL3
615197,2,3,4,4,1,1,4,12,1,0,99,4,0,2,13,B67
745768,2,3,5,5,4,0,3,28,2,0,99,2,0,3,13,BL3
323031,2,3,5,3,3,1,4,5,2,0,99,4,0,2,13,B33
15583,2,3,1,2,6,1,4,2,1,0,99,4,0,2,13,B31
946025,1,7,4,2,4,2,4,65,2,0,99,3,0,5,1,B11
946025,2,7,4,2,4,2,4,58,1,0,99,3,0,5,1,B11
946025,3,7,4,2,4,2,4,29,1,0,99,3,0,5,1,B11
946025,4,7,4,2,4,2,4,21,1,0,99,4,0,5,1,B11
946025,5,7,4,2,4,2,4,4,2,0,99,1,0,5,1,B11
946025,6,7,4,2,4,2,4,3,2,0,99,1,0,5,1,B11
322217,1,4,3,3,4,3,4,12,1,0,99,4,0,1,12,WS9
322217,2,4,3,3,4,3,4,9,2,0,99,4,0,1,12,WS9
322217,3,4,3,3,4,3,4,7,2,0,99,4,0,1,12,WS9
235574,2,3,5,5,4,0,3,18,2,0,99,4,0,3,13,BL5
71609,2,4,3,2,3,2,4,10,2,0,99,4,0,2,9,B32
71609,3,4,3,2,3,2,4,4,2,0,99,4,0,2,9,B32
236509,1,2,5,7,3,0,3,69,2,0,99,1,0,2,13,BL6
302196,2,3,4,2,6,1,4,2,1,0,99,4,0,2,13,B35
13022,2,3,4,2,5,1,3,2,1,0,99,0,0,2,11,M16
176466,1,3,1,2,0,1,3,34,1,0,99,3,0,2,0,M22
176466,2,3,1,2,0,1,3,2,2,0,99,0,0,2,0,M22
24152,0,4,3,1,8,0,3,38,2,0,99,2,0,4,1,BL9
24152,2,4,3,1,8,0,3,26,2,0,99,2,0,4,1,BL9
24152,3,4,3,1,8,0,3,20,1,0,99,3,0,4,1,BL9
910444,1,4,4,3,8,2,4,7,1,0,99,1,0,2,8,B32
910444,3,4,4,3,8,2,4,13,2,0,99,4,0,2,8,B32
894032,1,2,4,7,4,0,3,64,1,0,99,2,0,2,6,M28
27583,1,3,5,5,0,0,4,53,2,0,99,3,0,3,12,B98
27583,2,3,5,5,0,0,4,27,2,0,99,3,0,3,12,B98
358050,1,3,4,2,4,2,3,5,2,0,99,4,0,1,1,M43
358050,2,3,4,2,4,2,3,4,1,0,99,4,0,1,1,M43
208989,1,4,5,4,5,1,4,49,1,0,99,3,0,3,7,WV14
208989,2,4,5,4,5,1,4,21,2,0,99,3,0,3,7,WV14
208989,3,4,5,4,5,1,4,14,1,0,99,4,0,3,7,WV14
122494,2,4,3,3,3,2,3,12,2,0,99,4,0,2,10,M16
122494,3,4,3,3,3,2,3,8,1,0,99,4,0,2,10,M16
513087,1,3,5,5,2,0,4,24,1,0,99,3,0,3,7,WS2
513087,2,3,5,5,2,0,4,16,2,0,99,4,0,3,7,WS2
266015,2,3,3,2,3,1,4,4,2,0,99,4,0,2,13,B69
484358,2,3,3,4,2,1,4,11,1,0,99,4,0,2,11,B10
403667,1,4,1,2,7,2,4,47,2,0,99,3,0,2,8,B60
403667,2,4,1,2,7,2,4,15,2,0,99,4,0,2,8,B60
403667,3,4,1,2,7,2,4,2,1,0,99,4,0,2,8,B60
911545,2,3,5,2,6,1,3,2,1,0,99,4,0,2,13,M1
339370,2,3,6,3,3,2,4,13,1,0,99,4,0,1,12,WS2
339370,3,3,6,3,3,2,4,9,2,0,99,4,0,1,12,WS2
827730,2,4,6,3,2,3,3,10,1,0,99,4,0,1,11,OL12
827730,3,4,6,3,2,3,3,6,1,0,99,4,0,1,11,OL12
461767,2,4,5,1,3,0,4,23,2,0,99,3,0,4,11,B23
461767,3,4,5,1,3,0,4,16,1,0,99,3,0,4,11,B23
118032,2,3,1,2,5,1,3,2,1,0,99,0,0,2,10,M16
285743,1,2,1,7,8,0,4,69,2,0,99,3,0,2,13,B75
506281,1,4,4,3,4,2,4,35,2,0,99,0,0,2,2,B98
506281,2,4,4,3,4,2,4,6,1,0,99,0,0,2,2,B98
506281,3,4,4,3,4,2,4,8,2,0,99,0,0,2,2,B98
201210,2,3,3,4,4,1,3,15,1,0,99,1,0,2,13,M27
331072,2,7,4,2,0,5,4,11,1,0,99,4,0,2,11,B67
331072,3,7,4,2,0,5,4,9,1,0,99,4,0,2,11,B67
331072,4,7,4,2,0,5,4,6,1,0,99,4,0,2,11,B67
331072,5,7,4,2,0,5,4,2,1,0,99,1,0,2,11,B67
331072,6,7,4,2,0,5,4,42,2,0,99,2,0,2,11,B67
226051,2,3,4,2,1,1,3,2,1,0,99,4,0,2,9,OL16
370030,1,3,5,2,2,1,4,34,2,0,99,3,0,2,5,B46
370030,2,3,5,2,2,1,4,2,2,0,99,4,0,2,5,B46
382865,3,4,3,2,4,1,3,2,2,0,99,4,0,3,11,M35
721810,2,4,4,2,5,2,3,8,2,0,99,4,0,2,13,BL3
721810,3,4,4,2,5,2,3,3,1,0,99,4,0,2,13,BL3
134579,1,3,6,2,0,2,3,4,1,0,99,1,0,1,4,BL3
134579,2,3,6,2,0,2,3,2,1,0,99,1,0,1,4,BL3
348821,1,6,5,2,2,3,4,38,2,0,99,3,0,3,3,WV14
348821,2,6,5,2,2,3,4,18,1,0,99,2,0,3,3,WV14
348821,3,6,5,2,2,3,4,13,1,0,99,4,0,3,3,WV14
348821,4,6,5,2,2,3,4,11,1,0,99,4,0,3,3,WV14
348821,5,6,5,2,2,3,4,2,1,0,99,1,0,3,3,WV14
897258,1,2,3,7,5,0,4,71,2,0,99,2,0,2,9,B62
213921,1,3,5,4,0,1,4,36,2,0,99,2,0,2,11,B1
213921,2,3,5,4,0,1,4,15,2,0,99,4,0,2,11,B1
552210,1,2,1,4,4,1,3,12,2,0,99,1,0,1,6,OL16
916268,1,3,1,2,0,1,3,35,2,0,99,3,0,2,1,OL8
916268,2,3,1,2,0,1,3,2,1,0,99,4,0,2,1,OL8
118116,1,4,3,2,4,2,3,33,1,0,99,3,0,2,4,M14
118116,2,4,3,2,4,2,3,5,1,0,99,4,0,2,4,M14
118116,3,4,3,2,4,2,3,1,1,0,99,4,0,2,4,M14
355649,2,4,5,2,6,2,4,13,1,0,99,4,0,2,10,DY2
355649,3,4,5,2,6,2,4,2,1,0,99,4,0,2,10,DY2
233031,2,3,4,3,4,1,4,6,2,0,99,4,0,2,9,B42
157065,2,4,4,3,2,2,4,9,1,0,99,1,0,2,12,B6
157065,3,4,4,3,2,2,4,7,2,0,99,1,0,2,12,B6
399633,1,4,5,2,2,2,3,30,2,0,99,1,0,2,2,M33
399633,2,4,5,2,2,2,3,5,1,0,99,4,0,2,2,M33
399633,3,4,5,2,2,2,3,3,2,0,99,4,0,2,2,M33
16562,1,4,3,2,4,2,3,39,2,0,99,2,0,2,10,BL7
16562,2,4,3,2,4,2,3,15,1,0,99,4,0,2,10,BL7
16562,3,4,3,2,4,2,3,1,2,0,99,4,0,2,10,BL7
164296,1,3,3,2,3,2,4,6,1,0,99,1,0,1,13,B26
164296,2,3,3,2,3,2,4,1,1,0,99,0,0,1,13,B26
851878,2,3,4,2,4,1,3,1,1,0,99,4,0,2,13,OL8
939128,2,3,3,2,4,1,4,1,1,0,99,4,0,2,13,B37
758663,2,3,5,3,2,1,3,9,2,0,99,4,0,2,10,M43
390132,1,5,5,2,0,3,3,36,2,0,99,0,0,2,12,OL16
390132,2,5,5,2,0,3,3,10,2,0,99,0,0,2,12,OL16
390132,3,5,5,2,0,3,3,5,1,0,99,0,0,2,12,OL16
390132,4,5,5,2,0,3,3,2,1,0,99,0,0,2,12,OL16
929213,2,4,1,3,6,2,4,9,1,0,99,4,0,2,13,B43
929213,3,4,1,3,6,2,4,8,2,0,99,4,0,2,13,B43
357452,1,3,3,3,3,1,4,36,2,0,99,3,0,2,7,B75
357452,2,3,3,3,3,1,4,5,1,0,99,4,0,2,7,B75
42757,2,2,3,4,3,1,3,14,1,0,99,4,0,1,8,OL9
270613,2,4,5,2,1,2,4,13,1,0,99,4,0,2,0,B29
270613,3,4,5,2,1,2,4,1,2,0,99,4,0,2,0,B29
596671,1,3,5,2,2,1,4,54,2,0,99,2,0,2,9,DY5
596671,2,3,5,2,2,1,4,3,2,0,99,4,0,2,9,DY5
705487,5,6,1,3,0,2,4,9,1,0,99,4,0,4,12,B11
713611,1,5,6,2,2,2,3,49,2,0,99,3,0,3,8,M14
713611,2,5,6,2,2,2,3,17,1,0,99,2,0,3,8,M14
713611,3,5,6,2,2,2,3,10,1,0,99,1,0,3,8,M14
713611,4,5,6,2,2,2,3,2,1,0,99,1,0,3,8,M14
790743,2,4,5,5,3,0,3,26,1,0,99,3,0,4,7,BL6
227860,1,3,3,2,3,2,3,5,1,0,99,4,0,1,13,M33
227860,2,3,3,2,3,2,3,1,2,0,99,4,0,1,13,M33
747984,1,2,3,6,0,0,4,55,2,0,99,2,0,2,13,B98
442275,2,5,3,2,3,3,4,6,2,0,99,1,0,2,3,B28
442275,3,5,3,2,3,3,4,2,2,0,99,3,0,2,3,B28
442275,4,5,3,2,3,3,4,2,1,0,99,0,0,2,3,B28
766465,2,3,1,4,8,1,4,10,2,0,99,4,0,2,13,B78
525944,2,4,5,3,3,2,4,12,2,0,99,1,0,2,3,B72
525944,3,4,5,3,3,2,4,8,2,0,99,1,0,2,3,B72
369887,1,2,4,6,1,0,4,34,2,0,99,4,0,2,2,DY2
2163,1,3,4,2,6,1,3,49,2,0,99,1,0,2,9,OL12
2163,2,3,4,2,6,1,3,1,2,0,99,4,0,2,9,OL12
502020,1,2,4,3,3,1,4,5,2,0,99,1,0,1,1,B44
641253,1,2,6,3,2,1,3,5,2,0,99,4,0,1,7,BL4
418793,1,4,3,2,8,2,3,39,2,0,99,2,0,2,9,M21
418793,2,4,3,2,8,2,3,5,2,0,99,4,0,2,9,M21
418793,3,4,3,2,8,2,3,1,1,0,99,4,0,2,9,M21
826292,5,6,3,2,5,1,4,18,1,0,99,2,0,5,10,B16
826292,6,6,3,2,5,1,4,1,2,0,99,4,0,5,10,B16
189438,1,2,3,6,4,0,4,62,2,0,99,2,0,2,10,WS1
426781,1,6,3,3,5,3,4,20,1,0,99,3,0,3,13,CV7
426781,3,6,3,3,5,3,4,15,2,0,99,4,0,3,13,CV7
426781,4,6,3,3,5,3,4,11,2,0,99,4,0,3,13,CV7
426781,5,6,3,3,5,3,4,8,2,0,99,4,0,3,13,CV7
766976,2,3,1,2,0,1,3,4,1,0,99,4,0,2,13,M4
280687,2,4,3,5,3,0,4,25,2,0,99,3,0,4,11,B63
280687,3,4,3,5,3,0,4,22,2,0,99,2,0,4,11,B63
289098,2,5,1,3,8,3,4,9,2,0,99,4,0,2,13,B91
289098,3,5,1,3,8,3,4,6,1,0,99,4,0,2,13,B91
289098,4,5,1,3,8,3,4,6,1,0,99,4,0,2,13,B91
80325,2,5,5,2,0,3,3,9,1,0,99,1,0,2,3,BL3
80325,3,5,5,2,0,3,3,6,2,0,99,1,0,2,3,BL3
80325,4,5,5,2,0,3,3,1,1,0,99,1,0,2,3,BL3
877176,0,4,3,1,3,0,4,33,1,0,99,3,0,4,1,B27
877176,1,4,3,1,3,0,4,55,1,0,99,1,0,4,1,B27
877176,3,4,3,1,3,0,4,26,1,0,99,4,0,4,1,B27
600974,2,4,4,2,5,2,4,8,2,0,99,4,0,2,13,B75
600974,3,4,4,2,5,2,4,4,1,0,99,4,0,2,13,B75
944479,1,4,5,3,2,1,4,21,2,0,99,2,0,3,9,B42
944479,2,4,5,3,2,1,4,17,2,0,99,4,0,3,9,B42
944479,3,4,5,3,2,1,4,9,2,0,99,4,0,3,9,B42
240930,2,4,5,2,3,3,3,8,1,0,99,4,0,1,10,OL11
240930,3,4,5,2,3,3,3,5,2,0,99,4,0,1,10,OL11
240930,4,4,5,2,3,3,3,4,1,0,99,4,0,1,10,OL11
914511,2,4,3,3,3,2,4,11,1,0,99,4,0,2,8,B65
914511,3,4,3,3,3,2,4,9,1,0,99,4,0,2,8,B65
296130,2,5,3,3,0,3,4,15,2,0,99,4,0,2,3,B98
296130,3,5,3,3,0,3,4,12,2,0,99,4,0,2,3,B98
296130,4,5,3,3,0,3,4,6,1,0,99,4,0,2,3,B98
257248,1,2,1,4,3,1,3,15,1,0,99,4,0,1,9,BL8
993076,2,3,3,2,6,1,3,4,1,0,99,4,0,2,11,OL4
330138,2,5,5,2,3,2,4,17,1,0,99,2,0,3,11,WS10
330138,3,5,5,2,3,2,4,10,1,0,99,4,0,3,11,WS10
330138,4,5,5,2,3,2,4,4,2,0,99,4,0,3,11,WS10
534705,1,3,3,5,5,0,4,64,2,0,99,3,0,3,12,B98
161820,2,3,3,2,6,1,4,0,2,0,99,4,0,2,13,DY2
78357,1,4,3,4,6,1,3,53,2,0,99,2,0,3,13,BL2
78357,2,4,3,4,6,1,3,18,2,0,99,4,0,3,13,BL2
78357,3,4,3,4,6,1,3,15,2,0,99,4,0,3,13,BL2
730721,2,4,3,4,2,2,4,15,1,0,99,1,0,2,10,B32
730721,3,4,3,4,2,2,4,13,1,0,99,1,0,2,10,B32
601542,1,7,4,5,1,0,3,30,1,0,99,0,0,7,1,BL3
601542,2,7,4,5,1,0,3,29,1,0,99,0,0,7,1,BL3
601542,3,7,4,5,1,0,3,28,2,0,99,0,0,7,1,BL3
601542,4,7,4,5,1,0,3,31,2,0,99,0,0,7,1,BL3
601542,5,7,4,5,1,0,3,22,1,0,99,0,0,7,1,BL3
601542,6,7,4,5,1,0,3,21,2,0,99,0,0,7,1,BL3
962768,2,5,5,5,2,0,4,27,2,0,99,2,0,5,13,B36
496046,2,5,4,3,0,3,4,10,1,0,99,4,0,2,8,B28
496046,3,5,4,3,0,3,4,8,1,0,99,4,0,2,8,B28
496046,4,5,4,3,0,3,4,5,2,0,99,4,0,2,8,B28
474081,1,5,3,3,5,2,4,36,1,0,99,2,0,3,8,B11
474081,2,5,3,3,5,2,4,16,2,0,99,4,0,3,8,B11
474081,3,5,3,3,5,2,4,13,1,0,99,4,0,3,8,B11
474081,4,5,3,3,5,2,4,8,1,0,99,4,0,3,8,B11
724460,2,3,3,2,4,1,4,1,1,0,99,4,0,2,8,B20
669157,2,4,3,1,6,0,4,21,1,0,99,2,0,4,13,B61
669157,3,4,3,1,6,0,4,23,1,0,99,2,0,4,13,B61
574152,2,2,4,6,6,0,4,61,2,0,99,3,0,2,5,B63
995590,2,3,3,3,0,1,3,5,1,0,99,4,0,2,12,OL8
313235,3,4,5,5,5,0,4,24,2,0,99,2,0,4,13,B65
313235,4,4,5,5,5,0,4,19,2,0,99,1,0,4,13,B65
72647,2,4,6,4,3,1,4,17,1,0,99,4,0,3,12,B17
72647,3,4,6,4,3,1,4,11,2,0,99,4,0,3,12,B17
734690,2,4,4,2,3,2,3,7,2,0,99,4,0,2,4,M40
734690,3,4,4,2,3,2,3,3,1,0,99,4,0,2,4,M40
874330,0,4,5,2,3,2,4,37,1,0,99,3,0,2,10,B92
874330,2,4,5,2,3,2,4,3,2,0,99,1,0,2,10,B92
874330,3,4,5,2,3,2,4,7,2,0,99,1,0,2,10,B92
199430,2,4,1,4,5,1,3,18,1,0,99,4,0,3,6,OL8
199430,3,4,1,4,5,1,3,11,2,0,99,4,0,3,6,OL8
81569,1,2,3,3,1,1,4,6,1,0,99,4,0,1,13,DY1
515607,1,5,5,4,2,1,3,10,2,0,99,4,0,4,11,M21
515607,4,5,5,4,2,1,3,23,2,0,99,3,0,4,11,M21
964517,2,4,3,5,8,0,3,18,2,0,99,3,0,4,13,M26
964517,3,4,3,5,8,0,3,16,1,0,99,3,0,4,13,M26
519946,2,4,3,4,7,1,4,16,2,0,99,4,0,3,7,WS5
519946,3,4,3,4,7,1,4,12,2,0,99,4,0,3,7,WS5
338034,2,4,5,4,0,2,4,13,2,0,99,4,0,2,12,B92
338034,3,4,5,4,0,2,4,12,2,0,99,4,0,2,12,B92
88340,2,4,1,4,6,2,3,13,1,0,99,4,0,2,12,M28
88340,3,4,1,4,6,2,3,11,1,0,99,4,0,2,12,M28
768898,2,7,3,2,6,1,4,25,1,0,99,3,0,6,9,WS2
768898,3,7,3,2,6,1,4,19,1,0,99,4,0,6,9,WS2
768898,4,7,3,2,6,1,4,19,2,0,99,4,0,6,9,WS2
768898,5,7,3,2,6,1,4,16,2,0,99,4,0,6,9,WS2
768898,6,7,3,2,6,1,4,1,1,0,99,0,0,6,9,WS2
385003,1,3,1,5,5,0,3,47,2,0,99,3,0,3,4,OL2
385003,2,3,1,5,5,0,3,18,2,0,99,4,0,3,4,OL2
163248,3,4,1,4,8,1,4,15,2,0,99,1,0,3,13,B30
717775,1,2,5,3,2,1,3,8,1,0,99,4,0,1,2,M26
173035,2,4,1,4,6,2,3,14,2,0,99,4,0,2,13,OL11
173035,3,4,1,4,6,2,3,11,1,0,99,4,0,2,13,OL11
910020,1,4,5,2,6,2,4,6,2,0,99,4,0,2,1,B46
910020,2,4,5,2,6,2,4,2,1,0,99,4,0,2,1,B46
910020,3,4,5,2,6,2,4,36,2,0,99,2,0,2,1,B46
413937,2,7,3,2,1,6,3,13,1,0,99,1,0,1,11,BL3
413937,3,7,3,2,1,6,3,11,2,0,99,1,0,1,11,BL3
413937,4,7,3,2,1,6,3,9,1,0,99,1,0,1,11,BL3
413937,5,7,3,2,1,6,3,7,2,0,99,1,0,1,11,BL3
413937,6,7,3,2,1,6,3,1,1,0,99,1,0,1,11,BL3
462847,1,4,3,2,0,1,3,33,1,0,99,4,0,3,1,OL12
462847,2,4,3,2,0,1,3,31,1,0,99,3,0,3,1,OL12
462847,3,4,3,2,0,1,3,1,1,0,99,0,0,3,1,OL12
335630,1,3,3,2,0,1,4,29,2,0,99,2,0,2,7,B78
335630,2,3,3,2,0,1,4,0,1,0,99,0,0,2,7,B78
640104,2,4,3,4,8,1,3,17,1,0,99,4,0,3,13,OL3
640104,3,4,3,4,8,1,3,13,1,0,99,4,0,3,13,OL3
177309,1,3,3,1,2,0,4,20,2,0,99,4,0,3,1,B64
395874,2,3,1,2,8,1,3,2,2,0,99,4,0,2,12,M33
567014,1,3,3,2,7,1,4,29,2,0,99,2,0,2,1,B62
567014,2,3,3,2,7,1,4,1,2,0,99,0,0,2,1,B62
587406,1,2,5,6,4,0,4,58,2,0,99,2,0,2,12,B71
227093,3,4,4,1,6,0,4,27,2,0,99,2,0,4,10,WS1
737306,1,3,1,3,7,1,4,8,1,0,99,4,0,2,11,B43
737306,2,3,1,3,7,1,4,51,2,0,99,3,0,2,11,B43
384783,1,4,5,4,7,2,4,42,2,0,99,2,0,2,3,B78
384783,2,4,5,4,7,2,4,16,1,0,99,4,0,2,3,B78
384783,3,4,5,4,7,2,4,13,2,0,99,4,0,2,3,B78
771422,1,3,4,1,3,0,4,33,2,0,99,1,0,3,5,B34
771422,2,3,4,1,3,0,4,37,1,0,99,2,0,3,5,B34
227861,1,2,3,2,3,1,4,2,2,0,99,1,0,1,13,B20
679851,1,4,3,3,2,3,4,6,1,0,99,4,0,1,5,B24
679851,2,4,3,3,2,3,4,6,1,0,99,4,0,1,5,B24
679851,3,4,3,3,2,3,4,13,1,0,99,4,0,1,5,B24
599594,1,6,1,4,6,1,3,11,1,0,99,1,0,5,1,M30
599594,2,6,1,4,6,1,3,41,1,0,99,3,0,5,1,M30
599594,3,6,1,4,6,1,3,21,2,0,99,4,0,5,1,M30
599594,4,6,1,4,6,1,3,20,2,0,99,4,0,5,1,M30
599594,5,6,1,4,6,1,3,17,2,0,99,4,0,5,1,M30
126895,2,3,3,2,5,1,3,1,2,0,99,4,0,2,2,BL4
387393,2,3,5,2,7,1,4,1,2,0,99,4,0,2,12,B62
547049,1,2,5,1,7,0,3,38,2,0,99,3,0,2,9,WN1
687201,2,4,5,5,2,0,3,24,2,0,99,2,0,4,11,M8
687201,3,4,5,5,2,0,3,18,2,0,99,3,0,4,11,M8
730475,1,4,3,2,0,2,4,49,2,0,99,3,0,2,1,B37
730475,2,4,3,2,0,2,4,5,1,0,99,4,0,2,1,B37
730475,3,4,3,2,0,2,4,0,2,0,99,0,0,2,1,B37
981199,2,3,3,2,0,1,3,2,2,0,99,4,0,2,12,WA3
616929,3,5,6,4,4,1,3,11,1,0,99,1,0,4,10,M7
419630,1,4,4,5,6,0,3,51,2,0,99,2,0,4,7,M44
419630,3,4,4,5,6,0,3,16,2,0,99,4,0,4,7,M44
775223,1,2,3,7,3,0,4,89,2,0,99,2,0,2,10,B23
805691,1,6,5,3,4,3,3,49,2,0,99,0,0,3,2,M46
805691,3,6,5,3,4,3,3,12,2,0,99,0,0,3,2,M46
805691,4,6,5,3,4,3,3,9,2,0,99,0,0,3,2,M46
805691,5,6,5,3,4,3,3,8,1,0,99,0,0,3,2,M46
953505,1,4,4,2,4,2,3,33,2,0,99,3,0,2,1,M9
953505,2,4,4,2,4,2,3,4,1,0,99,4,0,2,1,M9
953505,3,4,4,2,4,2,3,9,2,0,99,4,0,2,1,M9
207643,1,3,3,5,4,0,4,49,2,0,99,0,0,3,1,B18
207643,2,3,3,5,4,0,4,26,1,0,99,0,0,3,1,B18
810888,0,9,4,5,2,0,3,51,2,0,99,0,0,9,1,BL3
810888,1,9,4,5,2,0,3,51,2,0,99,0,0,9,1,BL3
810888,2,9,4,5,2,0,3,48,1,0,99,0,0,9,1,BL3
810888,3,9,4,5,2,0,3,30,1,0,99,0,0,9,1,BL3
810888,4,9,4,5,2,0,3,28,2,0,99,0,0,9,1,BL3
810888,5,9,4,5,2,0,3,27,2,0,99,0,0,9,1,BL3
810888,7,9,4,5,2,0,3,24,2,0,99,0,0,9,1,BL3
810888,8,9,4,5,2,0,3,21,2,0,99,0,0,9,1,BL3
985031,4,5,3,4,8,1,3,10,2,0,99,4,0,4,11,BL8
919148,1,5,3,2,5,3,3,42,2,0,99,3,0,2,12,M43
919148,2,5,3,2,5,3,3,4,2,0,99,4,0,2,12,M43
919148,3,5,3,2,5,3,3,2,2,0,99,4,0,2,12,M43
919148,4,5,3,2,5,3,3,0,2,0,99,4,0,2,12,M43
884078,1,3,5,1,7,0,3,24,1,0,99,3,0,3,10,WN1
884078,2,3,5,1,7,0,3,35,1,0,99,3,0,3,10,WN1
106893,1,2,5,1,7,0,3,38,2,0,99,3,0,2,8,WN1
960501,1,3,3,5,2,0,4,24,1,0,99,3,0,3,6,B98
960501,2,3,3,5,2,0,4,20,1,0,99,2,0,3,6,B98
458130,1,2,5,1,3,0,4,39,2,0,99,0,0,2,7,B62
662507,1,2,3,2,0,1,3,1,1,0,99,0,0,1,7,BL6
944680,1,3,4,2,5,1,4,31,2,0,99,3,0,2,8,WS1
944680,2,3,4,2,5,1,4,0,2,0,99,0,0,2,8,WS1
259796,2,3,3,3,5,1,3,6,1,0,99,4,0,2,6,M20
297978,2,3,3,4,8,1,3,13,1,0,99,4,0,2,7,WA3
778695,1,4,1,4,8,2,4,47,2,0,99,2,0,2,3,CV7
778695,2,4,1,4,8,2,4,11,1,0,99,4,0,2,3,CV7
778695,3,4,1,4,8,2,4,10,1,0,99,4,0,2,3,CV7
394723,2,3,5,4,0,1,4,12,1,0,99,4,0,2,10,WS3
561527,1,3,3,3,2,2,4,11,2,0,99,1,0,1,1,B11
561527,2,3,3,3,2,2,4,9,1,0,99,1,0,1,1,B11
621695,1,4,4,3,7,2,4,9,2,0,99,0,0,2,10,B38
621695,2,4,4,3,7,2,4,5,2,0,99,0,0,2,10,B38
621695,3,4,4,3,7,2,4,46,2,0,99,0,0,2,10,B38
427627,1,4,3,2,6,2,4,38,2,0,99,3,0,2,6,B92
427627,2,4,3,2,6,2,4,8,1,0,99,4,0,2,6,B92
427627,3,4,3,2,6,2,4,4,2,0,99,4,0,2,6,B92
544950,1,4,4,3,8,2,4,38,2,0,99,3,0,2,8,B65
544950,2,4,4,3,8,2,4,13,2,0,99,4,0,2,8,B65
544950,3,4,4,3,8,2,4,9,2,0,99,4,0,2,8,B65
677508,1,3,3,1,8,0,3,52,1,0,99,3,0,3,1,OL6
677508,2,3,3,1,8,0,3,55,1,0,99,3,0,3,1,OL6
557236,1,4,3,2,5,2,3,32,2,0,99,3,0,2,4,M40
557236,2,4,3,2,5,2,3,2,1,0,99,4,0,2,4,M40
557236,3,4,3,2,5,2,3,1,1,0,99,4,0,2,4,M40
271589,3,8,5,2,1,3,4,48,1,0,99,3,0,5,2,B11
271589,4,8,5,2,1,3,4,67,2,0,99,3,0,5,2,B11
271589,5,8,5,2,1,3,4,6,1,0,99,1,0,5,2,B11
271589,6,8,5,2,1,3,4,19,1,0,99,2,0,5,2,B11
271589,7,8,5,2,1,3,4,0,1,0,99,0,0,5,2,B11
597818,1,2,3,1,7,0,3,33,2,0,99,4,0,2,6,WA3
676904,1,4,6,2,2,3,4,12,1,0,99,1,0,1,5,WS3
676904,2,4,6,2,2,3,4,7,1,0,99,1,0,1,5,WS3
676904,3,4,6,2,2,3,4,1,2,0,99,1,0,1,5,WS3
512603,0,2,5,1,6,0,4,27,2,0,99,3,0,2,6,B43
737403,2,3,5,4,0,2,3,13,1,0,99,4,0,1,9,M15
661025,3,4,3,3,4,1,3,5,2,0,99,1,0,3,8,M26
375852,1,2,5,2,3,1,4,0,1,0,99,0,0,1,1,B11
470121,1,4,3,4,5,2,4,16,2,0,99,1,0,2,8,B64
470121,2,4,3,4,5,2,4,14,2,0,99,1,0,2,8,B64
470121,3,4,3,4,5,2,4,11,2,0,99,1,0,2,8,B64
478309,2,3,3,5,4,0,4,20,2,0,99,4,0,3,4,B71
209320,1,3,6,3,0,2,3,8,1,0,99,0,0,1,2,M23
209320,2,3,6,3,0,2,3,5,1,0,99,0,0,1,2,M23
620250,2,3,3,3,2,1,3,5,1,0,99,1,0,2,6,OL6
327350,2,3,4,2,5,1,4,1,2,0,99,4,0,2,7,B70
621058,2,4,4,2,2,2,3,5,1,0,99,4,0,2,6,M23
621058,3,4,4,2,2,2,3,2,2,0,99,4,0,2,6,M23
799124,1,3,4,2,3,1,3,34,2,0,99,2,0,2,3,BL1
799124,2,3,4,2,3,1,3,4,1,0,99,4,0,2,3,BL1
154014,1,2,4,1,5,0,3,29,2,0,99,3,0,2,5,M18
360030,2,4,3,2,0,2,4,3,2,0,99,4,0,2,2,B31
360030,3,4,3,2,0,2,4,0,2,0,99,4,0,2,2,B31
252597,2,5,5,3,2,3,4,14,1,0,99,4,0,2,5,B11
252597,3,5,5,3,2,3,4,6,1,0,99,4,0,2,5,B11
252597,4,5,5,3,2,3,4,10,1,0,99,4,0,2,5,B11
729391,2,5,4,2,4,3,4,12,2,0,99,1,0,2,5,B36
729391,3,5,4,2,4,3,4,10,1,0,99,1,0,2,5,B36
729391,4,5,4,2,4,3,4,3,1,0,99,1,0,2,5,B36
140297,1,2,3,1,4,0,3,31,2,0,99,0,0,2,2,OL10
942305,2,3,3,2,5,1,3,0,1,0,99,1,0,2,5,BL4
652929,2,4,3,2,5,2,3,0,2,0,99,1,0,2,3,M35
652929,3,4,3,2,5,2,3,0,1,0,99,1,0,2,3,M35
410253,1,2,3,1,6,0,4,36,2,0,99,3,0,2,1,B14
503176,2,3,5,2,2,1,4,0,1,0,99,4,0,2,3,WV14
590117,1,3,3,3,3,1,4,27,1,0,99,3,0,2,1,B69
590117,2,3,3,3,3,1,4,8,1,0,99,4,0,2,1,B69
731450,1,2,5,1,1,0,3,25,2,0,99,3,0,2,1,M16
761679,0,2,5,7,3,0,3,65,1,243,1,2,1,2,11,BL6
761679,1,2,5,7,3,0,3,67,2,342,1,2,0,2,11,BL6
630677,0,2,3,7,5,0,3,66,2,0,1,2,1,2,13,M6
630677,1,2,3,7,5,0,3,68,1,0,1,1,0,2,13,M6
304107,0,2,3,7,0,0,4,73,1,287,1,2,1,2,12,B26
304107,1,2,3,7,0,0,4,75,2,0,1,2,0,2,12,B26
932744,0,2,4,7,0,0,3,69,2,0,1,2,1,2,12,BL5
932744,1,2,4,7,0,0,3,68,1,0,1,2,0,2,12,BL5
295845,0,2,4,6,0,0,4,64,1,221,1,3,1,2,12,B29
126054,0,2,1,7,2,0,4,81,1,196,1,2,1,2,11,WS4
126054,1,2,1,7,2,0,4,84,2,204,1,3,0,2,11,WS4
382553,0,2,4,7,0,0,4,69,1,0,1,2,1,2,12,B90
345166,0,3,1,5,8,0,4,57,1,0,6,3,1,3,12,B75
345166,1,3,1,5,8,0,4,65,2,207,6,3,0,3,12,B75
871805,0,2,3,7,0,0,4,83,1,203,1,1,1,2,13,B26
871805,1,2,3,7,0,0,4,83,2,293,1,2,0,2,13,B26
461373,0,4,4,5,5,0,3,49,1,262,1,3,1,4,8,BL2
461373,1,4,4,5,5,0,3,52,2,0,1,3,0,4,8,BL2
249731,0,3,4,5,8,0,4,52,1,0,1,2,1,3,13,B74
249731,1,3,4,5,8,0,4,54,2,0,1,2,0,3,13,B74
322087,0,4,3,4,4,1,4,52,2,0,99,3,1,3,13,B64
322087,1,4,3,4,4,1,4,50,1,305,99,3,0,3,13,B64
322087,2,4,3,4,4,1,4,16,1,0,99,4,0,3,13,B64
199607,0,1,1,7,4,0,4,77,2,326,1,3,1,1,13,B29
950750,0,3,3,5,4,0,4,72,1,0,1,2,1,3,13,B90
950750,1,3,3,5,4,0,4,75,2,0,1,1,0,3,13,B90
836217,2,4,5,5,0,0,3,54,1,226,1,2,1,4,13,M33
279105,0,2,4,7,1,0,4,64,1,333,7,2,0,2,13,WS2
279105,1,2,4,7,1,0,4,68,2,489,7,1,1,2,13,WS2
904878,0,2,3,6,4,0,3,64,2,240,1,2,1,2,13,M8
904878,1,2,3,6,4,0,3,64,1,286,1,2,0,2,13,M8
501114,0,3,5,5,3,0,3,64,1,225,1,2,1,3,11,M9
501114,1,3,5,5,3,0,3,80,2,230,1,2,0,3,11,M9
237359,0,3,3,5,4,0,4,67,1,207,1,3,1,3,12,B91
237359,1,3,3,5,4,0,4,70,2,0,1,3,0,3,12,B91
237359,3,3,3,5,4,0,4,26,2,0,1,2,0,3,12,B91
753794,0,8,4,4,4,3,4,56,1,234,1,2,1,5,13,WV14
753794,1,8,4,4,4,3,4,56,2,315,1,2,0,5,13,WV14
425000,0,2,1,6,3,0,4,56,1,252,1,2,1,2,13,B26
425000,1,2,1,6,3,0,4,61,2,441,1,2,0,2,13,B26
216903,0,2,6,7,0,0,4,76,1,227,1,2,1,2,13,B23
216903,5,2,6,7,0,0,4,45,2,216,1,2,0,2,13,B23
688385,0,2,3,7,0,0,4,74,1,191,3,1,1,2,13,B74
688385,1,2,3,7,0,0,4,75,2,203,3,3,0,2,13,B74
311374,0,1,3,7,2,0,4,74,1,244,1,2,1,1,12,B26
383280,0,2,3,7,3,0,4,81,1,245,12,2,1,2,13,B32
383280,1,2,3,7,3,0,4,75,2,225,12,2,0,2,13,B32
330423,0,2,3,6,7,0,3,63,1,230,12,3,1,2,12,M8
330423,1,2,3,6,7,0,3,67,2,255,12,3,0,2,12,M8
131973,0,2,3,7,0,0,3,69,1,352,1,2,1,2,2,M33
46300,0,3,4,5,0,0,3,74,1,0,1,2,1,3,13,M19
46300,3,3,4,5,0,0,3,41,1,0,1,2,0,3,13,M19
561287,0,2,3,6,3,0,4,58,1,252,1,2,1,2,13,CV7
561287,3,2,3,6,3,0,4,30,1,209,1,2,0,2,13,CV7
648336,0,2,3,7,4,0,4,73,1,0,1,3,1,2,12,B26
648336,1,2,3,7,4,0,4,81,2,208,1,3,0,2,12,B26
968826,0,2,5,7,2,0,3,80,1,205,1,2,1,2,3,M44
492777,0,2,4,7,0,0,4,79,1,225,1,2,1,2,12,B13
492777,1,2,4,7,0,0,4,81,2,220,1,2,0,2,12,B13
987630,0,2,3,7,8,0,4,73,1,213,1,3,1,2,13,WS1
371490,0,2,3,7,4,0,4,77,1,218,1,2,1,2,13,DY9
371490,1,2,3,7,4,0,4,78,2,239,1,3,0,2,13,DY9
555215,0,2,5,7,2,0,3,73,1,312,1,1,1,2,13,M24
166741,0,2,3,7,0,0,3,73,1,301,1,2,1,2,13,M33
166741,1,2,3,7,0,0,3,76,2,244,1,2,0,2,13,M33
583177,0,2,3,7,4,0,4,67,1,251,1,2,1,2,13,B31
583177,6,2,3,7,4,0,4,64,2,266,1,2,0,2,13,B31
413589,0,2,3,7,2,0,3,69,1,306,1,1,0,2,13,M22
413589,1,2,3,7,2,0,3,72,2,281,1,2,1,2,13,M22
517484,0,1,3,7,2,0,4,79,1,302,1,3,1,1,13,B45
583298,0,6,5,5,1,0,3,67,1,282,0,2,1,6,13,M30
583298,1,6,5,5,1,0,3,70,2,343,0,2,0,6,13,M30
583298,2,6,5,5,1,0,3,48,2,0,0,2,0,6,13,M30
49420,0,2,3,6,6,0,4,61,1,236,1,3,1,2,13,B45
49420,1,2,3,6,6,0,4,76,2,316,1,3,0,2,13,B45
139697,0,2,3,6,0,0,4,62,1,230,1,3,1,2,13,B78
139697,1,2,3,6,0,0,4,67,2,301,1,3,0,2,13,B78
139697,3,2,3,6,0,0,4,28,2,0,1,3,0,2,13,B78
295671,0,2,5,7,0,0,3,73,1,186,1,3,1,2,13,WA3
295671,1,2,5,7,0,0,3,78,2,210,1,3,0,2,13,WA3
591574,0,2,3,7,2,0,4,70,1,372,1,1,1,2,12,B63
591574,1,2,3,7,2,0,4,68,2,331,1,2,0,2,12,B63
376315,0,2,3,6,5,0,3,60,1,278,1,3,1,2,5,BL4
376315,1,2,3,6,5,0,3,70,2,237,1,2,0,2,5,BL4
233640,0,5,3,5,7,0,4,65,1,213,4,2,1,5,4,B44
233640,3,5,3,5,7,0,4,42,1,246,4,3,0,5,4,B44
930886,0,2,3,7,0,0,3,66,1,236,1,3,1,2,12,WA15
930886,1,2,3,7,0,0,3,69,2,236,1,3,0,2,12,WA15
807775,0,2,3,7,4,0,3,66,2,253,1,2,1,2,13,M28
807775,1,2,3,7,4,0,3,67,1,281,1,2,0,2,13,M28
139589,0,3,3,5,3,0,4,63,1,0,1,2,1,3,13,B90
139589,2,3,3,5,3,0,4,69,2,0,1,2,0,3,13,B90
139589,3,3,3,5,3,0,4,30,2,0,1,3,0,3,13,B90
920036,0,4,3,5,6,0,4,60,1,249,1,2,1,4,13,B17
920036,1,4,3,5,6,0,4,68,2,295,1,2,0,4,13,B17
920036,6,4,3,5,6,0,4,20,1,226,1,3,0,4,13,B17
661963,0,3,3,5,0,0,4,71,1,328,4,1,1,3,13,WS2
661963,1,3,3,5,0,0,4,71,2,280,4,2,0,3,13,WS2
661963,3,3,3,5,0,0,4,39,2,0,4,1,0,3,13,WS2
466735,0,2,1,6,7,0,3,62,2,286,1,3,1,2,13,M33
466735,1,2,1,6,7,0,3,58,1,0,1,3,0,2,13,M33
780736,0,2,1,6,0,0,3,60,1,275,1,3,1,2,13,OL6
773138,0,2,4,7,3,0,4,68,1,285,1,2,1,2,13,B14
773138,4,2,4,7,3,0,4,67,2,0,1,2,0,2,13,B14
584317,0,1,3,6,4,0,4,58,1,233,1,3,1,1,1,B72
913726,0,4,4,3,4,1,4,62,1,354,1,2,1,3,13,B70
913726,1,4,4,3,4,1,4,61,2,297,1,2,0,3,13,B70
913726,3,4,4,3,4,1,4,28,1,224,1,2,0,3,13,B70
215184,0,4,3,5,0,0,3,58,1,0,1,2,1,4,13,M44
215184,1,4,3,5,0,0,3,55,2,0,1,1,0,4,13,M44
360661,0,2,5,6,3,0,4,58,1,216,1,3,1,2,13,B92
610693,0,4,1,5,4,0,3,63,1,411,1,3,1,4,13,M24
610693,1,4,1,5,4,0,3,60,2,273,1,3,0,4,13,M24
610693,2,4,1,5,4,0,3,21,2,0,1,3,0,4,13,M24
303700,1,1,4,7,0,0,3,73,2,334,1,1,1,1,13,WA3
30657,0,3,3,5,0,0,3,60,1,0,1,2,1,3,11,M33
30657,3,3,3,5,0,0,3,26,1,0,1,3,0,3,11,M33
891141,0,4,4,5,8,0,4,59,2,313,1,2,0,4,13,B63
891141,1,4,4,5,8,0,4,61,1,273,1,2,1,4,13,B63
891141,2,4,4,5,8,0,4,24,2,264,1,3,0,4,13,B63
891141,3,4,4,5,8,0,4,23,2,340,1,3,0,4,13,B63
646785,0,3,1,5,5,0,4,45,1,0,1,3,1,3,11,B14
646785,1,3,1,5,5,0,4,52,2,0,1,3,0,3,11,B14
646785,2,3,1,5,5,0,4,27,1,0,1,3,0,3,11,B14
326607,0,2,5,7,0,0,4,75,2,0,1,2,1,2,13,B43
326607,1,2,5,7,0,0,4,70,1,0,1,2,0,2,13,B43
686907,0,2,6,7,0,0,4,82,1,227,1,3,1,2,13,B74
686907,1,2,6,7,0,0,4,83,2,237,1,3,0,2,13,B74
237730,0,2,4,7,0,0,4,71,1,248,99,1,1,2,13,B32
237730,1,2,4,7,0,0,4,72,2,280,99,1,0,2,13,B32
626915,1,1,4,7,2,0,3,77,2,317,1,2,1,1,10,OL4
299945,0,1,6,7,0,0,3,77,1,257,1,2,1,1,13,OL2
342661,0,1,3,6,3,0,4,64,2,218,1,3,1,1,13,B30
580010,0,1,3,7,0,0,4,71,1,182,1,3,1,1,13,B71
195832,0,2,3,7,3,0,4,84,1,376,0,3,1,2,13,B42
195832,2,2,3,7,3,0,4,62,1,256,0,3,0,2,13,B42
393133,0,1,1,7,2,0,3,78,2,318,1,2,1,1,13,M38
393133,1,1,1,7,2,0,3,80,1,287,1,1,0,1,13,M38
495132,0,2,1,7,4,0,4,82,2,226,1,3,1,2,11,B46
37740,0,2,1,7,4,0,3,84,2,224,1,3,1,2,13,SK4
37740,1,2,1,7,4,0,3,85,1,209,1,3,0,2,13,SK4
539023,0,1,3,7,4,0,4,63,2,195,1,1,0,1,12,DY4
539023,1,1,3,7,4,0,4,66,1,252,1,2,1,1,12,DY4
107301,0,1,5,6,2,0,3,62,2,279,1,2,1,1,9,OL11
463517,0,1,3,7,2,0,4,93,1,309,1,1,1,1,6,B48
890258,0,1,3,7,3,0,4,83,1,289,1,1,1,1,10,B43
421198,1,3,5,5,4,0,4,87,2,227,1,2,1,3,13,B28
311893,0,2,5,7,2,0,4,73,1,216,1,3,1,2,10,CV7
311893,1,2,5,7,2,0,4,83,2,244,1,2,0,2,10,CV7
888726,0,3,1,5,0,0,4,74,1,318,1,3,1,3,11,B74
888726,1,3,1,5,0,0,4,73,2,244,1,3,0,3,11,B74
888726,2,3,1,5,0,0,4,41,2,238,1,3,0,3,11,B74
740754,0,1,3,6,4,0,4,55,1,0,1,3,1,1,12,B61
529274,0,2,3,7,7,0,4,65,2,342,3,3,1,2,13,B63
722351,0,3,4,5,1,0,4,54,1,302,1,3,1,3,1,B28
722351,2,3,4,5,1,0,4,21,1,333,1,2,0,3,1,B28
179737,0,2,1,7,7,0,4,77,1,272,1,2,1,2,11,B93
179737,1,2,1,7,7,0,4,77,2,260,1,2,0,2,11,B93
451099,0,3,4,5,7,0,4,61,1,296,1,3,1,3,9,WS1
451099,1,3,4,5,7,0,4,65,2,310,1,2,0,3,9,WS1
119396,0,2,5,6,0,0,3,49,1,249,1,2,1,2,13,BL3
119396,1,2,5,6,0,0,3,52,2,369,1,1,0,2,13,BL3
566178,0,2,4,6,6,0,3,48,1,241,1,3,1,2,13,M24
566178,1,2,4,6,6,0,3,50,2,312,1,2,0,2,13,M24
493378,0,2,3,6,6,0,3,51,1,0,1,3,1,2,11,BL1
493378,1,2,3,6,6,0,3,68,2,0,1,2,0,2,11,BL1
509074,0,5,3,5,5,0,3,48,1,270,1,3,1,5,5,BL3
509074,1,5,3,5,5,0,3,49,2,0,1,3,0,5,5,BL3
834424,0,5,4,4,4,1,3,48,1,201,1,2,1,4,13,OL4
834424,3,5,4,4,4,1,3,27,1,225,1,2,0,4,13,OL4
223095,0,3,1,5,0,0,4,51,1,0,1,1,1,3,13,B67
223095,1,3,1,5,0,0,4,58,2,0,1,2,0,3,13,B67
261202,4,6,3,5,0,0,3,76,1,252,1,2,0,6,13,BL5
608198,0,1,3,6,2,0,3,51,1,250,1,3,1,1,13,M27
879680,0,4,4,5,7,0,4,51,1,354,1,2,1,4,2,B60
585378,0,2,3,4,1,1,4,56,1,329,1,3,1,1,11,B42
111460,0,2,3,6,6,0,4,54,1,244,1,2,1,2,11,B30
111460,1,2,3,6,6,0,4,57,2,234,1,1,0,2,11,B30
973230,0,5,1,5,4,0,4,50,2,0,5,3,0,5,9,B28
973230,1,5,1,5,4,0,4,50,1,0,5,3,1,5,9,B28
973230,4,5,1,5,4,0,4,23,1,0,5,4,0,5,9,B28
973230,5,5,1,5,4,0,4,18,2,0,5,4,0,5,9,B28
854025,0,1,1,6,8,0,4,57,2,251,15,3,1,1,11,B90
349624,0,2,4,7,2,0,3,70,1,379,1,1,1,2,13,BL4
32738,0,2,1,6,0,0,4,54,1,0,1,1,1,2,13,B93
32738,1,2,1,6,0,0,4,60,2,0,1,2,0,2,13,B93
546383,0,2,1,6,8,0,3,58,2,330,1,3,1,2,13,M30
546383,1,2,1,6,8,0,3,56,2,210,1,2,0,2,13,M30
556691,0,2,1,6,6,0,3,53,2,0,1,2,0,2,13,BL1
556691,1,2,1,6,6,0,3,55,1,0,1,2,1,2,13,BL1
758052,0,2,5,6,2,0,3,57,2,270,1,2,1,2,13,M23
758052,1,2,5,6,2,0,3,56,1,186,1,2,0,2,13,M23
52930,0,3,3,5,8,0,4,58,1,270,1,3,1,3,7,B78
931413,0,1,5,7,2,0,3,74,2,221,1,1,1,1,13,M40
282277,0,3,3,5,0,0,4,59,1,273,1,2,1,3,13,DY3
282277,1,3,3,5,0,0,4,62,2,0,1,2,0,3,13,DY3
130397,0,2,3,6,5,0,3,59,1,293,1,3,1,2,13,SK4
147089,0,2,3,7,0,0,4,77,1,307,1,2,1,2,13,B28
147089,1,2,3,7,0,0,4,78,2,0,1,2,0,2,13,B28
438378,0,2,3,6,2,0,3,55,1,254,1,2,1,2,12,BL9
365318,0,3,4,5,7,0,3,58,1,323,1,2,1,3,13,M40
365318,1,3,4,5,7,0,3,60,2,275,1,2,0,3,13,M40
365318,2,3,4,5,7,0,3,36,1,0,1,2,0,3,13,M40
510979,0,4,5,5,6,0,3,53,1,263,15,2,1,4,6,M33
510979,1,4,5,5,6,0,3,58,2,263,15,3,0,4,6,M33
510979,4,4,5,5,6,0,3,24,1,220,15,3,0,4,6,M33
694460,0,3,5,5,3,0,3,48,1,285,1,2,1,3,12,M33
694460,1,3,5,5,3,0,3,47,2,265,1,2,0,3,12,M33
694460,3,3,5,5,3,0,3,21,1,311,1,2,0,3,12,M33
935824,0,4,4,2,4,1,3,56,1,282,1,2,1,3,13,BL4
692262,0,4,3,5,4,0,3,50,1,266,1,1,1,4,11,M15
689442,0,1,3,7,1,0,4,94,1,288,1,1,1,1,12,B35
591761,0,4,1,5,8,0,3,49,1,273,1,2,1,4,12,M30
591761,1,4,1,5,8,0,3,52,2,316,1,2,0,4,12,M30
672951,0,2,3,7,3,0,3,75,1,264,1,4,1,2,12,OL12
672951,1,2,3,7,3,0,3,67,2,362,1,3,0,2,12,OL12
6599,0,2,1,7,4,0,3,75,1,252,1,2,1,2,13,M33
6599,1,2,1,7,4,0,3,77,2,303,1,1,0,2,13,M33
459797,0,2,1,6,8,0,3,54,2,286,1,3,1,2,13,M15
459797,1,2,1,6,8,0,3,59,2,0,1,2,0,2,13,M15
638820,0,3,4,4,0,1,4,55,1,0,1,3,1,2,11,WS2
246347,0,3,3,5,5,0,4,53,1,282,1,2,1,3,11,B45
969897,0,2,4,6,5,0,4,60,1,323,1,1,1,2,13,DY5
969897,1,2,4,6,5,0,4,53,2,275,1,1,0,2,13,DY5
229792,0,3,3,5,0,0,4,60,1,225,4,3,1,3,12,B78
229792,2,3,3,5,0,0,4,28,2,230,4,3,0,3,12,B78
229792,3,3,3,5,0,0,4,22,2,208,4,3,0,3,12,B78
822133,0,2,3,7,3,0,3,80,1,299,1,1,1,2,11,OL8
822133,1,2,3,7,3,0,3,70,2,278,1,2,0,2,11,OL8
350266,0,4,5,5,8,0,4,53,1,351,1,1,1,4,11,B38
159203,0,2,5,6,0,0,4,54,1,0,1,4,1,2,13,DY1
159203,2,2,5,6,0,0,4,34,2,0,1,2,0,2,13,DY1
248010,0,2,6,7,0,0,4,69,1,307,1,1,1,2,13,B98
248010,1,2,6,7,0,0,4,63,2,293,1,1,0,2,13,B98
149472,0,4,4,4,5,1,4,49,1,0,1,2,1,3,6,B14
149472,2,4,4,4,5,1,4,52,2,0,1,3,0,3,6,B14
149916,0,4,5,5,0,0,4,55,1,0,7,2,1,4,8,B68
149916,1,4,5,5,0,0,4,22,1,0,7,4,0,4,8,B68
53789,0,2,3,6,3,0,4,52,1,258,1,3,1,2,10,DY3
551387,0,3,1,5,6,0,4,60,1,265,11,3,1,3,12,B62
551387,1,3,1,5,6,0,4,54,2,274,11,3,0,3,12,B62
551387,3,3,1,5,6,0,4,21,1,219,11,2,0,3,12,B62
736828,0,5,5,5,2,0,4,45,1,321,5,2,1,5,4,B14
180745,0,2,3,6,3,0,3,55,1,212,1,2,1,2,13,M30
180745,1,2,3,6,3,0,3,69,2,278,1,2,0,2,13,M30
269708,0,4,3,4,2,1,4,53,1,273,1,2,1,3,11,DY9
269708,1,4,3,4,2,1,4,56,2,284,1,2,0,3,11,DY9
741148,0,6,4,5,7,0,3,52,1,274,1,2,1,6,3,BL5
741148,1,6,4,5,7,0,3,53,2,0,1,2,0,6,3,BL5
981792,0,1,3,7,3,0,3,68,2,0,1,3,1,1,13,M15
619477,0,2,3,7,0,0,4,77,2,300,1,1,1,2,10,B71
851418,0,1,3,7,4,0,3,65,2,342,1,1,1,1,13,M9
509137,0,4,1,3,8,2,3,45,1,213,1,3,1,2,13,BL8
509137,2,4,1,3,8,2,3,47,2,283,1,3,0,2,13,BL8
437918,0,2,3,6,5,0,4,63,1,248,1,2,1,2,12,WS1
437918,1,2,3,6,5,0,4,65,2,228,1,2,0,2,12,WS1
92247,0,2,5,6,1,0,4,59,1,240,1,2,1,2,9,B91
340568,0,5,3,5,6,0,3,48,1,246,3,3,1,5,9,OL16
340568,1,5,3,5,6,0,3,71,2,335,3,3,0,5,9,OL16
288909,0,2,3,7,2,0,4,70,1,251,1,2,1,2,13,B76
288909,1,2,3,7,2,0,4,78,2,283,1,2,0,2,13,B76
711839,0,1,3,7,2,0,4,73,1,334,1,3,1,1,10,B38
862011,0,2,4,7,4,0,4,69,1,285,1,1,1,2,13,DY2
862011,1,2,4,7,4,0,4,79,2,242,1,2,0,2,13,DY2
744959,0,1,3,6,4,0,3,61,2,283,1,3,1,1,12,OL4
536499,0,5,4,5,2,0,4,52,1,0,1,2,1,5,5,WV13
256928,0,1,1,7,4,0,4,70,2,190,1,3,1,1,8,DY3
256928,1,1,1,7,4,0,4,96,2,179,1,1,0,1,8,DY3
57823,0,1,6,6,2,0,4,45,1,339,1,2,1,1,8,B65
930277,0,2,4,6,2,0,3,49,1,232,1,3,1,2,6,M43
877268,0,1,5,7,2,0,3,81,1,230,1,1,1,1,10,OL16
591649,0,5,3,4,6,2,4,48,1,250,1,2,1,3,13,B92
591649,2,5,3,4,6,2,4,47,2,247,1,2,0,3,13,B92
682264,0,4,1,5,8,0,3,57,1,0,1,2,1,4,13,M14
83371,0,4,3,5,3,0,4,53,1,239,1,3,1,4,13,B90
83371,1,4,3,5,3,0,4,53,2,371,1,3,0,4,13,B90
83371,2,4,3,5,3,0,4,21,2,273,1,4,0,4,13,B90
83371,3,4,3,5,3,0,4,20,2,235,1,4,0,4,13,B90
719474,0,3,4,5,4,0,4,55,1,216,1,1,1,3,13,B31
282488,0,2,1,7,3,0,3,67,2,352,1,3,1,2,4,OL1
282488,1,2,1,7,3,0,3,61,1,0,1,1,0,2,4,OL1
109285,0,1,1,6,6,0,4,47,1,278,1,3,1,1,13,B31
68484,0,1,4,7,2,0,3,73,1,221,1,2,1,1,12,OL15
68484,1,1,4,7,2,0,3,74,2,0,1,1,0,1,12,OL15
900694,0,3,5,5,1,0,3,61,1,0,1,1,1,3,10,M11
832889,0,2,4,7,3,0,4,86,2,235,1,1,0,2,13,B92
832889,1,2,4,7,3,0,4,81,1,335,1,1,1,2,13,B92
258468,1,3,5,5,2,0,4,71,2,266,1,2,0,3,13,B68
258468,2,3,5,5,2,0,4,30,1,298,1,3,0,3,13,B68
572214,0,4,1,5,8,0,4,55,1,232,1,2,1,4,13,B74
572214,1,4,1,5,8,0,4,56,2,231,1,3,0,4,13,B74
572214,3,4,1,5,8,0,4,21,2,210,1,2,0,4,13,B74
705701,0,3,5,4,6,1,4,51,1,283,1,3,1,2,12,B60
705701,1,3,5,4,6,1,4,51,2,287,1,2,0,2,12,B60
705701,2,3,5,4,6,1,4,16,1,0,1,4,0,2,12,B60
954069,0,3,3,5,0,0,4,45,1,251,1,2,1,3,7,B25
218216,0,3,3,5,5,0,3,71,1,265,1,1,1,3,13,OL12
218216,1,3,3,5,5,0,3,76,2,362,1,2,0,3,13,OL12
218216,2,3,3,5,5,0,3,36,2,248,1,2,0,3,13,OL12
129610,0,2,5,6,3,0,4,45,1,351,5,3,1,2,12,DY5
474059,0,4,3,5,3,0,4,62,1,226,1,2,1,4,10,WV14
474059,1,4,3,5,3,0,4,70,2,222,1,2,0,4,10,WV14
506244,0,5,3,4,3,1,4,46,1,276,1,1,1,4,11,B61
148446,0,2,3,7,3,0,3,75,1,291,1,2,1,2,13,M8
148446,1,2,3,7,3,0,3,73,2,191,1,2,0,2,13,M8
222501,0,2,3,6,2,0,4,55,2,291,1,2,1,2,13,B36
222501,1,2,3,6,2,0,4,56,1,279,1,2,0,2,13,B36
268750,0,5,1,4,0,1,4,51,1,239,5,3,1,4,13,B73
268750,2,5,1,4,0,1,4,25,1,174,5,3,0,4,13,B73
960611,0,2,3,6,4,0,3,52,1,323,1,2,1,2,13,BL4
406715,0,2,3,6,3,0,3,46,1,215,1,3,1,2,13,BL4
406715,1,2,3,6,3,0,3,47,1,240,1,2,0,2,13,BL4
793499,0,6,3,4,7,1,3,45,1,255,1,3,1,5,13,WA15
793499,4,6,3,4,7,1,3,18,2,0,1,4,0,5,13,WA15
793499,5,6,3,4,7,1,3,45,2,0,1,1,0,5,13,WA15
73082,0,5,4,5,3,0,3,62,1,0,1,2,1,5,11,OL10
73082,1,5,4,5,3,0,3,65,2,250,1,2,0,5,11,OL10
602490,1,1,5,6,2,0,3,60,1,0,1,1,1,1,12,WA3
258673,0,5,3,4,3,1,3,47,2,332,5,3,1,4,13,M8
258673,1,5,3,4,3,1,3,49,1,381,5,1,0,4,13,M8
245097,0,1,3,7,2,0,3,81,1,321,1,2,1,1,9,OL9
245097,1,1,3,7,2,0,3,86,2,252,1,1,0,1,9,OL9
108304,0,1,6,7,0,0,4,85,1,245,1,1,1,1,12,B28
257109,0,2,3,7,4,0,3,85,1,249,1,2,1,2,11,WA15
257109,1,2,3,7,4,0,3,86,2,208,1,3,0,2,11,WA15
624983,0,2,1,7,8,0,4,71,2,321,1,3,1,2,9,B16
624983,1,2,1,7,8,0,4,61,1,203,1,3,0,2,9,B16
155084,0,2,3,7,3,0,3,68,1,247,1,2,1,2,13,M33
155084,1,2,3,7,3,0,3,23,1,191,1,4,0,2,13,M33
879272,0,2,5,7,4,0,3,88,1,261,1,2,1,2,13,OL8
879272,2,2,5,7,4,0,3,67,2,239,1,1,0,2,13,OL8
837274,0,3,1,5,7,0,4,48,1,219,1,3,1,3,13,DY9
837274,2,3,1,5,7,0,4,19,1,208,1,4,0,3,13,DY9
837274,4,3,1,5,7,0,4,62,2,247,1,3,0,3,13,DY9
405582,0,4,5,5,0,0,4,50,1,221,4,3,1,4,13,B90
405582,2,4,5,5,0,0,4,22,1,170,4,4,0,4,13,B90
405582,3,4,5,5,0,0,4,19,1,170,4,4,0,4,13,B90
858042,0,3,3,4,3,2,4,49,1,216,1,3,1,1,13,B92
158329,1,1,6,6,2,0,3,53,1,324,1,2,1,1,7,WN1
642764,0,4,4,2,3,1,4,62,1,294,0,3,1,3,2,B7
642764,3,4,4,2,3,1,4,32,1,271,0,3,0,3,2,B7
14149,0,1,3,6,6,0,4,58,2,354,1,3,1,1,12,B5
289467,0,2,1,6,0,0,4,57,1,217,1,2,1,2,13,B46
289467,1,2,1,6,0,0,4,19,2,201,1,2,0,2,13,B46
378466,0,6,4,4,2,1,3,48,1,364,5,3,1,5,10,M14
944498,0,3,3,5,0,0,3,56,1,263,1,2,1,3,6,BL2
944498,3,3,3,5,0,0,3,18,1,184,1,4,0,3,6,BL2
944498,4,3,3,5,0,0,3,53,2,335,1,2,0,3,6,BL2
780384,0,2,4,7,4,0,4,72,1,244,1,3,1,2,11,B17
780384,1,2,4,7,4,0,4,76,2,213,1,1,0,2,11,B17
6897,0,2,6,7,0,0,3,83,2,178,1,1,1,2,13,BL3
6897,1,2,6,7,0,0,3,72,1,263,1,2,0,2,13,BL3
930606,0,3,3,5,7,0,4,69,2,281,4,3,1,3,13,B20
930606,1,3,3,5,7,0,4,68,1,239,4,3,0,3,13,B20
930606,3,3,3,5,7,0,4,36,2,245,4,3,0,3,13,B20
290051,0,1,4,7,2,0,3,84,2,328,1,1,1,1,11,M26
738957,0,4,4,5,5,0,4,52,1,298,1,2,1,4,12,WS4
738957,1,4,4,5,5,0,4,59,2,0,1,3,0,4,12,WS4
738957,2,4,4,5,5,0,4,21,2,0,1,2,0,4,12,WS4
706733,0,4,3,4,4,1,4,68,1,251,0,2,1,3,13,B31
706733,1,4,3,4,4,1,4,72,2,252,0,2,0,3,13,B31
706733,3,4,3,4,4,1,4,43,2,290,0,2,0,3,13,B31
60969,0,6,3,4,0,1,4,52,2,191,5,3,0,5,13,B11
60969,1,6,3,4,0,1,4,44,1,225,5,2,1,5,13,B11
628496,1,1,3,7,2,0,4,76,1,232,1,2,1,1,13,B92
360565,2,1,3,6,6,0,4,54,2,296,1,2,1,1,7,B42
953894,0,2,3,7,3,0,3,76,1,264,1,2,1,2,13,OL9
953894,1,2,3,7,3,0,3,76,2,332,1,1,0,2,13,OL9
303460,0,2,1,6,7,0,4,60,2,332,1,3,1,2,13,B26
303460,1,2,1,6,7,0,4,62,1,271,1,3,0,2,13,B26
723098,1,2,3,7,0,0,3,81,2,149,1,1,0,2,6,OL10
312997,0,1,3,7,2,0,4,85,1,255,1,2,1,1,10,B60
849354,1,2,5,7,3,0,4,80,2,366,1,1,1,2,13,B37
849354,2,2,5,7,3,0,4,54,1,349,1,3,0,2,13,B37
831029,0,3,4,4,7,1,4,61,2,301,12,2,1,2,13,WV13
831029,1,3,4,4,7,1,4,56,1,324,12,2,0,2,13,WV13
236359,0,1,3,6,2,0,3,61,1,0,1,2,1,1,13,OL11
986290,0,2,4,7,4,0,3,69,1,291,1,2,1,2,13,M24
986290,1,2,4,7,4,0,3,63,2,273,1,1,0,2,13,M24
124175,0,5,4,2,0,1,3,63,1,0,1,3,1,4,10,WA15
124175,1,5,4,2,0,1,3,72,2,0,1,2,0,4,10,WA15
754774,0,1,1,7,2,0,3,73,1,278,1,2,1,1,12,M23
995662,0,2,3,6,5,0,3,61,1,0,1,2,1,2,12,M24
995662,1,2,3,6,5,0,3,67,2,229,1,1,0,2,12,M24
484515,0,3,5,5,3,0,3,59,1,262,1,2,1,3,13,M44
823932,0,3,3,5,0,0,4,60,1,313,12,3,1,3,13,WS5
586898,0,1,3,7,2,0,4,66,1,319,1,3,1,1,13,B92
227223,0,2,3,7,2,0,4,74,1,267,1,1,1,2,13,B65
861278,0,5,4,2,6,2,4,55,1,236,1,2,1,3,7,B23
861278,1,5,4,2,6,2,4,61,2,0,1,2,0,3,7,B23
626551,0,4,1,5,0,0,3,52,1,0,0,3,1,4,12,M33
626551,1,4,1,5,0,0,3,56,2,0,0,3,0,4,12,M33
810828,0,2,1,6,3,0,4,63,1,263,1,2,1,2,12,WV14
810828,1,2,1,6,3,0,4,66,2,315,1,2,0,2,12,WV14
660201,0,3,4,5,7,0,4,59,1,438,1,2,1,3,13,WS1
660201,1,3,4,5,7,0,4,61,2,254,1,2,0,3,13,WS1
177130,0,2,1,1,6,0,3,42,1,0,1,3,1,2,13,WA3
177130,1,2,1,1,6,0,3,42,2,0,1,3,0,2,13,WA3
927796,0,2,3,7,2,0,4,71,1,291,1,3,1,2,13,B34
927796,1,2,3,7,2,0,4,70,2,238,1,3,0,2,13,B34
967530,0,1,3,7,0,0,4,72,1,0,1,1,1,1,13,B92
967530,1,1,3,7,0,0,4,71,2,215,1,3,0,1,13,B92
216794,0,4,1,5,7,0,4,60,1,230,7,2,1,4,9,B28
216794,1,4,1,5,7,0,4,63,2,216,7,1,0,4,9,B28
216794,4,4,1,5,7,0,4,30,2,0,7,3,0,4,9,B28
216794,5,4,1,5,7,0,4,89,1,0,7,0,0,4,9,B28
349818,0,2,5,6,2,0,4,59,2,432,1,2,1,2,13,B8
891021,0,2,1,7,3,0,3,85,2,209,1,1,1,2,13,M26
891021,1,2,1,7,3,0,3,72,1,253,1,1,0,2,13,M26
970001,0,6,5,4,2,1,3,70,2,300,5,3,1,5,13,M14
970001,1,6,5,4,2,1,3,56,1,311,5,2,0,5,13,M14
970001,2,6,5,4,2,1,3,83,1,282,5,2,0,5,13,M14
970001,3,6,5,4,2,1,3,19,1,182,5,1,0,5,13,M14
970001,4,6,5,4,2,1,3,17,2,192,5,4,0,5,13,M14
970001,5,6,5,4,2,1,3,15,2,0,5,4,0,5,13,M14
986325,0,3,5,4,3,1,4,58,2,268,1,2,1,2,3,DY4
986325,1,3,5,4,3,1,4,54,1,0,1,2,0,2,3,DY4
514188,0,2,4,7,2,0,4,69,1,260,1,2,1,2,13,B37
250974,0,1,6,6,2,0,4,57,2,339,1,2,1,1,12,B61
969546,0,2,5,6,0,0,4,46,1,260,1,2,1,2,13,B37
969546,2,2,5,6,0,0,4,63,2,419,1,2,0,2,13,B37
193205,0,3,3,5,6,0,3,47,1,0,1,3,1,3,13,OL2
956330,0,4,3,4,0,1,3,51,1,275,1,3,1,3,11,OL12
956330,1,4,3,4,0,1,3,54,2,222,1,1,0,3,11,OL12
641193,0,1,1,1,4,0,3,42,2,341,1,3,1,1,13,M28
71321,0,3,4,5,4,0,3,57,1,373,1,2,1,3,12,M33
71321,1,3,4,5,4,0,3,59,2,0,1,2,0,3,12,M33
71321,3,3,4,5,4,0,3,22,1,0,1,3,0,3,12,M33
152835,0,1,5,7,1,0,4,69,2,247,1,1,1,1,13,B30
933742,0,2,4,7,2,0,3,82,1,261,1,1,1,2,12,M26
933742,1,2,4,7,2,0,3,78,2,242,1,1,0,2,12,M26
322741,0,2,1,7,0,0,4,84,1,255,1,2,1,2,12,B43
322741,1,2,1,7,0,0,4,86,2,270,1,2,0,2,12,B43
118414,0,1,5,7,4,0,3,65,1,287,9,2,1,1,13,M18
461361,0,2,3,6,0,0,4,57,1,0,1,2,1,2,13,DY3
933172,0,1,3,6,3,0,4,54,1,278,1,2,1,1,12,B23
368615,0,2,1,7,0,0,3,83,1,184,1,2,1,2,13,WA15
773224,0,2,3,6,4,0,4,62,1,336,14,3,1,2,4,B24
196247,0,1,3,7,2,0,4,71,1,240,1,3,1,1,13,DY5
689063,0,2,3,7,0,0,4,82,1,236,1,2,1,2,13,B31
689063,1,2,3,7,0,0,4,76,2,240,1,3,0,2,13,B31
892030,0,1,3,7,2,0,4,82,1,344,1,2,1,1,13,B33
735042,0,2,1,7,4,0,4,82,1,301,1,3,1,2,13,B73
735042,1,2,1,7,4,0,4,84,2,358,1,3,0,2,13,B73
975394,0,1,6,7,2,0,3,69,1,249,1,2,1,1,13,OL1
256507,0,4,4,5,2,0,3,51,1,321,3,3,1,4,13,BL3
256507,1,4,4,5,2,0,3,43,2,314,3,1,0,4,13,BL3
256507,2,4,4,5,2,0,3,21,1,216,3,4,0,4,13,BL3
256507,3,4,4,5,2,0,3,16,2,0,3,4,0,4,13,BL3
670003,0,6,4,3,7,2,4,44,1,221,1,2,1,4,13,B61
670003,1,6,4,3,7,2,4,45,2,260,1,2,0,4,13,B61
404035,0,4,3,5,8,0,4,46,1,364,15,3,1,4,10,B74
404035,1,4,3,5,8,0,4,48,2,255,15,3,0,4,10,B74
850127,0,1,1,6,0,0,4,63,2,284,1,3,1,1,13,B65
920112,0,2,1,7,4,0,4,82,1,264,1,1,1,2,13,B72
920112,1,2,1,7,4,0,4,84,2,273,1,2,0,2,13,B72
709780,0,1,5,6,2,0,4,63,1,311,1,1,1,1,12,B33
261501,0,4,3,4,6,2,4,40,1,435,1,2,1,2,13,B74
261501,1,4,3,4,6,2,4,44,2,223,1,2,0,2,13,B74
974172,0,2,6,7,3,0,4,74,2,312,1,1,1,2,10,B35
974172,1,2,6,7,3,0,4,70,1,295,1,1,0,2,10,B35
908497,0,2,1,7,3,0,4,89,1,220,1,1,1,2,7,B76
908497,1,2,1,7,3,0,4,95,2,251,1,1,0,2,7,B76
433345,0,2,5,4,3,1,4,46,1,251,4,4,1,1,13,B71
433345,1,2,5,4,3,1,4,58,2,284,4,2,0,1,13,B71
433345,2,2,5,4,3,1,4,15,2,0,4,1,0,1,13,B71
266037,0,6,4,4,4,1,4,55,1,233,4,3,1,5,9,B68
266037,1,6,4,4,4,1,4,55,2,258,4,3,0,5,9,B68
183758,0,4,3,4,7,2,4,40,1,333,1,2,1,2,13,WS2
183758,1,4,3,4,7,2,4,42,2,250,1,2,0,2,13,WS2
183758,2,4,3,4,7,2,4,15,2,0,1,4,0,2,13,WS2
633448,0,4,3,4,0,1,4,46,1,0,1,3,1,3,4,B66
418575,1,4,1,4,8,2,3,38,2,255,1,2,1,2,11,M27
748439,0,2,1,7,3,0,3,84,2,270,1,3,1,2,11,M33
748439,1,2,1,7,3,0,3,80,1,224,1,2,0,2,11,M33
315626,0,2,1,6,0,0,3,60,1,296,1,2,1,2,11,M33
315626,1,2,1,6,0,0,3,63,2,243,1,2,0,2,11,M33
590616,0,2,1,7,2,0,4,75,1,204,1,3,1,2,13,WS5
806200,0,1,1,7,8,0,4,71,1,232,1,2,1,1,13,B74
416699,0,5,1,4,4,1,3,51,1,0,1,3,1,4,13,M21
416699,1,5,1,4,4,1,3,54,2,263,1,3,0,4,13,M21
416699,2,5,1,4,4,1,3,19,1,0,1,4,0,4,13,M21
416699,3,5,1,4,4,1,3,17,1,0,1,4,0,4,13,M21
416699,4,5,1,4,4,1,3,15,1,0,1,4,0,4,13,M21
522585,0,4,3,5,8,0,3,65,1,213,1,3,1,4,13,BL1
522585,1,4,3,5,8,0,3,78,2,231,1,3,0,4,13,BL1
497828,0,2,3,6,5,0,4,58,1,0,1,2,1,2,12,WS1
497828,1,2,3,6,5,0,4,58,2,0,1,2,0,2,12,WS1
45669,0,4,3,5,0,0,3,61,1,256,1,2,1,4,13,M38
45669,1,4,3,5,0,0,3,67,1,301,1,1,0,4,13,M38
45669,2,4,3,5,0,0,3,23,2,305,1,3,0,4,13,M38
233343,0,2,4,7,3,0,3,75,1,0,1,2,1,2,13,M43
233343,1,2,4,7,3,0,3,78,2,0,1,1,0,2,13,M43
353185,0,3,5,5,2,0,4,66,1,0,1,3,1,3,13,B13
353185,1,3,5,5,2,0,4,69,2,0,1,3,0,3,13,B13
865651,0,4,5,4,5,1,3,52,1,261,1,2,1,3,13,M23
445838,1,1,6,7,3,0,3,82,1,266,1,2,1,1,12,M40
463872,0,2,3,7,6,0,3,76,2,227,1,2,1,2,13,M33
463872,1,2,3,7,6,0,3,74,1,228,1,2,0,2,13,M33
24816,0,2,5,7,4,0,4,75,1,315,1,1,1,2,13,B31
24816,1,2,5,7,4,0,4,76,2,276,1,2,0,2,13,B31
240178,0,2,4,7,4,0,3,79,1,250,1,2,1,2,13,OL9
240178,2,2,4,7,4,0,3,62,2,292,1,2,0,2,13,OL9
949231,0,1,3,7,2,0,4,69,1,346,1,2,1,1,12,B17
3269,0,1,6,6,2,0,3,62,1,371,1,3,1,1,13,OL12
717360,0,2,1,7,0,0,4,69,1,281,1,3,1,2,10,B90
956763,0,3,3,5,0,0,4,68,1,262,1,3,1,3,12,B14
956763,1,3,3,5,0,0,4,68,2,283,1,3,0,3,12,B14
367484,0,2,4,7,2,0,3,75,1,372,1,1,1,2,10,M38
367484,1,2,4,7,2,0,3,76,2,387,1,1,0,2,10,M38
560992,0,1,3,7,0,0,3,83,1,234,1,1,1,1,11,OL2
972194,0,1,6,7,1,0,3,75,1,292,1,1,1,1,13,M11
382963,0,3,3,5,5,0,3,55,2,300,1,2,1,3,13,WA3
382963,1,3,3,5,5,0,3,54,1,303,1,2,0,3,13,WA3
77848,0,1,3,7,0,0,3,81,1,235,1,2,1,1,13,M26
585044,0,1,3,7,2,0,3,74,1,324,1,2,1,1,13,WA15
351029,0,4,5,5,0,0,3,55,1,0,1,2,1,4,13,OL12
351029,1,4,5,5,0,0,3,56,2,0,1,2,0,4,13,OL12
118273,0,1,1,6,2,0,3,62,2,0,1,2,1,1,13,OL16
45012,0,1,3,7,2,0,4,76,1,444,1,1,1,1,1,DY1
684861,0,2,1,6,7,0,4,49,2,288,1,3,1,2,13,B63
684861,1,2,1,6,7,0,4,48,1,293,1,3,0,2,13,B63
885305,0,2,3,6,0,0,4,59,2,316,1,2,1,2,12,WS3
885305,1,2,3,6,0,0,4,65,1,222,1,3,0,2,12,WS3
592006,0,2,1,7,2,0,4,72,2,280,1,2,1,2,13,B45
592006,1,2,1,7,2,0,4,58,1,220,1,3,0,2,13,B45
454628,0,2,5,6,6,0,4,55,1,186,1,2,1,2,13,B36
258835,0,4,4,5,6,0,3,71,2,294,1,2,1,4,13,M27
258835,1,4,4,5,6,0,3,66,1,0,1,2,0,4,13,M27
258835,2,4,4,5,6,0,3,19,2,0,1,2,0,4,13,M27
658591,0,2,3,7,3,0,4,71,1,238,1,1,1,2,13,WV14
658591,1,2,3,7,3,0,4,76,2,341,1,2,0,2,13,WV14
885525,0,2,3,7,5,0,3,71,1,206,1,3,1,2,11,M33
674015,0,1,3,7,4,0,3,77,1,337,1,1,1,1,13,BL8
441017,0,2,6,7,2,0,4,68,1,266,1,3,1,2,13,B45
441017,1,2,6,7,2,0,4,68,2,232,1,1,0,2,13,B45
913197,0,2,5,7,3,0,4,68,1,290,1,2,1,2,13,B23
913197,1,2,5,7,3,0,4,68,2,268,1,1,0,2,13,B23
999366,0,2,4,7,4,0,3,74,1,282,1,1,1,2,13,M30
999366,1,2,4,7,4,0,3,62,2,268,1,2,0,2,13,M30
448374,0,2,3,7,3,0,4,78,1,274,1,2,1,2,13,B37
448374,1,2,3,7,3,0,4,70,2,0,1,1,0,2,13,B37
844870,0,1,3,7,3,0,3,74,1,271,1,2,1,1,13,BL3
848704,0,2,3,7,5,0,4,78,1,382,1,1,1,2,13,B31
848704,1,2,3,7,5,0,4,66,2,441,1,2,0,2,13,B31
793659,0,1,6,7,2,0,4,72,1,283,1,3,1,1,13,B30
871202,0,2,3,7,3,0,3,72,1,271,1,2,1,2,13,OL10
938997,0,3,3,5,4,0,4,73,1,344,1,2,1,3,13,B29
591634,0,2,3,7,0,0,4,73,2,292,1,2,1,2,13,B76
949408,0,2,4,7,4,0,4,69,1,283,1,2,1,2,13,B63
949408,1,2,4,7,4,0,4,55,2,273,1,2,0,2,13,B63
819799,0,2,3,7,3,0,4,80,1,282,1,2,1,2,12,B28
5799,0,2,1,7,0,0,4,72,1,0,1,3,1,2,13,B32
5799,1,2,1,7,0,0,4,81,2,0,1,3,0,2,13,B32
953241,0,2,1,7,2,0,4,80,1,308,1,1,1,2,13,B78
953241,1,2,1,7,2,0,4,75,2,297,1,3,0,2,13,B78
104768,0,2,3,7,5,0,3,71,1,247,1,2,1,2,13,SK4
104768,1,2,3,7,5,0,3,70,2,301,1,2,0,2,13,SK4
882507,0,2,3,6,2,0,4,48,1,0,1,2,1,2,13,B36
882507,1,2,3,6,2,0,4,25,2,0,1,2,0,2,13,B36
762785,0,5,3,5,0,0,4,70,1,0,1,2,1,5,13,B43
762785,1,5,3,5,0,0,4,76,2,0,1,3,0,5,13,B43
762785,2,5,3,5,0,0,4,34,1,0,1,3,0,5,13,B43
762785,3,5,3,5,0,0,4,31,2,0,1,3,0,5,13,B43
762785,4,5,3,5,0,0,4,27,1,0,1,3,0,5,13,B43
981453,0,4,3,5,0,0,4,42,1,0,1,2,0,4,13,B74
981453,1,4,3,5,0,0,4,74,2,0,1,2,0,4,13,B74
981453,2,4,3,5,0,0,4,71,1,290,1,2,1,4,13,B74
990702,0,5,1,4,8,1,3,45,1,0,1,3,1,4,12,M16
990702,1,5,1,4,8,1,3,45,2,0,1,3,0,4,12,M16
990702,4,5,1,4,8,1,3,17,1,0,1,4,0,4,12,M16
472114,0,2,4,7,4,0,4,78,1,397,1,2,1,2,13,WV13
472114,1,2,4,7,4,0,4,77,2,281,1,1,0,2,13,WV13
924018,0,5,1,5,6,0,4,56,2,316,5,3,1,5,12,WS10
924018,1,5,1,5,6,0,4,53,1,269,5,3,0,5,12,WS10
399836,0,3,3,5,5,0,3,78,1,269,1,2,1,3,6,BL3
399836,1,3,3,5,5,0,3,57,1,0,1,2,0,3,6,BL3
399836,3,3,3,5,5,0,3,29,1,0,1,2,0,3,6,BL3
852319,0,3,5,5,2,0,3,79,2,279,1,2,1,3,13,BL3
852319,1,3,5,5,2,0,3,61,1,232,1,2,0,3,13,BL3
523348,0,1,3,7,4,0,4,75,1,241,1,2,0,1,13,B31
523348,1,1,3,7,4,0,4,75,2,298,1,2,1,1,13,B31
153589,0,1,4,7,0,0,4,81,2,0,1,2,1,1,13,B90
982165,0,2,3,6,6,0,3,59,1,221,1,2,1,2,13,BL2
982165,1,2,3,6,6,0,3,61,2,0,1,3,0,2,13,BL2
918304,0,1,6,7,1,0,3,75,1,0,1,2,1,1,13,M9
559750,0,4,1,4,8,2,4,51,2,278,1,3,0,2,13,B94
559750,1,4,1,4,8,2,4,54,1,203,1,2,1,2,13,B94
559750,2,4,1,4,8,2,4,15,2,0,1,4,0,2,13,B94
559750,3,4,1,4,8,2,4,13,1,0,1,4,0,2,13,B94
445226,0,1,4,7,2,0,3,83,1,278,1,2,1,1,13,BL1
380578,0,2,5,7,0,0,3,80,1,344,1,2,1,2,2,BL9
380578,1,2,5,7,0,0,3,84,2,244,1,1,0,2,2,BL9
191861,0,1,5,7,2,0,3,79,1,211,1,2,1,1,10,M44
399690,0,2,4,7,2,0,3,82,2,292,1,2,1,2,13,OL12
399690,1,2,4,7,2,0,3,82,1,245,1,1,0,2,13,OL12
733172,0,1,3,7,2,0,3,77,1,280,1,2,1,1,13,OL11
720952,0,2,3,7,3,0,3,82,1,268,1,1,1,2,13,OL4
720952,1,2,3,7,3,0,3,84,2,221,1,2,0,2,13,OL4
109084,0,3,1,1,3,0,3,60,2,311,5,3,0,3,8,OL12
109084,1,3,1,1,3,0,3,34,1,247,5,3,1,3,8,OL12
573054,0,1,3,6,8,0,3,57,1,230,1,3,1,1,9,OL9
447981,0,3,4,5,8,0,3,62,2,406,1,2,1,3,13,OL10
447981,4,3,4,5,8,0,3,58,1,275,1,2,0,3,13,OL10
447981,5,3,4,5,8,0,3,25,1,0,1,3,0,3,13,OL10
516822,0,2,5,7,4,0,4,70,1,269,1,2,1,2,12,B60
516822,1,2,5,7,4,0,4,69,2,261,1,3,0,2,12,B60
892277,0,2,4,6,6,0,4,56,2,289,4,3,0,2,13,DY1
892277,1,2,4,6,6,0,4,54,1,350,4,3,1,2,13,DY1
239052,0,5,6,3,1,2,4,62,1,371,1,3,1,3,13,B36
431052,0,2,1,6,3,0,4,62,1,232,1,2,1,2,11,B98
234174,0,1,3,6,2,0,3,58,1,248,1,2,1,1,13,M27
806125,0,2,3,7,6,0,4,67,1,336,1,3,1,2,11,WS9
580324,0,2,1,7,5,0,4,72,1,246,1,2,1,2,13,DY3
580324,1,2,1,7,5,0,4,73,2,296,1,3,0,2,13,DY3
660085,0,2,3,6,0,0,4,62,2,326,1,2,1,2,13,B30
660085,1,2,3,6,0,0,4,50,1,346,1,2,0,2,13,B30
557759,0,2,3,7,3,0,3,79,1,245,1,2,1,2,13,M9
557759,1,2,3,7,3,0,3,77,2,240,1,3,0,2,13,M9
932193,0,4,3,5,5,0,4,59,2,0,1,2,1,4,13,B38
932193,1,4,3,5,5,0,4,59,1,0,1,2,0,4,13,B38
932193,2,4,3,5,5,0,4,36,2,0,1,2,0,4,13,B38
932193,3,4,3,5,5,0,4,33,2,0,1,3,0,4,13,B38
613562,0,2,3,7,3,0,4,77,1,308,1,2,1,2,12,B67
613562,1,2,3,7,3,0,4,74,2,263,1,1,0,2,12,B67
265848,0,3,1,4,6,1,3,55,2,219,1,2,1,2,13,SK4
412220,1,2,4,7,4,0,4,54,2,375,1,2,0,2,13,B98
45126,0,2,1,7,0,0,4,84,1,319,1,1,1,2,5,B26
45126,1,2,1,7,0,0,4,88,2,238,1,2,0,2,5,B26
526243,0,3,1,5,4,0,3,73,1,364,1,2,1,3,13,BL9
404143,0,4,3,5,4,0,3,55,1,243,1,3,1,4,13,BL2
599382,0,2,3,6,7,0,3,56,2,265,4,3,1,2,12,M19
599382,1,2,3,6,7,0,3,56,1,241,4,3,0,2,12,M19
754992,0,2,1,7,5,0,4,71,2,275,1,3,1,2,13,B90
754992,1,2,1,7,5,0,4,66,1,223,1,3,0,2,13,B90
672696,0,4,3,4,3,1,4,51,1,361,1,3,1,3,12,B68
971396,0,2,5,6,0,0,3,54,1,280,1,2,1,2,13,M33
971396,2,2,5,6,0,0,3,70,2,263,1,2,0,2,13,M33
122201,0,5,1,5,0,0,4,53,1,0,0,3,1,5,6,B16
122201,5,5,1,5,0,0,4,31,2,0,0,3,0,5,6,B16
384790,0,2,5,6,6,0,4,56,1,274,8,1,1,2,13,B30
384790,1,2,5,6,6,0,4,35,2,0,8,3,0,2,13,B30
84259,0,2,1,6,8,0,4,56,1,185,1,3,1,2,13,DY4
84259,1,2,1,6,8,0,4,85,1,210,1,1,0,2,13,DY4
299476,0,4,3,3,8,2,3,46,2,227,1,3,1,2,12,M33
618618,0,2,3,7,2,0,3,67,1,290,1,3,1,2,13,OL12
618618,1,2,3,7,2,0,3,69,2,270,1,3,0,2,13,OL12
879515,0,4,1,5,8,0,4,54,1,0,1,2,1,4,13,B98
799252,0,2,3,6,5,0,3,54,2,0,1,2,1,2,13,M22
799252,1,2,3,6,5,0,3,55,1,0,1,2,0,2,13,M22
799252,2,2,3,6,5,0,3,30,1,0,1,2,0,2,13,M22
371823,0,1,3,6,2,0,3,57,1,219,15,3,1,1,13,M1
745595,0,4,5,5,0,0,3,58,1,0,1,3,1,4,6,M24
745595,1,4,5,5,0,0,3,60,2,0,1,3,0,4,6,M24
745595,3,4,5,5,0,0,3,83,1,0,1,1,0,4,6,M24
745595,4,4,5,5,0,0,3,33,2,0,1,3,0,4,6,M24
249381,0,2,4,6,0,0,4,63,1,438,1,2,1,2,13,B63
249381,1,2,4,6,0,0,4,67,2,387,1,2,0,2,13,B63
684290,0,8,6,2,4,5,3,54,1,278,99,2,1,3,13,M30
684290,1,8,6,2,4,5,3,58,2,250,99,2,0,3,13,M30
707106,0,3,4,5,0,0,3,61,2,303,1,2,1,3,13,M30
707106,1,3,4,5,0,0,3,57,1,230,1,1,0,3,13,M30
26133,1,2,3,6,5,0,4,53,1,313,1,3,1,2,7,B44
357681,0,5,4,3,4,2,3,59,2,330,1,2,1,3,3,M22
52640,0,2,3,6,5,0,4,63,2,293,1,2,1,2,13,DY9
52640,1,2,3,6,5,0,4,63,1,285,1,2,0,2,13,DY9
258511,0,1,3,6,0,0,4,64,2,0,12,2,1,1,9,B27
830697,0,1,6,7,1,0,4,67,2,201,1,2,1,1,10,B43
996255,0,3,1,5,5,0,4,58,1,233,4,3,1,3,13,B92
303006,0,4,4,4,5,1,3,65,2,312,1,2,0,3,5,OL4
303006,3,4,4,4,5,1,3,62,1,378,1,2,1,3,5,OL4
693688,0,2,3,6,7,0,3,59,2,285,1,3,1,2,9,OL6
693688,1,2,3,6,7,0,3,64,1,287,1,2,0,2,9,OL6
405574,0,2,3,6,3,0,4,64,1,324,1,2,1,2,13,B78
127286,0,2,1,6,8,0,3,61,2,342,1,3,1,2,13,M4
505726,0,2,3,7,4,0,3,68,2,221,1,3,1,2,13,OL11
915979,0,1,1,7,3,0,3,68,1,282,1,3,1,1,13,M23
732464,0,3,5,5,0,0,4,57,1,263,8,2,1,3,13,B74
732464,1,3,5,5,0,0,4,60,2,296,8,1,0,3,13,B74
732464,2,3,5,5,0,0,4,26,2,287,8,2,0,3,13,B74
435477,0,3,4,5,0,0,4,59,1,0,1,1,1,3,13,B45
788935,0,2,5,6,4,0,4,60,1,0,1,2,1,2,13,B67
788935,1,2,5,6,4,0,4,68,2,0,1,2,0,2,13,B67
718098,0,2,5,7,2,0,3,68,1,279,1,1,1,2,13,M23
718098,1,2,5,7,2,0,3,27,2,226,1,1,0,2,13,M23
354041,0,3,4,5,0,0,3,61,1,281,1,3,1,3,9,BL5
354041,1,3,4,5,0,0,3,67,2,0,1,2,0,3,9,BL5
682517,0,2,6,7,2,0,3,71,1,268,1,1,1,2,13,OL16
682517,1,2,6,7,2,0,3,77,2,271,1,1,0,2,13,OL16
60167,0,2,1,7,0,0,4,74,1,272,1,4,1,2,10,B75
916319,0,2,3,6,8,0,4,52,1,428,1,1,1,2,13,DY5
916319,1,2,3,6,8,0,4,50,2,299,1,3,0,2,13,DY5
100370,0,3,3,5,6,0,3,61,2,241,11,3,1,3,9,OL11
100370,2,3,3,5,6,0,3,34,2,247,11,3,0,3,9,OL11
649128,0,2,3,7,3,0,4,68,2,338,1,2,1,2,9,B65
649128,1,2,3,7,3,0,4,59,1,449,1,1,0,2,9,B65
281871,0,4,1,5,8,0,3,54,2,0,1,3,1,4,12,WA3
281871,1,4,1,5,8,0,3,50,1,0,1,3,0,4,12,WA3
995451,0,3,1,5,8,0,4,56,1,446,1,3,1,3,9,B68
136707,0,3,4,5,7,0,3,60,2,254,1,2,1,3,13,OL2
136707,1,3,4,5,7,0,3,61,1,255,1,2,0,3,13,OL2
889824,0,1,3,7,3,0,3,72,1,0,1,3,1,1,12,BL4
606310,0,3,3,5,1,0,4,57,1,323,15,3,1,3,13,B31
606310,1,3,3,5,1,0,4,64,2,243,15,3,0,3,13,B31
821902,0,4,4,5,8,0,4,52,1,0,1,3,1,4,11,DY5
323120,0,4,3,5,7,0,4,52,1,264,1,2,1,4,13,B62
323120,1,4,3,5,7,0,4,56,2,255,1,2,0,4,13,B62
68108,0,2,1,6,8,0,4,48,2,331,1,3,1,2,13,DY4
68108,1,2,1,6,8,0,4,48,1,203,1,2,0,2,13,DY4
263160,0,2,4,7,3,0,3,69,2,296,1,2,1,2,9,BL8
811184,0,4,3,4,8,1,3,41,1,0,1,2,1,3,11,M28
742361,1,1,5,7,3,0,3,69,1,232,1,1,1,1,12,WN1
303626,0,5,1,3,4,1,4,57,2,275,16,3,1,4,13,B45
303626,1,5,1,3,4,1,4,25,2,263,16,3,0,4,13,B45
303626,2,5,1,3,4,1,4,23,2,232,16,4,0,4,13,B45
303626,3,5,1,3,4,1,4,38,1,232,16,3,0,4,13,B45
843410,0,3,3,1,5,0,4,44,1,360,5,3,1,3,9,B23
843410,1,3,3,1,5,0,4,48,2,359,5,3,0,3,9,B23
944342,0,2,5,2,2,1,4,64,1,243,1,2,1,1,13,B31
160656,0,7,3,4,0,2,4,50,1,0,15,3,1,5,13,B27
160656,1,7,3,4,0,2,4,50,2,0,15,3,0,5,13,B27
853695,0,2,3,6,0,0,3,51,2,0,1,3,1,2,13,OL4
853695,1,2,3,6,0,0,3,76,1,0,1,2,0,2,13,OL4
853695,2,2,3,6,0,0,3,75,2,0,1,3,0,2,13,OL4
606606,0,1,3,7,2,0,3,66,1,254,1,3,1,1,10,BL1
150474,1,2,4,6,5,0,4,53,1,241,1,3,0,2,1,B14
555177,0,2,4,6,0,0,4,54,1,188,1,2,1,2,12,B70
555177,1,2,4,6,0,0,4,67,2,303,1,1,0,2,12,B70
932354,0,1,3,7,0,0,3,67,1,0,1,3,1,1,12,M35
5241,0,3,3,5,4,0,4,62,1,206,1,2,1,3,10,B71
5241,1,3,3,5,4,0,4,69,2,205,1,2,0,3,10,B71
916352,0,2,1,6,2,0,3,58,1,210,15,3,1,2,12,M9
969775,0,2,1,7,0,0,3,80,1,283,1,3,1,2,13,BL9
969775,1,2,1,7,0,0,3,86,2,269,1,3,0,2,13,BL9
408331,0,2,4,7,0,0,3,74,1,0,1,3,1,2,10,BL8
147995,0,2,3,6,0,0,4,63,2,246,1,2,1,2,13,WS4
147995,1,2,3,6,0,0,4,60,1,205,1,2,0,2,13,WS4
363826,0,2,3,6,6,0,4,56,1,271,1,2,1,2,13,B60
363826,1,2,3,6,6,0,4,58,2,250,1,2,0,2,13,B60
861831,0,2,3,7,3,0,3,66,1,238,1,3,1,2,13,BL2
195989,0,3,5,5,0,0,4,68,1,250,1,1,1,3,13,B25
195989,1,3,5,5,0,0,4,64,2,271,1,1,0,3,13,B25
195989,2,3,5,5,0,0,4,37,2,221,1,2,0,3,13,B25
891730,0,2,3,6,7,0,3,49,1,363,1,3,1,2,13,BL5
891730,1,2,3,6,7,0,3,49,2,304,1,2,0,2,13,BL5
295529,0,3,5,5,3,0,3,45,1,269,1,3,1,3,12,OL6
688601,0,4,5,5,3,0,4,55,1,0,1,2,1,4,8,B42
688601,5,4,5,5,3,0,4,16,1,0,1,4,0,4,8,B42
693938,0,2,1,6,6,0,4,59,1,359,13,3,1,2,10,B14
693938,2,2,1,6,6,0,4,29,1,337,13,3,0,2,10,B14
365924,0,3,1,5,8,0,3,47,1,393,16,3,1,3,11,M15
365924,1,3,1,5,8,0,3,50,2,388,16,2,0,3,11,M15
705661,0,1,3,7,3,0,3,67,2,266,1,3,1,1,13,SK4
624805,0,1,5,7,2,0,3,73,1,234,1,2,1,1,13,M19
335818,0,4,1,4,8,1,4,49,2,228,4,3,1,3,10,B17
335818,1,4,1,4,8,1,4,52,1,237,4,3,0,3,10,B17
335818,2,4,1,4,8,1,4,17,1,0,4,4,0,3,10,B17
351755,0,1,3,7,2,0,3,69,2,305,1,3,1,1,13,M15
986050,1,1,3,7,4,0,4,72,2,261,1,3,1,1,13,WS2
31204,0,2,1,7,3,0,4,79,2,281,1,2,0,2,13,B92
31204,1,2,1,7,3,0,4,76,1,276,1,2,1,2,13,B92
567272,0,2,1,7,5,0,4,74,2,218,1,3,1,2,13,B17
95695,0,1,3,6,3,0,4,62,1,228,1,2,1,1,12,DY1
51991,0,3,1,5,7,0,4,58,1,287,2,2,1,3,13,B23
51991,1,3,1,5,7,0,4,60,2,236,2,3,0,3,13,B23
51991,2,3,1,5,7,0,4,34,2,235,2,3,0,3,13,B23
528730,0,2,6,7,0,0,3,87,1,249,1,1,1,2,11,M33
211607,0,2,3,3,2,1,3,49,1,250,1,3,1,1,12,M6
87174,0,2,1,6,0,0,3,64,1,0,1,2,1,2,5,M46
177523,0,1,3,6,0,0,4,60,1,0,1,2,1,1,13,B24
176259,0,2,3,1,5,0,3,41,2,190,1,2,1,2,11,M22
176259,1,2,3,1,5,0,3,53,2,247,1,2,0,2,11,M22
408835,0,2,1,6,7,0,3,56,1,300,1,3,1,2,6,OL2
408835,1,2,1,6,7,0,3,57,2,294,1,3,0,2,6,OL2
366004,0,2,3,6,2,0,3,62,1,301,1,2,1,2,7,OL6
651074,0,1,5,7,0,0,3,69,1,278,1,3,1,1,12,WA15
764385,0,3,4,4,6,1,4,49,2,353,1,2,1,2,10,WS2
764385,1,3,4,4,6,1,4,60,1,220,1,3,0,2,10,WS2
540824,0,3,3,5,8,0,3,47,2,246,1,3,1,3,13,BL4
540824,2,3,3,5,8,0,3,60,1,0,1,3,0,3,13,BL4
588881,0,2,5,7,0,0,4,82,1,290,1,1,1,2,13,B25
588881,1,2,5,7,0,0,4,80,2,281,1,1,0,2,13,B25
142618,0,3,3,3,6,1,3,44,2,203,1,2,1,2,12,OL1
142618,1,3,3,3,6,1,3,44,1,282,1,2,0,2,12,OL1
565974,0,7,5,3,7,1,3,45,2,168,4,2,1,6,9,M16
565974,1,7,5,3,7,1,3,38,1,170,4,2,0,6,9,M16
565974,3,7,5,3,7,1,3,64,1,164,4,2,0,6,9,M16
565974,4,7,5,3,7,1,3,69,2,244,4,3,0,6,9,M16
565974,5,7,5,3,7,1,3,19,1,171,4,2,0,6,9,M16
565974,6,7,5,3,7,1,3,16,2,0,4,4,0,6,9,M16
661883,0,4,3,5,2,0,4,52,1,342,1,3,1,4,13,B68
327765,0,2,3,7,4,0,3,78,2,225,1,3,1,2,13,M33
327765,1,2,3,7,4,0,3,78,1,269,1,3,0,2,13,M33
414186,0,4,1,3,0,2,3,53,2,0,1,3,1,2,11,M28
414186,1,4,1,3,0,2,3,47,1,218,1,3,0,2,11,M28
12805,0,1,3,7,5,0,3,66,1,268,1,3,1,1,12,M46
353217,0,1,1,7,3,0,3,78,2,205,1,2,1,1,13,OL11
130291,0,4,6,5,0,0,4,48,1,0,12,2,1,4,13,DY2
130291,1,4,6,5,0,0,4,58,2,0,12,2,0,4,13,DY2
130291,2,4,6,5,0,0,4,25,2,0,12,3,0,4,13,DY2
130291,3,4,6,5,0,0,4,18,2,0,12,4,0,4,13,DY2
569118,0,2,3,6,6,0,3,61,1,294,1,2,1,2,13,M43
569118,1,2,3,6,6,0,3,66,2,351,1,2,0,2,13,M43
413792,0,2,1,7,0,0,3,65,1,216,1,3,1,2,11,OL9
369704,0,3,3,5,8,0,3,58,1,210,1,3,1,3,11,BL2
369704,1,3,3,5,8,0,3,63,2,261,1,2,0,3,11,BL2
252706,0,2,3,6,7,0,3,54,1,163,1,3,1,2,13,M35
252706,1,2,3,6,7,0,3,54,2,230,1,1,0,2,13,M35
420827,0,2,1,7,7,0,3,79,2,230,1,3,1,2,13,M33
420827,1,2,1,7,7,0,3,68,1,223,1,3,0,2,13,M33
326295,0,4,1,4,5,1,4,51,2,0,10,3,1,3,11,B17
326295,1,4,1,4,5,1,4,44,1,0,10,3,0,3,11,B17
326295,2,4,1,4,5,1,4,18,1,0,10,4,0,3,11,B17
352221,0,5,6,3,2,1,3,58,1,0,1,3,1,4,12,M33
352221,2,5,6,3,2,1,3,34,2,0,1,3,0,4,12,M33
352221,3,5,6,3,2,1,3,30,2,0,1,3,0,4,12,M33
352221,4,5,6,3,2,1,3,24,1,0,1,3,0,4,12,M33
242116,0,3,1,5,3,0,3,56,2,288,1,2,1,3,13,M26
242116,1,3,1,5,3,0,3,54,1,344,1,2,0,3,13,M26
417700,0,1,5,6,2,0,3,63,2,236,1,2,1,1,4,M14
444497,0,4,3,5,5,0,3,57,1,0,15,3,1,4,12,M4
444497,1,4,3,5,5,0,3,60,2,0,15,3,0,4,12,M4
444497,2,4,3,5,5,0,3,31,1,0,15,3,0,4,12,M4
61015,0,3,3,5,2,0,3,70,1,301,1,1,1,3,13,WA3
61015,1,3,3,5,2,0,3,69,2,217,1,1,0,3,13,WA3
61015,3,3,3,5,2,0,3,46,1,285,1,2,0,3,13,WA3
934068,0,4,4,5,8,0,4,67,1,237,1,2,1,4,13,DY5
621072,0,3,3,5,0,0,4,48,1,0,1,2,1,3,13,DY2
621072,1,3,3,5,0,0,4,49,2,0,1,3,0,3,13,DY2
621072,2,3,3,5,0,0,4,17,1,0,1,4,0,3,13,DY2
937525,0,2,3,6,5,0,4,58,1,344,1,2,1,2,13,DY2
937525,1,2,3,6,5,0,4,56,2,331,1,2,0,2,13,DY2
279253,0,2,1,6,5,0,4,64,1,0,1,1,1,2,13,B24
279253,1,2,1,6,5,0,4,61,2,0,1,2,0,2,13,B24
46376,0,3,1,5,8,0,4,71,2,286,1,3,1,3,11,B17
46376,1,3,1,5,8,0,4,69,1,240,1,3,0,3,11,B17
492380,0,3,1,5,0,0,3,70,1,243,1,3,1,3,13,OL2
492380,1,3,1,5,0,0,3,68,2,285,1,3,0,3,13,OL2
134335,0,4,1,4,8,2,3,43,2,342,1,3,1,2,12,BL4
134335,1,4,1,4,8,2,3,42,1,0,1,2,0,2,12,BL4
134335,2,4,1,4,8,2,3,13,2,0,1,4,0,2,12,BL4
575961,1,2,3,7,4,0,4,85,2,0,1,2,1,2,13,B27
713103,0,1,6,6,2,0,3,49,1,256,1,2,1,1,13,OL2
214299,0,3,5,5,3,0,4,63,1,402,1,3,1,3,13,B35
214299,2,3,5,5,3,0,4,23,1,0,1,3,0,3,13,B35
535130,0,4,3,2,8,2,4,43,1,230,1,3,1,2,13,B36
259744,0,1,4,7,2,0,4,78,1,253,1,1,1,1,13,B68
259744,1,1,4,7,2,0,4,76,2,266,1,1,0,1,13,B68
51825,0,3,3,5,2,0,4,60,1,268,1,2,1,3,13,B98
468074,0,7,3,4,4,1,4,49,1,236,4,3,1,6,13,B43
118207,0,5,3,4,2,2,4,43,1,300,1,1,1,3,11,B70
133592,0,1,5,7,2,0,4,77,1,0,1,1,1,1,7,WV14
133592,3,1,5,7,2,0,4,86,2,0,1,1,0,1,7,WV14
10687,0,6,1,4,8,1,3,51,1,0,1,3,1,5,12,BL6
10687,1,6,1,4,8,1,3,49,2,0,1,3,0,5,12,BL6
467430,0,3,3,3,3,2,4,41,1,0,1,3,1,1,13,B98
669498,0,4,1,4,6,2,4,50,1,305,1,3,1,2,13,WV13
10297,0,2,4,7,4,0,3,65,1,221,1,2,1,2,10,OL11
808263,0,3,3,5,8,0,3,69,1,315,1,3,1,3,13,M40
808263,1,3,3,5,8,0,3,66,2,247,1,3,0,3,13,M40
808263,2,3,3,5,8,0,3,37,1,361,1,2,0,3,13,M40
813020,0,1,3,6,3,0,4,56,1,0,1,1,1,1,13,B46
196285,0,3,3,5,8,0,3,61,1,209,1,2,1,3,13,M33
196285,1,3,3,5,8,0,3,70,2,321,1,2,0,3,13,M33
938618,0,2,3,7,3,0,3,79,1,260,1,2,1,2,11,BL9
938618,1,2,3,7,3,0,3,53,2,229,1,3,0,2,11,BL9
394456,0,2,5,7,0,0,4,69,1,214,16,1,1,2,12,B65
394456,1,2,5,7,0,0,4,83,2,309,16,1,0,2,12,B65
895137,0,2,4,6,5,0,3,53,1,0,1,2,1,2,13,WA3
895137,1,2,4,6,5,0,3,54,2,0,1,2,0,2,13,WA3
859560,0,3,3,5,8,0,3,58,1,290,1,3,1,3,5,BL9
859560,1,3,3,5,8,0,3,66,2,312,1,3,0,3,5,BL9
18913,0,6,1,4,3,1,3,46,2,284,6,3,1,5,11,OL9
845176,0,4,3,3,6,1,4,48,1,224,3,3,1,3,12,B31
485308,0,1,6,6,2,0,3,60,2,421,1,2,1,1,13,OL9
657363,0,1,6,7,2,0,3,70,2,280,1,3,1,1,13,BL1
809844,0,1,6,6,0,0,3,55,2,0,1,2,1,1,12,M30
689200,0,2,3,7,0,0,3,69,1,0,1,3,1,2,12,OL9
815698,0,2,3,6,3,0,4,57,1,255,12,3,1,2,13,B37
64972,0,3,5,5,0,0,3,55,1,268,8,2,1,3,12,BL5
64972,1,3,5,5,0,0,3,51,2,248,8,2,0,3,12,BL5
585531,0,2,3,7,2,0,3,86,2,261,1,1,1,2,2,M9
349278,0,1,3,1,4,0,4,42,1,223,1,2,1,1,13,B64
402316,0,4,3,4,2,1,3,43,1,280,1,3,1,3,13,M7
402316,1,4,3,4,2,1,3,48,2,228,1,3,0,3,13,M7
402316,2,4,3,4,2,1,3,18,2,221,1,4,0,3,13,M7
578187,0,3,6,5,2,0,3,55,1,399,1,3,1,3,12,BL9
578187,1,3,6,5,2,0,3,57,2,219,1,3,0,3,12,BL9
28587,0,4,3,4,5,1,3,56,2,308,1,2,1,3,13,M23
28587,1,4,3,4,5,1,3,47,1,300,1,2,0,3,13,M23
28587,2,4,3,4,5,1,3,17,2,0,1,4,0,3,13,M23
268754,0,2,5,6,0,0,4,49,2,0,1,2,1,2,13,B63
351334,0,3,3,2,4,2,3,42,1,357,1,3,1,1,13,M33
112841,0,5,3,4,7,2,3,42,1,213,1,4,1,3,12,M6
112841,1,5,3,4,7,2,3,44,2,198,1,3,0,3,12,M6
929384,0,1,6,1,2,0,3,39,1,0,8,2,1,1,12,M9
471867,0,5,3,4,3,2,4,43,1,156,16,3,1,3,13,WV14
471867,1,5,3,4,3,2,4,44,2,0,16,2,0,3,13,WV14
471867,2,5,3,4,3,2,4,16,1,0,16,4,0,3,13,WV14
519131,0,2,5,6,4,0,4,63,1,318,1,1,1,2,13,DY5
711366,0,1,1,7,2,0,4,77,2,340,1,2,1,1,4,B32
292092,0,1,6,7,1,0,4,66,2,235,1,2,1,1,13,WS9
868579,0,5,3,3,3,2,3,40,1,342,11,3,1,3,8,M16
868579,1,5,3,3,3,2,3,41,2,329,11,3,0,3,8,M16
868579,2,5,3,3,3,2,3,23,1,280,11,2,0,3,8,M16
42389,0,1,6,7,2,0,3,69,2,239,1,1,1,1,10,M35
722546,0,4,6,5,2,0,3,56,2,362,1,3,1,4,13,M46
722546,1,4,6,5,2,0,3,55,1,338,1,2,0,4,13,M46
70738,0,5,4,4,8,1,4,41,1,0,1,2,1,4,11,B37
669940,0,2,5,6,0,0,3,59,2,241,1,3,1,2,10,OL2
66351,0,3,1,1,8,0,3,39,2,258,3,3,1,3,11,M6
66351,1,3,1,1,8,0,3,67,1,204,3,2,0,3,11,M6
336087,0,2,3,1,6,0,3,40,1,222,1,3,1,2,13,OL16
336087,1,2,3,1,6,0,3,42,2,273,1,2,0,2,13,OL16
125845,0,5,4,3,5,3,4,37,1,195,1,3,1,2,13,DY5
125845,1,5,4,3,5,3,4,39,2,266,1,2,0,2,13,DY5
394026,0,3,6,1,0,0,4,42,2,0,6,3,1,3,12,WS1
394026,2,3,6,1,0,0,4,34,2,0,6,4,0,3,12,WS1
185396,0,4,5,4,3,1,3,45,1,179,1,2,1,3,13,M40
185396,1,4,5,4,3,1,3,54,2,306,1,2,0,3,13,M40
489962,0,2,4,7,5,0,3,76,2,374,1,2,1,2,12,M30
489962,3,2,4,7,5,0,3,80,1,424,1,1,0,2,12,M30
882534,0,2,3,4,3,1,4,47,1,218,1,2,1,1,7,DY4
146359,0,4,3,4,6,1,4,52,1,0,1,3,1,3,13,B76
146359,1,4,3,4,6,1,4,51,2,0,1,3,0,3,13,B76
454157,0,4,3,4,8,2,3,43,1,0,1,3,1,2,13,BL2
454157,2,4,3,4,8,2,3,15,2,0,1,4,0,2,13,BL2
454157,3,4,3,4,8,2,3,40,2,0,1,3,0,2,13,BL2
337613,0,5,3,3,8,3,4,42,1,215,1,3,1,2,13,DY9
337613,1,5,3,3,8,3,4,45,2,247,1,3,0,2,13,DY9
417765,0,1,5,6,2,0,4,62,2,270,1,2,1,1,13,B34
347882,0,5,5,5,3,0,3,60,1,0,1,2,1,5,13,BL4
322378,0,4,3,5,4,0,4,47,1,349,1,3,1,4,13,B67
322378,1,4,3,5,4,0,4,56,2,366,1,2,0,4,13,B67
322378,3,4,3,5,4,0,4,18,1,260,1,4,0,4,13,B67
322378,4,4,3,5,4,0,4,16,1,0,1,4,0,4,13,B67
740900,0,2,5,6,6,0,4,57,1,292,0,1,1,2,13,B71
498891,0,4,1,4,8,2,3,44,1,273,1,3,1,2,13,OL3
498891,1,4,1,4,8,2,3,43,2,293,1,3,0,2,13,OL3
498891,2,4,1,4,8,2,3,15,2,0,1,4,0,2,13,OL3
366773,0,3,3,4,2,1,4,44,1,0,5,2,1,2,13,B14
366773,1,3,3,4,2,1,4,17,1,0,5,1,0,2,13,B14
632068,0,4,3,4,8,2,4,47,1,257,1,3,1,2,13,B46
632068,1,4,3,4,8,2,4,47,2,260,1,3,0,2,13,B46
366542,0,1,4,7,0,0,4,89,2,246,1,1,1,1,13,B65
150751,0,1,5,6,3,0,4,53,1,327,1,3,0,1,13,WS3
150751,1,1,5,6,3,0,4,61,2,376,1,2,1,1,13,WS3
492039,0,2,6,6,2,0,4,59,2,316,1,1,1,2,13,B29
492039,1,2,6,6,2,0,4,69,1,377,1,2,0,2,13,B29
935362,0,2,3,1,8,0,4,38,1,222,1,3,1,2,13,B72
604669,0,4,4,4,5,1,3,60,1,254,1,2,1,3,12,M43
63596,0,4,1,5,8,0,4,56,2,304,1,3,1,4,8,B63
63596,1,4,1,5,8,0,4,58,1,0,1,3,0,4,8,B63
507374,0,1,1,7,4,0,4,76,1,193,1,3,1,1,8,B29
404377,0,3,3,4,2,2,3,45,1,407,13,3,1,1,6,M23
404377,1,3,3,4,2,2,3,15,1,0,13,4,0,1,6,M23
473365,0,3,3,5,4,0,4,60,1,231,1,2,1,3,13,B74
473365,1,3,3,5,4,0,4,63,2,283,1,2,0,3,13,B74
509466,0,3,3,4,2,1,3,51,1,208,0,3,1,2,13,M27
665939,0,2,4,6,0,0,4,63,1,0,1,2,1,2,12,WV13
665939,1,2,4,6,0,0,4,63,2,0,1,2,0,2,12,WV13
688544,0,2,3,6,5,0,4,63,1,0,1,2,1,2,13,B23
688544,1,2,3,6,5,0,4,52,2,0,1,2,0,2,13,B23
627140,0,3,1,5,8,0,4,53,1,0,1,3,1,3,13,B91
627140,1,3,1,5,8,0,4,56,2,0,1,3,0,3,13,B91
627140,2,3,1,5,8,0,4,18,1,0,1,4,0,3,13,B91
979999,0,5,1,3,8,2,4,45,1,244,1,2,1,3,7,DY9
536963,0,2,3,7,2,0,4,76,1,0,1,1,1,2,13,B45
536963,1,2,3,7,2,0,4,76,2,0,1,1,0,2,13,B45
839619,0,2,3,7,5,0,3,80,1,215,1,2,1,2,11,M24
839619,1,2,3,7,5,0,3,80,2,275,1,2,0,2,11,M24
886197,0,4,4,3,8,2,3,45,2,227,1,3,1,2,12,M30
886197,1,4,4,3,8,2,3,44,1,204,1,3,0,2,12,M30
269949,0,2,3,6,0,0,4,54,1,276,1,3,1,2,12,B45
527654,0,3,3,3,5,2,3,40,1,0,1,3,1,1,11,M46
527654,1,3,3,3,5,2,3,40,2,255,1,3,0,1,11,M46
433817,0,2,3,6,2,0,4,64,1,280,1,3,1,2,13,B63
986777,0,2,3,7,4,0,4,75,1,233,1,3,1,2,13,B42
218523,0,4,3,3,5,2,4,39,1,238,1,2,1,2,12,B31
218523,1,4,3,3,5,2,4,43,2,278,1,3,0,2,12,B31
115548,0,5,3,5,0,0,4,59,1,310,5,2,1,5,9,B66
115548,1,5,3,5,0,0,4,30,1,226,5,3,0,5,9,B66
115548,2,5,3,5,0,0,4,37,1,280,5,3,0,5,9,B66
999136,0,3,3,4,8,1,3,41,1,0,1,3,1,2,10,OL6
999136,1,3,3,4,8,1,3,37,2,353,1,3,0,2,10,OL6
814160,0,4,1,4,8,2,3,46,1,269,1,3,1,2,13,BL8
814160,1,4,1,4,8,2,3,51,2,265,1,3,0,2,13,BL8
293572,0,2,4,7,3,0,3,72,1,236,1,2,1,2,13,OL4
321345,0,4,1,5,0,0,4,53,1,0,1,3,1,4,13,B67
321345,1,4,1,5,0,0,4,55,2,0,1,3,0,4,13,B67
321345,2,4,1,5,0,0,4,24,2,0,1,3,0,4,13,B67
725852,0,5,4,3,3,1,3,54,1,324,1,2,1,4,6,OL9
725852,1,5,4,3,3,1,3,54,2,391,1,2,0,4,6,OL9
685119,0,1,6,7,2,0,3,67,1,249,1,2,1,1,12,OL10
123015,0,2,3,6,3,0,4,50,1,276,1,3,1,2,12,B33
948892,0,4,4,4,3,1,3,40,1,278,5,2,1,3,10,M8
948892,1,4,4,4,3,1,3,39,2,228,5,2,0,3,10,M8
948892,2,4,4,4,3,1,3,16,1,0,5,4,0,3,10,M8
631293,0,1,3,7,2,0,4,72,1,242,1,3,1,1,13,DY1
168947,0,5,3,5,4,0,4,56,1,299,4,2,1,5,13,WS5
892718,0,6,4,2,2,3,3,38,1,313,6,3,1,3,4,OL16
892718,1,6,4,2,2,3,3,45,2,0,6,2,0,3,4,OL16
892718,2,6,4,2,2,3,3,18,2,0,6,4,0,3,4,OL16
633414,0,6,4,4,3,1,3,52,1,0,5,2,1,5,10,M20
633414,1,6,4,4,3,1,3,50,2,286,5,2,0,5,10,M20
633414,2,6,4,4,3,1,3,24,1,221,5,3,0,5,10,M20
572567,0,2,4,6,6,0,3,57,2,232,1,2,1,2,12,OL2
572567,1,2,4,6,6,0,3,31,2,237,1,2,0,2,12,OL2
906973,0,5,1,4,0,1,3,40,1,284,1,3,1,4,12,WA15
906973,1,5,1,4,0,1,3,55,2,313,1,3,0,4,12,WA15
906973,2,5,1,4,0,1,3,19,1,0,1,4,0,4,12,WA15
139739,0,4,3,3,7,2,3,40,1,300,1,3,1,2,11,M46
139739,1,4,3,3,7,2,3,43,2,263,1,2,0,2,11,M46
852251,0,1,3,6,0,0,3,57,1,0,1,3,1,1,12,BL3
26819,0,2,1,6,6,0,4,52,2,306,1,3,1,2,10,B92
26819,1,2,1,6,6,0,4,57,2,314,1,3,0,2,10,B92
987165,0,1,3,7,0,0,3,77,1,273,16,2,1,1,12,OL11
83256,0,6,3,5,6,0,4,54,1,0,1,3,1,6,13,WS3
83256,1,6,3,5,6,0,4,53,2,0,1,3,0,6,13,WS3
792117,0,2,3,6,4,0,3,56,1,276,1,1,1,2,13,OL2
997233,0,2,1,1,6,0,4,41,2,203,4,3,1,2,12,B28
997233,1,2,1,1,6,0,4,42,2,248,4,3,0,2,12,B28
123670,0,1,4,6,3,0,4,48,2,266,1,2,1,1,13,B14
978216,0,1,3,7,3,0,4,66,1,249,1,2,1,1,13,B29
897799,0,2,3,7,3,0,4,68,1,274,1,2,1,2,12,B72
840626,0,2,3,7,6,0,4,65,1,0,99,3,1,2,13,WV14
840626,1,2,3,7,6,0,4,34,2,0,99,3,0,2,13,WV14
73158,0,5,5,3,0,2,4,43,1,223,5,1,1,3,11,B13
73158,1,5,5,3,0,2,4,19,2,153,5,4,0,3,11,B13
73158,3,5,5,3,0,2,4,14,1,0,5,4,0,3,11,B13
255729,0,6,4,3,2,2,4,37,1,0,5,3,1,4,13,WS2
255729,1,6,4,3,2,2,4,17,2,0,5,4,0,4,13,WS2
255729,3,6,4,3,2,2,4,47,2,0,5,2,0,4,13,WS2
998898,0,3,3,4,4,1,4,50,1,0,5,1,1,2,11,WS1
998898,1,3,3,4,4,1,4,47,2,0,5,3,0,2,11,WS1
998898,2,3,3,4,4,1,4,14,1,0,5,4,0,2,11,WS1
826245,0,1,3,6,3,0,4,58,2,230,99,3,1,1,9,B28
108272,0,5,3,3,3,3,4,42,1,196,6,3,1,2,13,B8
108272,1,5,3,3,3,3,4,42,2,0,6,1,0,2,13,B8
108272,2,5,3,3,3,3,4,14,2,0,6,4,0,2,13,B8
410807,0,4,1,4,7,1,3,50,1,230,1,3,1,3,13,M46
410807,1,4,1,4,7,1,3,53,2,262,1,3,0,3,13,M46
705351,0,3,3,4,4,1,3,44,1,0,3,3,1,2,13,M44
705351,1,3,3,4,4,1,3,50,2,0,3,2,0,2,13,M44
705351,2,3,3,4,4,1,3,14,1,0,3,4,0,2,13,M44
769424,0,1,3,7,2,0,3,68,1,310,1,3,1,1,13,BL6
816695,0,4,4,3,1,3,4,33,1,0,5,2,1,1,2,DY2
459236,0,2,3,1,8,0,3,35,2,384,1,3,1,2,10,M35
459236,1,2,3,1,8,0,3,58,1,351,1,2,0,2,10,M35
878046,1,2,6,1,0,0,4,50,2,0,1,1,0,2,10,B38
40653,0,1,3,6,0,0,4,58,1,0,1,2,1,1,4,B71
479399,0,3,1,4,8,1,3,49,1,251,1,3,1,2,13,BL2
479399,1,3,1,4,8,1,3,50,2,0,1,3,0,2,13,BL2
746289,0,2,5,7,2,0,4,73,1,260,1,1,1,2,12,B24
746289,1,2,5,7,2,0,4,28,2,271,1,2,0,2,12,B24
697227,0,3,3,5,6,0,4,62,1,221,1,3,1,3,4,B67
744612,0,1,3,7,3,0,4,65,1,197,2,2,1,1,13,B20
706481,0,2,3,7,3,0,4,71,1,334,1,2,1,2,10,DY3
706481,1,2,3,7,3,0,4,70,2,277,1,2,0,2,10,DY3
769985,0,4,4,5,5,0,4,54,2,289,12,2,1,4,9,B66
769985,1,4,4,5,5,0,4,44,1,359,12,3,0,4,9,B66
769985,2,4,4,5,5,0,4,28,2,174,12,3,0,4,9,B66
769985,3,4,4,5,5,0,4,30,2,194,12,2,0,4,9,B66
644794,0,4,4,4,2,1,4,51,1,337,1,2,1,3,13,WS10
644794,1,4,4,4,2,1,4,52,2,319,1,2,0,3,13,WS10
89574,0,2,3,7,5,0,3,81,2,235,1,3,1,2,12,M22
89574,1,2,3,7,5,0,3,64,1,188,1,2,0,2,12,M22
17837,0,4,1,4,5,1,4,53,1,0,3,3,1,3,13,B28
17837,1,4,1,4,5,1,4,63,2,0,3,1,0,3,13,B28
320135,0,6,3,3,2,1,3,45,1,251,16,2,1,5,13,BL1
320135,1,6,3,3,2,1,3,60,2,258,16,2,0,5,13,BL1
320135,2,6,3,3,2,1,3,23,1,0,16,3,0,5,13,BL1
320135,3,6,3,3,2,1,3,21,2,0,16,4,0,5,13,BL1
111123,0,3,5,5,2,0,4,58,1,303,1,1,1,3,8,DY4
111123,1,3,5,5,2,0,4,58,2,329,1,1,0,3,8,DY4
832295,0,1,6,6,2,0,3,62,2,222,1,1,1,1,13,M3
499264,0,5,3,3,4,2,4,44,2,269,5,3,1,3,8,B67
159659,0,2,1,6,2,0,4,61,1,323,12,2,1,2,13,B8
159659,1,2,1,6,2,0,4,31,2,213,12,3,0,2,13,B8
44557,0,1,6,7,3,0,4,75,1,295,1,1,1,1,13,B44
138671,0,1,3,6,2,0,3,54,2,502,1,2,1,1,11,WA15
599961,0,3,1,2,6,1,3,50,2,271,1,3,1,2,13,OL16
599961,3,3,1,2,6,1,3,43,1,384,1,3,0,2,13,OL16
77201,0,6,1,4,5,3,4,48,2,292,1,3,1,3,12,WS3
241458,0,3,1,5,5,0,3,49,1,193,4,3,1,3,11,BL3
241458,1,3,1,5,5,0,3,46,2,0,4,3,0,3,11,BL3
451932,0,2,3,7,0,0,4,70,2,263,1,2,1,2,7,B78
786036,0,2,4,7,3,0,4,75,1,230,1,1,1,2,12,B93
786036,1,2,4,7,3,0,4,75,2,274,1,1,0,2,12,B93
365610,0,5,3,3,8,3,4,40,1,371,1,2,1,2,13,B73
761009,0,2,3,4,2,1,3,45,1,0,1,2,1,1,4,OL9
761009,2,2,3,4,2,1,3,14,2,0,1,4,0,1,4,OL9
121542,0,2,3,7,0,0,4,83,1,260,1,1,1,2,11,B74
121542,1,2,3,7,0,0,4,84,2,297,1,1,0,2,11,B74
977592,0,5,3,5,3,0,4,57,2,214,7,3,1,5,10,B14
977592,1,5,3,5,3,0,4,53,1,260,7,3,0,5,10,B14
977592,2,5,3,5,3,0,4,25,1,185,7,3,0,5,10,B14
854608,0,1,6,7,2,0,3,80,1,349,1,2,1,1,2,M22
928843,0,1,1,7,2,0,3,86,2,161,1,3,1,1,13,M44
359552,0,1,4,7,3,0,4,79,2,354,1,2,1,1,13,WV14
633854,0,6,3,4,3,2,4,44,2,278,5,3,1,4,12,WS10
633854,1,6,3,4,3,2,4,45,1,0,5,3,0,4,12,WS10
633854,2,6,3,4,3,2,4,20,2,0,5,4,0,4,12,WS10
633854,3,6,3,4,3,2,4,18,1,0,5,4,0,4,12,WS10
633854,4,6,3,4,3,2,4,14,1,0,5,4,0,4,12,WS10
995899,0,1,1,1,7,0,4,41,1,215,1,3,1,1,13,DY2
203999,0,3,3,4,0,1,4,47,1,0,1,2,1,2,13,DY4
203999,1,3,3,4,0,1,4,51,2,0,1,3,0,2,13,DY4
203999,2,3,3,4,0,1,4,14,2,0,1,4,0,2,13,DY4
443543,0,5,4,2,2,2,3,42,1,0,13,3,1,3,11,M13
443543,1,5,4,2,2,2,3,19,2,0,13,4,0,3,11,M13
443543,2,5,4,2,2,2,3,16,2,0,13,4,0,3,11,M13
497636,0,2,3,6,5,0,4,60,1,347,1,3,1,2,13,B38
497636,1,2,3,6,5,0,4,84,1,296,1,1,0,2,13,B38
576831,0,3,1,5,4,0,3,52,2,301,1,3,1,3,13,OL14
576831,1,3,1,5,4,0,3,55,1,229,1,3,0,3,13,OL14
576831,2,3,1,5,4,0,3,19,1,205,1,2,0,3,13,OL14
877944,0,1,3,6,5,0,3,46,1,210,1,3,1,1,12,M5
264470,0,1,6,7,2,0,4,68,2,351,1,1,1,1,13,WS2
569274,0,1,4,7,2,0,3,71,1,311,1,1,1,1,13,M40
196404,0,3,6,5,1,0,3,84,1,396,1,1,1,3,13,OL2
196404,1,3,6,5,1,0,3,88,2,291,1,1,0,3,13,OL2
198800,0,1,1,7,3,0,3,77,1,247,1,3,1,1,13,M20
671730,0,10,5,2,4,3,4,57,1,292,5,3,1,7,13,B14
671730,1,10,5,2,4,3,4,59,2,0,5,3,0,7,13,B14
671730,3,10,5,2,4,3,4,32,1,241,5,3,0,7,13,B14
671730,4,10,5,2,4,3,4,29,2,0,5,3,0,7,13,B14
671730,5,10,5,2,4,3,4,19,1,0,5,1,0,7,13,B14
900979,0,4,3,5,4,0,4,47,1,225,1,2,1,4,7,DY2
633368,0,2,5,6,5,0,3,50,1,203,1,2,1,2,9,OL12
570772,0,4,5,3,0,1,4,64,1,0,1,1,1,3,12,B27
157508,0,2,1,6,6,0,4,61,2,222,1,3,1,2,13,B98
157508,1,2,1,6,6,0,4,61,1,240,1,3,0,2,13,B98
363839,0,7,5,5,4,0,3,62,1,0,1,2,1,7,13,BL1
363839,1,7,5,5,4,0,3,85,2,0,1,2,0,7,13,BL1
363839,2,7,5,5,4,0,3,38,2,0,1,3,0,7,13,BL1
363839,3,7,5,5,4,0,3,36,2,0,1,3,0,7,13,BL1
363839,5,7,5,5,4,0,3,31,1,0,1,3,0,7,13,BL1
363839,6,7,5,5,4,0,3,37,1,0,1,3,0,7,13,BL1
249508,0,2,5,7,2,0,3,75,1,214,1,2,1,2,13,M30
249508,1,2,5,7,2,0,3,77,2,277,1,1,0,2,13,M30
994555,0,9,1,3,8,3,4,49,2,281,5,3,1,6,13,B9
994555,1,9,1,3,8,3,4,68,2,233,5,2,0,6,13,B9
994555,4,9,1,3,8,3,4,37,2,298,5,3,0,6,13,B9
994555,5,9,1,3,8,3,4,48,1,243,5,3,0,6,13,B9
996043,0,2,3,7,0,0,4,74,1,0,0,3,1,2,13,B60
996043,1,2,3,7,0,0,4,77,2,0,0,3,0,2,13,B60
915172,0,2,3,6,3,0,3,56,1,305,1,3,1,2,13,M18
915172,1,2,3,6,3,0,3,70,2,273,1,2,0,2,13,M18
133202,0,2,3,7,2,0,3,78,1,240,1,3,1,2,7,M46
127091,0,3,3,5,2,0,4,60,1,0,12,2,1,3,4,B21
150586,0,2,1,7,0,0,3,84,1,0,1,3,1,2,2,BL8
743396,0,4,1,4,6,1,4,51,2,265,9,2,1,3,13,B70
743396,1,4,1,4,6,1,4,18,1,214,9,4,0,3,13,B70
743396,2,4,1,4,6,1,4,56,1,300,9,2,0,3,13,B70
476053,0,2,4,7,4,0,3,70,1,269,1,1,1,2,13,BL4
176316,0,4,3,5,6,0,4,48,1,352,1,2,1,4,13,WV14
176316,1,4,3,5,6,0,4,54,2,0,1,2,0,4,13,WV14
174600,0,5,3,2,3,3,4,34,1,0,4,3,1,2,13,WS10
174600,1,5,3,2,3,3,4,40,2,0,4,3,0,2,13,WS10
29635,0,2,6,7,3,0,4,70,1,302,1,1,1,2,9,B42
29635,1,2,6,7,3,0,4,79,2,198,1,1,0,2,9,B42
335184,0,9,4,4,2,3,4,58,1,240,5,3,1,6,13,B12
335184,1,9,4,4,2,3,4,60,2,220,5,2,0,6,13,B12
672171,0,3,1,4,5,2,4,46,1,262,1,3,1,1,13,B26
579316,0,6,6,3,3,2,4,42,1,412,8,3,1,4,3,B21
844338,0,1,6,6,2,0,4,55,2,275,1,2,1,1,13,B23
742479,0,3,4,5,4,0,4,73,1,313,1,1,1,3,13,B31
742479,1,3,4,5,4,0,4,73,2,360,1,2,0,3,13,B31
742479,2,3,4,5,4,0,4,44,2,235,1,2,0,3,13,B31
231925,0,2,3,6,4,0,4,55,1,228,5,2,1,2,13,B66
231925,1,2,3,6,4,0,4,29,2,260,5,2,0,2,13,B66
277915,0,2,1,6,4,0,4,64,2,308,1,3,1,2,13,WV14
277915,1,2,1,6,4,0,4,71,1,148,1,3,0,2,13,WV14
104778,0,2,5,1,5,0,4,36,2,0,4,3,1,2,8,B43
104778,4,2,5,1,5,0,4,32,1,0,4,3,0,2,8,B43
122338,0,7,3,2,5,1,4,60,2,258,5,3,1,6,13,B28
122338,1,7,3,2,5,1,4,53,1,261,5,3,0,6,13,B28
122338,3,7,3,2,5,1,4,29,2,215,5,3,0,6,13,B28
122338,4,7,3,2,5,1,4,23,1,271,5,3,0,6,13,B28
122338,5,7,3,2,5,1,4,21,1,242,5,3,0,6,13,B28
174493,0,4,3,5,3,0,4,57,2,292,3,2,1,4,13,B44
174493,1,4,3,5,3,0,4,51,1,329,3,3,0,4,13,B44
174493,2,4,3,5,3,0,4,21,1,197,3,4,0,4,13,B44
904678,0,9,4,3,2,2,4,54,2,0,0,2,1,7,13,B67
904678,1,9,4,3,2,2,4,53,1,0,0,1,0,7,13,B67
826696,0,4,5,4,4,1,4,40,1,271,3,3,1,3,5,WV13
174726,0,1,3,6,1,0,3,62,2,268,1,3,1,1,13,OL10
174726,1,1,3,6,1,0,3,95,1,203,1,1,0,1,13,OL10
339874,0,2,5,7,3,0,4,74,2,373,1,3,1,2,13,B44
339874,1,2,5,7,3,0,4,65,1,0,1,2,0,2,13,B44
339874,3,2,5,7,3,0,4,29,1,0,1,3,0,2,13,B44
839643,0,1,3,6,2,0,3,61,1,326,1,2,1,1,12,OL4
73668,0,4,5,5,0,0,4,73,1,285,1,1,1,4,13,WV14
168242,0,1,4,6,2,0,4,62,1,156,1,2,1,1,3,B75
383052,0,3,3,4,4,1,4,46,1,253,1,3,1,2,12,B31
565953,0,1,3,7,3,0,3,70,1,285,1,3,1,1,11,WA15
185033,0,2,6,7,2,0,4,67,2,435,1,2,1,2,1,B69
443174,0,2,5,6,2,0,4,56,1,345,12,3,1,2,3,B65
443174,1,2,5,6,2,0,4,66,2,303,12,2,0,2,3,B65
565796,0,1,3,7,2,0,3,70,1,407,1,2,1,1,13,M20
310131,0,1,4,6,3,0,3,56,2,248,1,2,1,1,13,M23
477474,0,3,4,5,3,0,3,78,1,370,1,2,1,3,12,M24
477474,1,3,4,5,3,0,3,83,2,230,1,2,0,3,12,M24
860871,0,4,4,5,7,0,4,55,1,0,1,2,1,4,13,B37
860871,1,4,4,5,7,0,4,61,2,0,1,2,0,4,13,B37
860871,2,4,4,5,7,0,4,26,2,0,1,2,0,4,13,B37
860871,3,4,4,5,7,0,4,24,1,0,1,2,0,4,13,B37
729413,0,5,3,4,0,2,3,44,1,0,1,2,1,3,13,BL4
729413,1,5,3,4,0,2,3,42,2,0,1,2,0,3,13,BL4
729413,2,5,3,4,0,2,3,72,1,0,1,1,0,3,13,BL4
255849,0,2,3,6,3,0,4,48,1,216,1,3,1,2,13,DY5
255849,1,2,3,6,3,0,4,24,2,210,1,4,0,2,13,DY5
813206,0,3,3,3,7,1,3,46,1,216,3,3,1,2,12,WA15
813206,1,3,3,3,7,1,3,46,2,254,3,3,0,2,12,WA15
723418,0,3,3,5,4,0,3,63,1,352,1,2,1,3,13,OL9
723418,1,3,3,5,4,0,3,68,2,255,1,2,0,3,13,OL9
342106,0,5,3,3,8,3,3,40,1,288,4,3,1,2,2,M33
342106,6,5,3,3,8,3,3,45,2,0,4,3,0,2,2,M33
343164,0,1,3,7,2,0,3,73,2,292,1,3,1,1,12,M28
351223,0,1,5,7,2,0,4,72,2,301,1,3,1,1,13,B90
24264,0,2,3,7,2,0,4,71,1,285,1,3,1,2,13,B17
24264,1,2,3,7,2,0,4,74,2,284,1,3,0,2,13,B17
932652,0,5,3,3,2,3,3,42,1,239,1,3,1,2,10,WA3
932652,1,5,3,3,2,3,3,45,2,257,1,2,0,2,10,WA3
197452,0,3,4,4,7,1,3,44,1,324,3,3,1,2,13,M6
197452,1,3,4,4,7,1,3,45,2,321,3,3,0,2,13,M6
548641,0,1,4,7,2,0,4,78,1,249,1,1,1,1,13,B62
700120,0,3,3,4,0,1,4,55,1,0,1,2,1,2,13,WS10
508207,0,3,5,5,6,0,4,63,1,338,99,3,1,3,11,WS10
508207,1,3,5,5,6,0,4,71,2,287,99,3,0,3,11,WS10
508207,3,3,5,5,6,0,4,35,2,388,99,3,0,3,11,WS10
496394,0,2,3,6,4,0,4,58,2,343,1,2,1,2,13,B13
496394,1,2,3,6,4,0,4,58,1,0,1,2,0,2,13,B13
788630,0,1,3,6,5,0,3,59,1,245,99,3,1,1,3,M24
540294,0,1,1,7,0,0,3,75,1,305,1,3,1,1,12,BL7
3313,0,3,5,4,3,1,4,45,1,251,1,3,1,2,7,B37
131456,0,4,1,5,7,0,4,46,1,216,1,3,1,4,13,B76
131456,1,4,1,5,7,0,4,46,2,197,1,3,0,4,13,B76
131456,2,4,1,5,7,0,4,21,2,198,1,4,0,4,13,B76
528764,0,3,1,4,6,1,3,43,1,239,1,2,1,2,11,OL11
528764,1,3,1,4,6,1,3,49,2,284,1,2,0,2,11,OL11
71069,0,9,4,4,0,2,4,42,1,0,5,4,1,7,11,B33
71069,1,9,4,4,0,2,4,46,2,0,5,4,0,7,11,B33
478727,0,5,4,4,6,2,4,52,1,455,1,2,1,3,13,B98
478727,1,5,4,4,6,2,4,58,2,316,1,2,0,3,13,B98
426070,1,4,3,4,6,2,4,47,2,465,5,3,0,2,11,B9
658852,0,4,4,3,4,2,4,41,1,293,1,3,1,2,5,B36
658852,1,4,4,3,4,2,4,39,2,0,1,2,0,2,5,B36
489641,0,2,4,7,3,0,3,76,1,183,1,2,1,2,13,M28
231954,0,3,3,5,5,0,3,58,1,244,1,2,1,3,12,M7
231954,1,3,3,5,5,0,3,51,2,261,1,2,0,3,12,M7
907584,0,1,6,7,1,0,4,74,1,302,1,3,1,1,12,B23
308477,0,1,6,6,1,0,4,48,1,357,16,3,1,1,13,B17
842523,0,2,5,6,2,0,4,56,2,243,1,2,1,2,13,B42
34327,0,2,3,7,2,0,4,85,2,303,1,3,1,2,13,B67
211176,0,2,4,6,0,0,4,64,1,211,1,2,1,2,13,B90
211176,1,2,4,6,0,0,4,68,2,302,1,3,0,2,13,B90
203461,0,2,4,6,2,0,3,60,1,238,5,1,1,2,12,BL9
203461,3,2,4,6,2,0,3,31,2,351,5,3,0,2,12,BL9
203461,6,2,4,6,2,0,3,36,1,219,5,3,0,2,12,BL9
574113,0,2,6,7,1,0,4,74,1,317,1,2,1,2,13,WS2
574113,1,2,6,7,1,0,4,73,2,395,1,2,0,2,13,WS2
373190,0,3,1,3,7,1,4,40,1,274,1,3,1,2,3,DY5
782983,1,2,1,6,8,0,3,49,1,204,1,3,0,2,6,M20
419453,0,3,5,5,4,0,4,52,1,428,1,3,1,3,13,DY2
436317,0,1,5,6,4,0,3,55,2,329,1,2,1,1,9,M9
436317,3,1,5,6,4,0,3,52,1,252,1,2,0,1,9,M9
590906,0,2,4,6,6,0,3,59,1,321,1,2,1,2,9,OL2
590906,1,2,4,6,6,0,3,60,2,350,1,2,0,2,9,OL2
339015,0,4,6,5,1,0,4,61,2,267,1,2,1,4,7,B71
692122,0,3,3,5,6,0,3,52,1,283,1,2,1,3,13,M11
996637,0,3,5,5,4,0,4,52,1,268,1,2,1,3,8,B74
346165,0,2,3,7,3,0,4,65,1,321,1,2,1,2,13,WS10
346165,1,2,3,7,3,0,4,35,2,270,1,3,0,2,13,WS10
800145,0,3,3,5,6,0,3,54,1,291,1,3,1,3,13,OL3
800145,3,3,3,5,6,0,3,25,2,255,1,1,0,3,13,OL3
800145,4,3,3,5,6,0,3,17,1,0,1,4,0,3,13,OL3
955023,0,4,5,5,8,0,4,53,1,278,1,1,1,4,12,B30
955023,1,4,5,5,8,0,4,54,2,291,1,3,0,4,12,B30
953338,0,2,3,7,0,0,3,78,1,282,1,2,1,2,10,OL2
702336,0,4,3,2,3,2,4,50,1,317,1,2,1,2,8,B78
702336,1,4,3,2,3,2,4,29,1,0,1,3,0,2,8,B78
320642,0,3,3,5,0,0,4,65,1,248,1,1,1,3,11,B38
402458,0,5,5,3,0,1,4,48,1,0,0,3,1,4,13,B10
402458,1,5,5,3,0,1,4,46,2,0,0,3,0,4,13,B10
402458,2,5,5,3,0,1,4,27,2,0,0,3,0,4,13,B10
369915,0,2,4,7,4,0,4,76,1,265,1,2,1,2,13,B78
369915,1,2,4,7,4,0,4,79,2,261,1,1,0,2,13,B78
315123,0,2,6,7,3,0,3,78,1,0,1,1,1,2,6,BL8
884699,0,1,5,6,1,0,4,57,2,280,4,2,1,1,13,B69
974163,0,1,4,7,2,0,4,71,1,256,1,2,1,1,13,DY2
163408,0,2,5,3,2,1,3,61,1,275,1,2,1,1,12,M23
908658,0,2,4,6,4,0,3,54,1,354,1,2,1,2,11,OL9
401049,0,3,5,5,3,0,3,52,1,314,1,2,1,3,13,M11
210273,0,4,6,5,2,0,4,76,2,0,1,1,1,4,12,WS5
842997,0,4,4,2,4,2,4,45,2,205,4,3,1,2,4,B28
913587,0,2,3,1,7,0,3,34,1,300,1,3,1,2,11,BL3
913587,1,2,3,1,7,0,3,37,2,227,1,3,0,2,11,BL3
207067,0,2,3,6,3,0,3,60,2,267,1,2,1,2,5,OL10
243475,0,2,4,7,3,0,4,75,1,210,1,2,1,2,13,WS3
686043,0,2,4,7,5,0,3,65,1,291,1,2,1,2,13,OL2
717066,0,3,5,1,4,0,4,44,2,309,1,3,1,3,13,B33
276598,0,2,3,6,4,0,3,64,1,0,1,2,1,2,12,WA15
276598,1,2,3,6,4,0,3,65,2,0,1,3,0,2,12,WA15
356496,0,1,3,7,0,0,4,78,1,266,1,1,1,1,13,B42
992232,0,4,3,4,3,2,4,39,1,260,4,3,1,2,13,CV7
551795,0,2,1,6,0,0,3,61,1,0,1,3,1,2,12,BL1
551795,1,2,1,6,0,0,3,68,2,0,1,3,0,2,12,BL1
934931,0,2,1,7,0,0,4,76,2,230,1,3,1,2,13,B60
934931,1,2,1,7,0,0,4,76,1,249,1,3,0,2,13,B60
276666,0,1,4,6,3,0,4,59,2,238,1,2,1,1,13,B37
998906,0,4,3,3,2,2,4,41,1,0,1,2,1,2,13,B14
33412,0,3,3,5,6,0,3,46,2,255,1,2,1,3,9,OL9
752117,0,3,6,5,0,0,4,50,2,317,1,2,1,3,13,B37
874868,0,2,3,6,4,0,3,61,1,305,1,1,1,2,13,BL7
874868,1,2,3,6,4,0,3,65,2,324,1,2,0,2,13,BL7
596616,0,2,6,7,2,0,4,68,1,287,1,1,1,2,13,B47
596616,1,2,6,7,2,0,4,75,2,265,1,1,0,2,13,B47
833607,0,4,3,3,2,2,4,46,2,240,1,3,1,2,8,B90
833607,1,4,3,3,2,2,4,45,1,202,1,3,0,2,8,B90
437376,0,3,3,5,4,0,3,80,2,268,1,1,1,3,13,BL1
437376,1,3,3,5,4,0,3,76,1,205,1,2,0,3,13,BL1
437376,2,3,3,5,4,0,3,54,2,240,1,3,0,3,13,BL1
870454,0,1,5,6,2,0,4,58,1,338,1,2,1,1,13,WS4
2856,0,5,5,4,1,1,3,50,1,303,5,2,1,4,13,OL8
2856,1,5,5,4,1,1,3,56,2,329,5,4,0,4,13,OL8
2856,2,5,5,4,1,1,3,24,1,196,5,3,0,4,13,OL8
2856,3,5,5,4,1,1,3,17,2,0,5,4,0,4,13,OL8
2856,4,5,5,4,1,1,3,14,2,0,5,4,0,4,13,OL8
435666,0,3,1,5,8,0,4,60,2,0,1,2,1,3,11,B78
435666,1,3,1,5,8,0,4,57,1,0,1,2,0,3,11,B78
697801,0,3,5,4,4,1,3,46,2,354,3,3,1,2,10,OL8
992972,0,2,3,1,6,0,4,43,2,0,1,2,1,2,13,B65
688165,0,2,3,6,0,0,4,58,2,300,1,2,1,2,12,DY4
688165,1,2,3,6,0,0,4,57,1,347,1,2,0,2,12,DY4
738418,0,4,1,4,8,2,4,45,2,254,1,3,1,2,7,B74
738418,1,4,1,4,8,2,4,43,1,232,1,3,0,2,7,B74
362069,0,4,1,4,0,2,3,55,1,0,12,3,1,2,13,OL12
362069,1,4,1,4,0,2,3,52,1,0,12,3,0,2,13,OL12
867259,0,3,5,4,0,1,4,54,1,231,1,2,1,2,12,B69
662060,0,1,3,6,3,0,3,60,1,219,1,2,1,1,13,BL2
19608,0,2,3,6,3,0,3,45,1,247,1,2,1,2,8,BL4
626816,0,6,5,2,2,4,4,36,1,0,5,3,1,2,13,B36
626816,1,6,5,2,2,4,4,41,2,0,5,2,0,2,13,B36
996832,0,2,3,1,3,0,3,37,1,239,1,3,1,2,13,M33
173430,0,2,5,6,2,0,4,62,2,208,1,2,1,2,3,B98
624286,0,1,3,6,3,0,4,49,2,264,1,3,1,1,13,B98
104863,0,1,3,6,2,0,4,53,1,230,1,2,1,1,13,B62
815063,1,4,1,3,8,2,4,45,1,280,4,3,0,2,0,B68
372718,1,1,5,6,3,0,4,58,2,332,1,2,1,1,13,B90
706013,0,1,5,7,1,0,3,81,1,307,1,1,1,1,13,OL12
808798,0,2,5,6,2,0,4,45,2,259,1,2,1,2,11,B31
808798,1,2,5,6,2,0,4,67,1,223,1,2,0,2,11,B31
715272,0,2,3,6,6,0,3,58,1,0,1,2,1,2,13,BL1
715272,1,2,3,6,6,0,3,62,2,0,1,2,0,2,13,BL1
90711,0,6,1,4,7,1,4,51,1,0,5,2,1,5,13,WS5
90711,1,6,1,4,7,1,4,52,2,0,5,3,0,5,13,WS5
46390,0,3,3,4,5,2,4,46,1,0,1,3,1,1,11,WS4
959207,0,4,3,3,5,2,4,43,1,383,13,3,1,2,9,B44
959207,1,4,3,3,5,2,4,49,2,275,13,3,0,2,9,B44
312923,0,5,1,2,8,2,4,38,1,256,1,3,1,3,12,B94
312923,1,5,1,2,8,2,4,45,2,0,1,3,0,3,12,B94
899235,0,4,1,4,8,1,4,47,1,226,1,3,1,3,13,B93
899235,1,4,1,4,8,1,4,52,2,229,1,3,0,3,13,B93
210850,0,7,3,3,6,2,4,59,2,269,1,3,1,5,9,WS4
210850,1,7,3,3,6,2,4,29,1,212,1,3,0,5,9,WS4
652798,0,1,4,7,1,0,3,67,2,235,1,2,1,1,11,BL9
855379,0,3,5,5,2,0,3,55,1,0,1,2,1,3,13,BL9
286805,0,6,4,4,8,1,4,69,1,246,1,2,1,5,12,WV13
286805,1,6,4,4,8,1,4,71,2,268,1,2,0,5,12,WV13
286805,2,6,4,4,8,1,4,39,2,240,1,2,0,5,12,WV13
286805,3,6,4,4,8,1,4,39,1,211,1,2,0,5,12,WV13
626887,0,2,3,6,1,0,4,49,1,259,1,2,1,2,13,WV13
505409,0,2,3,7,8,0,4,65,2,277,1,3,1,2,13,B31
505409,1,2,3,7,8,0,4,63,1,213,1,2,0,2,13,B31
305618,0,3,5,5,0,0,4,63,2,0,0,3,1,3,13,B6
305618,1,3,5,5,0,0,4,58,1,0,0,2,0,3,13,B6
305618,2,3,5,5,0,0,4,33,1,0,0,3,0,3,13,B6
305618,3,3,5,5,0,0,4,25,1,0,0,3,0,3,13,B6
670881,0,2,3,1,0,0,4,43,1,0,1,2,1,2,12,B23
754835,0,6,5,5,4,0,4,49,1,195,5,3,1,6,12,B68
754835,1,6,5,5,4,0,4,27,2,170,5,1,0,6,12,B68
754835,2,6,5,5,4,0,4,23,1,188,5,2,0,6,12,B68
754835,3,6,5,5,4,0,4,22,2,181,5,3,0,6,12,B68
754835,4,6,5,5,4,0,4,20,2,181,5,3,0,6,12,B68
754835,5,6,5,5,4,0,4,19,1,0,5,4,0,6,12,B68
491587,0,3,3,4,6,1,4,46,1,294,1,3,1,2,13,B43
491587,1,3,3,4,6,1,4,66,2,285,1,2,0,2,13,B43
318762,0,4,1,4,8,1,4,45,1,254,4,3,1,3,10,DY4
318762,1,4,1,4,8,1,4,43,2,0,4,3,0,3,10,DY4
52428,0,6,1,3,8,2,3,43,2,211,1,3,1,4,1,M3
29898,0,5,3,4,3,1,4,49,1,205,5,3,1,4,13,WS2
29898,1,5,3,4,3,1,4,54,2,192,5,3,0,4,13,WS2
226810,0,4,1,3,6,2,3,33,1,288,5,3,1,2,1,BL5
529487,0,3,4,4,2,1,3,40,1,235,1,3,1,2,9,M26
555932,0,4,4,4,5,1,4,43,1,0,1,2,1,3,2,B67
555932,1,4,4,4,5,1,4,55,2,0,1,2,0,3,2,B67
555932,2,4,4,4,5,1,4,16,1,0,1,4,0,3,2,B67
735458,0,2,5,4,3,1,3,39,2,255,1,2,1,1,13,M33
364444,0,2,3,6,0,0,3,60,1,0,1,1,1,2,9,WA3
475655,0,5,3,4,6,1,3,46,1,223,5,3,1,4,13,OL12
475655,1,5,3,4,6,1,3,70,1,0,5,2,0,4,13,OL12
475655,2,5,3,4,6,1,3,77,2,0,5,1,0,4,13,OL12
475655,4,5,3,4,6,1,3,36,2,0,5,3,0,4,13,OL12
591786,0,1,6,7,2,0,4,75,2,252,1,3,1,1,10,B91
304556,0,2,3,6,4,0,3,64,1,256,2,3,1,2,13,M5
613430,0,3,5,5,2,0,4,58,2,266,1,2,1,3,13,DY4
613430,1,3,5,5,2,0,4,50,1,329,1,2,0,3,13,DY4
613430,2,3,5,5,2,0,4,25,2,341,1,3,0,3,13,DY4
403480,0,5,3,4,5,3,4,49,2,265,4,3,1,2,12,B33
403480,1,5,3,4,5,3,4,46,1,235,4,3,0,2,12,B33
268701,0,2,4,6,0,0,3,60,1,0,1,2,1,2,11,M26
268701,1,2,4,6,0,0,3,63,2,0,1,3,0,2,11,M26
568131,0,1,5,6,3,0,3,49,2,336,1,3,1,1,13,M3
493985,0,5,3,5,0,0,4,54,1,0,4,3,1,5,13,WV14
493985,1,5,3,5,0,0,4,58,2,0,4,3,0,5,13,WV14
493985,2,5,3,5,0,0,4,31,1,0,4,3,0,5,13,WV14
493985,3,5,3,5,0,0,4,29,1,0,4,3,0,5,13,WV14
493985,4,5,3,5,0,0,4,25,2,0,4,3,0,5,13,WV14
7173,0,1,5,7,0,0,3,74,1,155,1,2,1,1,8,M44
7173,2,1,5,7,0,0,3,43,2,362,1,2,0,1,8,M44
121986,0,2,3,7,3,0,4,81,2,276,1,1,1,2,13,B60
121986,1,2,3,7,3,0,4,73,1,0,1,1,0,2,13,B60
323814,0,4,4,5,6,0,3,53,1,256,1,2,1,4,11,BL2
894367,0,2,1,7,4,0,3,72,2,277,1,2,1,2,3,M26
345426,0,2,4,7,5,0,3,78,1,335,1,2,1,2,13,BL4
345426,1,2,4,7,5,0,3,76,2,174,1,2,0,2,13,BL4
838984,0,3,3,5,5,0,3,78,2,252,99,1,1,3,13,M23
838984,1,3,3,5,5,0,3,70,1,232,99,1,0,3,13,M23
838984,2,3,3,5,5,0,3,34,2,235,99,3,0,3,13,M23
304895,0,2,4,6,6,0,4,62,1,0,1,2,1,2,11,DY2
304895,1,2,4,6,6,0,4,57,2,276,1,2,0,2,11,DY2
737862,0,2,4,6,0,0,3,58,1,0,1,1,1,2,13,WA15
408246,0,4,5,4,0,2,4,54,2,0,1,2,1,2,12,B33
408246,1,4,5,4,0,2,4,42,1,0,1,3,0,2,12,B33
454315,0,6,1,3,8,3,4,41,2,389,1,3,1,3,9,B62
304889,0,4,1,3,8,2,4,46,2,223,1,3,1,2,13,B93
304889,1,4,1,3,8,2,4,41,1,0,1,2,0,2,13,B93
283635,0,1,3,6,2,0,4,45,1,0,1,2,1,1,13,B32
855866,0,1,3,7,2,0,4,81,1,336,1,1,1,1,13,B27
993521,0,2,1,7,2,0,3,84,1,236,1,1,1,2,13,OL9
412091,0,2,1,6,5,0,4,57,1,0,1,2,1,2,1,B23
595272,0,3,4,5,0,0,4,54,1,0,1,2,1,3,13,WV14
821636,0,2,1,6,5,0,4,53,2,248,15,3,1,2,13,B23
821636,1,2,1,6,5,0,4,62,2,260,15,3,0,2,13,B23
729075,0,5,3,4,7,1,4,45,1,240,1,3,1,4,13,B43
729075,1,5,3,4,7,1,4,46,2,340,1,3,0,4,13,B43
729075,3,5,3,4,7,1,4,16,1,0,1,4,0,4,13,B43
372418,0,2,1,1,8,0,4,39,2,341,1,2,1,2,13,B64
372418,1,2,1,1,8,0,4,56,2,525,1,3,0,2,13,B64
722081,0,2,3,6,3,0,3,61,1,247,1,2,1,2,12,M28
392553,0,2,3,6,3,0,4,56,1,0,1,2,1,2,11,B31
61242,0,6,3,5,0,0,4,50,1,0,1,3,1,6,13,B48
61242,1,6,3,5,0,0,4,52,2,0,1,3,0,6,13,B48
61242,2,6,3,5,0,0,4,78,1,0,1,1,0,6,13,B48
61242,3,6,3,5,0,0,4,84,2,0,1,1,0,6,13,B48
780969,0,4,3,5,8,0,3,46,2,186,15,3,1,4,8,M30
780969,1,4,3,5,8,0,3,44,1,238,15,3,0,4,8,M30
780969,2,4,3,5,8,0,3,18,2,186,15,4,0,4,8,M30
247058,0,1,3,6,3,0,4,59,1,245,1,3,1,1,1,B37
807403,0,3,4,5,5,0,4,64,2,466,1,3,1,3,6,WS2
807403,2,3,4,5,5,0,4,36,2,238,1,1,0,3,6,WS2
378250,0,4,5,1,5,0,4,42,1,290,1,3,1,4,1,DY2
877617,0,2,3,1,6,0,3,44,1,244,1,3,1,2,6,M43
229725,0,2,1,7,4,0,4,75,1,293,1,3,1,2,12,B73
703025,0,2,4,6,2,0,4,50,1,0,1,3,1,2,13,B30
703025,1,2,4,6,2,0,4,62,2,0,1,2,0,2,13,B30
689517,0,3,5,3,2,1,3,56,1,0,1,2,1,2,5,BL2
689517,1,3,5,3,2,1,3,36,2,0,1,2,0,2,5,BL2
632896,1,7,4,1,0,0,3,50,1,0,5,3,0,7,11,M14
969178,0,6,4,3,2,3,4,37,1,225,5,3,1,3,7,B36
600341,0,2,1,7,0,0,3,71,1,0,1,3,1,2,13,M20
478697,0,1,1,1,2,0,3,42,1,208,1,3,1,1,13,M4
737877,0,3,3,5,5,0,4,55,1,339,3,3,1,3,12,B37
207496,0,4,3,2,6,2,3,38,1,0,1,2,1,2,10,BL1
406505,0,6,5,4,3,2,3,46,1,232,5,3,1,4,13,OL12
406505,1,6,5,4,3,2,3,49,2,231,5,4,0,4,13,OL12
406505,2,6,5,4,3,2,3,19,2,0,5,1,0,4,13,OL12
646179,0,4,3,3,5,2,3,43,1,0,1,2,1,2,12,M26
646179,1,4,3,3,5,2,3,39,2,255,1,2,0,2,12,M26
708884,0,2,1,7,0,0,4,71,1,328,1,3,1,2,13,DY9
708884,1,2,1,7,0,0,4,70,2,304,1,1,0,2,13,DY9
362581,0,3,1,5,4,0,3,67,2,271,1,2,1,3,13,M40
362581,1,3,1,5,4,0,3,65,1,0,1,2,0,3,13,M40
968185,0,2,4,6,4,0,3,58,2,251,1,2,1,2,13,BL2
968185,1,2,4,6,4,0,3,58,1,234,1,2,0,2,13,BL2
356868,0,3,3,3,2,2,3,34,1,303,5,3,1,1,12,BL9
56762,0,2,4,1,3,0,4,36,2,241,1,2,1,2,12,B44
56762,1,2,4,1,3,0,4,70,1,223,1,1,0,2,12,B44
714189,0,3,3,4,0,1,3,39,2,220,1,3,1,2,13,OL10
269337,0,3,1,5,5,0,4,57,1,359,1,3,1,3,13,WS3
269337,1,3,1,5,5,0,4,54,2,297,1,3,0,3,13,WS3
269337,2,3,1,5,5,0,4,19,1,0,1,1,0,3,13,WS3
236638,0,2,4,7,4,0,3,74,1,249,1,1,1,2,12,OL12
236638,1,2,4,7,4,0,3,76,2,252,1,2,0,2,12,OL12
277878,0,2,6,6,1,0,3,59,1,319,1,2,1,2,4,M14
171940,0,2,5,7,3,0,3,71,1,330,1,1,1,2,13,M27
62190,0,5,3,4,0,1,4,43,1,0,1,3,1,4,10,B26
62190,1,5,3,4,0,1,4,23,1,0,1,3,0,4,10,B26
62190,2,5,3,4,0,1,4,20,2,0,1,3,0,4,10,B26
736649,0,3,3,5,7,0,3,62,1,260,8,3,1,3,13,M23
736649,1,3,3,5,7,0,3,37,2,300,8,2,0,3,13,M23
736649,3,3,3,5,7,0,3,22,1,191,8,3,0,3,13,M23
268166,0,5,4,3,2,3,3,46,1,319,13,3,1,2,1,BL3
531683,0,2,3,6,0,0,4,53,1,291,0,3,1,2,5,DY2
531683,1,2,3,6,0,0,4,19,2,0,0,4,0,2,5,DY2
974351,0,1,5,7,2,0,4,70,1,294,1,2,1,1,12,B13
797014,0,3,4,5,5,0,4,51,2,255,1,2,1,3,13,B90
797014,1,3,4,5,5,0,4,59,1,237,1,2,0,3,13,B90
641501,0,2,3,6,3,0,4,57,1,285,1,2,1,2,13,B37
641501,1,2,3,6,3,0,4,93,1,211,1,1,0,2,13,B37
107402,0,4,3,3,0,2,4,37,1,0,1,3,1,2,13,B23
107402,1,4,3,3,0,2,4,42,2,0,1,3,0,2,13,B23
462242,0,3,1,5,0,0,3,74,1,257,0,3,1,3,13,BL8
462242,1,3,1,5,0,0,3,72,2,271,0,2,0,3,13,BL8
598942,0,3,1,1,7,0,3,38,1,0,1,3,1,3,13,M27
598942,1,3,1,1,7,0,3,67,2,0,1,3,0,3,13,M27
598942,2,3,1,1,7,0,3,64,1,0,1,2,0,3,13,M27
936660,0,2,3,1,5,0,4,35,2,0,1,3,1,2,13,B68
936660,1,2,3,1,5,0,4,35,2,0,1,2,0,2,13,B68
935617,0,4,3,4,7,2,4,40,2,294,5,3,1,2,12,B33
935617,1,4,3,4,7,2,4,37,1,266,5,2,0,2,12,B33
695505,0,2,3,6,0,0,4,64,1,285,1,2,1,2,13,B92
695505,1,2,3,6,0,0,4,71,2,236,1,2,0,2,13,B92
164769,0,3,3,2,5,2,4,55,1,0,1,3,1,1,10,B63
353256,0,3,3,1,3,0,4,34,2,213,1,2,1,3,7,B44
968168,0,2,5,7,0,0,4,77,2,271,1,1,1,2,13,WV14
968168,1,2,5,7,0,0,4,77,1,273,1,1,0,2,13,WV14
891243,0,1,3,7,3,0,3,76,1,291,1,2,1,1,12,M26
891243,1,1,3,7,3,0,3,81,2,237,1,2,0,1,12,M26
953681,0,3,3,4,8,1,3,60,1,271,2,2,1,2,12,OL12
953681,1,3,3,4,8,1,3,38,1,251,2,2,0,2,12,OL12
568566,0,3,3,5,0,0,3,62,1,373,1,2,1,3,13,M20
568566,1,3,3,5,0,0,3,64,2,351,1,2,0,3,13,M20
250399,0,4,3,3,5,2,3,36,1,240,1,3,1,2,13,OL4
250399,3,4,3,3,5,2,3,35,2,202,1,2,0,2,13,OL4
58315,0,2,3,6,2,0,4,49,1,348,5,3,1,2,8,B23
58315,1,2,3,6,2,0,4,19,1,0,5,1,0,2,8,B23
738669,0,2,3,6,6,0,4,47,1,306,1,2,1,2,13,B33
738669,1,2,3,6,6,0,4,61,2,280,1,2,0,2,13,B33
551721,0,2,3,1,8,0,3,42,1,260,1,3,1,2,13,WA3
551721,1,2,3,1,8,0,3,75,2,261,1,3,0,2,13,WA3
257977,0,1,3,6,4,0,4,60,1,273,1,3,1,1,13,B98
216351,0,4,5,3,2,2,4,49,2,210,3,3,1,2,12,B25
216351,1,4,5,3,2,2,4,49,1,206,3,3,0,2,12,B25
657503,1,2,3,6,4,0,4,61,1,300,1,2,0,2,4,B44
166378,0,2,5,6,4,0,3,59,2,254,1,2,1,2,13,BL6
166378,1,2,5,6,4,0,3,56,1,201,1,2,0,2,13,BL6
826958,0,2,3,6,4,0,3,53,1,0,4,2,1,2,12,M16
826958,2,2,3,6,4,0,3,68,2,0,4,3,0,2,12,M16
267284,0,1,6,6,1,0,3,57,2,234,1,1,1,1,13,BL9
265113,0,4,1,3,8,2,3,42,2,0,1,3,1,2,11,BL3
265113,1,4,1,3,8,2,3,42,1,0,1,3,0,2,11,BL3
245214,0,1,6,7,2,0,4,73,1,369,1,3,1,1,13,B73
52444,0,4,1,4,5,2,4,50,2,268,1,3,1,2,12,B76
52444,1,4,1,4,5,2,4,46,1,186,1,3,0,2,12,B76
171496,0,4,4,3,0,2,3,43,1,335,1,3,1,2,13,OL3
171496,1,4,4,3,0,2,3,43,2,264,1,3,0,2,13,OL3
78132,0,4,5,5,0,0,4,57,1,225,1,2,1,4,13,B26
78132,1,4,5,5,0,0,4,57,2,0,1,2,0,4,13,B26
78132,2,4,5,5,0,0,4,31,1,0,1,3,0,4,13,B26
78132,3,4,5,5,0,0,4,29,2,0,1,3,0,4,13,B26
301403,0,2,3,6,6,0,4,60,2,278,13,3,1,2,11,B62
301403,3,2,3,6,6,0,4,39,1,285,13,3,0,2,11,B62
504578,0,2,3,6,8,0,4,56,1,321,1,2,1,2,13,B34
504578,1,2,3,6,8,0,4,52,2,358,1,2,0,2,13,B34
394740,0,7,4,4,3,1,4,29,1,0,6,3,1,6,10,B66
394740,1,7,4,4,3,1,4,27,1,0,6,3,0,6,10,B66
394740,2,7,4,4,3,1,4,24,1,0,6,3,0,6,10,B66
394740,3,7,4,4,3,1,4,18,1,0,6,4,0,6,10,B66
394740,5,7,4,4,3,1,4,50,1,0,6,1,0,6,10,B66
394740,6,7,4,4,3,1,4,57,2,0,6,1,0,6,10,B66
744631,0,4,3,4,8,2,3,43,1,307,3,3,1,2,13,M18
61441,0,6,4,4,0,2,4,76,2,312,1,2,1,4,7,DY1
798666,0,2,4,6,4,0,4,63,1,223,1,2,1,2,13,B78
798666,1,2,4,6,4,0,4,32,2,251,1,2,0,2,13,B78
221222,0,3,3,4,6,1,3,48,2,244,3,3,1,2,13,M19
221222,1,3,3,4,6,1,3,48,1,265,3,3,0,2,13,M19
221222,3,3,3,4,6,1,3,16,1,0,3,4,0,2,13,M19
965328,0,3,5,4,4,1,4,38,1,260,3,3,1,2,13,WS4
965328,1,3,5,4,4,1,4,40,2,309,3,3,0,2,13,WS4
19104,0,5,3,3,3,3,4,34,1,0,6,3,1,2,1,WS1
777028,0,4,5,3,5,2,4,43,1,271,3,3,1,2,12,WS2
777028,1,4,5,3,5,2,4,43,2,306,3,3,0,2,12,WS2
777028,2,4,5,3,5,2,4,15,2,0,3,4,0,2,12,WS2
264437,0,2,3,7,4,0,3,66,1,0,14,2,1,2,9,M33
264437,1,2,3,7,4,0,3,28,2,0,14,3,0,2,9,M33
976788,0,4,1,1,2,0,4,48,1,453,6,1,0,4,5,B6
976788,1,4,1,1,2,0,4,27,2,241,6,3,1,4,5,B6
336663,0,2,3,6,6,0,4,58,1,297,1,2,1,2,13,DY5
336663,1,2,3,6,6,0,4,21,1,265,1,3,0,2,13,DY5
821490,0,3,3,5,6,0,4,45,1,301,12,3,1,3,8,B23
821490,2,3,3,5,6,0,4,20,1,167,12,3,0,3,8,B23
821490,3,3,3,5,6,0,4,16,1,0,12,4,0,3,8,B23
97137,0,3,1,5,8,0,3,55,1,243,1,3,1,3,13,BL2
290687,0,2,4,7,4,0,4,69,2,228,1,2,1,2,11,B92
290687,1,2,4,7,4,0,4,68,1,292,1,2,0,2,11,B92
941023,0,1,3,1,4,0,3,40,1,230,1,3,1,1,13,M20
104050,0,4,1,2,8,2,3,52,1,326,1,1,1,2,13,SK4
104050,1,4,1,2,8,2,3,52,2,0,1,3,0,2,13,SK4
719477,0,2,3,6,4,0,3,61,1,243,1,2,1,2,5,M6
326412,0,2,4,6,2,0,3,62,1,211,1,2,1,2,13,M24
326412,1,2,4,6,2,0,3,78,2,293,1,1,0,2,13,M24
810093,0,4,5,3,3,2,3,46,1,249,1,2,1,2,13,M22
887923,0,1,3,6,3,0,3,53,2,482,1,3,1,1,13,M12
104103,0,4,3,4,5,2,3,48,1,0,1,3,1,2,11,M6
104103,1,4,3,4,5,2,3,54,2,0,1,3,0,2,11,M6
28699,0,4,4,2,4,2,3,36,1,329,0,3,1,2,4,M12
908273,0,6,1,4,0,1,4,49,1,243,5,2,1,5,12,B28
908273,1,6,1,4,0,1,4,57,2,241,5,3,0,5,12,B28
908273,3,6,1,4,0,1,4,20,1,200,5,3,0,5,12,B28
908273,4,6,1,4,0,1,4,25,2,248,5,3,0,5,12,B28
823664,0,3,3,4,1,1,4,44,1,342,99,3,1,2,8,B66
823664,1,3,3,4,1,1,4,29,2,228,99,3,0,2,8,B66
824518,0,1,3,7,2,0,4,81,2,267,1,2,1,1,11,B63
167192,0,2,3,1,0,0,3,36,1,245,15,3,1,2,9,M50
167192,1,2,3,1,0,0,3,33,2,289,15,3,0,2,9,M50
15295,0,2,3,6,4,0,3,62,2,255,1,3,1,2,13,M30
15295,1,2,3,6,4,0,3,62,1,0,1,3,0,2,13,M30
456164,0,3,3,5,2,0,4,65,1,254,12,2,1,3,12,B21
286715,0,2,1,6,8,0,4,60,1,269,1,3,1,2,13,B92
286715,1,2,1,6,8,0,4,57,2,231,1,2,0,2,13,B92
658523,0,10,5,2,3,1,4,49,1,256,5,3,1,9,9,WS10
658523,1,10,5,2,3,1,4,47,2,148,5,3,0,9,9,WS10
923871,0,2,1,1,0,0,4,35,1,0,0,3,1,2,3,B92
470630,0,4,1,4,8,2,3,45,1,293,13,3,1,2,1,M22
839500,0,4,3,4,5,1,4,49,1,0,1,3,1,3,9,WS3
839500,1,4,3,4,5,1,4,50,2,0,1,3,0,3,9,WS3
958959,1,1,5,7,1,0,4,69,2,225,1,1,1,1,13,WS1
411985,0,7,3,4,6,1,4,34,2,243,5,3,1,6,13,B44
411985,3,7,3,4,6,1,4,59,2,241,5,2,0,6,13,B44
411985,4,7,3,4,6,1,4,59,1,230,5,1,0,6,13,B44
411985,6,7,3,4,6,1,4,24,1,226,5,3,0,6,13,B44
853740,0,5,4,2,3,1,4,30,2,0,5,3,1,4,10,B66
853740,1,5,4,2,3,1,4,87,1,0,5,3,0,4,10,B66
853740,2,5,4,2,3,1,4,26,1,0,5,3,0,4,10,B66
853740,3,5,4,2,3,1,4,52,1,0,5,3,0,4,10,B66
555864,0,1,3,7,3,0,4,81,1,248,1,2,1,1,11,B93
226854,0,2,5,7,5,0,4,74,1,265,1,2,1,2,13,B43
226854,1,2,5,7,5,0,4,74,2,274,1,2,0,2,13,B43
458889,0,5,3,2,4,3,4,32,1,0,1,3,1,2,3,DY3
458889,1,5,3,2,4,3,4,33,2,0,1,3,0,2,3,DY3
282312,0,2,1,7,4,0,3,73,1,219,1,3,1,2,13,M6
282312,1,2,1,7,4,0,3,77,2,0,1,3,0,2,13,M6
240238,0,3,1,4,6,1,3,48,2,216,15,3,1,2,7,WA15
240238,1,3,1,4,6,1,3,48,1,0,15,3,0,2,7,WA15
401823,0,3,4,5,6,0,3,50,1,380,1,2,1,3,13,BL5
401823,1,3,4,5,6,0,3,77,2,326,1,3,0,3,13,BL5
401823,2,3,4,5,6,0,3,30,2,330,1,2,0,3,13,BL5
667244,0,1,4,6,6,0,3,59,1,285,1,3,1,1,13,OL9
909133,0,2,1,6,0,0,3,63,1,0,0,2,1,2,13,OL9
26045,0,2,3,6,4,0,3,52,1,298,1,2,1,2,13,OL4
26045,1,2,3,6,4,0,3,49,2,292,1,2,0,2,13,OL4
782161,0,1,5,7,0,0,4,65,2,286,1,2,1,1,13,B30
119431,0,2,5,7,3,0,3,77,1,266,1,1,1,2,13,OL11
119431,1,2,5,7,3,0,3,87,2,236,1,1,0,2,13,OL11
241121,0,2,3,6,5,0,3,57,1,0,1,3,1,2,10,M28
241121,2,2,3,6,5,0,3,25,2,266,1,4,0,2,10,M28
241121,3,2,3,6,5,0,3,24,2,0,1,3,0,2,10,M28
885835,0,1,1,6,3,0,4,60,2,243,1,3,1,1,13,WS3
950481,0,2,5,6,0,0,4,60,2,271,1,2,1,2,13,B42
950481,1,2,5,6,0,0,4,27,1,181,1,3,0,2,13,B42
525814,0,1,5,6,2,0,3,61,2,387,1,2,1,1,13,OL8
713894,0,2,1,7,4,0,3,73,1,266,1,3,1,2,13,BL8
713894,1,2,1,7,4,0,3,75,2,245,1,3,0,2,13,BL8
530751,0,4,3,3,8,2,4,43,1,269,1,3,1,2,12,CV7
27244,0,5,1,3,8,3,3,37,1,208,1,3,1,2,13,BL1
27244,1,5,1,3,8,3,3,37,2,235,1,3,0,2,13,BL1
291563,0,1,3,6,4,0,3,46,1,279,1,3,1,1,13,M23
291563,1,1,3,6,4,0,3,27,2,244,1,2,0,1,13,M23
952509,0,3,1,5,7,0,3,53,1,259,1,2,1,3,12,M33
952509,1,3,1,5,7,0,3,55,2,258,1,2,0,3,12,M33
952509,3,3,1,5,7,0,3,19,1,0,1,2,0,3,12,M33
703203,0,5,3,3,7,1,3,53,2,282,13,3,1,4,12,BL1
703203,1,5,3,3,7,1,3,52,1,283,13,3,0,4,12,BL1
703203,2,5,3,3,7,1,3,20,1,280,13,4,0,4,12,BL1
703203,3,5,3,3,7,1,3,17,1,0,13,4,0,4,12,BL1
613265,0,3,6,1,2,0,4,43,1,297,1,1,1,3,12,B37
613265,2,3,6,1,2,0,4,17,1,0,1,4,0,3,12,B37
741397,0,2,5,7,2,0,4,74,2,121,1,1,1,2,13,B31
741397,1,2,5,7,2,0,4,73,2,334,1,1,0,2,13,B31
234876,0,1,1,6,8,0,3,54,1,310,8,3,1,1,11,M26
507159,0,4,3,4,5,2,3,39,1,181,5,3,1,2,9,M22
365407,0,4,1,4,7,2,3,46,1,205,1,2,1,2,13,BL8
561630,0,4,3,3,6,2,4,47,1,274,4,3,1,2,10,B75
561630,1,4,3,3,6,2,4,44,2,263,4,3,0,2,10,B75
243403,0,7,3,3,4,3,3,45,1,0,1,2,1,4,13,WA15
243403,1,7,3,3,4,3,3,64,1,0,1,1,0,4,13,WA15
289532,0,2,3,6,3,0,3,54,2,225,5,3,1,2,13,M16
289532,1,2,3,6,3,0,3,54,1,0,5,2,0,2,13,M16
994114,0,3,3,4,0,1,4,44,1,0,1,2,1,2,13,B43
994114,1,3,3,4,0,1,4,48,2,0,1,3,0,2,13,B43
637396,0,5,3,2,3,3,3,43,1,269,5,3,1,2,5,M19
637396,1,5,3,2,3,3,3,44,2,242,5,3,0,2,5,M19
212821,0,4,5,2,0,2,3,33,1,321,13,3,1,2,12,M14
840391,0,3,1,3,0,1,3,42,1,241,1,3,1,2,12,M28
840391,1,3,1,3,0,1,3,41,2,332,1,3,0,2,12,M28
255444,0,4,1,5,5,0,4,51,1,212,4,1,1,4,13,B20
255444,1,4,1,5,5,0,4,55,2,180,4,1,0,4,13,B20
906855,0,5,1,3,4,2,4,42,1,0,1,3,1,3,2,B63
906855,1,5,1,3,4,2,4,45,2,0,1,3,0,3,2,B63
906855,2,5,1,3,4,2,4,17,2,0,1,4,0,3,2,B63
25059,0,4,3,5,4,0,4,45,1,202,4,3,1,4,12,B20
25059,1,4,3,5,4,0,4,47,2,209,4,2,0,4,12,B20
25059,2,4,3,5,4,0,4,19,2,177,4,4,0,4,12,B20
803170,0,3,3,5,7,0,4,61,1,278,1,3,1,3,13,B93
803170,1,3,3,5,7,0,4,61,2,0,1,3,0,3,13,B93
416766,0,2,1,6,6,0,3,53,2,279,1,3,1,2,13,M26
416766,1,2,1,6,6,0,3,27,2,0,1,3,0,2,13,M26
271283,1,2,3,6,6,0,4,49,1,263,1,3,0,2,3,DY3
761340,0,2,3,6,5,0,4,60,1,249,1,3,1,2,13,B69
433214,0,2,3,1,5,0,3,40,1,315,1,3,1,2,7,M46
364222,0,4,4,3,0,2,4,39,1,205,1,3,1,2,13,B45
371158,0,5,4,3,4,3,3,44,1,335,3,2,1,2,13,WN1
371158,1,5,4,3,4,3,3,45,2,354,3,2,0,2,13,WN1
595827,0,8,5,2,0,5,4,39,1,0,6,2,1,3,12,DY1
595827,1,8,5,2,0,5,4,47,2,0,6,2,0,3,12,DY1
590650,0,1,6,6,2,0,4,50,1,218,1,2,1,1,13,B44
995613,0,4,6,4,0,2,4,33,1,236,1,2,1,2,11,B71
995613,1,4,6,4,0,2,4,13,1,0,1,4,0,2,11,B71
277289,0,1,6,6,2,0,4,57,2,298,2,2,1,1,13,B23
378924,0,9,6,3,0,3,3,38,1,0,5,3,1,6,11,OL11
378924,1,9,6,3,0,3,3,38,2,0,5,3,0,6,11,OL11
378924,2,9,6,3,0,3,3,27,2,0,5,4,0,6,11,OL11
378924,3,9,6,3,0,3,3,22,2,0,5,4,0,6,11,OL11
378924,4,9,6,3,0,3,3,21,1,0,5,4,0,6,11,OL11
321631,0,4,5,3,2,3,4,35,1,387,1,3,1,1,12,B7
321631,1,4,5,3,2,3,4,34,2,266,1,3,0,1,12,B7
149480,0,3,3,5,8,0,3,61,1,264,1,2,1,3,13,M30
149480,1,3,3,5,8,0,3,54,2,234,1,2,0,3,13,M30
104633,0,4,3,4,8,2,4,46,1,180,1,3,1,2,13,WS3
451158,0,1,3,6,0,0,3,54,2,248,1,1,1,1,8,BL2
451158,1,1,3,6,0,0,3,38,1,225,1,3,0,1,8,BL2
803825,0,4,3,3,8,2,4,43,1,195,1,3,1,2,5,B74
803825,1,4,3,3,8,2,4,44,2,251,1,2,0,2,5,B74
343710,0,4,1,5,0,0,4,57,1,0,1,2,1,4,13,B44
343710,1,4,1,5,0,0,4,66,2,0,1,2,0,4,13,B44
343710,2,4,1,5,0,0,4,35,1,0,1,3,0,4,13,B44
608526,0,1,3,7,4,0,3,65,1,350,1,2,1,1,12,OL4
683950,0,1,3,6,3,0,4,53,1,280,5,3,1,1,13,B68
771678,0,1,3,7,0,0,4,74,2,0,1,3,1,1,11,B75
464264,0,2,3,1,7,0,4,36,1,313,1,3,1,2,10,WS5
464264,1,2,3,1,7,0,4,35,1,285,1,3,0,2,10,WS5
110649,0,4,3,3,8,2,3,40,1,258,3,3,1,2,11,M28
110649,1,4,3,3,8,2,3,56,2,297,3,3,0,2,11,M28
490139,0,4,1,3,6,2,3,45,1,227,1,3,1,2,13,WA3
490139,1,4,1,3,6,2,3,51,2,287,1,3,0,2,13,WA3
662138,0,1,4,6,3,0,3,59,1,317,1,1,1,1,13,OL16
408658,0,2,4,6,6,0,4,51,2,298,1,2,1,2,13,CV7
408658,1,2,4,6,6,0,4,49,1,0,1,2,0,2,13,CV7
408658,2,2,4,6,6,0,4,22,1,253,1,3,0,2,13,CV7
81367,0,5,5,5,3,0,4,54,1,0,4,2,1,5,9,WV14
81367,1,5,5,5,3,0,4,56,2,0,4,2,0,5,9,WV14
81367,3,5,5,5,3,0,4,26,1,0,4,3,0,5,9,WV14
309624,0,2,4,7,2,0,3,74,2,331,1,2,1,2,13,OL3
309624,1,2,4,7,2,0,3,56,1,248,1,2,0,2,13,OL3
309624,2,2,4,7,2,0,3,23,2,198,1,2,0,2,13,OL3
644914,0,1,6,6,1,0,4,58,2,248,1,3,1,1,13,WS4
880817,0,3,3,1,4,0,3,43,1,312,1,3,1,3,11,OL11
880817,1,3,3,1,4,0,3,41,2,241,1,3,0,3,11,OL11
224229,0,4,5,4,4,1,3,46,2,278,3,3,1,3,12,OL1
224229,1,4,5,4,4,1,3,46,1,185,3,3,0,3,12,OL1
224229,2,4,5,4,4,1,3,18,1,0,3,4,0,3,12,OL1
913804,0,4,5,5,0,0,3,54,1,0,1,1,1,4,13,OL9
913804,1,4,5,5,0,0,3,57,2,0,1,1,0,4,13,OL9
250311,0,1,5,7,1,0,3,68,1,291,1,1,1,1,12,WA3
105200,0,4,1,3,6,2,4,39,2,0,4,3,1,2,5,B38
105200,1,4,1,3,6,2,4,35,1,0,4,3,0,2,5,B38
310096,0,8,5,2,2,2,4,55,1,304,0,1,1,6,7,B36
310096,2,8,5,2,2,2,4,32,2,225,0,2,0,6,7,B36
310096,3,8,5,2,2,2,4,30,2,227,0,3,0,6,7,B36
310096,5,8,5,2,2,2,4,28,1,213,0,2,0,6,7,B36
653811,0,4,4,3,3,2,3,45,1,329,1,3,1,2,11,OL9
653811,3,4,4,3,3,2,3,65,1,0,1,2,0,2,11,OL9
757674,0,5,3,3,7,1,4,48,1,0,1,3,1,4,13,B74
757674,1,5,3,3,7,1,4,52,2,0,1,3,0,4,13,B74
888711,0,3,3,2,2,2,4,40,1,0,1,3,1,1,6,B45
977617,0,2,4,7,0,0,3,79,1,321,1,1,1,2,13,OL12
977617,1,2,4,7,0,0,3,81,2,239,1,1,0,2,13,OL12
262817,0,1,4,7,3,0,4,69,1,0,99,1,1,1,13,B90
386448,0,4,3,3,0,2,4,39,1,0,99,3,1,2,10,DY1
621886,0,4,3,5,7,0,4,65,2,260,4,3,1,4,13,B20
621886,1,4,3,5,7,0,4,63,1,251,4,3,0,4,13,B20
621886,2,4,3,5,7,0,4,40,1,242,4,3,0,4,13,B20
621886,3,4,3,5,7,0,4,32,1,247,4,3,0,4,13,B20
818697,0,3,5,5,2,0,4,62,1,0,1,2,1,3,13,WS2
818697,1,3,5,5,2,0,4,64,2,0,1,2,0,3,13,WS2
487062,0,3,5,5,3,0,4,77,1,265,1,1,1,3,13,B74
769728,0,2,4,6,0,0,3,49,1,249,1,3,1,2,13,WA3
769728,1,2,4,6,0,0,3,41,2,351,1,2,0,2,13,WA3
470079,0,2,5,6,7,0,4,52,2,301,1,2,1,2,13,DY4
470079,1,2,5,6,7,0,4,64,1,319,1,2,0,2,13,DY4
316727,0,2,5,7,0,0,4,82,2,0,1,1,1,2,13,B33
475734,0,7,1,2,3,2,4,34,1,0,0,3,1,5,11,B13
475734,1,7,1,2,3,2,4,37,2,0,0,3,0,5,11,B13
475734,2,7,1,2,3,2,4,57,1,0,0,3,0,5,11,B13
188776,0,3,3,5,0,0,4,51,2,233,1,3,1,3,13,B30
188776,1,3,3,5,0,0,4,53,1,222,1,3,0,3,13,B30
410084,1,2,3,1,8,0,3,40,1,282,1,3,0,2,1,BL9
769634,0,4,3,3,6,2,3,49,1,292,1,3,1,2,11,OL2
769634,1,4,3,3,6,2,3,59,2,303,1,2,0,2,11,OL2
816221,0,2,4,7,4,0,4,85,1,405,1,1,1,2,2,WS4
376990,0,3,1,4,3,1,3,49,1,0,1,3,1,2,10,BL6
376990,1,3,1,4,3,1,3,56,2,0,1,3,0,2,10,BL6
829045,0,3,5,1,5,0,4,36,1,0,1,2,0,3,13,B14
456045,0,1,3,6,0,0,3,57,2,0,1,3,1,1,13,M27
456045,1,1,3,6,0,0,3,86,2,0,1,2,0,1,13,M27
130986,0,4,1,2,1,3,4,36,1,178,5,3,1,1,3,B25
827036,0,2,3,1,7,0,4,41,1,0,1,2,1,2,10,B73
288510,0,3,4,5,6,0,4,46,1,210,99,2,1,3,13,B26
288510,1,3,4,5,6,0,4,25,1,236,99,2,0,3,13,B26
288510,3,3,4,5,6,0,4,52,2,308,99,2,0,3,13,B26
755658,0,3,1,3,0,1,4,47,1,223,99,3,1,2,10,B73
65454,0,2,4,6,0,0,4,54,1,0,99,4,1,2,13,DY5
65454,1,2,4,6,0,0,4,60,2,0,99,4,0,2,13,DY5
800192,0,2,6,7,3,0,3,86,2,179,1,2,1,2,13,BL6
989361,0,3,5,1,4,0,4,43,1,190,1,2,1,3,9,B33
784086,0,2,6,7,0,0,4,66,1,304,1,2,1,2,13,B27
784086,1,2,6,7,0,0,4,35,1,341,1,3,0,2,13,B27
163481,0,3,3,2,4,1,4,37,1,424,99,3,1,2,8,B20
163481,1,3,3,2,4,1,4,44,2,215,99,3,0,2,8,B20
469069,0,2,5,6,3,0,3,53,1,293,1,2,1,2,13,M30
431480,0,9,4,2,0,5,3,40,1,210,9,3,1,4,13,BL4
431480,1,9,4,2,0,5,3,20,1,205,9,4,0,4,13,BL4
431480,2,9,4,2,0,5,3,17,1,0,9,4,0,4,13,BL4
392614,0,3,3,5,0,0,3,64,2,273,1,3,1,3,12,M50
680196,0,4,3,5,7,0,4,50,2,0,1,2,1,4,12,B32
680196,1,4,3,5,7,0,4,48,1,0,1,3,0,4,12,B32
680196,2,4,3,5,7,0,4,22,1,0,1,3,0,4,12,B32
407742,0,6,3,3,7,4,4,36,1,208,99,3,1,2,5,WS1
348205,0,3,5,5,2,0,4,65,2,349,1,3,1,3,13,WS2
348205,1,3,5,5,2,0,4,63,1,235,1,2,0,3,13,WS2
348205,2,3,5,5,2,0,4,35,1,277,1,3,0,3,13,WS2
866036,0,1,4,6,4,0,3,45,2,309,1,2,1,1,11,M5
307435,0,4,5,3,6,2,4,44,1,348,1,2,1,2,12,B32
307435,3,4,5,3,6,2,4,37,2,292,1,3,0,2,12,B32
720697,0,7,3,1,3,0,4,44,1,0,0,1,1,7,3,B36
720697,2,7,3,1,3,0,4,51,2,0,0,3,0,7,3,B36
156332,0,2,3,7,2,0,4,81,1,248,1,2,1,2,13,B91
156332,1,2,3,7,2,0,4,85,2,273,1,2,0,2,13,B91
654398,0,4,3,5,7,0,3,55,2,290,4,2,1,4,12,M16
654398,1,4,3,5,7,0,3,47,1,261,4,3,0,4,12,M16
654398,2,4,3,5,7,0,3,24,2,238,4,3,0,4,12,M16
717433,0,2,3,1,8,0,3,40,1,213,1,3,1,2,4,M6
717433,1,2,3,1,8,0,3,37,1,309,1,3,0,2,4,M6
334895,0,4,3,2,5,2,3,40,1,213,3,3,1,2,12,BL1
334895,1,4,3,2,5,2,3,42,2,295,3,3,0,2,12,BL1
77858,0,1,6,6,3,0,3,64,2,257,1,2,1,1,13,WA3
390277,0,4,1,4,8,1,4,52,2,0,12,3,1,3,9,B20
390277,1,4,1,4,8,1,4,52,1,0,12,3,0,3,9,B20
390277,2,4,1,4,8,1,4,16,1,0,12,4,0,3,9,B20
279611,0,2,1,6,5,0,3,48,1,271,1,3,1,2,10,M24
279611,1,2,1,6,5,0,3,53,2,309,1,2,0,2,10,M24
726554,0,4,5,3,3,1,4,46,1,203,1,2,1,3,13,B26
726554,1,4,5,3,3,1,4,52,2,216,1,2,0,3,13,B26
605144,0,4,3,3,0,2,3,49,1,0,1,4,1,2,13,BL9
605144,1,4,3,3,0,2,3,49,2,0,1,4,0,2,13,BL9
324569,0,5,3,3,6,2,4,40,1,369,3,3,1,3,3,B67
682518,0,2,1,1,8,0,4,38,2,239,1,3,1,2,13,WV14
360029,0,4,3,3,3,2,4,44,2,254,5,3,1,2,12,WS1
360029,1,4,3,3,3,2,4,44,1,207,5,3,0,2,12,WS1
338033,0,7,5,3,3,4,3,46,1,276,13,3,1,3,13,BL5
338033,2,7,5,3,3,4,3,17,1,0,13,1,0,3,13,BL5
338033,3,7,5,3,3,4,3,15,1,0,13,1,0,3,13,BL5
551974,0,2,1,6,5,0,4,62,1,231,1,3,1,2,12,WS9
551974,1,2,1,6,5,0,4,64,2,249,1,2,0,2,12,WS9
266616,0,2,3,6,8,0,4,56,1,276,1,2,1,2,13,DY2
129646,0,4,1,2,5,2,3,36,1,228,1,3,1,2,10,M27
129646,1,4,1,2,5,2,3,38,2,0,1,3,0,2,10,M27
7344,0,1,3,7,2,0,4,76,1,208,1,2,1,1,12,B31
457924,0,4,6,2,0,3,3,32,1,0,5,3,1,1,13,OL11
529988,0,2,3,1,0,0,3,38,1,0,13,3,1,2,13,M28
529988,1,2,3,1,0,0,3,46,2,0,13,3,0,2,13,M28
109354,0,3,3,4,3,1,3,45,1,0,1,3,1,2,7,BL3
109354,1,3,3,4,3,1,3,48,2,0,1,2,0,2,7,BL3
853672,0,4,1,3,5,2,4,46,1,0,1,3,1,2,12,B74
853672,1,4,1,3,5,2,4,54,2,0,1,2,0,2,12,B74
853672,2,4,1,3,5,2,4,13,2,0,1,4,0,2,12,B74
215248,0,3,1,5,3,0,4,48,2,243,1,3,1,3,11,B14
785349,0,2,3,6,8,0,3,51,2,351,1,2,1,2,13,OL12
785349,1,2,3,6,8,0,3,47,2,331,1,2,0,2,13,OL12
959160,0,3,5,2,3,2,4,32,1,252,3,3,1,1,11,B98
732536,0,1,3,6,4,0,4,57,1,408,12,3,1,1,13,B7
134933,0,5,5,4,4,1,4,39,1,271,1,3,1,4,12,WS3
134933,4,5,5,4,4,1,4,45,1,274,1,2,0,4,12,WS3
843525,0,4,1,3,8,1,4,50,2,286,4,3,1,3,8,B13
843525,1,4,1,3,8,1,4,39,1,295,4,3,0,3,8,B13
843525,2,4,1,3,8,1,4,16,2,0,4,4,0,3,8,B13
772932,0,6,5,3,3,1,4,46,1,0,6,4,1,5,7,B25
772932,1,6,5,3,3,1,4,53,2,0,6,3,0,5,7,B25
772932,3,6,5,3,3,1,4,19,2,0,6,2,0,5,7,B25
772932,4,6,5,3,3,1,4,17,1,0,6,2,0,5,7,B25
856770,0,4,3,3,5,2,4,39,1,293,1,3,1,2,2,B72
856770,1,4,3,3,5,2,4,40,2,333,1,3,0,2,2,B72
364514,0,4,3,4,1,1,4,43,1,260,5,1,1,3,2,B65
364514,1,4,3,4,1,1,4,25,2,218,5,2,0,3,2,B65
364514,4,4,3,4,1,1,4,13,1,0,5,4,0,3,2,B65
935855,0,3,3,2,8,1,4,34,1,273,1,3,1,2,13,WS3
935855,1,3,3,2,8,1,4,35,2,241,1,3,0,2,13,WS3
259062,0,4,1,2,5,2,4,32,1,241,1,3,1,2,10,WS3
259062,1,4,1,2,5,2,4,33,2,266,1,2,0,2,10,WS3
250841,0,2,3,4,4,1,4,42,1,194,1,3,1,1,13,B23
125758,0,3,3,1,2,0,3,37,1,168,5,3,1,3,6,OL16
125758,1,3,3,1,2,0,3,67,2,0,5,1,0,3,6,OL16
125758,2,3,3,1,2,0,3,66,1,0,5,1,0,3,6,OL16
639636,2,3,4,5,5,0,4,38,1,0,1,2,0,3,1,B92
273356,0,2,5,6,3,0,3,64,1,252,1,2,1,2,13,OL4
273356,1,2,5,6,3,0,3,63,2,259,1,3,0,2,13,OL4
32818,0,4,4,3,1,2,4,38,1,260,1,3,1,2,10,B76
32818,1,4,4,3,1,2,4,39,2,261,1,3,0,2,10,B76
910908,0,2,3,4,3,1,3,49,1,287,1,2,1,1,12,M26
167472,0,3,3,3,4,1,4,42,2,252,4,3,1,2,4,B31
858705,0,4,5,4,4,2,4,48,1,248,3,3,1,2,13,B24
858705,1,4,5,4,4,2,4,43,2,271,3,3,0,2,13,B24
389282,0,3,3,5,6,0,4,52,1,0,1,1,1,3,13,B36
389282,1,3,3,5,6,0,4,25,1,0,1,3,0,3,13,B36
38229,0,1,5,6,1,0,3,64,1,246,1,2,1,1,7,M27
173107,0,5,1,2,0,3,3,38,1,209,5,3,1,2,13,OL12
173107,1,5,1,2,0,3,3,42,2,286,5,3,0,2,13,OL12
338289,0,2,5,6,0,0,4,52,2,357,1,3,1,2,11,B37
338289,1,2,5,6,0,0,4,27,2,0,1,3,0,2,11,B37
452124,0,5,5,3,0,2,4,48,2,268,5,3,1,3,7,B28
452124,1,5,5,3,0,2,4,40,1,257,5,3,0,3,7,B28
452124,2,5,5,3,0,2,4,17,1,0,5,4,0,3,7,B28
452124,3,5,5,3,0,2,4,15,2,0,5,4,0,3,7,B28
254580,0,2,3,1,6,0,4,33,1,312,8,3,1,2,1,B43
254580,1,2,3,1,6,0,4,34,2,273,8,2,0,2,1,B43
249968,0,3,5,3,1,1,3,50,1,269,1,2,1,2,1,OL2
97533,0,2,3,6,0,0,3,61,1,244,1,2,1,2,11,OL4
375524,0,3,3,5,6,0,4,54,1,0,1,2,1,3,10,B48
927764,0,4,1,4,3,2,3,39,1,204,13,3,1,2,2,M28
927764,1,4,1,4,3,2,3,40,2,307,13,3,0,2,2,M28
504601,0,4,3,5,3,0,3,46,2,0,5,3,1,4,12,M19
504601,1,4,3,5,3,0,3,48,1,0,5,3,0,4,12,M19
504601,2,4,3,5,3,0,3,26,2,0,5,3,0,4,12,M19
504601,3,4,3,5,3,0,3,20,2,0,5,3,0,4,12,M19
880282,0,3,1,3,0,1,3,43,1,0,15,3,1,2,13,M9
41280,0,6,4,5,2,0,4,53,1,234,5,2,1,6,10,B66
41280,1,6,4,5,2,0,4,33,1,204,5,3,0,6,10,B66
518066,0,2,5,6,5,0,3,57,2,197,1,2,1,2,12,BL6
240822,0,6,4,3,0,2,3,66,1,378,1,1,1,4,13,BL4
240822,1,6,4,3,0,2,3,30,1,317,1,2,0,4,13,BL4
240822,2,6,4,3,0,2,3,62,2,255,1,1,0,4,13,BL4
981967,0,3,5,3,0,1,3,39,1,0,5,2,1,2,13,BL3
981967,1,3,5,3,0,1,3,38,2,0,5,2,0,2,13,BL3
895687,0,3,5,1,7,0,3,27,2,0,1,2,1,3,4,OL12
679962,0,8,3,3,3,6,4,44,1,257,4,2,1,2,2,B26
679514,0,1,3,6,6,0,4,55,2,0,4,3,1,1,12,WS10
219741,0,5,3,5,0,0,3,52,1,280,1,3,1,5,13,M6
219741,1,5,3,5,0,0,3,52,2,280,1,3,0,5,13,M6
331812,0,3,6,1,0,0,3,29,2,0,4,3,1,3,12,BL3
331812,1,3,6,1,0,0,3,71,2,0,4,4,0,3,12,BL3
331812,2,3,6,1,0,0,3,25,1,121,4,3,0,3,12,BL3
331812,3,3,6,1,0,0,3,63,1,0,4,4,0,3,12,BL3
635420,0,1,5,1,4,0,4,34,2,265,1,2,1,1,13,DY4
675723,0,4,1,4,8,1,3,52,1,242,1,3,1,3,2,M38
675723,2,4,1,4,8,1,3,18,1,0,1,4,0,3,2,M38
338990,0,3,3,1,5,0,3,31,2,313,6,3,1,3,7,OL9
752121,0,4,5,4,7,1,4,42,1,0,4,3,1,3,2,WS5
263124,0,1,1,1,4,0,4,44,2,268,6,3,1,1,7,B42
478156,0,3,6,1,2,0,4,41,1,0,5,3,1,3,2,B10
665258,0,2,5,4,2,1,4,49,1,224,1,3,1,1,13,B24
665258,1,2,5,4,2,1,4,14,2,0,1,4,0,1,13,B24
182045,0,4,1,3,6,2,3,42,1,0,1,3,1,2,11,SK4
182045,1,4,1,3,6,2,3,43,2,0,1,3,0,2,11,SK4
656655,0,1,4,6,2,0,3,65,2,296,1,2,1,1,12,OL12
983739,0,2,5,1,2,0,3,41,2,261,1,3,1,2,13,OL6
983739,1,2,5,1,2,0,3,52,1,0,1,3,0,2,13,OL6
684259,0,4,6,1,1,0,4,30,2,0,1,3,1,4,13,B69
684259,1,4,6,1,1,0,4,60,2,0,1,1,0,4,13,B69
684259,2,4,6,1,1,0,4,60,1,0,1,1,0,4,13,B69
684259,3,4,6,1,1,0,4,26,2,0,1,2,0,4,13,B69
388981,0,2,1,7,4,0,4,80,1,239,1,3,1,2,8,B93
937050,0,4,3,3,2,2,4,33,1,236,6,3,1,2,12,B8
937050,1,4,3,3,2,2,4,36,2,234,6,3,0,2,12,B8
867237,0,4,3,5,8,0,3,53,1,207,1,3,1,4,13,M33
867237,1,4,3,5,8,0,3,53,2,238,1,3,0,4,13,M33
867237,2,4,3,5,8,0,3,24,1,186,1,2,0,4,13,M33
561781,0,3,3,5,7,0,3,60,2,214,13,3,1,3,13,M18
140743,0,1,3,7,3,0,3,71,2,231,1,1,1,1,12,M33
87786,0,9,3,2,6,1,4,25,1,201,5,3,1,8,7,B67
87786,1,9,3,2,6,1,4,52,2,0,5,2,0,8,7,B67
87786,2,9,3,2,6,1,4,50,1,0,5,2,0,8,7,B67
977485,0,2,3,1,7,0,3,34,1,270,1,3,1,2,12,BL1
977485,1,2,3,1,7,0,3,42,2,187,1,3,0,2,12,BL1
763880,0,4,1,3,5,2,4,43,1,252,1,3,1,2,12,B92
763880,1,4,1,3,5,2,4,47,2,229,1,3,0,2,12,B92
989687,0,4,3,5,4,0,4,55,2,230,4,3,1,4,8,B36
989687,1,4,3,5,4,0,4,52,1,246,4,3,0,4,8,B36
425166,0,2,4,6,8,0,3,57,1,281,1,3,1,2,11,WA15
757197,0,3,1,4,8,1,4,37,1,247,1,3,1,2,4,DY3
757197,2,3,1,4,8,1,4,39,2,245,1,3,0,2,4,DY3
475738,0,2,1,6,8,0,4,49,1,301,1,2,1,2,13,DY5
475738,1,2,1,6,8,0,4,56,2,329,1,2,0,2,13,DY5
554978,0,1,3,6,3,0,3,64,1,237,1,1,1,1,13,M18
939399,0,1,6,7,2,0,3,76,2,214,1,3,1,1,13,OL2
621334,0,5,3,3,4,2,4,37,1,291,99,3,1,3,4,B61
621334,2,5,3,3,4,2,4,37,2,311,99,2,0,3,4,B61
123755,0,2,3,6,5,0,3,47,1,186,1,3,1,2,12,M33
925695,0,4,4,1,5,0,3,42,1,0,1,1,1,4,12,M9
925695,1,4,4,1,5,0,3,21,1,0,1,2,0,4,12,M9
549193,0,2,3,6,0,0,4,61,1,287,1,2,1,2,2,B42
182392,0,3,5,4,3,1,4,49,1,257,1,2,1,2,13,B68
182392,1,3,5,4,3,1,4,53,2,239,1,2,0,2,13,B68
182392,2,3,5,4,3,1,4,15,1,0,1,4,0,2,13,B68
451393,0,6,5,3,3,4,3,46,1,0,5,3,1,2,13,OL11
451393,1,6,5,3,3,4,3,45,2,0,5,3,0,2,13,OL11
451393,2,6,5,3,3,4,3,15,1,0,5,4,0,2,13,OL11
648124,0,5,3,2,3,3,4,37,1,0,4,2,1,2,13,WS1
648124,1,5,3,2,3,3,4,40,2,0,4,3,0,2,13,WS1
158823,0,3,1,3,7,1,3,43,1,252,15,3,1,2,10,BL6
984280,0,4,3,2,4,2,4,30,1,0,1,3,1,2,12,WS1
216937,0,5,5,3,0,3,4,37,1,0,5,3,1,2,8,B20
750804,0,4,3,5,5,0,4,56,2,0,1,3,1,4,13,B68
750804,1,4,3,5,5,0,4,49,1,0,1,2,0,4,13,B68
750804,2,4,3,5,5,0,4,23,1,0,1,4,0,4,13,B68
750804,3,4,3,5,5,0,4,18,1,0,1,4,0,4,13,B68
363095,0,3,1,5,4,0,4,61,2,277,1,2,1,3,12,B63
363095,1,3,1,5,4,0,4,63,1,314,1,2,0,3,12,B63
363095,2,3,1,5,4,0,4,21,1,280,1,4,0,3,12,B63
600828,0,4,3,5,6,0,4,50,1,216,4,3,1,4,13,B74
600828,1,4,3,5,6,0,4,54,2,219,4,3,0,4,13,B74
600828,2,4,3,5,6,0,4,22,2,220,4,4,0,4,13,B74
368981,0,5,3,3,8,3,3,49,2,228,4,3,1,2,9,M18
409779,0,3,3,4,2,1,4,48,1,334,1,2,1,2,12,B78
409779,1,3,3,4,2,1,4,16,1,0,1,4,0,2,12,B78
98750,0,2,3,7,2,0,4,76,2,277,1,2,1,2,0,B63
900557,0,6,4,4,3,3,4,50,1,0,6,3,1,3,13,B27
900557,1,6,4,4,3,3,4,53,2,0,6,2,0,3,13,B27
132828,0,5,5,2,0,3,4,37,1,0,0,3,1,2,13,B11
132828,1,5,5,2,0,3,4,38,2,0,0,3,0,2,13,B11
586000,0,1,1,6,8,0,3,58,1,252,99,3,1,1,13,OL2
322514,0,2,3,7,4,0,4,77,1,205,1,2,1,2,6,CV7
322514,1,2,3,7,4,0,4,84,2,256,1,2,0,2,6,CV7
25336,0,2,3,7,0,0,4,70,2,0,1,3,1,2,12,B91
25336,1,2,3,7,0,0,4,69,1,0,1,3,0,2,12,B91
25336,4,2,3,7,0,0,4,27,1,0,1,3,0,2,12,B91
312579,0,1,5,6,1,0,3,63,2,123,0,3,1,1,8,M14
579621,0,1,3,6,3,0,3,50,2,362,1,3,1,1,13,M26
774262,0,1,3,6,2,0,4,56,1,312,1,3,1,1,13,B70
39933,0,3,1,3,5,1,3,43,1,230,15,3,1,2,4,WA15
418341,0,4,1,5,2,0,4,55,1,289,5,3,1,4,13,B11
240353,0,5,3,3,0,3,4,40,1,205,8,3,1,2,7,B73
3820,0,1,3,6,0,0,3,64,1,244,1,2,1,1,13,SK4
337298,0,5,5,5,3,0,4,47,2,248,5,3,1,5,13,B6
337298,1,5,5,5,3,0,4,45,1,238,5,2,0,5,13,B6
337298,2,5,5,5,3,0,4,22,2,221,5,2,0,5,13,B6
337298,3,5,5,5,3,0,4,21,1,188,5,4,0,5,13,B6
337298,4,5,5,5,3,0,4,18,1,206,5,4,0,5,13,B6
104849,0,2,3,6,5,0,4,62,1,288,1,2,1,2,11,B38
881584,0,3,3,3,6,1,4,38,1,215,1,3,1,2,12,B32
835557,0,1,3,6,3,0,4,47,1,339,1,3,1,1,12,B69
957502,0,2,6,7,2,0,4,81,1,181,1,1,1,2,13,DY5
6423,0,2,5,1,6,0,3,34,1,280,3,3,1,2,1,M18
672370,0,1,3,6,3,0,4,56,1,236,1,2,1,1,13,B14
737503,0,3,3,4,6,1,4,38,2,248,1,2,1,2,13,B69
543533,0,3,4,4,4,1,3,42,1,335,3,3,1,2,13,M24
532243,0,1,3,6,3,0,3,56,1,227,3,3,1,1,10,M16
744692,0,6,3,3,8,3,4,43,1,241,5,3,1,3,12,B36
744692,1,6,3,3,8,3,4,46,2,262,5,3,0,3,12,B36
855885,0,1,5,6,3,0,4,55,1,338,1,1,1,1,6,DY1
588996,0,6,5,4,1,2,4,38,1,319,0,4,1,4,1,B8
668719,0,5,5,1,3,0,4,30,1,0,1,2,1,5,1,WV13
668719,2,5,5,1,3,0,4,59,2,0,1,2,0,5,1,WV13
589641,0,4,3,3,4,2,3,37,1,0,1,3,1,2,3,M30
498280,0,2,5,1,4,0,4,43,1,188,1,3,1,2,13,DY4
498280,1,2,5,1,4,0,4,45,2,227,1,3,0,2,13,DY4
131336,0,4,5,5,2,0,3,50,2,248,3,2,1,4,13,M15
131336,1,4,5,5,2,0,3,52,2,248,3,1,0,4,13,M15
131336,2,4,5,5,2,0,3,20,2,262,3,1,0,4,13,M15
131336,3,4,5,5,2,0,3,18,2,317,3,2,0,4,13,M15
853349,0,4,3,4,4,1,3,45,1,294,5,3,1,3,13,M8
853349,1,4,3,4,4,1,3,48,2,285,5,3,0,3,13,M8
853349,2,4,3,4,4,1,3,22,1,170,5,4,0,3,13,M8
853349,3,4,3,4,4,1,3,16,2,0,5,4,0,3,13,M8
276737,0,5,5,4,3,1,4,39,1,413,1,2,1,4,1,B69
227183,0,2,3,7,2,0,3,78,2,313,1,1,1,2,13,BL1
227183,1,2,3,7,2,0,3,70,1,0,1,3,0,2,13,BL1
538673,0,4,5,3,3,2,4,36,2,329,3,3,1,2,2,B66
538673,1,4,5,3,3,2,4,34,1,221,3,3,0,2,2,B66
542043,0,1,5,1,3,0,4,34,1,280,1,3,1,1,6,WS3
659486,0,3,3,4,2,1,4,50,1,0,1,3,1,2,10,DY5
659486,2,3,3,4,2,1,4,56,2,0,1,2,0,2,10,DY5
737296,0,3,3,3,3,1,4,36,1,208,3,3,1,2,8,B61
737296,1,3,3,3,3,1,4,53,2,243,3,3,0,2,8,B61
994347,0,3,3,3,3,1,3,36,1,0,0,3,1,2,13,M18
994347,1,3,3,3,3,1,3,16,1,0,0,4,0,2,13,M18
274901,0,3,6,4,0,1,3,44,1,0,1,2,1,2,13,M27
653839,0,1,3,6,3,0,4,63,2,241,5,3,1,1,13,B8
58070,0,2,3,6,5,0,3,59,1,281,1,3,1,2,8,M26
58070,1,2,3,6,5,0,3,75,2,339,1,2,0,2,8,M26
936937,0,1,3,6,5,0,4,64,2,225,4,3,1,1,13,B68
192785,0,4,3,3,3,2,3,35,1,321,5,3,1,2,6,BL9
75215,0,4,1,4,4,2,4,44,1,244,6,3,1,2,12,DY1
75215,1,4,1,4,4,2,4,44,2,0,6,3,0,2,12,DY1
645167,0,4,3,3,5,2,3,42,1,0,1,2,1,2,13,M19
645167,2,4,3,3,5,2,3,48,2,0,1,2,0,2,13,M19
835765,0,4,3,3,6,2,4,45,1,434,11,3,1,2,2,B61
303238,0,2,1,1,8,0,3,38,2,232,1,3,1,2,9,SK4
303238,1,2,1,1,8,0,3,36,1,202,1,3,0,2,9,SK4
708676,0,3,5,4,3,1,4,47,1,233,3,3,1,2,13,B31
708676,1,3,5,4,3,1,4,52,2,249,3,2,0,2,13,B31
708676,2,3,5,4,3,1,4,18,1,189,3,4,0,2,13,B31
828117,0,5,3,4,2,1,4,39,1,0,99,0,1,4,3,B20
828117,1,5,3,4,2,1,4,43,2,0,99,0,0,4,3,B20
6860,1,2,5,1,2,0,4,38,2,312,3,1,0,2,13,B11
42449,0,1,3,6,2,0,4,55,2,550,0,2,1,1,13,B24
856882,0,3,3,3,3,1,4,48,2,258,4,3,1,2,4,B16
856882,4,3,3,3,3,1,4,38,1,0,4,2,0,2,4,B16
978947,0,4,4,3,2,2,4,37,1,329,1,3,1,2,7,B25
978947,1,4,4,3,2,2,4,43,2,324,1,2,0,2,7,B25
715943,0,5,3,4,6,2,3,39,1,194,1,2,1,3,13,BL9
715943,1,5,3,4,6,2,3,43,2,219,1,2,0,3,13,BL9
715943,2,5,3,4,6,2,3,18,2,135,1,2,0,3,13,BL9
715943,3,5,3,4,6,2,3,15,1,0,1,2,0,3,13,BL9
158039,0,4,3,5,4,0,4,57,1,240,1,2,1,4,13,WV14
158039,1,4,3,5,4,0,4,55,2,286,1,2,0,4,13,WV14
158039,3,4,3,5,4,0,4,23,1,157,1,2,0,4,13,WV14
660839,0,11,1,2,4,6,3,53,2,264,1,3,1,5,13,BL5
660839,1,11,1,2,4,6,3,46,1,317,1,3,0,5,13,BL5
660839,2,11,1,2,4,6,3,23,2,178,1,4,0,5,13,BL5
660839,3,11,1,2,4,6,3,21,2,0,1,4,0,5,13,BL5
660839,4,11,1,2,4,6,3,18,1,0,1,4,0,5,13,BL5
660839,5,11,1,2,4,6,3,15,2,0,1,4,0,5,13,BL5
333670,0,4,3,2,7,2,3,41,2,0,1,3,1,2,13,OL12
333670,1,4,3,2,7,2,3,40,1,0,1,3,0,2,13,OL12
804649,0,2,3,7,0,0,4,73,1,0,1,2,1,2,13,B92
804649,1,2,3,7,0,0,4,40,2,0,1,3,0,2,13,B92
920331,0,6,5,3,3,1,3,51,1,0,2,3,1,5,10,M6
9052,0,1,3,1,3,0,4,27,1,0,13,3,1,1,9,B29
450583,0,3,4,2,7,1,3,32,1,0,3,3,1,2,8,BL9
366288,0,6,5,3,2,3,4,37,1,287,6,3,1,3,5,B32
366288,1,6,5,3,2,3,4,39,2,292,6,3,0,3,5,B32
423864,0,3,1,1,8,0,3,38,2,301,1,3,1,3,10,OL3
455074,0,3,1,5,0,0,3,58,1,229,1,3,1,3,13,OL9
455074,1,3,1,5,0,0,3,63,2,248,1,2,0,3,13,OL9
455074,2,3,1,5,0,0,3,23,2,195,1,3,0,3,13,OL9
818849,0,1,1,1,4,0,3,35,1,290,1,3,1,1,13,BL9
550307,1,1,4,7,0,0,4,72,1,0,1,2,1,1,9,DY3
795435,1,3,3,3,3,1,4,37,2,278,5,3,0,2,0,B11
571723,0,4,1,3,6,2,4,38,1,333,1,3,1,2,10,DY9
62866,0,4,5,5,4,0,3,49,1,283,1,3,1,4,2,BL1
62866,1,4,5,5,4,0,3,58,2,221,1,2,0,4,2,BL1
599892,0,4,3,3,0,2,4,47,1,0,13,3,1,2,12,B44
599892,1,4,3,3,0,2,4,48,2,0,13,3,0,2,12,B44
82546,0,1,3,1,3,0,3,38,1,255,1,3,1,1,4,M28
544293,0,7,1,2,4,5,3,36,1,0,1,2,1,2,5,M8
544293,1,7,1,2,4,5,3,39,2,0,1,2,0,2,5,M8
378949,0,4,6,1,3,0,3,43,1,282,1,2,1,4,13,M26
378949,1,4,6,1,3,0,3,45,2,369,1,2,0,4,13,M26
378949,2,4,6,1,3,0,3,19,2,324,1,2,0,4,13,M26
180402,0,2,3,1,0,0,4,35,1,192,1,3,1,2,11,B73
180402,1,2,3,1,0,0,4,35,2,224,1,3,0,2,11,B73
236724,0,4,5,3,3,2,4,39,1,207,3,3,1,2,1,B14
236724,1,4,5,3,3,2,4,43,2,275,3,2,0,2,1,B14
961967,0,4,6,3,3,2,3,55,2,339,1,2,1,2,6,M28
961967,1,4,6,3,3,2,3,47,1,208,1,2,0,2,6,M28
143366,0,2,3,1,6,0,3,35,2,206,1,2,1,2,13,M11
143366,1,2,3,1,6,0,3,31,2,255,1,3,0,2,13,M11
690936,0,1,6,1,2,0,4,41,1,360,5,2,1,1,11,B13
261466,0,8,3,2,0,3,4,37,2,252,4,3,1,5,4,B66
261466,2,8,3,2,0,3,4,39,1,311,4,3,0,5,4,B66
261466,4,8,3,2,0,3,4,60,1,335,4,2,0,5,4,B66
777137,0,2,4,7,0,0,4,66,1,0,8,3,1,2,10,B16
777137,1,2,4,7,0,0,4,25,1,298,8,3,0,2,10,B16
963991,0,4,5,2,8,2,4,33,1,0,1,2,1,2,12,CV7
963991,1,4,5,2,8,2,4,39,2,0,1,2,0,2,12,CV7
479288,0,3,1,2,8,1,3,38,1,0,1,3,1,2,7,OL6
479288,1,3,1,2,8,1,3,36,2,0,1,3,0,2,7,OL6
895354,0,4,4,4,4,2,4,39,1,0,3,3,1,2,11,B71
895354,1,4,4,4,4,2,4,40,2,0,3,3,0,2,11,B71
895354,2,4,4,4,4,2,4,15,2,0,3,4,0,2,11,B71
477251,0,5,4,2,5,3,3,35,2,257,4,3,1,2,1,M23
477251,1,5,4,2,5,3,3,35,1,235,4,3,0,2,1,M23
939812,0,3,4,3,6,1,3,38,1,248,1,3,1,2,13,BL1
939812,1,3,4,3,6,1,3,35,2,0,1,3,0,2,13,BL1
52013,0,3,6,3,0,2,3,33,1,0,12,3,1,1,10,M22
733977,0,4,3,1,3,0,4,43,1,181,1,1,1,4,13,WS3
733977,1,4,3,1,3,0,4,57,2,0,1,2,0,4,13,WS3
733977,2,4,3,1,3,0,4,26,2,0,1,2,0,4,13,WS3
733977,3,4,3,1,3,0,4,25,2,0,1,1,0,4,13,WS3
717308,0,3,6,5,1,0,4,45,1,279,5,3,1,3,5,B8
717308,2,3,6,5,1,0,4,20,2,257,5,4,0,3,5,B8
843658,0,3,5,4,2,1,4,44,1,237,10,3,1,2,13,WS3
843658,1,3,5,4,2,1,4,49,2,319,10,3,0,2,13,WS3
572388,0,4,4,4,4,2,4,42,1,188,1,3,1,2,5,B67
572388,1,4,4,4,4,2,4,43,2,323,1,2,0,2,5,B67
260334,0,2,3,6,5,0,3,49,2,382,1,2,1,2,12,OL4
488823,0,3,1,3,4,1,3,41,1,0,1,3,1,2,7,BL3
488823,1,3,1,3,4,1,3,45,2,0,1,3,0,2,7,BL3
616301,0,3,6,5,6,0,4,50,1,348,1,2,1,3,13,B61
616301,1,3,6,5,6,0,4,24,1,348,1,3,0,3,13,B61
616301,2,3,6,5,6,0,4,22,2,284,1,2,0,3,13,B61
906647,0,5,6,3,3,4,3,38,1,352,1,3,1,1,1,WA15
468273,0,1,6,1,3,0,4,37,1,260,13,3,1,1,13,B13
974220,0,3,1,2,4,1,3,36,1,0,1,3,1,2,12,M27
974220,1,3,1,2,4,1,3,38,2,0,1,3,0,2,12,M27
780547,0,6,3,2,2,3,4,35,1,0,99,0,1,3,12,B19
780547,1,6,3,2,2,3,4,38,2,0,99,0,0,3,12,B19
832477,0,2,1,6,8,0,4,46,1,197,1,3,1,2,12,B91
832477,1,2,1,6,8,0,4,62,2,205,1,3,0,2,12,B91
623989,0,4,5,3,5,2,4,37,1,0,5,3,1,2,13,B14
623989,1,4,5,3,5,2,4,43,2,0,5,3,0,2,13,B14
361750,0,3,3,2,3,2,4,37,1,0,12,3,1,1,4,B24
821277,0,3,1,2,7,1,4,32,1,271,5,3,1,2,9,B13
821277,1,3,1,2,7,1,4,32,2,215,5,3,0,2,9,B13
661578,0,1,5,1,2,0,4,36,2,226,4,3,1,1,1,B13
425910,0,4,4,2,3,2,4,31,1,355,1,3,1,2,12,WS4
425910,1,4,4,2,3,2,4,33,2,231,1,3,0,2,12,WS4
319549,0,4,3,2,7,2,4,39,1,198,1,2,1,2,2,B76
154319,0,8,4,2,2,5,4,35,1,0,8,3,1,3,9,B45
154319,1,8,4,2,2,5,4,35,2,0,8,1,0,3,9,B45
842243,0,2,3,7,0,0,3,80,2,0,1,1,1,2,11,M28
842243,1,2,3,7,0,0,3,79,1,0,1,1,0,2,11,M28
978856,0,2,4,6,5,0,4,48,1,236,3,3,1,2,13,B11
978856,1,2,4,6,5,0,4,45,2,270,3,2,0,2,13,B11
978856,2,2,4,6,5,0,4,28,1,199,3,3,0,2,13,B11
978856,3,2,4,6,5,0,4,24,2,225,3,3,0,2,13,B11
893923,0,3,3,3,5,1,3,39,1,0,1,3,1,2,0,M44
897719,0,2,4,3,4,1,3,29,1,247,3,3,1,1,2,OL8
654544,0,2,1,6,7,0,4,45,2,261,15,3,1,2,13,B62
654544,1,2,1,6,7,0,4,37,2,182,15,3,0,2,13,B62
852938,0,1,3,1,4,0,3,36,2,282,1,3,1,1,6,B23
415758,0,1,3,7,2,0,4,68,1,280,1,1,1,1,13,B65
825908,0,2,3,6,3,0,3,64,1,285,1,1,1,2,13,M24
838250,0,6,4,2,6,4,4,30,1,0,99,2,1,2,7,WV14
838250,1,6,4,2,6,4,4,41,2,247,99,2,0,2,7,WV14
684617,0,5,5,3,5,3,3,41,1,324,99,3,1,2,5,OL2
579203,0,2,3,1,4,0,4,40,2,207,99,3,1,2,9,B16
579203,1,2,3,1,4,0,4,38,1,233,99,3,0,2,9,B16
428596,0,5,3,2,4,2,3,41,1,338,1,2,1,3,3,M26
953227,0,4,1,2,8,2,3,34,1,211,1,3,1,2,12,SK4
953227,1,4,1,2,8,2,3,35,2,229,1,3,0,2,12,SK4
30048,0,7,5,3,1,2,4,38,1,242,6,2,1,5,6,B14
30048,2,7,5,3,1,2,4,45,2,185,6,2,0,5,6,B14
676521,0,4,4,2,8,2,3,44,1,399,3,3,1,2,13,M44
676521,1,4,4,2,8,2,3,45,2,242,3,3,0,2,13,M44
262521,0,4,3,5,0,0,4,46,1,474,5,3,1,4,7,B13
262521,2,4,3,5,0,0,4,52,2,316,5,3,0,4,7,B13
262521,3,4,3,5,0,0,4,23,2,258,5,4,0,4,7,B13
61043,0,4,3,2,8,2,4,35,1,206,1,2,1,2,13,B60
61043,1,4,3,2,8,2,4,42,2,250,1,3,0,2,13,B60
644272,0,2,5,6,3,0,4,56,1,262,1,2,1,2,12,WS3
644272,1,2,5,6,3,0,4,29,2,232,1,3,0,2,12,WS3
968382,0,4,5,3,3,2,4,27,1,280,1,2,1,2,13,WS3
789216,0,5,3,2,4,3,4,41,2,242,1,3,1,2,13,B31
789216,1,5,3,2,4,3,4,40,1,201,1,3,0,2,13,B31
241594,0,4,3,3,3,2,3,38,1,271,5,3,1,2,12,OL12
241594,1,4,3,3,3,2,3,41,2,285,5,3,0,2,12,OL12
241594,2,4,3,3,3,2,3,14,2,0,5,4,0,2,12,OL12
671003,0,7,3,3,0,3,4,42,1,0,6,2,1,4,6,B26
671003,1,7,3,3,0,3,4,47,2,0,6,3,0,4,6,B26
671003,2,7,3,3,0,3,4,21,2,0,6,4,0,4,6,B26
671003,3,7,3,3,0,3,4,17,2,0,6,4,0,4,6,B26
497439,0,4,3,4,2,2,3,39,2,249,5,3,1,2,13,OL16
497439,1,4,3,4,2,2,3,39,1,261,5,3,0,2,13,OL16
880186,0,3,6,2,0,1,4,28,1,218,3,2,1,2,6,B21
340395,0,4,4,4,2,1,3,44,2,0,99,0,1,3,13,WA3
340395,1,4,4,4,2,1,3,16,2,0,99,0,0,3,13,WA3
340395,3,4,4,4,2,1,3,43,1,0,99,0,0,3,13,WA3
90472,0,3,4,2,5,1,3,33,2,280,1,2,1,2,9,BL1
847857,0,5,3,2,8,3,4,42,1,291,1,2,1,2,10,B67
847857,1,5,3,2,8,3,4,44,2,404,1,2,0,2,10,B67
46663,0,3,3,4,6,1,3,37,1,279,1,2,1,2,3,M24
206788,0,5,3,3,7,2,4,64,1,350,1,3,1,3,12,B14
206788,5,5,3,3,7,2,4,35,2,301,1,2,0,3,12,B14
206788,6,5,3,3,7,2,4,34,1,299,1,2,0,3,12,B14
626926,0,4,3,2,0,2,4,39,1,240,4,3,1,2,5,B70
626926,1,4,3,2,0,2,4,39,2,0,4,3,0,2,5,B70
687888,0,4,4,1,0,0,4,35,2,257,0,3,1,4,10,B11
687888,1,4,4,1,0,0,4,71,2,292,0,3,0,4,10,B11
876699,0,3,1,2,8,1,4,39,1,483,1,3,1,2,13,B30
876699,1,3,1,2,8,1,4,41,2,354,1,3,0,2,13,B30
407634,0,1,5,1,0,0,4,32,1,0,99,0,1,1,8,B10
318709,0,1,3,7,0,0,4,69,1,192,1,3,1,1,13,WS2
173788,0,5,4,3,1,2,4,44,1,0,5,3,1,3,9,B11
173788,2,5,4,3,1,2,4,21,1,0,5,3,0,3,9,B11
834240,0,2,3,1,0,0,4,40,1,0,1,3,1,2,12,WS3
834240,1,2,3,1,0,0,4,41,2,0,1,3,0,2,12,WS3
404278,0,4,5,1,1,0,4,44,2,257,5,2,1,4,11,B20
404278,1,4,5,1,1,0,4,47,1,233,5,2,0,4,11,B20
785142,0,1,3,7,2,0,4,66,2,277,1,2,1,1,12,B26
995157,0,9,4,2,2,6,4,40,2,395,5,3,1,3,13,B10
995157,1,9,4,2,2,6,4,63,1,266,5,1,0,3,13,B10
995157,2,9,4,2,2,6,4,36,1,197,5,1,0,3,13,B10
995157,3,9,4,2,2,6,4,15,1,0,5,4,0,3,13,B10
995157,4,9,4,2,2,6,4,14,1,0,5,4,0,3,13,B10
578188,0,3,1,2,5,1,3,32,2,0,1,4,1,2,12,OL1
578188,1,3,1,2,5,1,3,30,1,0,1,4,0,2,12,OL1
461143,0,5,1,5,8,0,4,51,2,0,3,0,1,5,5,B24
461143,1,5,1,5,8,0,4,49,2,0,3,0,0,5,5,B24
461143,2,5,1,5,8,0,4,25,2,0,3,0,0,5,5,B24
461143,3,5,1,5,8,0,4,25,1,0,3,0,0,5,5,B24
461143,4,5,1,5,8,0,4,47,1,0,3,0,0,5,5,B24
263679,0,2,1,1,0,0,3,44,2,235,1,3,1,2,10,M4
263679,1,2,1,1,0,0,3,36,2,385,1,3,0,2,10,M4
263679,3,2,1,1,0,0,3,69,1,0,1,2,0,2,10,M4
375120,0,3,5,5,2,0,4,49,1,192,6,3,1,3,11,B10
375120,1,3,5,5,2,0,4,60,2,221,6,2,0,3,11,B10
375120,2,3,5,5,2,0,4,22,2,204,6,4,0,3,11,B10
587072,0,1,4,1,2,0,4,36,1,227,0,3,1,1,10,B29
700876,0,3,4,3,0,2,3,37,1,257,5,2,1,1,4,OL10
87037,0,3,1,4,8,1,3,50,2,0,1,3,1,2,11,M33
87037,1,3,1,4,8,1,3,47,1,0,1,3,0,2,11,M33
87037,2,3,1,4,8,1,3,13,2,0,1,4,0,2,11,M33
848570,0,6,5,4,0,1,4,45,1,0,5,2,1,5,13,B13
848570,1,6,5,4,0,1,4,24,2,0,5,3,0,5,13,B13
848570,2,6,5,4,0,1,4,52,2,0,5,2,0,5,13,B13
848570,3,6,5,4,0,1,4,21,2,0,5,3,0,5,13,B13
554102,0,6,6,3,2,4,4,42,1,247,5,2,1,2,13,B13
554102,1,6,6,3,2,4,4,36,2,203,5,3,0,2,13,B13
554102,2,6,6,3,2,4,4,14,1,0,5,4,0,2,13,B13
408199,0,4,3,4,4,2,4,45,2,0,99,0,1,2,13,B13
96261,0,1,3,6,3,0,4,52,1,0,0,3,1,1,6,B24
588968,0,4,6,2,2,2,3,38,1,295,1,2,1,2,13,BL2
475451,0,4,3,2,4,2,4,43,1,239,4,3,1,2,13,B65
475451,1,4,3,2,4,2,4,44,2,0,4,3,0,2,13,B65
917661,0,1,5,1,2,0,4,44,1,313,3,2,1,1,13,B66
574846,0,3,3,4,6,1,3,45,1,0,1,2,1,2,13,OL12
574846,1,3,3,4,6,1,3,26,1,0,1,3,0,2,13,OL12
690171,0,4,4,4,0,1,4,46,1,0,1,2,1,3,12,B26
690171,1,4,4,4,0,1,4,48,2,0,1,2,0,3,12,B26
204935,0,3,5,4,2,1,4,46,1,199,1,2,1,2,12,DY1
204935,1,3,5,4,2,1,4,23,2,331,1,2,0,2,12,DY1
675621,0,4,1,3,8,2,4,39,2,287,1,3,1,2,9,B92
675621,1,4,1,3,8,2,4,41,1,311,1,3,0,2,9,B92
3619,0,2,6,6,2,0,4,50,1,379,1,2,1,2,13,B70
3619,1,2,6,6,2,0,4,44,1,332,1,2,0,2,13,B70
900957,0,1,1,6,5,0,4,51,1,321,1,3,1,1,13,B76
24410,0,3,3,5,4,0,4,56,2,331,1,2,1,3,13,B44
24410,1,3,3,5,4,0,4,61,1,273,1,2,0,3,13,B44
24410,2,3,3,5,4,0,4,21,2,207,1,2,0,3,13,B44
587854,0,1,4,6,3,0,3,50,2,0,1,2,1,1,11,M26
893922,0,1,5,1,2,0,4,35,1,199,0,3,1,1,13,B6
568257,0,3,1,3,7,1,3,29,1,252,5,3,1,2,13,OL16
568257,1,3,1,3,7,1,3,35,2,254,5,3,0,2,13,OL16
284890,0,4,4,3,5,2,4,42,1,243,3,3,1,2,12,B24
284890,1,4,4,3,5,2,4,43,2,292,3,2,0,2,12,B24
263466,0,2,5,7,3,0,3,77,2,215,1,2,1,2,13,WA3
263466,1,2,5,7,3,0,3,77,1,213,1,2,0,2,13,WA3
134615,0,5,3,2,3,3,3,39,1,306,13,3,1,2,12,M24
4223,0,3,3,3,8,1,3,35,1,346,1,3,1,2,4,M44
992064,0,4,3,2,5,2,4,35,1,247,3,3,1,2,12,B11
992064,1,4,3,2,5,2,4,38,2,252,3,3,0,2,12,B11
767796,0,3,3,4,2,1,4,37,1,0,1,2,1,2,7,WS9
767796,1,3,3,4,2,1,4,40,2,0,1,2,0,2,7,WS9
683078,0,5,5,1,2,0,4,26,1,246,4,3,1,5,1,B21
173782,0,1,3,1,2,0,4,44,2,204,0,2,1,1,12,B73
125543,0,3,4,3,3,1,4,30,1,0,1,3,1,2,13,DY2
125543,1,3,4,3,3,1,4,29,2,0,1,3,0,2,13,DY2
657373,0,1,4,1,1,0,4,36,1,203,1,3,1,1,11,B24
859563,0,3,1,3,5,1,4,46,1,0,1,3,1,2,12,B32
380756,0,4,4,5,3,0,4,51,2,275,5,3,1,4,12,B28
380756,1,4,4,5,3,0,4,86,1,236,5,4,0,4,12,B28
834137,0,1,3,7,2,0,4,72,2,262,1,3,1,1,11,B45
727380,0,7,3,2,2,2,3,28,1,200,4,3,1,5,7,BL1
727380,1,7,3,2,2,2,3,53,2,230,4,3,0,5,7,BL1
727380,2,7,3,2,2,2,3,55,1,280,4,3,0,5,7,BL1
727380,3,7,3,2,2,2,3,22,1,225,4,4,0,5,7,BL1
977928,0,4,3,4,3,3,3,45,1,259,13,2,1,1,10,M5
977928,1,4,3,4,3,3,3,15,1,0,13,4,0,1,10,M5
686363,0,4,3,2,7,2,4,40,2,252,6,3,1,2,13,B44
131821,0,3,3,2,6,1,4,41,2,0,0,3,1,2,13,B44
424360,1,3,5,3,5,1,4,25,1,218,5,3,0,2,13,B9
834739,0,4,3,5,0,0,4,68,1,0,0,3,1,4,13,B72
834739,1,4,3,5,0,0,4,75,2,0,0,2,0,4,13,B72
814974,0,1,4,1,3,0,4,24,2,293,5,3,1,1,1,B9
79693,0,3,3,1,3,0,4,28,1,250,1,4,1,3,4,B19
79693,1,3,3,1,3,0,4,32,2,257,1,4,0,3,4,B19
79693,2,3,3,1,3,0,4,19,1,196,1,4,0,3,4,B19
602745,0,1,3,6,2,0,3,52,1,238,1,2,1,1,1,OL16
321966,0,3,3,2,6,1,3,32,1,251,4,3,1,2,1,M14
874926,0,4,3,2,4,2,4,43,2,202,3,3,1,2,7,WV14
874926,1,4,3,2,4,2,4,32,1,314,3,3,0,2,7,WV14
482159,0,4,3,2,3,2,4,42,1,243,5,3,1,2,13,B17
482159,1,4,3,2,3,2,4,46,2,232,5,3,0,2,13,B17
519822,0,8,5,2,2,5,4,43,2,0,5,2,1,3,5,B19
519822,1,8,5,2,2,5,4,73,1,0,5,2,0,3,5,B19
519822,2,8,5,2,2,5,4,39,1,0,5,2,0,3,5,B19
18789,0,3,1,2,6,1,4,39,1,326,1,3,1,2,12,WV14
18789,1,3,1,2,6,1,4,39,2,0,1,3,0,2,12,WV14
188830,0,7,3,2,3,3,4,41,2,0,5,3,1,4,4,B11
387948,0,2,4,1,3,0,3,34,1,237,1,3,1,2,12,BL3
387948,1,2,4,1,3,0,3,37,2,0,1,2,0,2,12,BL3
192849,0,1,1,6,5,0,3,55,2,228,1,3,1,1,13,M23
880198,0,3,3,5,6,0,3,59,2,203,1,2,1,3,13,M26
880198,1,3,3,5,6,0,3,59,1,248,1,2,0,3,13,M26
853568,0,4,3,3,3,2,4,38,2,285,5,3,1,2,12,B36
853568,1,4,3,3,3,2,4,33,1,291,5,3,0,2,12,B36
696849,0,2,3,6,6,0,3,62,2,287,2,1,1,2,13,OL2
696849,1,2,3,6,6,0,3,66,1,363,2,1,0,2,13,OL2
144801,0,5,4,4,1,2,4,37,1,366,6,2,1,3,7,B19
144801,1,5,4,4,1,2,4,44,2,216,6,3,0,3,7,B19
124111,0,4,1,2,7,2,3,41,1,0,1,3,1,2,12,M26
124111,1,4,1,2,7,2,3,39,2,0,1,2,0,2,12,M26
133193,0,1,1,1,0,0,3,34,1,223,5,3,1,1,5,M5
423216,0,5,1,2,8,3,4,41,1,221,13,3,1,2,13,B13
696652,0,2,6,1,2,0,4,34,1,0,1,3,1,2,5,B31
696652,1,2,6,1,2,0,4,66,1,0,1,2,0,2,5,B31
465490,0,3,4,5,8,0,4,62,1,362,1,2,1,3,13,WS9
465490,1,3,4,5,8,0,4,65,2,339,1,2,0,3,13,WS9
612299,0,5,1,2,4,3,4,36,1,303,1,3,1,2,2,B98
33756,0,10,6,4,1,2,3,50,1,0,99,0,1,8,3,BL3
33756,3,10,6,4,1,2,3,34,2,0,99,0,0,8,3,BL3
33756,4,10,6,4,1,2,3,32,1,0,99,0,0,8,3,BL3
316848,0,2,3,6,4,0,4,50,2,362,0,4,1,2,2,B24
316848,1,2,3,6,4,0,4,50,2,390,0,4,0,2,2,B24
95765,0,5,4,2,0,2,3,30,1,321,12,3,1,3,2,M18
411594,0,10,5,3,2,2,3,44,2,0,4,0,1,8,3,BL3
557353,0,1,1,1,5,0,4,33,1,0,15,3,1,1,2,B98
15967,0,4,5,4,7,1,4,45,2,284,1,2,1,3,12,DY1
15967,1,4,5,4,7,1,4,42,1,244,1,4,0,3,12,DY1
300172,0,3,6,2,2,1,4,35,1,261,1,2,1,2,4,B67
678243,0,3,4,4,7,1,3,36,1,0,1,3,1,2,8,OL11
678243,2,3,4,4,7,1,3,34,2,0,1,3,0,2,8,OL11
879357,0,3,6,2,2,1,3,30,1,276,3,3,1,2,11,M8
879357,1,3,6,2,2,1,3,38,2,254,3,3,0,2,11,M8
203711,0,1,4,7,2,0,3,71,1,274,1,2,1,1,13,M6
876629,0,1,5,6,3,0,4,53,2,339,1,2,1,1,5,DY1
876629,1,1,5,6,3,0,4,55,1,0,1,3,0,1,5,DY1
876629,2,1,5,6,3,0,4,17,2,0,1,2,0,1,5,DY1
518692,0,5,4,2,0,2,3,50,1,289,1,3,1,3,12,M27
518692,1,5,4,2,0,2,3,52,2,251,1,3,0,3,12,M27
518692,4,5,4,2,0,2,3,76,1,294,1,2,0,3,12,M27
522096,0,3,1,3,6,2,4,46,1,0,1,3,1,1,1,B32
96890,0,5,1,2,7,3,4,36,1,274,1,3,1,2,13,B90
96890,1,5,1,2,7,3,4,38,2,204,1,2,0,2,13,B90
578637,0,1,5,1,0,0,4,30,2,0,1,4,1,1,5,B33
373317,0,3,3,5,8,0,4,52,1,271,1,3,1,3,12,WS9
261519,0,3,3,5,4,0,3,61,1,0,1,2,1,3,13,OL8
261519,1,3,3,5,4,0,3,66,2,0,1,2,0,3,13,OL8
200046,0,3,4,4,2,1,3,54,1,418,1,3,1,2,13,M28
200046,1,3,4,4,2,1,3,67,2,482,1,2,0,2,13,M28
200046,2,3,4,4,2,1,3,14,1,0,1,4,0,2,13,M28
809533,0,2,1,6,7,0,3,61,2,332,3,3,1,2,13,M8
947763,0,5,6,2,3,3,3,39,2,253,1,1,1,2,8,OL4
571771,0,1,3,1,3,0,3,40,1,455,1,3,1,1,13,OL8
819903,0,1,4,6,6,0,3,46,1,456,12,2,1,1,11,M19
615197,0,3,4,4,0,1,4,53,1,0,1,2,1,2,12,B67
615197,1,3,4,4,0,1,4,18,2,0,1,4,0,2,12,B67
745768,0,3,5,5,4,0,3,58,2,244,1,2,1,3,13,BL3
745768,1,3,5,5,4,0,3,60,1,249,1,2,0,3,13,BL3
323031,0,3,5,3,3,1,4,36,1,169,3,3,1,2,13,B33
323031,1,3,5,3,3,1,4,35,2,247,3,2,0,2,13,B33
15583,0,3,1,2,6,1,4,32,1,208,1,3,1,2,10,B31
15583,1,3,1,2,6,1,4,39,2,266,1,3,0,2,10,B31
460135,0,2,5,1,2,0,3,37,1,239,3,1,1,2,7,M8
460135,1,2,5,1,2,0,3,44,2,280,3,1,0,2,7,M8
647263,0,1,3,7,2,0,3,66,1,242,1,3,1,1,9,M16
322217,0,4,3,3,4,3,4,43,1,330,1,3,1,1,13,WS9
235574,0,3,5,5,4,0,3,48,2,265,1,2,1,3,13,BL5
235574,1,3,5,5,4,0,3,21,1,215,1,3,0,3,13,BL5
120388,0,2,3,7,3,0,3,68,1,213,1,2,1,2,13,OL6
120388,1,2,3,7,3,0,3,69,2,296,1,1,0,2,13,OL6
71609,0,4,3,3,3,2,4,39,1,0,1,3,1,2,3,B32
236509,0,2,5,7,3,0,3,71,1,233,1,1,1,2,5,BL6
302196,0,3,4,2,6,1,4,37,1,0,1,3,1,2,13,B35
302196,1,3,4,2,6,1,4,35,2,0,1,1,0,2,13,B35
13022,0,3,4,2,5,1,3,35,2,259,4,3,1,2,11,M16
941611,0,1,3,1,3,0,3,35,1,320,3,3,1,1,6,M22
910444,0,4,4,3,8,2,4,39,1,278,1,2,1,2,1,B32
523141,0,1,5,1,3,0,4,34,1,221,3,3,1,1,1,B71
27583,0,3,5,5,0,0,4,47,1,0,3,3,1,3,13,B98
27583,1,3,5,5,0,0,4,54,2,0,3,3,0,3,13,B98
208989,0,4,5,4,5,1,4,48,2,236,3,3,1,3,10,WV14
122494,0,4,3,3,3,2,3,42,2,261,4,3,1,2,6,M16
122494,1,4,3,3,3,2,3,41,1,219,4,3,0,2,6,M16
416178,0,2,5,7,3,0,3,71,1,263,1,1,1,2,13,BL9
416178,1,2,5,7,3,0,3,37,1,307,1,2,0,2,13,BL9
560944,0,2,3,6,4,0,4,52,1,302,1,3,1,2,13,B98
560944,1,2,3,6,4,0,4,48,2,281,1,2,0,2,13,B98
513087,0,3,5,5,2,0,4,57,1,347,1,1,1,3,11,WS2
513087,1,3,5,5,2,0,4,25,1,310,1,3,0,3,11,WS2
923753,0,1,6,6,1,0,3,60,1,388,14,1,1,1,13,M23
141732,0,1,5,1,2,0,4,37,2,182,0,3,1,1,11,B21
770557,0,1,5,1,6,0,4,39,2,287,3,3,1,1,13,B14
266015,0,3,3,3,4,1,4,36,2,0,1,2,1,2,12,B69
266015,1,3,3,3,4,1,4,33,1,0,1,2,0,2,12,B69
484358,0,3,3,4,2,1,4,37,2,280,9,3,1,2,5,B10
403667,0,4,1,2,7,1,4,39,1,0,1,3,1,3,5,B60
403667,1,4,1,2,7,1,4,48,2,0,1,3,0,3,5,B60
911545,0,3,5,2,6,1,3,32,1,269,13,3,1,2,12,M1
911545,1,3,5,2,6,1,3,36,2,0,13,3,0,2,12,M1
927024,0,2,3,1,2,0,3,33,1,271,3,2,1,2,7,BL1
927024,1,2,3,1,2,0,3,38,2,259,3,3,0,2,7,BL1
928270,0,2,6,7,0,0,4,76,2,224,1,2,1,2,13,B69
928270,1,2,6,7,0,0,4,74,1,0,1,2,0,2,13,B69
511625,0,2,4,1,0,0,3,37,2,233,4,3,1,2,5,OL2
511625,1,2,4,1,0,0,3,37,1,200,4,3,0,2,5,OL2
346646,0,1,5,6,2,0,4,62,2,304,1,2,1,1,4,B92
339370,0,4,6,4,3,2,4,52,1,0,1,2,1,2,11,WS2
339370,1,4,6,4,3,2,4,22,1,0,1,3,0,2,11,WS2
827730,0,4,6,3,2,3,3,35,1,389,1,1,1,1,2,OL12
150673,0,2,3,6,0,0,4,46,1,329,1,3,1,2,6,WS3
150673,1,2,3,6,0,0,4,47,2,320,1,2,0,2,6,WS3
601994,0,2,3,6,3,0,3,60,2,207,1,2,1,2,1,M12
155591,0,1,4,1,3,0,3,25,2,0,13,4,1,1,10,M11
660737,0,2,3,7,0,0,4,71,1,305,1,2,1,2,13,B61
660737,1,2,3,7,0,0,4,52,1,272,1,2,0,2,13,B61
461767,0,4,5,5,3,0,4,46,1,287,3,3,1,4,5,B23
461767,1,4,5,5,3,0,4,51,2,258,3,3,0,4,5,B23
118032,0,3,1,2,5,1,3,35,1,0,0,3,1,2,13,M16
118032,1,3,1,2,5,1,3,43,2,0,0,3,0,2,13,M16
110965,0,2,3,6,5,0,3,46,1,0,1,3,1,2,12,BL3
110965,1,2,3,6,5,0,3,48,2,0,1,3,0,2,12,BL3
287751,0,1,5,6,2,0,3,55,2,0,1,2,1,1,6,M18
285743,0,2,1,7,8,0,4,68,1,0,1,2,1,2,13,B75
285743,1,2,1,7,8,0,4,70,2,0,1,3,0,2,13,B75
354052,0,1,6,6,1,0,4,62,1,383,1,2,1,1,13,WS4
888878,0,3,3,1,3,0,3,37,1,292,1,3,1,3,13,M19
888878,1,3,3,1,3,0,3,68,2,0,1,2,0,3,13,M19
888878,2,3,3,1,3,0,3,65,1,0,1,2,0,3,13,M19
964496,0,3,3,1,2,0,4,37,1,239,5,2,1,3,10,B18
964496,1,3,3,1,2,0,4,24,2,223,5,3,0,3,10,B18
964496,2,3,3,1,2,0,4,23,2,258,5,2,0,3,10,B18
955763,0,1,5,1,3,0,3,39,2,316,1,3,1,1,2,M6
879755,1,2,5,1,7,0,4,31,2,284,4,3,0,2,2,B20
201210,0,2,3,6,4,0,3,51,1,325,1,2,1,2,12,M27
201210,1,2,3,6,4,0,3,21,1,192,1,2,0,2,12,M27
331072,0,7,4,2,0,5,4,37,1,236,11,3,1,2,9,B67
331072,1,7,4,2,0,5,4,15,1,0,11,4,0,2,9,B67
331072,6,7,4,2,0,5,4,43,2,201,11,2,0,2,9,B67
226051,0,3,4,2,1,1,3,44,1,313,5,3,1,2,9,OL16
226051,1,3,4,2,1,1,3,42,2,244,5,3,0,2,9,OL16
382865,0,4,3,2,4,1,3,40,1,219,15,3,1,3,10,M35
382865,1,4,3,2,4,1,3,43,2,301,15,2,0,3,10,M35
382865,2,4,3,2,4,1,3,64,1,244,15,2,0,3,10,M35
721810,0,4,4,2,5,2,3,49,1,270,16,3,1,2,9,BL3
897258,0,2,3,7,5,0,4,68,1,410,1,3,1,2,3,B62
406529,0,1,5,1,2,0,4,34,1,196,1,3,1,1,6,B1
743264,0,2,5,1,2,0,4,33,1,187,1,3,1,2,5,B1
922615,0,2,1,1,0,0,4,30,2,316,1,3,1,2,4,B1
922615,1,2,1,1,0,0,4,32,1,218,1,3,0,2,4,B1
213921,0,3,5,1,0,0,4,27,1,197,9,3,1,3,4,B1
374815,0,2,5,1,2,0,4,36,2,221,1,3,1,2,6,B1
552210,0,2,3,4,4,1,3,48,1,360,1,3,1,1,6,OL16
916268,0,3,1,2,0,1,3,32,1,215,13,3,1,2,2,OL8
118116,0,4,3,2,4,2,3,38,2,298,5,3,1,2,7,M19
383837,0,1,5,1,2,0,4,35,1,0,0,3,1,1,6,B7
355649,0,4,5,2,6,2,4,42,1,399,3,3,1,2,5,DY2
355649,1,4,5,2,6,2,4,53,2,324,3,3,0,2,5,DY2
286275,0,1,5,1,2,0,4,34,1,0,11,3,1,1,6,B21
173936,0,1,5,1,2,0,4,36,1,0,5,3,1,1,6,B29
233031,0,3,4,3,4,1,4,39,2,266,13,3,1,2,5,B42
233031,1,3,4,3,4,1,4,38,1,263,13,3,0,2,5,B42
777335,0,2,4,1,6,0,4,41,1,250,5,2,1,2,13,B14
777335,1,2,4,1,6,0,4,42,2,251,5,3,0,2,13,B14
157065,0,4,4,3,2,2,4,40,2,250,5,2,1,2,12,B6
157065,1,4,4,3,2,2,4,35,1,213,5,3,0,2,12,B6
164296,0,3,3,2,3,2,4,41,1,192,12,3,1,1,13,B26
755703,0,1,5,1,3,0,4,35,1,204,99,3,1,1,12,B24
934485,0,1,3,6,3,0,3,48,2,280,1,2,1,1,12,M15
851878,0,3,4,2,4,1,3,44,2,258,99,3,1,2,13,OL8
851878,1,3,4,2,4,1,3,35,1,268,99,1,0,2,13,OL8
939128,0,3,3,2,6,1,4,30,1,243,1,3,1,2,13,B37
939128,1,3,3,2,6,1,4,30,2,277,1,3,0,2,13,B37
758663,0,3,5,4,2,1,3,49,1,338,7,3,1,2,2,M43
758663,1,3,5,4,2,1,3,54,2,287,7,3,0,2,2,M43
390132,0,5,5,2,0,3,3,34,1,0,3,0,1,2,13,OL16
929213,0,4,1,3,6,2,4,39,1,288,1,3,1,2,13,B43
929213,1,4,1,3,6,2,4,37,2,315,1,2,0,2,13,B43
90957,0,5,5,2,2,2,3,41,1,0,1,0,1,3,3,BL3
448686,0,2,6,1,1,0,3,43,2,241,99,1,1,2,13,OL8
448686,1,2,6,1,1,0,3,54,1,0,99,2,0,2,13,OL8
357452,0,3,3,3,3,1,4,37,1,294,15,3,1,2,1,B75
596671,0,3,5,2,2,1,4,29,1,315,1,2,1,2,3,DY5
281014,0,1,1,1,8,0,3,39,2,216,4,3,1,1,3,M4
705487,0,6,1,4,0,2,4,47,2,0,0,3,1,4,12,B11
705487,1,6,1,4,0,2,4,44,1,0,0,2,0,4,12,B11
705487,2,6,1,4,0,2,4,21,2,0,0,3,0,4,12,B11
705487,3,6,1,4,0,2,4,20,2,0,0,2,0,4,12,B11
705487,4,6,1,4,0,2,4,15,1,0,0,4,0,4,12,B11
713611,0,5,6,2,0,2,3,43,1,311,16,3,1,3,8,M14
790743,0,4,5,5,3,0,3,52,1,313,1,3,1,4,8,BL6
790743,1,4,5,5,3,0,3,52,2,0,1,2,0,4,8,BL6
790743,3,4,5,5,3,0,3,23,1,0,1,2,0,4,8,BL6
227860,0,3,3,2,3,2,3,37,1,392,5,3,1,1,13,M33
747984,0,2,3,6,0,0,4,54,1,236,1,2,1,2,12,B98
442275,0,5,3,2,3,3,4,33,2,260,1,3,1,2,8,B28
442275,1,5,3,2,3,3,4,60,1,230,1,3,0,2,8,B28
707324,0,1,3,1,2,0,4,37,1,227,0,3,1,1,11,B24
766465,0,3,1,4,8,1,4,41,2,270,1,3,1,2,13,B78
766465,1,3,1,4,8,1,4,42,1,226,1,3,0,2,13,B78
437146,0,1,1,1,2,0,4,26,2,199,5,3,1,1,13,B21
369887,0,2,4,6,1,0,4,57,1,0,12,4,1,2,2,DY2
2163,0,3,4,2,6,1,3,35,1,255,3,3,1,2,8,OL12
502020,0,2,4,3,3,1,4,33,1,327,1,3,1,1,3,B44
623296,0,1,3,6,4,0,4,48,2,394,1,3,1,1,12,B13
641253,0,2,6,3,2,1,3,39,1,234,1,3,1,1,1,BL4
643400,0,2,5,1,5,0,3,42,1,308,1,3,1,2,6,OL4
643400,1,2,5,1,5,0,3,41,2,261,1,3,0,2,6,OL4
418793,0,4,3,2,8,2,3,43,1,314,1,3,1,2,13,M21
418793,1,4,3,2,8,2,3,40,2,266,1,2,0,2,13,M21
189438,0,2,3,6,4,0,4,57,1,223,1,2,1,2,10,WS1
189438,1,2,3,6,4,0,4,63,2,232,1,2,0,2,10,WS1
426781,0,6,3,3,5,2,4,42,1,0,4,2,1,4,13,CV7
426781,1,6,3,3,5,2,4,21,1,0,4,3,0,4,13,CV7
426781,2,6,3,3,5,2,4,20,2,0,4,4,0,4,13,CV7
766976,0,3,1,3,0,1,3,33,2,291,4,3,1,2,13,M4
766976,1,3,1,3,0,1,3,28,1,299,4,3,0,2,13,M4
280687,0,4,3,5,3,0,4,52,1,340,1,3,1,4,7,B63
280687,1,4,3,5,3,0,4,52,2,304,1,1,0,4,7,B63
289098,0,5,1,3,8,3,4,46,1,312,1,3,1,2,13,B91
289098,1,5,1,3,8,3,4,45,2,261,1,3,0,2,13,B91
80325,0,5,5,2,0,3,3,40,1,243,5,3,1,2,5,BL3
80325,1,5,5,2,0,3,3,42,2,278,5,3,0,2,5,BL3
877176,1,4,3,1,3,0,4,56,1,0,1,1,0,4,8,B27
877176,2,4,3,1,3,0,4,65,2,210,1,3,0,4,8,B27
877176,3,4,3,1,3,0,4,27,1,0,1,4,0,4,8,B27
600974,0,4,4,3,5,2,4,39,2,295,1,3,1,2,13,B75
240930,0,4,5,3,3,3,3,32,1,391,5,3,1,1,10,OL11
776203,0,3,1,5,0,0,4,69,1,352,1,2,1,3,13,WV13
776203,1,3,1,5,0,0,4,71,2,0,1,3,0,3,13,WV13
776203,2,3,1,5,0,0,4,42,2,0,1,3,0,3,13,WV13
914511,0,5,3,2,3,3,4,34,1,336,1,3,1,2,4,B65
776594,0,1,3,6,2,0,3,51,1,248,1,3,1,1,13,M24
286108,0,1,1,6,5,0,3,60,1,253,1,3,1,1,4,M27
50050,0,1,3,6,2,0,3,59,2,265,1,3,1,1,12,OL4
545129,0,1,3,6,3,0,3,60,2,301,1,3,1,1,13,OL6
257248,0,2,1,1,3,0,3,42,1,0,1,3,1,2,9,BL8
257248,1,2,1,1,3,0,3,16,1,0,1,4,0,2,9,BL8
993076,0,3,3,3,6,1,3,26,1,258,8,3,1,2,8,OL4
993076,1,3,3,3,6,1,3,56,1,0,8,3,0,2,8,OL4
534705,0,3,3,5,5,0,4,63,1,247,15,3,1,3,13,B98
161820,0,3,3,2,6,1,4,30,1,257,1,3,1,2,13,DY2
161820,1,3,3,2,6,1,4,42,2,235,1,3,0,2,13,DY2
629059,0,1,3,6,3,0,3,46,1,268,1,3,1,1,11,SK4
78357,0,4,3,1,6,0,3,44,1,249,1,3,1,4,11,BL2
562469,0,3,1,5,5,0,3,54,1,0,1,2,1,3,5,BL2
562469,2,3,1,5,5,0,3,19,2,0,1,3,0,3,5,BL2
730721,0,4,3,4,2,1,4,39,2,266,5,3,1,3,5,B32
601542,0,7,4,5,1,0,3,49,1,214,4,3,1,7,8,BL3
962768,0,5,5,5,2,0,4,60,1,0,1,2,1,5,13,B36
962768,1,5,5,5,2,0,4,62,2,0,1,2,0,5,13,B36
962768,3,5,5,5,2,0,4,22,1,0,1,3,0,5,13,B36
962768,4,5,5,5,2,0,4,20,1,0,1,3,0,5,13,B36
608310,0,1,5,1,5,0,4,30,1,254,13,3,1,1,3,B1
936968,0,1,5,6,2,0,3,46,2,261,1,2,1,1,8,OL6
304542,0,2,6,7,3,0,3,74,1,0,99,0,1,2,6,OL12
304542,1,2,6,7,3,0,3,78,2,0,99,0,0,2,6,OL12
474081,0,5,3,3,5,2,4,44,2,369,5,3,1,3,12,B11
724460,0,3,3,2,4,1,4,35,2,0,0,1,1,2,9,B20
724460,1,3,3,2,4,1,4,32,1,0,0,2,0,2,9,B20
669157,0,4,3,5,6,0,4,45,2,246,1,2,1,4,13,B61
669157,1,4,3,5,6,0,4,44,1,195,1,2,0,4,13,B61
995590,0,3,3,3,0,1,3,43,2,324,7,3,1,2,11,OL8
995590,1,3,3,3,0,1,3,43,1,257,7,3,0,2,11,OL8
313235,0,4,5,5,5,0,4,54,1,269,1,2,1,4,13,B65
313235,1,4,5,5,5,0,4,56,2,306,1,2,0,4,13,B65
72647,0,4,6,4,3,1,4,48,1,165,3,3,1,3,13,B17
799858,0,2,1,6,8,0,3,57,2,185,15,3,1,2,8,M4
799858,1,2,1,6,8,0,3,45,2,133,15,3,0,2,8,M4
874330,1,4,5,2,3,2,4,45,2,260,1,3,0,2,3,B92
199430,0,4,1,4,6,1,3,45,1,298,1,3,1,3,5,OL8
135743,0,2,5,7,3,0,4,87,1,234,1,2,1,2,13,B30
135743,1,2,5,7,3,0,4,57,1,243,1,2,0,2,13,B30
459478,0,1,6,1,0,0,4,32,1,421,99,1,1,1,12,B9
833116,0,3,3,5,5,0,3,47,1,462,1,2,1,3,7,BL8
833116,1,3,3,5,5,0,3,47,2,289,1,2,0,3,7,BL8
81569,0,2,3,3,1,1,4,30,1,304,3,3,1,1,13,DY1
932518,0,2,6,6,2,0,3,50,1,234,1,2,1,2,13,M40
932518,1,2,6,6,2,0,3,20,1,186,1,3,0,2,13,M40
613371,0,2,5,6,4,0,4,55,1,0,1,3,1,2,13,B43
613371,1,2,5,6,4,0,4,54,2,0,1,3,0,2,13,B43
515607,0,5,5,4,2,1,3,44,1,255,3,3,1,4,8,M21
515607,2,5,5,4,2,1,3,39,2,270,3,3,0,4,8,M21
515607,3,5,5,4,2,1,3,21,1,256,3,3,0,4,8,M21
964517,0,4,3,5,8,0,3,46,1,273,3,3,1,4,13,M26
964517,1,4,3,5,8,0,3,46,2,216,3,3,0,4,13,M26
867726,0,5,5,3,4,1,4,46,1,270,3,3,1,4,1,B16
519946,0,3,3,4,0,1,4,50,2,0,5,3,1,2,10,WS5
519946,2,3,3,4,0,1,4,17,2,0,5,4,0,2,10,WS5
338034,0,4,5,4,0,2,4,47,1,230,15,3,1,2,10,B92
338034,1,4,5,4,0,2,4,47,2,241,15,2,0,2,10,B92
88340,0,4,1,4,6,2,3,41,1,276,1,3,1,2,13,M28
88340,1,4,1,4,6,2,3,43,2,221,1,3,0,2,13,M28
768898,0,7,3,2,6,1,4,43,1,340,12,3,1,6,2,WS2
163248,0,4,1,5,8,0,4,51,1,257,1,3,1,4,12,B30
163248,1,4,1,5,8,0,4,51,2,270,1,3,0,4,12,B30
298687,0,2,5,6,5,0,4,52,1,189,3,3,1,2,13,DY2
298687,1,2,5,6,5,0,4,46,2,0,3,3,0,2,13,DY2
874662,0,1,3,6,3,0,4,61,1,216,1,2,1,1,13,B61
173035,0,4,1,4,6,2,3,45,2,250,1,3,1,2,3,OL11
413937,0,7,3,2,1,5,3,43,1,333,13,2,1,2,8,BL5
413937,1,7,3,2,1,5,3,16,1,0,13,1,0,2,8,BL5
462847,0,4,3,2,0,1,3,32,1,222,5,3,1,3,1,OL12
335630,0,3,3,2,0,1,4,24,1,141,0,2,1,2,8,B78
640104,0,4,3,4,8,1,3,47,1,0,1,2,1,3,12,OL3
640104,1,4,3,4,8,1,3,52,2,0,1,3,0,3,12,OL3
258223,0,1,4,1,3,0,3,43,2,249,5,3,1,1,3,OL11
177309,0,3,3,1,2,0,4,20,1,0,0,4,1,3,0,B64
395874,0,3,1,2,8,1,3,36,2,265,15,3,1,2,11,M33
610326,0,1,4,1,2,0,4,37,1,0,0,3,1,1,9,B24
42942,0,2,5,6,2,0,3,45,2,221,15,3,1,2,13,M23
42942,1,2,5,6,2,0,3,67,1,386,15,3,0,2,13,M23
587406,0,2,5,6,4,0,4,56,1,307,1,2,1,2,5,B71
227093,1,4,4,1,6,0,4,55,2,295,4,2,0,4,1,WS1
227093,2,4,4,1,6,0,4,56,1,314,4,2,0,4,1,WS1
256166,0,2,3,1,6,0,4,28,1,236,1,2,1,2,12,WV14
256166,1,2,3,1,6,0,4,28,2,263,1,2,0,2,12,WV14
445335,0,1,3,6,5,0,3,58,1,252,1,3,1,1,13,BL3
100256,0,2,5,6,3,0,3,61,2,293,1,2,1,2,11,OL15
100256,1,2,5,6,3,0,3,67,1,212,1,2,0,2,11,OL15
639677,0,3,3,1,0,0,4,34,1,324,4,3,1,3,11,B91
639677,1,3,3,1,0,0,4,69,1,212,4,2,0,3,11,B91
639677,2,3,3,1,0,0,4,69,2,192,4,3,0,3,11,B91
737306,0,3,1,3,7,1,4,49,1,185,6,3,1,2,12,B43
105682,0,3,6,5,0,0,3,52,1,333,1,1,1,3,9,M23
105682,1,3,6,5,0,0,3,58,2,285,1,1,0,3,9,M23
105682,2,3,6,5,0,0,3,25,1,219,1,2,0,3,9,M23
771422,0,3,4,1,3,0,4,38,1,207,1,1,1,3,9,B34
227861,0,2,3,2,3,1,4,33,1,287,12,3,1,1,13,B20
313075,0,2,3,1,7,0,4,41,1,246,0,3,1,2,4,B23
313075,1,2,3,1,7,0,4,34,2,227,0,3,0,2,4,B23
679851,0,4,3,3,2,3,4,42,1,250,12,3,1,1,6,B24
817336,0,1,3,1,4,0,3,29,2,205,4,3,1,1,6,M30
599594,4,6,1,4,6,1,3,21,2,0,1,4,0,5,1,M30
503842,0,1,3,1,6,0,3,27,2,227,3,3,1,1,3,M1
466447,0,2,5,1,3,0,3,27,1,210,5,3,1,2,5,M8
466447,1,2,5,1,3,0,3,35,1,218,5,3,0,2,5,M8
387393,0,3,5,2,7,1,4,32,1,291,1,3,1,2,7,B62
387393,1,3,5,2,7,1,4,32,2,374,1,2,0,2,7,B62
485824,0,2,5,6,0,0,4,54,1,200,15,3,1,2,13,WS10
485824,1,2,5,6,0,0,4,54,2,186,15,2,0,2,13,WS10
547049,0,2,5,1,4,0,3,36,1,0,0,2,1,2,13,WN1
687201,0,6,5,2,3,2,3,59,1,255,1,2,1,4,9,M8
687201,1,6,5,2,3,2,3,27,2,183,1,3,0,4,9,M8
487296,0,2,3,6,2,0,4,47,2,283,1,2,1,2,8,B60
487296,1,2,3,6,2,0,4,20,2,159,1,3,0,2,8,B60
981199,0,3,3,2,0,1,3,35,1,0,1,2,1,2,13,WA3
981199,1,3,3,2,0,1,3,39,2,0,1,2,0,2,13,WA3
616929,0,5,6,4,4,1,3,51,1,529,1,3,1,4,3,M7
616929,1,5,6,4,4,1,3,19,1,263,1,2,0,4,3,M7
616929,2,5,6,4,4,1,3,19,1,279,1,2,0,4,3,M7
616929,4,5,6,4,4,1,3,75,1,318,1,3,0,4,3,M7
775223,0,2,3,7,3,0,4,74,1,258,1,2,1,2,2,B23
766490,0,1,3,1,5,0,4,35,1,282,8,3,1,1,6,B3
765725,0,1,6,1,2,0,4,41,2,208,1,2,1,1,8,WS10
905122,0,4,3,2,8,2,4,40,1,343,1,3,1,2,6,B65
927825,0,2,3,1,5,0,4,29,2,0,1,3,1,2,12,WS2
927825,1,2,3,1,5,0,4,29,1,0,1,3,0,2,12,WS2
810888,2,9,4,5,2,0,3,49,1,0,99,0,0,9,6,BL3
810888,3,9,4,5,2,0,3,31,1,0,99,0,0,9,6,BL3
810888,6,9,4,5,2,0,3,27,2,0,99,0,0,9,6,BL3
919148,0,5,3,2,5,3,3,41,1,0,1,3,1,2,4,M43
919148,1,5,3,2,5,3,3,43,2,0,1,3,0,2,4,M43
694083,0,2,5,6,0,0,3,62,1,0,3,2,1,2,13,M26
694083,1,2,5,6,0,0,3,65,2,0,3,1,0,2,13,M26
884078,0,3,5,1,4,0,3,36,2,204,0,3,1,3,13,WN1
24944,0,1,3,1,5,0,3,41,1,0,1,2,1,1,12,M14
995313,0,2,3,6,3,0,4,55,1,0,1,2,1,2,13,B62
995313,1,2,3,6,3,0,4,59,1,0,1,2,0,2,13,B62
106893,0,2,5,1,0,0,3,36,1,0,10,2,1,2,13,WN1
783718,0,2,6,7,2,0,4,69,2,316,1,4,1,2,13,B44
783718,1,2,6,7,2,0,4,65,1,377,1,4,0,2,13,B44
458130,0,2,5,1,3,0,4,38,1,0,99,0,1,2,5,B62
515602,0,3,5,2,2,1,3,24,1,260,1,3,1,2,1,OL1
662507,0,2,3,2,0,1,3,36,1,0,1,0,1,1,3,BL6
286344,0,2,6,7,2,0,3,72,2,322,1,1,1,2,13,BL9
286344,1,2,6,7,2,0,3,74,1,263,1,1,0,2,13,BL9
944680,0,3,4,2,5,1,4,32,1,271,13,3,1,2,5,WS1
259796,0,3,3,3,5,1,3,53,1,264,10,3,1,2,13,M20
259796,1,3,3,3,5,1,3,73,1,255,10,2,0,2,13,M20
297978,0,3,1,4,8,1,3,43,1,241,1,3,1,2,13,WA3
297978,1,3,1,4,8,1,3,44,2,253,1,2,0,2,13,WA3
297978,2,3,1,4,8,1,3,14,1,0,1,4,0,2,13,WA3
778695,0,4,1,4,0,2,4,47,1,0,1,3,1,2,7,CV7
539074,0,2,3,6,4,0,3,52,1,0,1,3,1,2,13,M18
539074,1,2,3,6,4,0,3,52,1,0,1,3,0,2,13,M18
394723,0,3,5,4,3,1,4,48,1,282,1,2,1,2,13,WS3
394723,1,3,5,4,3,1,4,55,2,305,1,2,0,2,13,WS3
561527,0,3,3,4,2,2,4,36,1,187,5,3,1,1,1,B11
621695,0,4,4,3,7,2,4,42,1,0,99,0,1,2,13,B38
621695,3,4,4,3,7,2,4,47,2,0,99,0,0,2,13,B38
427627,0,4,3,3,6,2,4,38,1,239,15,3,1,2,11,B92
544950,0,4,4,4,8,2,4,36,1,0,1,3,1,2,10,B65
579967,0,1,4,1,3,0,4,33,1,275,1,3,1,1,11,WS10
557236,0,4,3,2,5,2,3,28,1,203,5,3,1,2,1,M40
271589,0,8,5,2,1,3,4,40,1,268,6,3,1,5,0,B11
597818,0,2,3,1,7,0,3,33,1,256,1,3,1,2,9,WA3
676904,0,4,5,2,3,3,4,29,1,215,1,2,1,1,12,WS3
512603,1,2,5,1,6,0,4,30,2,350,1,2,0,2,6,B43
737403,0,3,5,4,0,1,3,45,1,0,12,3,1,2,13,M15
737403,1,3,5,4,0,1,3,16,2,0,12,4,0,2,13,M15
263240,0,2,6,6,3,0,4,46,1,329,8,3,1,2,1,B68
661025,0,4,3,3,4,1,3,53,1,293,9,3,1,3,13,M26
661025,1,4,3,3,4,1,3,53,2,231,9,2,0,3,13,M26
921974,0,2,6,1,1,0,4,26,1,204,5,3,1,2,2,B20
921974,1,2,6,1,1,0,4,28,2,0,5,3,0,2,2,B20
8105,0,4,5,5,1,0,3,56,1,0,99,0,1,4,12,M33
8105,1,4,5,5,1,0,3,49,2,0,99,0,0,4,12,M33
772785,0,1,5,6,2,0,3,63,1,0,1,2,1,1,13,WA3
375852,0,2,5,2,3,1,4,25,1,175,6,2,1,1,1,B11
48672,0,3,5,1,5,0,4,44,1,267,5,3,1,3,13,B14
48672,1,3,5,1,5,0,4,68,1,294,5,1,0,3,13,B14
48672,2,3,5,1,5,0,4,73,2,223,5,1,0,3,13,B14
470121,0,4,3,4,5,2,4,43,2,250,3,3,1,2,1,B64
341605,0,1,5,6,0,0,4,57,2,0,5,3,1,1,1,B20
209320,0,3,6,3,0,2,3,27,2,0,99,0,1,1,2,M23
620250,0,3,3,3,2,1,3,43,1,321,1,2,1,2,13,OL6
620250,1,3,3,3,2,1,3,18,1,213,1,1,0,2,13,OL6
621058,0,4,4,2,2,2,3,35,1,209,3,3,1,2,4,M23
621058,1,4,4,2,2,2,3,41,2,313,3,3,0,2,4,M23
293026,0,1,1,6,8,0,4,53,2,377,4,3,1,1,7,B1
799124,0,3,4,3,3,1,3,35,1,0,1,2,1,2,4,BL1
154014,0,2,4,1,5,0,3,29,1,226,1,2,1,2,4,M18
899442,0,1,5,1,3,0,3,33,2,247,12,3,1,1,11,M27
252597,0,5,5,3,2,3,4,45,2,0,0,3,1,2,12,B11
252597,1,5,5,3,2,3,4,38,1,0,0,3,0,2,12,B11
729391,0,5,4,2,4,3,4,40,1,263,7,3,1,2,12,B36
729391,1,5,4,2,4,3,4,38,2,349,7,3,0,2,12,B36
382033,0,1,5,1,0,0,3,39,2,0,1,3,1,1,11,M5
295081,0,3,5,3,3,1,4,28,1,208,1,2,1,2,1,B11
549808,0,1,4,6,4,0,4,45,2,251,0,3,1,1,5,B14
942305,0,3,3,2,5,1,3,29,1,237,13,3,1,2,13,BL4
942305,1,3,3,2,5,1,3,37,2,251,13,3,0,2,13,BL4
932324,0,3,3,2,7,1,3,32,1,198,1,2,1,2,5,WA3
932324,1,3,3,2,7,1,3,32,2,221,1,3,0,2,5,WA3
75857,0,3,5,3,4,1,4,23,1,191,16,2,1,2,1,B11
274829,0,1,5,1,4,0,3,29,2,251,9,3,1,1,3,M13
410253,0,2,3,1,6,0,4,35,1,302,1,3,1,2,13,B14
410253,1,2,3,1,6,0,4,37,2,269,1,3,0,2,13,B14
503176,0,3,5,2,2,1,4,29,1,280,3,3,1,2,12,WV14
503176,1,3,5,2,2,1,4,28,2,296,3,2,0,2,12,WV14
491970,0,1,3,1,2,0,4,24,1,383,3,3,1,1,7,B34
557472,0,2,4,1,6,0,3,29,1,232,1,3,1,2,2,M3
557472,1,2,4,1,6,0,3,32,2,359,1,3,0,2,2,M3
69542,0,2,5,1,4,0,4,24,1,0,99,0,1,2,1,B11
97361,0,3,3,2,7,1,3,30,1,0,1,0,1,2,9,M24
97361,1,3,3,2,7,1,3,31,2,0,1,0,0,2,9,M24
719601,0,4,6,2,2,3,4,30,1,0,8,0,1,1,11,B12
42268,1,4,3,2,3,1,4,33,2,0,99,0,0,3,2,B66
905391,0,3,3,2,8,1,4,32,1,0,1,0,1,2,8,B68
562025,0,2,5,1,3,0,4,36,1,229,0,3,1,2,10,B29
562025,1,2,5,1,3,0,4,36,2,196,0,3,0,2,10,B29
649463,0,1,6,6,2,0,3,62,1,206,1,2,1,1,12,BL7
652258,0,1,1,1,7,0,3,37,2,0,99,0,1,1,1,M11
31564,0,5,3,2,6,3,4,40,1,334,1,3,1,2,9,B67
635202,0,2,1,1,8,0,4,38,2,275,1,3,1,2,12,B31
786503,0,1,5,1,7,0,4,31,1,222,1,2,1,1,9,DY1
538442,0,5,3,3,7,2,3,48,1,0,99,0,1,3,4,M11
457484,0,4,6,2,2,3,4,32,2,0,99,0,1,1,4,B23
232299,0,2,3,6,4,0,4,60,1,291,4,3,1,2,12,B25
354200,0,1,5,6,3,0,4,50,2,204,3,3,1,1,12,B98
740801,0,4,5,5,4,0,4,55,2,223,1,2,1,4,2,B29
800413,0,4,1,3,8,2,4,40,1,269,1,3,1,2,7,B63
204856,0,2,3,6,3,0,3,58,1,244,1,2,1,2,10,OL1
153645,0,1,5,1,2,0,4,37,1,195,0,3,1,1,11,B23
592696,0,4,5,4,3,2,4,44,2,174,15,3,1,2,5,B90
443210,0,3,3,4,9,1,3,44,1,178,7,3,1,2,1,M43
188765,0,1,3,6,1,0,4,47,1,250,4,3,1,1,11,B15
689914,0,5,5,3,4,3,3,47,1,0,99,0,1,2,6,M9
387831,0,1,5,1,2,0,3,36,2,0,99,0,1,1,3,WN1
950462,0,2,3,1,4,0,3,37,1,0,99,0,1,2,2,M4
681611,0,1,5,1,9,0,4,36,1,210,0,3,1,1,12,B70
229714,0,4,4,1,4,0,4,30,1,0,99,0,1,4,1,B28
874404,0,4,3,3,8,2,4,39,2,0,1,3,1,2,6,DY2
770945,0,2,5,6,9,0,4,50,1,308,1,2,1,2,6,B36
462763,0,1,5,1,2,0,4,35,1,203,0,3,1,1,11,B16
450057,0,3,1,1,8,0,4,42,1,222,1,3,1,3,8,DY4
450057,1,3,1,1,8,0,4,51,2,249,1,3,0,3,8,DY4
669848,0,2,3,6,6,0,3,48,1,266,1,2,1,2,12,OL11
578472,0,1,6,1,3,0,4,40,1,246,1,2,1,1,11,WV14
985638,0,3,4,2,2,1,4,41,1,247,5,3,1,2,11,B44
985638,1,3,4,2,2,1,4,39,2,229,5,3,0,2,11,B44
330933,0,2,4,1,4,0,4,39,1,0,99,0,1,2,9,B78
245483,0,2,5,2,1,1,4,29,1,171,5,3,1,1,12,B33
938610,0,1,3,1,7,0,3,41,1,0,99,0,1,1,11,BL8
146063,0,2,6,6,9,0,4,62,2,244,1,2,1,2,11,B45
146063,1,2,6,6,9,0,4,63,1,319,1,2,0,2,11,B45
832968,0,5,1,5,8,0,3,54,1,0,99,0,1,5,8,OL16
395279,0,1,5,1,2,0,4,36,1,218,0,3,1,1,11,B21
947596,0,4,3,4,6,2,3,54,1,498,1,3,1,2,11,M26
947596,1,4,3,4,6,2,3,54,2,321,1,3,0,2,11,M26
157030,0,3,6,3,1,2,3,41,1,0,99,0,1,1,10,BL9
375205,0,1,3,2,4,1,4,36,1,0,1,2,1,0,11,B45
859159,0,1,3,1,3,0,3,36,2,0,99,0,1,1,2,WN1
768692,0,2,5,2,4,1,3,28,1,0,1,2,1,1,8,M27
510976,0,1,5,1,2,0,4,36,1,0,99,0,1,1,11,B63
703887,0,2,5,1,3,0,4,44,1,0,1,2,1,2,11,B78
703887,1,2,5,1,3,0,4,45,2,0,1,2,0,2,11,B78
391924,0,2,6,2,1,1,4,25,1,166,1,3,1,1,12,B32
836776,0,1,3,6,2,0,4,47,1,0,99,0,1,1,11,WV14
619750,0,5,3,4,5,1,3,43,1,0,99,0,1,4,3,WN1
619750,1,5,3,4,5,1,3,48,1,0,99,0,0,4,3,WN1
670335,0,3,3,2,4,1,3,30,1,0,99,0,1,2,5,BL3
670335,1,3,3,2,4,1,3,29,1,0,99,0,0,2,5,BL3
323162,0,2,3,2,6,1,4,31,1,262,1,3,1,1,10,B42
323162,1,2,3,2,6,1,4,34,2,284,1,3,0,1,10,B42
395798,0,3,1,2,8,1,3,32,1,0,99,0,1,2,9,M30
395798,1,3,1,2,8,1,3,37,2,0,99,0,0,2,9,M30
960851,0,3,5,4,1,1,4,25,1,0,99,0,1,2,5,B90
960851,1,3,5,4,1,1,4,25,2,0,99,0,0,2,5,B90
316843,0,1,5,1,4,0,4,29,1,304,5,3,1,1,11,B11
717352,0,4,3,1,8,0,3,23,2,0,99,0,1,4,2,BL9
717352,2,4,3,1,8,0,3,26,1,0,99,0,0,4,2,BL9
344094,0,3,5,3,4,1,4,34,1,307,1,3,1,2,1,B29
827773,0,4,3,4,6,2,4,46,1,0,99,0,1,2,6,B90
827773,1,4,3,4,6,2,4,55,2,0,99,0,0,2,6,B90
827773,2,4,3,4,6,2,4,15,2,0,99,0,0,2,6,B90
93527,0,2,5,6,4,0,3,46,1,0,99,0,1,2,1,OL9
946330,0,1,5,1,2,0,4,25,1,174,11,3,1,1,3,B5
357147,0,1,5,1,2,0,4,38,1,0,99,0,1,1,7,B6
299944,0,4,4,1,9,0,4,22,1,0,99,0,1,4,1,B19
299944,1,4,4,1,9,0,4,52,2,0,99,0,0,4,1,B19
299944,2,4,4,1,9,0,4,53,1,0,99,0,0,4,1,B19
694326,0,4,3,5,6,0,3,49,1,202,15,3,1,4,2,M1
686179,0,2,3,6,2,0,4,48,1,178,0,3,1,2,9,B90
686179,1,2,3,6,2,0,4,54,2,226,0,3,0,2,9,B90
972318,0,3,3,4,9,1,4,42,2,0,99,0,1,2,7,B17
109438,0,1,5,6,9,0,4,62,1,227,1,1,1,1,11,B38
486194,0,4,4,3,5,2,3,35,1,0,99,0,1,2,11,OL9
369943,0,1,5,1,2,0,4,36,1,203,0,3,1,1,11,B31
417326,0,1,5,1,2,0,4,36,1,257,0,3,1,1,10,B13
608673,0,1,3,6,3,0,3,47,2,370,1,3,1,1,11,M44
845781,0,5,3,2,6,3,4,33,1,291,1,3,1,2,12,WS1
845781,1,5,3,2,6,3,4,38,2,309,1,3,0,2,12,WS1
921424,0,4,3,3,4,2,3,40,2,0,99,0,1,2,1,BL3
10296,0,1,5,1,1,0,4,34,1,0,99,0,1,1,1,B78
156600,0,4,6,2,2,2,4,29,1,0,99,0,1,2,11,WS10
842752,0,2,3,1,3,0,3,34,1,252,1,3,1,2,11,OL11
900061,0,1,6,1,1,0,3,28,2,255,1,2,1,1,12,BL4
763477,0,5,5,4,3,1,4,46,2,296,1,1,1,4,11,B34
763477,1,5,5,4,3,1,4,41,1,0,1,2,0,4,11,B34
763477,2,5,5,4,3,1,4,24,1,0,1,2,0,4,11,B34
716266,0,5,3,3,9,3,4,44,1,0,99,0,1,2,6,B74
716266,1,5,3,3,9,3,4,43,1,0,99,0,0,2,6,B74
18018,0,6,5,3,9,4,4,34,1,0,99,0,1,2,10,B34
18018,1,6,5,3,9,4,4,38,2,0,99,0,0,2,10,B34
644442,0,1,5,1,3,0,4,34,1,214,0,3,1,1,10,B68
696619,0,2,4,1,6,0,4,34,1,395,15,3,1,2,10,DY1
584719,0,1,3,1,2,0,4,35,1,188,0,3,1,1,11,B21
150645,0,2,5,1,6,0,4,31,1,0,99,0,1,2,11,DY1
150645,1,2,5,1,6,0,4,31,2,0,99,0,0,2,11,DY1
633346,0,1,5,6,2,0,3,62,1,193,7,3,1,1,11,M4
506280,0,3,5,2,6,1,3,35,1,379,1,2,1,2,11,BL5
506280,1,3,5,2,6,1,3,35,2,248,1,3,0,2,11,BL5
796922,0,4,3,2,9,2,3,35,1,0,99,0,1,2,3,OL10
644403,0,1,3,6,2,0,4,61,1,202,1,2,1,1,10,B33
35743,0,4,3,4,9,2,3,44,1,276,1,3,1,2,6,BL6
331849,0,5,3,3,7,2,4,41,1,0,99,0,1,3,3,B63
331849,1,5,3,3,7,2,4,42,2,0,99,0,0,3,3,B63
331849,2,5,3,3,7,2,4,21,2,0,99,0,0,3,3,B63
175262,0,1,3,1,3,0,4,31,1,0,99,0,1,1,9,B65
589463,0,2,3,1,9,0,4,30,1,0,1,3,1,2,11,B34
589463,1,2,3,1,9,0,4,33,2,0,1,3,0,2,11,B34
371467,0,5,3,2,5,3,3,43,2,235,13,3,1,2,10,BL1
371467,1,5,3,2,5,3,3,42,1,237,13,3,0,2,10,BL1
742344,0,1,3,1,3,0,4,33,1,194,1,2,1,1,11,WS3
571522,0,3,1,4,8,1,4,47,1,272,4,3,1,2,10,B29
571522,1,3,1,4,8,1,4,46,2,275,4,3,0,2,10,B29
561690,0,2,5,1,3,0,4,25,1,266,0,3,1,2,1,B1
155972,0,1,3,6,4,0,4,64,1,0,99,0,1,1,7,B63
818367,0,2,3,1,9,0,4,28,1,0,99,0,1,2,1,B5
66712,0,1,5,6,2,0,3,46,1,161,10,3,1,1,6,WA15
33346,0,5,3,3,7,3,3,42,1,447,1,3,1,2,10,BL8
575726,0,4,3,3,5,2,4,43,1,0,99,0,1,2,3,B74
888478,0,2,3,1,4,0,3,25,2,0,99,0,1,2,8,M26
888478,1,2,3,1,4,0,3,22,1,0,99,0,0,2,8,M26
235120,0,3,3,2,9,1,4,32,1,0,99,0,1,2,3,B91
235120,1,3,3,2,9,1,4,33,2,0,99,0,0,2,3,B91
967672,0,2,3,1,4,0,3,32,1,214,1,3,1,2,11,M9
967672,1,2,3,1,4,0,3,32,2,216,1,3,0,2,11,M9
658503,0,5,6,2,4,3,4,32,1,0,99,0,1,2,11,B65
658503,1,5,6,2,4,3,4,37,2,0,99,0,0,2,11,B65
418089,0,4,6,5,9,0,3,56,2,0,1,1,1,4,11,M46
418089,1,4,6,5,9,0,3,41,1,0,1,1,0,4,11,M46
122210,0,5,5,3,4,3,3,33,2,0,99,0,1,2,1,M46
2280,1,5,5,2,5,3,4,30,2,0,99,0,0,2,2,WS2
737253,0,4,5,2,4,2,3,35,1,0,99,0,1,2,1,BL2
671610,0,4,3,4,8,2,4,34,1,205,1,3,1,2,3,DY1
699046,0,5,3,4,3,2,4,47,1,0,99,0,1,3,10,WS10
699046,1,5,3,4,3,2,4,47,2,0,99,0,0,3,10,WS10
699046,2,5,3,4,3,2,4,17,2,0,99,0,0,3,10,WS10
699046,3,5,3,4,3,2,4,15,1,0,99,0,0,3,10,WS10
706608,0,5,5,4,4,3,4,45,1,0,99,0,1,2,11,CV7
345086,0,2,3,1,6,0,3,30,1,0,99,0,1,2,8,M28
345086,1,2,3,1,6,0,3,30,2,0,99,0,0,2,8,M28
522865,0,5,3,3,4,3,3,43,1,333,1,2,1,2,11,OL1
522865,1,5,3,3,4,3,3,40,2,372,1,2,0,2,11,OL1
620966,0,3,3,3,7,1,4,34,1,0,99,0,1,2,3,B64
429567,0,3,5,5,3,0,4,64,1,0,0,3,1,3,11,B11
429567,1,3,5,5,3,0,4,22,2,0,0,3,0,3,11,B11
429567,2,3,5,5,3,0,4,20,2,0,0,3,0,3,11,B11
523272,0,4,3,2,6,2,4,40,1,283,1,3,1,2,3,DY5
329098,0,5,6,3,3,4,4,44,1,0,99,0,1,1,11,B66
570321,0,4,5,2,3,2,4,35,1,411,1,3,1,2,2,WS4
226265,0,2,4,1,8,0,3,34,2,0,99,0,1,2,1,BL1
302561,0,2,5,6,5,0,4,54,1,0,99,0,1,2,8,DY4
490919,0,2,6,7,3,0,4,75,1,249,1,1,1,2,8,DY1
616671,0,2,3,1,3,0,4,40,1,329,3,3,1,2,10,B98
734754,0,2,6,7,3,0,4,69,1,0,99,0,1,2,11,WV13
734754,1,2,6,7,3,0,4,71,2,0,99,0,0,2,11,WV13
371431,0,3,3,6,8,0,3,47,2,0,99,0,1,3,4,M27
371431,1,3,3,6,8,0,3,53,1,0,99,0,0,3,4,M27
386268,0,4,3,3,9,2,4,41,1,0,3,3,1,2,11,B98
386268,1,4,3,3,9,2,4,42,2,265,3,3,0,2,11,B98
422529,0,2,5,6,1,0,4,61,1,225,3,3,1,2,9,WV13
422529,1,2,5,6,1,0,4,33,2,208,3,3,0,2,9,WV13
450074,0,4,5,5,4,0,3,48,1,0,99,0,1,4,11,M5
450074,1,4,5,5,4,0,3,51,2,0,99,0,0,4,11,M5
392867,0,4,1,3,4,2,4,35,1,0,99,0,1,2,6,B24
18368,0,1,4,1,3,0,4,36,2,258,3,2,1,1,10,B98
482025,0,2,5,6,6,0,4,45,1,0,99,0,1,2,10,WV13
927312,0,3,5,5,5,0,4,50,1,238,3,3,1,3,9,DY4
54737,0,1,5,1,2,0,4,35,1,188,0,3,1,1,11,B32
447777,0,4,4,5,9,0,4,56,1,0,99,0,1,4,4,B11
447777,1,4,4,5,9,0,4,59,2,0,99,0,0,4,4,B11
553463,0,6,4,3,6,2,4,42,1,0,99,0,1,4,5,WS2
950544,0,5,5,3,4,3,4,32,1,0,99,0,1,2,3,DY4
950544,1,5,5,3,4,3,4,38,1,0,99,0,0,2,3,DY4
55487,0,4,5,4,9,2,4,51,1,266,1,2,1,2,11,B71
55487,1,4,5,4,9,2,4,54,2,308,1,2,0,2,11,B71
55487,2,4,5,4,9,2,4,16,2,0,1,1,0,2,11,B71
724077,0,1,6,6,2,0,3,58,1,0,99,0,1,1,4,M30
715402,0,3,3,5,6,0,3,47,1,240,3,3,1,3,7,M20
809243,0,3,4,3,3,2,3,44,1,242,1,3,1,1,11,M22
737790,0,1,5,1,2,0,4,38,1,168,0,3,1,1,11,B42
638978,0,2,5,7,9,0,3,68,1,386,1,3,1,2,8,WA3
638978,1,2,5,7,9,0,3,77,2,254,1,2,0,2,8,WA3
865971,0,4,4,2,5,3,3,51,1,0,99,0,1,1,9,OL3
94225,0,4,3,3,7,2,3,30,1,307,1,3,1,2,7,M18
671621,0,1,3,1,8,0,4,33,2,0,99,0,1,1,3,B30
719558,0,1,4,1,5,0,3,34,2,0,99,0,1,1,6,M26
477288,0,4,4,5,4,0,3,51,1,0,99,0,1,4,8,OL8
358153,0,1,3,1,9,0,3,35,1,157,7,3,1,1,4,OL11
353579,0,2,6,6,3,0,3,62,1,0,99,0,1,2,10,M30
353579,1,2,6,6,3,0,3,61,2,0,99,0,0,2,10,M30
581529,0,2,4,1,2,0,4,32,2,198,6,3,1,2,2,B27
908606,0,1,6,6,2,0,4,45,1,0,99,0,1,1,2,B29
513073,0,2,4,1,5,0,4,32,1,232,7,3,1,2,6,B1
513073,1,2,4,1,5,0,4,37,2,235,7,3,0,2,6,B1
231810,0,4,4,2,1,2,4,30,1,420,12,2,1,2,10,B24
231810,1,4,4,2,1,2,4,33,1,397,12,2,0,2,10,B24
846374,0,2,3,1,3,0,4,22,1,240,5,3,1,2,11,B14
400898,0,3,6,4,2,2,4,45,1,0,99,0,1,1,9,B37
215433,0,1,5,1,2,0,4,37,1,221,0,3,1,1,10,B44
801032,0,2,1,6,6,0,4,55,1,0,1,3,1,2,10,B74
801032,1,2,1,6,6,0,4,77,2,0,1,2,0,2,10,B74
110219,0,4,4,2,8,1,4,35,1,283,4,3,1,3,1,B28
578584,0,2,6,6,9,0,4,63,2,296,1,2,1,2,10,DY5
261021,0,1,5,1,2,0,4,24,1,0,99,0,1,1,4,B15
418725,0,1,3,1,5,0,4,37,1,265,5,3,1,1,9,B18
545328,0,4,3,2,3,2,4,32,1,257,3,3,1,2,10,DY4
545328,1,4,3,2,3,2,4,34,2,222,3,3,0,2,10,DY4
88572,0,1,3,1,3,0,4,28,1,0,99,0,1,1,7,WS4
63251,0,1,3,1,3,0,3,31,2,0,99,0,1,1,7,M16
651910,0,3,5,4,6,1,3,35,2,306,3,3,1,2,9,WN1
651910,1,3,5,4,6,1,3,43,1,230,3,3,0,2,9,WN1
279699,0,2,3,1,5,0,4,27,1,0,7,3,1,2,4,WS5
820847,0,4,5,5,9,0,4,49,1,0,3,2,1,4,9,WS10
820847,2,4,5,5,9,0,4,20,2,0,3,4,0,4,9,WS10
820847,3,4,5,5,9,0,4,16,2,0,3,4,0,4,9,WS10
14194,0,4,3,2,9,2,4,33,1,227,8,3,1,2,10,B17
677506,0,3,3,2,7,1,4,33,1,0,99,0,1,2,8,WV13
411643,0,2,5,1,5,0,4,27,1,0,99,0,1,2,1,B37
436972,0,2,5,2,4,1,3,28,1,0,99,0,1,1,5,M7
436972,1,2,5,2,4,1,3,29,2,0,99,0,0,1,5,M7
607991,0,2,3,1,5,0,3,28,1,250,1,3,1,2,9,OL2
607991,1,2,3,1,5,0,3,29,2,247,1,3,0,2,9,OL2
805199,0,4,1,4,6,1,3,45,1,0,99,0,1,3,9,OL4
805199,1,4,1,4,6,1,3,49,2,0,99,0,0,3,9,OL4
805199,2,4,1,4,6,1,3,19,2,0,99,0,0,3,9,OL4
805199,3,4,1,4,6,1,3,15,1,0,99,0,0,3,9,OL4
57768,0,1,3,1,3,0,3,35,1,232,0,3,1,1,7,BL1
448090,0,4,3,2,6,2,4,29,2,327,1,3,1,2,7,B60
448090,1,4,3,2,6,2,4,27,1,334,1,3,0,2,7,B60
801096,0,1,1,1,4,0,3,34,1,242,13,3,1,1,9,OL11
945473,0,2,3,1,7,0,3,34,1,317,1,3,1,2,8,BL3
945473,1,2,3,1,7,0,3,29,1,407,1,2,0,2,8,BL3
9018,0,4,5,1,1,0,4,29,2,0,1,2,1,4,9,B64
9018,2,4,5,1,1,0,4,60,1,0,1,1,0,4,9,B64
292397,0,2,5,7,3,0,3,68,1,385,8,3,1,2,6,M19
432094,0,1,3,1,2,0,3,41,1,0,0,3,1,1,1,M3
781163,0,1,5,1,3,0,4,35,1,203,0,3,1,1,9,B63
474878,0,1,5,1,2,0,4,36,1,201,0,3,1,1,9,B18
337811,0,4,3,5,9,0,4,67,1,0,99,0,1,4,9,B63
59247,0,2,3,6,3,0,3,56,1,436,1,3,1,2,9,WA3
59247,1,2,3,6,3,0,3,56,2,303,1,2,0,2,9,WA3
101748,0,4,3,1,5,0,4,45,1,0,99,0,1,4,5,B26
92913,0,3,4,5,9,0,4,61,1,0,99,0,1,3,8,DY3
92913,1,3,4,5,9,0,4,57,2,0,99,0,0,3,8,DY3
92913,2,3,4,5,9,0,4,30,1,0,99,0,0,3,8,DY3
715091,0,1,3,6,2,0,4,45,2,170,15,3,1,1,2,B38
528587,0,4,5,4,5,2,3,41,1,446,1,3,1,2,8,M46
528587,1,4,5,4,5,2,3,45,2,294,1,2,0,2,8,M46
900600,0,1,6,6,1,0,4,51,1,0,99,0,1,1,8,DY1
369302,0,1,3,6,8,0,4,58,1,0,99,0,1,1,8,B98
608868,0,2,5,6,4,0,3,62,2,211,1,2,1,2,8,M30
608868,1,2,5,6,4,0,3,58,1,240,1,2,0,2,8,M30
901262,0,3,3,5,4,0,3,52,2,279,4,2,1,3,8,BL3
901262,1,3,3,5,4,0,3,50,1,288,4,1,0,3,8,BL3
901262,2,3,3,5,4,0,3,21,2,205,4,3,0,3,8,BL3
911993,0,1,6,6,2,0,3,51,1,0,99,0,1,1,8,BL1
650487,0,3,1,4,7,1,4,48,2,243,1,3,1,2,7,B26
753825,0,1,6,7,9,0,4,74,1,0,99,0,1,1,8,WS9
404652,0,2,3,6,6,0,4,53,1,285,1,3,1,2,8,B76
404652,1,2,3,6,6,0,4,58,2,251,1,3,0,2,8,B76
857499,0,2,4,6,1,0,4,53,1,0,99,0,1,2,6,B44
857499,1,2,4,6,1,0,4,59,2,0,99,0,0,2,6,B44
281726,0,4,4,5,6,0,4,57,1,340,1,2,1,4,8,B92
281726,1,4,4,5,6,0,4,63,2,0,1,2,0,4,8,B92
611229,0,3,1,4,2,2,4,34,1,0,99,0,1,1,2,DY3
461276,0,5,6,3,6,2,3,42,1,289,1,3,1,3,8,OL12
461276,1,5,6,3,6,2,3,44,2,285,1,3,0,3,8,OL12
326327,0,7,3,3,8,3,4,68,1,303,1,1,1,4,1,B60
682969,0,5,3,2,7,3,3,43,2,0,99,0,1,2,8,M33
682969,1,5,3,2,7,3,3,41,1,0,99,0,0,2,8,M33
280808,0,2,5,1,2,0,3,37,1,320,1,1,1,2,7,M18
280808,1,2,5,1,2,0,3,50,2,269,1,1,0,2,7,M18
873422,0,4,6,3,2,2,4,33,2,313,1,3,1,2,6,B23
171763,0,2,6,6,3,0,3,57,1,0,99,0,1,2,6,M38
171763,1,2,6,6,3,0,3,39,2,0,99,0,0,2,6,M38
406903,0,1,4,1,4,0,4,40,1,273,1,3,1,1,7,B60
834957,0,4,3,3,4,2,3,46,1,0,99,0,1,2,8,SK4
834957,1,4,3,3,4,2,3,51,1,0,99,0,0,2,8,SK4
834957,2,4,3,3,4,2,3,13,2,0,99,0,0,2,8,SK4
762195,0,2,6,6,9,0,3,61,1,0,99,0,1,2,8,OL10
938211,0,3,3,4,3,2,3,48,1,0,99,0,1,1,3,BL5
938211,1,3,3,4,3,2,3,15,1,0,99,0,0,1,3,BL5
938211,2,3,3,4,3,2,3,13,2,0,99,0,0,1,3,BL5
189491,0,2,3,1,8,0,3,39,1,325,1,2,1,2,8,OL8
663286,0,2,3,6,5,0,4,58,1,204,1,3,1,2,8,B6
586267,0,2,5,1,4,0,4,38,1,292,1,3,1,2,8,WS2
586267,1,2,5,1,4,0,4,36,2,201,1,2,0,2,8,WS2
790665,0,4,3,4,7,2,3,48,1,0,99,0,1,2,7,OL1
116100,0,1,5,6,2,0,4,52,1,318,1,2,1,1,7,WS10
967871,0,1,5,1,3,0,4,36,1,229,0,3,1,1,7,DY4
246584,0,2,3,6,4,0,3,55,1,269,1,3,1,2,7,M14
130918,0,4,3,2,3,2,4,35,1,0,99,0,1,2,4,B30
794226,0,6,3,3,8,1,4,46,1,0,99,0,1,5,4,B24
177723,0,2,5,1,5,0,3,42,2,251,7,3,1,2,8,OL9
175271,0,2,3,6,6,0,4,55,1,309,11,3,1,2,7,WV14
175271,1,2,3,6,6,0,4,53,2,320,11,2,0,2,7,WV14
358958,0,2,5,3,9,1,4,46,1,0,99,0,1,1,4,B9
838011,0,2,3,6,4,0,4,50,1,312,3,2,1,2,8,B33
838011,1,2,3,6,4,0,4,20,2,283,3,2,0,2,8,B33
602963,0,3,4,2,4,1,4,37,1,0,99,0,1,2,6,DY1
602963,1,3,4,2,4,1,4,42,2,0,99,0,0,2,6,DY1
809531,0,3,5,5,3,0,4,55,1,0,99,0,1,3,7,WV13
823454,0,1,4,6,3,0,4,47,1,205,15,3,1,1,6,B91
827207,0,3,1,5,8,0,4,52,1,0,99,0,1,3,7,B78
827207,1,3,1,5,8,0,4,53,2,0,99,0,0,3,7,B78
827207,2,3,1,5,8,0,4,23,2,0,99,0,0,3,7,B78
550005,0,7,5,2,2,4,4,37,1,280,8,3,1,3,7,B8
550005,1,7,5,2,2,4,4,39,1,281,8,3,0,3,7,B8
436166,0,2,4,1,6,0,4,35,2,304,6,3,1,2,2,B16
510868,0,3,3,5,5,0,4,51,1,0,99,0,1,3,4,B28
510868,2,3,3,5,5,0,4,29,2,0,99,0,0,3,4,B28
351279,0,2,3,6,4,0,4,48,1,0,99,0,1,2,7,B61
498657,0,1,5,1,3,0,4,36,1,181,0,3,1,1,7,DY3
731331,0,2,3,2,6,1,3,34,2,0,99,0,1,1,7,M14
731331,1,2,3,2,6,1,3,32,1,0,99,0,0,1,7,M14
59814,0,3,3,2,9,1,4,31,1,261,1,3,1,2,2,B90
944313,0,1,6,1,9,0,4,30,2,0,99,0,1,1,5,B23
84839,0,1,6,1,9,0,4,32,2,0,99,0,1,1,4,B23
290364,0,1,6,1,9,0,4,25,2,0,99,0,1,1,5,B38
175202,0,1,6,1,9,0,4,26,1,0,99,0,1,1,7,B30
248451,0,1,6,1,9,0,4,22,2,0,99,0,1,1,5,B23
509585,0,5,3,2,3,2,4,28,1,0,99,0,1,3,1,B28
871807,0,1,6,1,9,0,4,26,1,0,99,0,1,1,6,B11
142833,0,1,6,1,9,0,4,25,1,0,99,0,1,1,6,B21
309004,0,1,6,1,1,0,4,21,2,0,99,0,1,1,7,B36
916257,0,1,6,1,9,0,4,23,2,0,99,0,1,1,6,B23
124140,0,1,6,1,9,0,4,25,2,0,99,0,1,1,6,B23
227851,0,1,6,1,9,0,4,19,2,0,99,0,1,1,5,B25
5073,0,1,6,1,9,0,4,23,2,0,99,0,1,1,6,B17
686759,0,1,6,1,1,0,4,26,2,0,99,0,1,1,5,B8
408104,0,5,3,2,6,3,4,40,1,258,5,3,1,2,6,B62
408104,1,5,3,2,6,3,4,43,2,268,5,3,0,2,6,B62
423582,0,1,5,1,3,0,4,36,1,208,0,3,1,1,6,B8
97399,0,1,6,1,9,0,4,19,2,0,99,0,1,1,6,B11
43240,0,1,6,1,1,0,4,33,2,0,99,0,1,1,6,B10
495547,0,3,3,2,7,1,4,36,1,0,99,0,1,2,5,B45
709637,0,1,6,1,9,0,3,25,1,0,99,0,1,1,4,M20
47881,0,1,4,1,2,0,4,35,1,238,0,3,1,1,6,B23
320553,0,1,3,1,3,0,4,31,1,0,99,0,1,1,1,B28
447376,0,1,5,1,3,0,4,26,1,0,99,0,1,1,7,B6
401870,0,2,6,6,2,0,4,52,1,623,1,3,1,2,6,B33
702197,0,1,6,1,9,0,4,25,2,0,99,0,1,1,6,B8
82923,0,1,6,1,1,0,4,20,2,0,99,0,1,1,6,B23
627234,0,1,6,1,9,0,4,27,1,0,99,0,1,1,7,B9
920509,0,3,3,3,7,2,4,52,2,235,1,3,1,1,6,B61
981027,0,5,5,3,3,3,4,45,2,0,99,0,1,2,6,B36
981027,1,5,5,3,3,3,4,13,1,0,99,0,0,2,6,B36
981027,3,5,5,3,3,3,4,15,1,0,99,0,0,2,6,B36
981027,4,5,5,3,3,3,4,38,1,0,99,0,0,2,6,B36
194776,0,2,5,1,3,0,4,30,1,0,99,0,1,2,1,B27
84227,0,1,3,1,3,0,4,27,1,0,99,0,1,1,1,B28
509985,0,1,3,1,3,0,4,24,1,0,99,0,1,1,1,B27
771415,0,1,5,1,3,0,4,35,1,212,0,3,1,1,6,B23
508652,0,4,3,4,6,2,4,37,1,0,99,0,1,2,5,B62
508652,1,4,3,4,6,2,4,37,2,0,99,0,0,2,5,B62
161829,0,2,5,1,5,0,4,28,1,0,99,0,1,2,6,B92
161829,1,2,5,1,5,0,4,27,2,0,99,0,0,2,6,B92
295840,0,2,3,6,4,0,4,55,1,0,99,0,1,2,2,CV7
113738,0,5,4,2,6,1,3,48,1,292,16,3,1,4,3,SK4
113738,1,5,4,2,6,1,3,48,1,248,16,3,0,4,3,SK4
113738,2,5,4,2,6,1,3,21,1,208,16,3,0,4,3,SK4
256208,0,1,5,1,2,0,4,34,1,182,0,3,1,1,5,B44
731318,0,2,6,6,9,0,4,45,1,0,99,0,1,2,5,B92
731318,1,2,6,6,9,0,4,72,1,0,99,0,0,2,5,B92
732301,0,2,3,1,6,0,4,37,1,273,3,3,1,2,4,B42
732301,1,2,3,1,6,0,4,38,2,286,3,3,0,2,4,B42
243876,0,3,1,6,8,0,4,56,1,281,4,3,1,3,5,B75
243876,1,3,1,6,8,0,4,51,2,275,4,3,0,3,5,B75
67284,0,1,5,1,2,0,4,35,1,221,0,3,1,1,5,B6
464310,0,1,3,7,1,0,3,65,1,314,1,3,1,1,5,M20
44312,0,1,6,1,9,0,3,44,1,210,16,1,1,1,5,BL8
879721,0,2,3,1,7,0,4,25,1,185,7,3,1,2,6,B4
533148,0,1,6,1,1,0,4,23,1,0,99,0,1,1,5,B24
928484,0,1,6,1,9,0,4,24,1,0,99,0,1,1,5,B44
326102,0,1,6,1,9,0,4,22,2,0,99,0,1,1,6,B20
565812,0,5,5,3,4,3,3,40,1,0,99,0,1,2,5,OL4
565812,1,5,5,3,4,3,3,44,2,0,99,0,0,2,5,OL4
332103,0,1,5,1,3,0,4,36,1,174,0,3,1,1,5,B20
541149,0,2,6,6,9,0,3,62,2,309,0,3,1,2,5,M30
159245,0,4,3,4,4,2,3,47,1,213,1,3,1,2,5,M22
693030,0,1,5,1,3,0,4,35,1,184,0,3,1,1,5,B11
903830,0,1,3,1,4,0,4,40,1,0,12,2,1,1,5,B9
577272,0,3,1,2,4,1,4,34,1,0,99,0,1,2,3,B31
577272,1,3,1,2,4,1,4,39,2,0,99,0,0,2,3,B31
170408,0,1,3,1,6,0,4,35,1,206,4,1,1,1,4,B68
920839,0,1,3,6,4,0,3,45,1,0,1,3,1,1,2,OL4
441073,0,3,3,1,6,0,4,42,1,222,1,2,1,3,5,B38
653524,0,2,3,7,4,0,4,75,1,233,1,2,1,2,5,WV14
521604,0,5,4,3,6,2,4,39,1,0,99,0,1,3,1,B32
489948,1,2,3,1,6,0,3,36,2,0,99,0,0,2,1,BL4
987077,0,2,3,7,3,0,3,69,1,253,1,1,1,2,5,M27
286253,0,1,5,1,3,0,4,24,1,0,99,0,1,1,1,B20
105180,0,1,3,1,3,0,4,26,1,0,99,0,1,1,1,B38
762183,0,3,3,2,3,1,4,45,1,0,99,0,1,2,1,WS9
935408,0,1,5,1,3,0,4,27,1,0,99,0,1,1,1,B20
307676,0,3,4,5,4,0,3,51,1,276,1,3,1,3,5,M26
307676,1,3,4,5,4,0,3,56,2,369,1,2,0,3,5,M26
905797,0,2,3,6,3,0,4,55,1,238,1,3,1,2,5,B26
905797,1,2,3,6,3,0,4,70,2,233,1,3,0,2,5,B26
438823,0,2,4,1,3,0,4,27,2,232,1,3,1,2,5,B98
27749,0,2,4,1,5,0,4,26,2,0,99,0,1,2,5,B62
27749,1,2,4,1,5,0,4,26,1,0,99,0,0,2,5,B62
692383,0,4,6,2,2,2,3,40,1,239,3,3,1,2,5,BL9
692383,3,4,6,2,2,2,3,20,1,210,3,2,0,2,5,BL9
192486,0,4,4,2,4,2,4,30,1,223,1,3,1,2,3,WS10
839777,0,1,3,1,3,0,3,44,1,0,99,0,1,1,5,M4
470729,0,1,3,1,5,0,3,36,1,0,1,2,1,1,5,OL15
235785,0,1,3,1,3,0,4,34,1,367,1,3,1,1,3,B31
51883,0,4,4,2,4,2,3,32,1,360,3,3,1,2,5,OL9
51883,1,4,4,2,4,2,3,39,2,304,3,3,0,2,5,OL9
272069,0,3,6,1,3,0,3,24,1,0,99,0,1,3,5,OL11
272069,1,3,6,1,3,0,3,54,1,0,99,0,0,3,5,OL11
272069,2,3,6,1,3,0,3,66,1,0,99,0,0,3,5,OL11
164252,0,3,5,5,4,0,3,57,1,248,1,2,1,3,5,BL7
678576,0,1,4,1,3,0,4,36,1,188,0,3,1,1,5,B26
176987,0,1,4,1,3,0,4,40,1,270,1,3,1,1,4,B90
588840,0,1,3,1,5,0,4,38,2,310,8,2,1,1,5,B24
70522,0,2,5,6,3,0,3,62,1,297,1,2,1,2,4,OL2
98682,0,2,5,6,3,0,3,59,1,236,2,3,1,2,4,OL12
928424,0,2,5,6,3,0,4,57,1,0,99,0,1,2,1,DY5
757312,0,1,3,1,3,0,4,31,1,0,99,0,1,1,3,B62
59532,0,1,6,1,9,0,4,24,2,0,99,0,1,1,4,B11
187571,0,1,6,1,9,0,4,29,2,0,99,0,1,1,3,B21
890851,0,1,5,6,2,0,3,45,2,228,3,3,1,1,4,M14
749865,0,5,3,4,4,3,3,42,1,0,99,0,1,2,4,M9
749865,1,5,3,4,4,3,3,47,2,0,99,0,0,2,4,M9
749865,2,5,3,4,4,3,3,14,2,0,99,0,0,2,4,M9
668831,0,1,5,1,1,0,3,28,1,196,7,3,1,1,5,M6
255401,0,1,5,1,1,0,4,18,1,211,0,3,1,1,5,B11
624579,0,1,5,1,2,0,4,18,1,0,99,0,1,1,5,B20
609860,0,1,5,1,1,0,4,17,1,163,0,3,1,1,5,B14
123096,0,1,4,1,2,0,4,22,1,188,1,3,1,1,2,WS10
674405,0,1,5,1,3,0,4,36,1,267,0,3,1,1,3,B5
345403,0,3,6,2,3,1,3,61,1,0,1,3,1,2,3,BL9
705855,0,1,6,1,1,0,4,24,2,0,99,0,1,1,3,B32
515396,0,3,4,2,5,1,4,29,1,270,13,3,1,2,2,B16
246028,0,3,5,1,4,0,3,26,1,270,5,3,1,3,1,BL9
246028,1,3,5,1,4,0,3,32,2,265,5,3,0,3,1,BL9
717661,0,1,3,1,3,0,3,25,1,195,5,3,1,1,2,M20
91943,0,4,3,5,8,0,4,46,1,179,4,3,1,4,3,B17
91943,2,4,3,5,8,0,4,21,2,229,4,3,0,4,3,B17
91943,3,4,3,5,8,0,4,18,1,202,4,4,0,4,3,B17
577711,0,4,4,2,9,2,4,27,1,0,99,0,1,2,3,WS3
577711,1,4,4,2,9,2,4,39,2,0,99,0,0,2,3,WS3
164534,0,4,3,4,3,2,4,34,1,0,1,3,1,2,1,B33
3075,0,1,3,1,5,0,4,38,1,0,99,0,1,1,3,B24
50872,0,4,3,2,7,2,3,35,1,0,99,0,1,2,1,M24
453083,0,3,5,2,1,2,3,26,1,0,99,0,1,1,3,BL4
205970,0,3,4,5,9,0,4,57,1,285,1,3,1,3,2,B60
205970,1,3,4,5,9,0,4,24,1,163,1,3,0,3,2,B60
701581,0,2,4,1,9,0,3,38,1,0,99,0,1,2,1,OL6
701581,1,2,4,1,9,0,3,34,2,0,99,0,0,2,1,OL6
111415,0,2,3,1,6,0,3,25,2,0,99,0,1,2,2,BL3
876218,0,2,4,2,5,1,3,30,1,0,99,0,1,1,1,M44
876218,1,2,4,2,5,1,3,34,2,0,99,0,0,1,1,M44
971953,0,3,3,5,6,0,3,51,1,266,1,3,1,3,2,BL2
971953,1,3,3,5,6,0,3,52,2,257,1,3,0,3,2,BL2
593225,0,2,3,1,8,0,3,34,2,240,1,3,1,2,2,OL4
593225,1,2,3,1,8,0,3,32,1,270,1,3,0,2,2,OL4
299536,0,2,3,1,8,0,3,41,2,0,0,3,1,2,2,M43
594902,0,4,3,4,7,2,4,43,1,271,1,3,1,2,2,B37
872683,0,3,3,2,4,1,3,39,1,0,99,0,1,2,2,M11
115713,0,1,5,1,3,0,4,36,1,241,0,3,1,1,2,B11
353403,0,2,3,1,9,0,4,31,1,304,5,3,1,2,2,DY1
453472,0,3,3,2,5,1,4,35,1,0,99,0,1,2,1,B29
