rst_4_extended,new_tag,source,matched_term,original_validation_field_title
Air Freshener Aerosols,,unmapped,,
Air Fresheners Candle,,unmapped,,
Air Fresheners Non-Barcoded,,unmapped,,
Block Air Fresheners,,unmapped,,
Carpet Air Fresheners,,unmapped,,
Continuous Air Fresheners,,unmapped,,
Dishwasher Freshener,,unmapped,,
Other Types Air Freshener,Eggs; other bird; in shell,food_commodity_token,eggs  other bird  in shell,
Vacuum Fresheners,,unmapped,,
Ambient Cakes Cake Bars,cakes & pastries,original_mapping,cakes   pastries,cakes & pastries
Ambient Cakes Cake Portions,cakes & pastries,original_mapping,cakes   pastries,cakes & pastries
Ambient Cakes Cheesecake,Cheese,food_commodity_phrase,cheese,cakes & pastries
Ambient Cakes Flapjack,cakes & pastries,original_mapping,cakes   pastries,cakes & pastries
Ambient Cakes ISB Cookies,biscuits - isb cookies,original_mapping,biscuits   isb cookies,biscuits - isb cookies
Ambient Cakes Large Pies,cakes & pastries,original_mapping,cakes   pastries,cakes & pastries
Ambient Cakes Large Swiss Roll,cakes & pastries,original_mapping,cakes   pastries,cakes & pastries
Ambient Cakes Large Tarts,cakes & pastries,original_mapping,cakes   pastries,cakes & pastries
Ambient Cakes Large Whole Cake,Milk; whole fresh cow,food_commodity_token,milk  whole fresh cow,cakes & pastries
Ambient Cakes Malt/Fruit Loave,Fruit; tropical fresh nes,food_commodity_token,fruit  tropical fresh nes,cakes & pastries
Ambient Cakes Muffins,cakes & pastries,original_mapping,cakes   pastries,cakes & pastries
Ambient Cakes Other Cakes,Eggs; other bird; in shell,food_commodity_token,eggs  other bird  in shell,cakes & pastries
Ambient Cakes Slab/Cut Cakes,cakes & pastries,original_mapping,cakes   pastries,cakes & pastries
Ambient Cakes Slices,cakes & pastries,original_mapping,cakes   pastries,cakes & pastries
Ambient Cakes Small Cakes,cakes & pastries,original_mapping,cakes   pastries,cakes & pastries
Ambient Cakes Small Pies,cakes & pastries,original_mapping,cakes   pastries,cakes & pastries
Ambient Cakes Small Swiss Roll,cakes & pastries,original_mapping,cakes   pastries,cakes & pastries
Ambient Cakes Small Tarts,cakes & pastries,original_mapping,cakes   pastries,cakes & pastries
Ambient Cakes Sponge Sandwich,cakes & pastries,original_mapping,cakes   pastries,cakes & pastries
Ambient Cakes Trifle Sponges,cakes & pastries,original_mapping,cakes   pastries,cakes & pastries
Ambient Cakes Unfilled Flans,cakes & pastries,original_mapping,cakes   pastries,cakes & pastries
Ambient Cakes+Danish Pastries,cakes & pastries,original_mapping,cakes   pastries,cakes & pastries
Ambient Cakes+Past Mince Pies,cakes & pastries,original_mapping,cakes   pastries,cakes & pastries
Meringue/Other Ambient Dessert,Eggs; other bird; in shell,food_commodity_token,eggs  other bird  in shell,cakes & pastries
Small Cakes,cakes & pastries,original_mapping,cakes   pastries,cakes & pastries
Sponge Sandwich,cakes & pastries,original_mapping,cakes   pastries,cakes & pastries
Ambient Christ Traditional Pud,christmas puddings,original_mapping,christmas puddings,christmas puddings
Ambient Xmas Pudding Luxury,christmas puddings,original_mapping,christmas puddings,christmas puddings
Ambient Cndmnt All Other Types,Eggs; other bird; in shell,food_commodity_token,eggs  other bird  in shell,cooking sauces and condiments
Ambient Cndmnt Apple Sce,cooking sauces and condiments,original_mapping,cooking sauces and condiments,cooking sauces and condiments
Ambient Cndmnt Cranberry Sce,cooking sauces and condiments,original_mapping,cooking sauces and condiments,cooking sauces and condiments
Ambient Cndmnt Horseradish Sce,cooking sauces and condiments,original_mapping,cooking sauces and condiments,cooking sauces and condiments
Ambient Cndmnt Mint Sce/Jlly,cooking sauces and condiments,original_mapping,cooking sauces and condiments,cooking sauces and condiments
Ambient Cndmnt Tartare Sce,cooking sauces and condiments,original_mapping,cooking sauces and condiments,cooking sauces and condiments
Ambient Condim Bearnaise Sauce,cooking sauces and condiments,original_mapping,cooking sauces and condiments,cooking sauces and condiments
Ambient Condim Hollandaise Sau,cooking sauces and condiments,original_mapping,cooking sauces and condiments,cooking sauces and condiments
Ambient Condim Liquid Pour Ove,cooking sauces and condiments,original_mapping,cooking sauces and condiments,cooking sauces and condiments
Ambient Condim Other Ckng Addt,Eggs; other bird; in shell,food_commodity_token,eggs  other bird  in shell,cooking sauces and condiments
Ambient Condimen Pepper Sauce,Pepper (piper spp.),food_commodity_token,pepper  piper spp,cooking sauces and condiments
Ambnt Cndmnt Red-Currant Jelly,cooking sauces and condiments,original_mapping,cooking sauces and condiments,cooking sauces and condiments
Prawn Cocktail/Seafood Sauces,cooking sauces and condiments,original_mapping,cooking sauces and condiments,cooking sauces and condiments
Ambient Ckng Sce Indian,cooking sauces and condiments,original_mapping,cooking sauces and condiments,cooking sauces and condiments
Ambient Ckng Sce Italian,cooking sauces and condiments,original_mapping,cooking sauces and condiments,cooking sauces and condiments
Ambient Ckng Sce Oriental,cooking sauces and condiments,original_mapping,cooking sauces and condiments,cooking sauces and condiments
Ambient Ckng Sce Tex-Mex,cooking sauces and condiments,original_mapping,cooking sauces and condiments,cooking sauces and condiments
Ambient Ckng Sce Traditional,cooking sauces and condiments,original_mapping,cooking sauces and condiments,cooking sauces and condiments
Ambient Cooking Other Ethnic,Eggs; other bird; in shell,food_commodity_token,eggs  other bird  in shell,cooking sauces and condiments
Ambient Dips,dips - ambient,original_mapping,dips   ambient,dips - ambient
Ambient Flavoured Milk,Milk; whole fresh cow,food_commodity_token,milk  whole fresh cow,soft drinks-mlkshks (rdy made)
Ambient Olives Black,Olives,food_commodity_phrase,olives,olives
Ambient Olives Green,Olives,food_commodity_phrase,olives,olives
Ambient Olives Mixed,Olives,food_commodity_phrase,olives,olives
Amb One Shot From Concentrate,soft drinks-frt jce/drnks,original_mapping,soft drinks frt jce drnks,soft drinks-frt jce/drnks
Ambient One Sh Functional Stil,soft drinks-frt jce/drnks,original_mapping,soft drinks frt jce drnks,soft drinks-frt jce/drnks
Ambient One Sh Juice Drinks Co,soft drinks-frt jce/drnks,original_mapping,soft drinks frt jce drnks,soft drinks-frt jce/drnks
Ambient One Sh Refreshment Ene,soft drinks-frt jce/drnks,original_mapping,soft drinks frt jce drnks,soft drinks-frt jce/drnks
Ambient One Sh Still Adult Dri,soft drinks-frt jce/drnks,original_mapping,soft drinks frt jce drnks,soft drinks-frt jce/drnks
Ambient One Sho Sports Drinks,soft drinks-frt jce/drnks,original_mapping,soft drinks frt jce drnks,soft drinks-frt jce/drnks
Ambient One Shot Dri Iced Tea,Tea,food_commodity_phrase,tea,soft drinks-frt jce/drnks
Ambient One Shot Drinks,soft drinks-frt jce/drnks,original_mapping,soft drinks frt jce drnks,soft drinks-frt jce/drnks
Ambient One Shot Frshly Sqzd,soft drinks-frt jce/drnks,original_mapping,soft drinks frt jce drnks,soft drinks-frt jce/drnks
Ambient One Shot Juice Drinks,soft drinks-frt jce/drnks,original_mapping,soft drinks frt jce drnks,soft drinks-frt jce/drnks
Ambient One Shot Not From Conc,soft drinks-frt jce/drnks,original_mapping,soft drinks frt jce drnks,soft drinks-frt jce/drnks
Ambient One Shot Smoothies,soft drinks-frt jce/drnks,original_mapping,soft drinks frt jce drnks,soft drinks-frt jce/drnks
Ambient Paste Non Barcoded,paste+spreads,original_mapping,paste spreads,paste+spreads
Ambient Paste Paste+Spreads,paste+spreads,original_mapping,paste spreads,paste+spreads
Ambient Paste Potato Toppers,paste+spreads,original_mapping,paste spreads,paste+spreads
Ambient Paste Red Pepper+Feta,Pepper (piper spp.),food_commodity_token,pepper  piper spp,paste+spreads
Ambient Paste Sandwich Spread,paste+spreads,original_mapping,paste spreads,paste+spreads
Ambient Paste Toasting Topper,paste+spreads,original_mapping,paste spreads,paste+spreads
Ambient Paste+Spreads Pate,paste+spreads,original_mapping,paste spreads,paste+spreads
Ambient Paste+Spreads Tapenade,paste+spreads,original_mapping,paste spreads,paste+spreads
Ambient Pastes Roasted Red Pep,paste+spreads,original_mapping,paste spreads,paste+spreads
Ambient Pastes Sundried Tomato,paste+spreads,original_mapping,paste spreads,paste+spreads
Ambient Pizza Bases,pizza - fresh+ambient,original_mapping,pizza   fresh ambient,pizza - fresh+ambient
Ambient Rice Bulk Plain Rice,Rice; paddy,food_commodity_token,rice  paddy,rice+savoury noodles
Ambient Rice Non Barcoded,Rice; paddy,food_commodity_token,rice  paddy,rice+savoury noodles
Ambient Rice Other Plain Rice,Eggs; other bird; in shell,food_commodity_token,eggs  other bird  in shell,rice+savoury noodles
Ambient Rice Other Rice,Eggs; other bird; in shell,food_commodity_token,eggs  other bird  in shell,rice+savoury noodles
Ambient Rice Pouch Rice,Rice; paddy,food_commodity_token,rice  paddy,rice+savoury noodles
Ambient Rice Savoury Noodle,Rice; paddy,food_commodity_token,rice  paddy,rice+savoury noodles
Ambient Rice Savoury Pasta,Rice; paddy,food_commodity_token,rice  paddy,rice+savoury noodles
Ambient Rice+S Wholegrain Basm,Rice; paddy,food_commodity_token,rice  paddy,rice+savoury noodles
Ambient Rice+S Wholegrain Pila,Rice; paddy,food_commodity_token,rice  paddy,rice+savoury noodles
Ambient Rice+Sv Plain Noodles,Rice; paddy,food_commodity_token,rice  paddy,rice+savoury noodles
Ambient Rice+Svry N Pot Snack,Rice; paddy,food_commodity_token,rice  paddy,rice+savoury noodles
Ambnt Rice Dried Savoury Rice,Rice; paddy,food_commodity_token,rice  paddy,rice+savoury noodles
Ambient Sandwich Filler,sandwich fillers,original_mapping,sandwich fillers,sandwich fillers
Ambient Slimming Products,slimming prds-meal replacement,original_mapping,slimming prds meal replacement,slimming prds-meal replacement
Ambient Soup Low Calorie,soups-liquid,original_mapping,soups liquid,soups-liquid
Ambient Soup Non Barcoded,soups-liquid,original_mapping,soups liquid,soups-liquid
Ambient Soup Premium,soups-liquid,original_mapping,soups liquid,soups-liquid
Ambient Soup Regular,soups-liquid,original_mapping,soups liquid,soups-liquid
Ambient Soup Thick Diced,soups-liquid,original_mapping,soups liquid,soups-liquid
Ambient Sponge Puddings,ambient sponge puddings,original_mapping,ambient sponge puddings,ambient sponge puddings
Ambient Vgtrn Other Vegetable,Eggs; other bird; in shell,food_commodity_token,eggs  other bird  in shell,ambient vegetables-other veg
Ambient Vgtrn P Soya Products,ambient hot meat/soya/veg prod,original_mapping,ambient hot meat soya veg prod,ambient hot meat/soya/veg prod
Ambient Vgtrn Ssgs/Frnkfrtr,ambient hot meat/soya/veg prod,original_mapping,ambient hot meat soya veg prod,ambient hot meat/soya/veg prod
Ambient Vgtrn Stews+Casserole,ambient hot meat/soya/veg prod,original_mapping,ambient hot meat soya veg prod,ambient hot meat/soya/veg prod
Ambient Fruit Instant NFC,Fruit; tropical fresh nes,food_commodity_token,fruit  tropical fresh nes,fruit juice & fruit drinks
Ambient Fruit Jce Drink,Fruit; tropical fresh nes,food_commodity_token,fruit  tropical fresh nes,fruit juice & fruit drinks
Ambient Fruit Jce FC,Fruit; tropical fresh nes,food_commodity_token,fruit  tropical fresh nes,fruit juice & fruit drinks
Ambient Fruit Juice NFC,Fruit; tropical fresh nes,food_commodity_token,fruit  tropical fresh nes,fruit juice & fruit drinks
Ambient Fruit Pure FC,Fruit; tropical fresh nes,food_commodity_token,fruit  tropical fresh nes,fruit juice & fruit drinks
Ambient Fruit Pure Jce Drink,Fruit; tropical fresh nes,food_commodity_token,fruit  tropical fresh nes,fruit juice & fruit drinks
Ambient Fruit Pure NFC,Fruit; tropical fresh nes,food_commodity_token,fruit  tropical fresh nes,fruit juice & fruit drinks
Ambient Fruit Pure Smoothies,Fruit; tropical fresh nes,food_commodity_token,fruit  tropical fresh nes,fruit juice & fruit drinks
Ambient Fruit Yoghurt Drink,Fruit; tropical fresh nes,food_commodity_token,fruit  tropical fresh nes,yoghurt drinks and juices
Ambient Juice Drinks,fruit juice & fruit drinks,original_mapping,fruit juice   fruit drinks,fruit juice & fruit drinks
Ambnt Fru Ambient J Flavoured,fruit juice & fruit drinks,original_mapping,fruit juice   fruit drinks,fruit juice & fruit drinks
Ambnt Fru Ambient J Sports Dri,fruit juice & fruit drinks,original_mapping,fruit juice   fruit drinks,fruit juice & fruit drinks
Ambnt Fru Ambient J Still Adul,fruit juice & fruit drinks,original_mapping,fruit juice   fruit drinks,fruit juice & fruit drinks
Ambnt Fru Ambient P NFC Cold P,fruit juice & fruit drinks,original_mapping,fruit juice   fruit drinks,fruit juice & fruit drinks
Ambnt Fru Ambient P Sparkling,fruit juice & fruit drinks,original_mapping,fruit juice   fruit drinks,fruit juice & fruit drinks
Ambnt Fru Ambient P Still Adul,fruit juice & fruit drinks,original_mapping,fruit juice   fruit drinks,fruit juice & fruit drinks
Ambnt Fru Yoghurt D Smoothies,yoghurt drinks and juices,original_mapping,yoghurt drinks and juices,yoghurt drinks and juices
Ambnt Fru Yoghurt D Still Adul,yoghurt drinks and juices,original_mapping,yoghurt drinks and juices,yoghurt drinks and juices
Ambnt Frui Ambient J Iced Tea,Tea,food_commodity_phrase,tea,fruit juice & fruit drinks
Ambnt Frui Instant Juice Drink,fruit juice & fruit drinks,original_mapping,fruit juice   fruit drinks,fruit juice & fruit drinks
Amb Salad Acc Non Barcoded,salad dressing,original_mapping,salad dressing,salad dressing
Amb Salad Acc Pourable Drssing,salad dressing,original_mapping,salad dressing,salad dressing
Ambient Salad Cream,"Butter, Cream & Ghee",food_commodity_token,butter  cream   ghee,mayonnaise and salad cream
Ambnt Salad Accomp Mayonnaise,mayonnaise and salad cream,original_mapping,mayonnaise and salad cream,mayonnaise and salad cream
Anti-Diarrhoea Liquid Capsules,,unmapped,,
Anti-Diarrhoeal Caplets,,unmapped,,
Anti-Diarrhoeal Capsule,,unmapped,,
Anti-Diarrhoeal Capsule/Powder,,unmapped,,
Anti-Diarrhoeal Liquid,,unmapped,,
Anti-Diarrhoeal Powder,,unmapped,,
Anti-Diarrhoeal Tablets,,unmapped,,
Antiseptics&Liq Dsnfctnt,,unmapped,,
Artificial Swtnr Granule/Pwdr,sugar,original_mapping,sugar,sugar
Artificial Swtnrs Tablet,sugar,original_mapping,sugar,sugar
Liquid Artificial Sweetners,syrup and treacle,original_mapping,syrup and treacle,syrup and treacle
Baked Beans Non Barcoded,Broad beans; horse beans; dry,food_commodity_token,broad beans  horse beans  dry,baked beans
Baked Beans Variants,Broad beans; horse beans; dry,food_commodity_token,broad beans  horse beans  dry,baked beans
Baked Beans+Tomato,Broad beans; horse beans; dry,food_commodity_token,broad beans  horse beans  dry,baked beans
Bar Soap Multi-Pack,,unmapped,,
Bar Soap Single,,unmapped,,
Bath+Shower Pr Non Barcoded Pr,,unmapped,,
Bath+Shower Pr Shower Products,,unmapped,,
Bath+Shower Prod Wash Mittens,,unmapped,,
Bath+Shower Product Body Wash,,unmapped,,
Bath+Shower Products Cubes,,unmapped,,
Bath+Shower Products Liquid,,unmapped,,
Bath+Shower Products Salts,,unmapped,,
Shower Products,,unmapped,,
Batteries,,unmapped,,
Ale,alcohol-beer bitter,original_mapping,alcohol beer bitter,alcohol-beer bitter
Lager,alcohol-beer lgr >4.3 abv stgh,original_mapping,alcohol beer lgr  4 3 abv stgh,alcohol-beer lgr >4.3 abv stgh
Stout,alcohol-beer stout,original_mapping,alcohol beer stout,alcohol-beer stout
Bin Liners Dustbin,,unmapped,,
Bin Liners Garden Sack,,unmapped,,
Bin Liners Large Pedal Bin,,unmapped,,
Bin Liners Recycle Sack,,unmapped,,
Bin Liners Refuse Sack,,unmapped,,
Bin Liners Rubble Sack,,unmapped,,
Bin Liners Small Pedal Bin,,unmapped,,
Bin Liners Swing Bin,,unmapped,,
Bin Liners Waste Basket,,unmapped,,
Bin Liners Wheelie,,unmapped,,
Low Calorie Bitter Lemon,lemon and lime juices,original_mapping,lemon and lime juices,lemon and lime juices
Standard Bitter Lemon,lemon and lime juices,original_mapping,lemon and lime juices,lemon and lime juices
Bleaches&Lavat Blue Cypress+Mi,,unmapped,,
Bleaches+Lavatory Non-Barcoded,,unmapped,,
Bowl Block Cleaners,,unmapped,,
Cistern Block Cleaners,,unmapped,,
Lavatory Bleach,,unmapped,,
Lavatory Cleaner Mousse,,unmapped,,
Lavatory Tablets,,unmapped,,
Lavatory Wipes,,unmapped,,
Liquid Bleach,,unmapped,,
Liquid Lavatory Cleaners,,unmapped,,
Powder Lavatory Cleaners,,unmapped,,
Bottled Cola Non Barcode Cola,soft drinks-cola bottles,original_mapping,soft drinks cola bottles,soft drinks-cola bottles
Bottled Colas Diet Cola,soft drinks-cola bottles,original_mapping,soft drinks cola bottles,soft drinks-cola bottles
Bottled Colas Regular Cola,soft drinks-cola bottles,original_mapping,soft drinks cola bottles,soft drinks-cola bottles
Bottled Diet Lemonade,soft drinks-mixers,original_mapping,soft drinks mixers,soft drinks-mixers
Bottled Lemo Diet Sport+Energy,soft drinks-mixers,original_mapping,soft drinks mixers,soft drinks-mixers
Bottled Regular Lemonade,soft drinks-mixers,original_mapping,soft drinks mixers,soft drinks-mixers
Bottled O Low Calor Flavoured,soft drinks-crbntd flvrs bttls,original_mapping,soft drinks crbntd flvrs bttls,soft drinks-crbntd flvrs bttls
Bottled O Non Barco Flavoured,soft drinks-crbntd flvrs bttls,original_mapping,soft drinks crbntd flvrs bttls,soft drinks-crbntd flvrs bttls
Bottled Ot Regular Flavoured C,soft drinks-crbntd flvrs bttls,original_mapping,soft drinks crbntd flvrs bttls,soft drinks-crbntd flvrs bttls
Bottled Ot Regular Sport+Energ,soft drinks-crbntd flvrs bttls,original_mapping,soft drinks crbntd flvrs bttls,soft drinks-crbntd flvrs bttls
Bottled Othe Diet Flavoured Ca,soft drinks-crbntd flvrs bttls,original_mapping,soft drinks crbntd flvrs bttls,soft drinks-crbntd flvrs bttls
Bottled Othe Diet Sport+Energy,soft drinks-crbntd flvrs bttls,original_mapping,soft drinks crbntd flvrs bttls,soft drinks-crbntd flvrs bttls
Bottled Othe Regular Lemonade,soft drinks-mixers,original_mapping,soft drinks mixers,soft drinks-mixers
Bottled Other F Diet Lemonade,Eggs; other bird; in shell,food_commodity_token,eggs  other bird  in shell,soft drinks-mixers
Bottled Shandies Diet,soft drinks-shandies,original_mapping,soft drinks shandies,soft drinks-shandies
Regular Bottled Shandies,soft drinks-shandies,original_mapping,soft drinks shandies,soft drinks-shandies
Breakfast Cere Breakfast Drink,breakfast cereals,original_mapping,breakfast cereals,breakfast cereals
Breakfast Cereal Ready To Eat,breakfast cereals,original_mapping,breakfast cereals,breakfast cereals
Breakfast Cereals Granola,breakfast cereals,original_mapping,breakfast cereals,breakfast cereals
Breakfast Cereals Muesli,breakfast cereals,original_mapping,breakfast cereals,breakfast cereals
Breakfast Cereals Non barcoded,breakfast cereals,original_mapping,breakfast cereals,breakfast cereals
Instant Porridge,breakfast cereals,original_mapping,breakfast cereals,breakfast cereals
Porridge Oat,breakfast cereals,original_mapping,breakfast cereals,breakfast cereals
Ready To Eat Cereals,breakfast cereals,original_mapping,breakfast cereals,breakfast cereals
Butter Gluten Free Block,"Butter, Cream & Ghee",food_commodity_token,butter  cream   ghee,butter
Butter Non Barcoded Pro Block,"Butter, Cream & Ghee",food_commodity_token,butter  cream   ghee,butter
Butter Slightly Sal Flavoured,"Butter, Cream & Ghee",food_commodity_token,butter  cream   ghee,butter
Butter Slightly Sal Spreadable,"Butter, Cream & Ghee",food_commodity_token,butter  cream   ghee,butter
Butter Slightly Salted Block,"Butter, Cream & Ghee",food_commodity_token,butter  cream   ghee,butter
Butter Standard Alcoholic Butt,"Butter, Cream & Ghee",food_commodity_token,butter  cream   ghee,butter
Butter Standard Block,"Butter, Cream & Ghee",food_commodity_token,butter  cream   ghee,butter
Butter Standard Flavoured,"Butter, Cream & Ghee",food_commodity_token,butter  cream   ghee,butter
Butter Standard Other,Eggs; other bird; in shell,food_commodity_token,eggs  other bird  in shell,butter
Butter Standard Spreadable,"Butter, Cream & Ghee",food_commodity_token,butter  cream   ghee,butter
Butter Unsalted Alcoholic Butt,"Butter, Cream & Ghee",food_commodity_token,butter  cream   ghee,butter
Butter Unsalted Block,"Butter, Cream & Ghee",food_commodity_token,butter  cream   ghee,butter
Butter Unsalted Other,Eggs; other bird; in shell,food_commodity_token,eggs  other bird  in shell,butter
Butter Unsalted Spreadable,"Butter, Cream & Ghee",food_commodity_token,butter  cream   ghee,butter
Canned Col Regular Sport+Energ,soft drinks-cola canned,original_mapping,soft drinks cola canned,soft drinks-cola canned
Canned Colas Diet Cola,soft drinks-cola canned,original_mapping,soft drinks cola canned,soft drinks-cola canned
Canned Colas Regular Cola,soft drinks-cola canned,original_mapping,soft drinks cola canned,soft drinks-cola canned
Canned Brisling,canned fish,original_mapping,canned fish,canned fish
Canned Crab/Crabmeat,canned fish,original_mapping,canned fish,canned fish
Canned Fish Other Fish in Jars,Fish,food_commodity_phrase,fish,canned fish
Canned Keta Salmon,canned fish,original_mapping,canned fish,canned fish
Canned Mackerel,canned fish,original_mapping,canned fish,canned fish
Canned Medium Red Salmon,canned fish,original_mapping,canned fish,canned fish
Canned Pilchard,canned fish,original_mapping,canned fish,canned fish
Canned Pink Salmon,canned fish,original_mapping,canned fish,canned fish
Canned Red Salmon,canned fish,original_mapping,canned fish,canned fish
Canned Sardines,canned fish,original_mapping,canned fish,canned fish
Canned Sild,canned fish,original_mapping,canned fish,canned fish
Canned Tuna,canned fish,original_mapping,canned fish,canned fish
Other Canned Fish,Fish,food_commodity_phrase,fish,canned fish
Tuna,canned fish,original_mapping,canned fish,canned fish
Canned Hot Meats Bacon Grill,canned ham,original_mapping,canned ham,canned ham
Canned Hot Meats Non-Barcoded,canned ham,original_mapping,canned ham,canned ham
Hot Canned Fillings Meat,Meat; goose and guinea fowl,food_commodity_token,meat  goose and guinea fowl,tinned cold meats
Hot Canned Meatballs,tinned cold meats,original_mapping,tinned cold meats,tinned cold meats
Hot Canned Mince,tinned cold meats,original_mapping,tinned cold meats,tinned cold meats
Hot Canned Other Meat Products,Eggs; other bird; in shell,food_commodity_token,eggs  other bird  in shell,tinned cold meats
Hot Canned Pies,tinned cold meats,original_mapping,tinned cold meats,tinned cold meats
Hot Canned Puddings,tinned cold meats,original_mapping,tinned cold meats,tinned cold meats
Hot Canned Ready Meals,tinned cold meats,original_mapping,tinned cold meats,tinned cold meats
Hot can Sausages/Frankfurters,tinned cold meats,original_mapping,tinned cold meats,tinned cold meats
Canned Lemon Regular Lemonade,soft drinks-crbntd flvrs cnnd,original_mapping,soft drinks crbntd flvrs cnnd,soft drinks-crbntd flvrs cnnd
Canned Lemonade Diet Lemonade,soft drinks-crbntd flvrs cnnd,original_mapping,soft drinks crbntd flvrs cnnd,soft drinks-crbntd flvrs cnnd
Canned Oth Regular Sport+Energ,soft drinks-crbntd flvrs cnnd,original_mapping,soft drinks crbntd flvrs cnnd,soft drinks-crbntd flvrs cnnd
Canned Other Carbonated,Eggs; other bird; in shell,food_commodity_token,eggs  other bird  in shell,soft drinks-crbntd flvrs cnnd
Canned Other Diet Carbonate,Eggs; other bird; in shell,food_commodity_token,eggs  other bird  in shell,soft drinks-crbntd flvrs cnnd
Canned Other Diet Sport+Energy,Eggs; other bird; in shell,food_commodity_token,eggs  other bird  in shell,soft drinks-crbntd flvrs cnnd
Diet,soft drinks-crbntd flvrs cnnd,original_mapping,soft drinks crbntd flvrs cnnd,soft drinks-crbntd flvrs cnnd
Canned Bolognese,pasta-canned,original_mapping,pasta canned,pasta-canned
Canned Hooped Spaghetti,pasta-canned,original_mapping,pasta canned,pasta-canned
Canned Long Spaghetti,pasta-canned,original_mapping,pasta canned,pasta-canned
Canned Macaroni,pasta-canned,original_mapping,pasta canned,pasta-canned
Canned Other Pasta,Eggs; other bird; in shell,food_commodity_token,eggs  other bird  in shell,pasta-canned
Canned Pasta Prds Non Barcoded,pasta-canned,original_mapping,pasta canned,pasta-canned
Canned Pasta Produ Pasta Meal,pasta-canned,original_mapping,pasta canned,pasta-canned
Canned Ravioli,pasta-canned,original_mapping,pasta canned,pasta-canned
Canned Shaped Pasta,pasta-canned,original_mapping,pasta canned,pasta-canned
Canned Spaghetti Meals,pasta-canned,original_mapping,pasta canned,pasta-canned
Canned Rice Other Milk Pudding,Eggs; other bird; in shell,food_commodity_token,eggs  other bird  in shell,ambient milk puddings
Canned Rice Pud Non Barcoded,Rice; paddy,food_commodity_token,rice  paddy,ambient milk puddings
Canned Rice Pudding Rice,Rice; paddy,food_commodity_token,rice  paddy,ambient milk puddings
Canned Salads,prepared salads,original_mapping,prepared salads,prepared salads
Diet Canned Shandies,soft drinks-shandies,original_mapping,soft drinks shandies,soft drinks-shandies
Regular Canned Shandies,soft drinks-shandies,original_mapping,soft drinks shandies,soft drinks-shandies
Canned Flageolet Bns+Crt+Tom,vegetables-canned peas & beans,original_mapping,vegetables canned peas   beans,vegetables-canned peas & beans
Canned Petit Pois+Carrot+Mshrm,vegetables-canned peas & beans,original_mapping,vegetables canned peas   beans,vegetables-canned peas & beans
Canned Veg Artichokes,Artichokes,food_commodity_phrase,artichokes,vegetables-canned peas & beans
Canned Veg Asparagus,Asparagus,food_commodity_phrase,asparagus,vegetables-canned peas & beans
Canned Veg Baby Carrots,Carrots and turnips,food_commodity_token,carrots and turnips,vegetables-canned peas & beans
Canned Veg Beetroot,vegetables-canned peas & beans,original_mapping,vegetables canned peas   beans,vegetables-canned peas & beans
Canned Veg Button Mushroom,vegetables-canned peas & beans,original_mapping,vegetables canned peas   beans,vegetables-canned peas & beans
Canned Veg Celery,vegetables-canned peas & beans,original_mapping,vegetables canned peas   beans,vegetables-canned peas & beans
Canned Veg Chopped Mushroom,vegetables-canned peas & beans,original_mapping,vegetables canned peas   beans,vegetables-canned peas & beans
Canned Veg Creamed Mushroom,vegetables-canned peas & beans,original_mapping,vegetables canned peas   beans,vegetables-canned peas & beans
Canned Veg Garlic Mushroom,Garlic,food_commodity_phrase,garlic,vegetables-canned peas & beans
Canned Veg Green Pepper,Chillies and peppers; green,food_commodity_token,chillies and peppers  green,vegetables-canned peas & beans
Canned Veg Jersey Potatoes,Potatoes,food_commodity_phrase,potatoes,vegetables-canned peas & beans
Canned Veg Lentil,vegetables-canned peas & beans,original_mapping,vegetables canned peas   beans,vegetables-canned peas & beans
Canned Veg Mixed Pulses,Grain; mixed,food_commodity_token,grain  mixed,vegetables-canned peas & beans
Canned Veg Mixed Vegetable,Grain; mixed,food_commodity_token,grain  mixed,vegetables-canned peas & beans
Canned Veg Mushrooms,Mushrooms and truffles,food_commodity_token,mushrooms and truffles,vegetables-canned peas & beans
Canned Veg New Potatoes,Potatoes,food_commodity_phrase,potatoes,vegetables-canned peas & beans
Canned Veg Onions,Onions; shallots; green,food_commodity_token,onions  shallots  green,vegetables-canned peas & beans
Canned Veg Other,Eggs; other bird; in shell,food_commodity_token,eggs  other bird  in shell,vegetables-canned peas & beans
Canned Veg Patra,vegetables-canned peas & beans,original_mapping,vegetables canned peas   beans,vegetables-canned peas & beans
Canned Veg Peas+Carrots,Carrots and turnips,food_commodity_token,carrots and turnips,vegetables-canned peas & beans
Canned Veg Peas+Sweetcorn,Chick peas,food_commodity_token,chick peas,vegetables-canned peas & beans
Canned Veg Petit Pois,vegetables-canned peas & beans,original_mapping,vegetables canned peas   beans,vegetables-canned peas & beans
Canned Veg Petit Pois+Bby Crrt,vegetables-canned peas & beans,original_mapping,vegetables canned peas   beans,vegetables-canned peas & beans
Canned Veg Petit Pois+Carrots,Carrots and turnips,food_commodity_token,carrots and turnips,vegetables-canned peas & beans
Canned Veg Petit Pois+Swede,vegetables-canned peas & beans,original_mapping,vegetables canned peas   beans,vegetables-canned peas & beans
Canned Veg Ratatouille,vegetables-canned peas & beans,original_mapping,vegetables canned peas   beans,vegetables-canned peas & beans
Canned Veg Red Cabbage,vegetables-canned peas & beans,original_mapping,vegetables canned peas   beans,vegetables-canned peas & beans
Canned Veg Red Peppers,Chillies and peppers; dry,food_commodity_token,chillies and peppers  dry,vegetables-canned peas & beans
Canned Veg Sliced Carrots,Carrots and turnips,food_commodity_token,carrots and turnips,vegetables-canned peas & beans
Canned Veg Sliced Mushroom,vegetables-canned peas & beans,original_mapping,vegetables canned peas   beans,vegetables-canned peas & beans
Canned Veg Spinach,Spinach,food_commodity_phrase,spinach,vegetables-canned peas & beans
Canned Veg Sweetcorn,vegetables-canned peas & beans,original_mapping,vegetables canned peas   beans,vegetables-canned peas & beans
Canned Veg Yellow Peppers,Chillies and peppers; dry,food_commodity_token,chillies and peppers  dry,vegetables-canned peas & beans
Canned Vegetab Assorted Pepper,Pepper (piper spp.),food_commodity_token,pepper  piper spp,vegetables-canned peas & beans
Canned Vegetab Chantenay Carro,vegetables-canned peas & beans,original_mapping,vegetables canned peas   beans,vegetables-canned peas & beans
Canned Vegetab Grated Potatoes,Potatoes,food_commodity_phrase,potatoes,vegetables-canned peas & beans
Canned Vegetab Lentil+Onion+Ca,vegetables-canned peas & beans,original_mapping,vegetables canned peas   beans,vegetables-canned peas & beans
Canned Vegetab Mediterranean S,vegetables-canned peas & beans,original_mapping,vegetables canned peas   beans,vegetables-canned peas & beans
Canned Vegetab Mixed Vegetable,Grain; mixed,food_commodity_token,grain  mixed,vegetables-canned peas & beans
Canned Vegetab Mungbean Sprout,vegetables-canned peas & beans,original_mapping,vegetables canned peas   beans,vegetables-canned peas & beans
Canned Vegetab Stuffed Cabbage,vegetables-canned peas & beans,original_mapping,vegetables canned peas   beans,vegetables-canned peas & beans
Canned Vegetab Sun Kissed Pepp,vegetables-canned peas & beans,original_mapping,vegetables canned peas   beans,vegetables-canned peas & beans
Canned Vegetable Diced Potato,vegetables-canned peas & beans,original_mapping,vegetables canned peas   beans,vegetables-canned peas & beans
Canned Vegetables Barley,Barley,food_commodity_phrase,barley,vegetables-canned peas & beans
Canned Vegetables Peas+Beans,Broad beans; horse beans; dry,food_commodity_token,broad beans  horse beans  dry,vegetables-canned peas & beans
Cnnd Veg Mushroom in Wte Sce,vegetables-canned peas & beans,original_mapping,vegetables canned peas   beans,vegetables-canned peas & beans
Cnnd Veg Mushroom+Smokey Bacon,vegetables-canned peas & beans,original_mapping,vegetables canned peas   beans,vegetables-canned peas & beans
Other Canned Vegetables,Eggs; other bird; in shell,food_commodity_token,eggs  other bird  in shell,vegetables-canned peas & beans
Carpet Cleaners,,unmapped,,
Carpet Clnrs/S Carpet Cleaner,,unmapped,,
Other Stain Removers,Eggs; other bird; in shell,food_commodity_token,eggs  other bird  in shell,
Cat Litter,,unmapped,,
Cat+Dog Treats Cat Treats,,unmapped,,
Cat+Dog Treats Dog Treats,,unmapped,,
Dog Treats,,unmapped,,
Cereal Bars,cereal bars,original_mapping,cereal bars,cereal bars
Cereal Bars Assorted,cereal bars,original_mapping,cereal bars,cereal bars
Cereal Bars Chocolate,cereal bars,original_mapping,cereal bars,cereal bars
Cereal Bars Exotic Fruit,Fruit; tropical fresh nes,food_commodity_token,fruit  tropical fresh nes,cereal bars
Cereal Bars Fruit+Nut,Fruit; tropical fresh nes,food_commodity_token,fruit  tropical fresh nes,cereal bars
Cereal Bars Nuts,Brazil nuts; with shell,food_commodity_token,brazil nuts  with shell,cereal bars
Cereal Bars Other Flavour,Eggs; other bird; in shell,food_commodity_token,eggs  other bird  in shell,cereal bars
Cereal Bars Plain Cereals,cereal bars,original_mapping,cereal bars,cereal bars
Cereal Bars Single Fruit,Fruit; tropical fresh nes,food_commodity_token,fruit  tropical fresh nes,cereal bars
Fruit Bars Assorted,Fruit; tropical fresh nes,food_commodity_token,fruit  tropical fresh nes,fruit bars
Fruit Bars Berries,Fruit; tropical fresh nes,food_commodity_token,fruit  tropical fresh nes,fruit bars
Fruit Bars Core Fruit,Fruit; tropical fresh nes,food_commodity_token,fruit  tropical fresh nes,fruit bars
Fruit Bars Exotic Fruit,Fruit; tropical fresh nes,food_commodity_token,fruit  tropical fresh nes,fruit bars
Fruit Bars Other,Eggs; other bird; in shell,food_commodity_token,eggs  other bird  in shell,fruit bars
Child Bisc Assortment,biscuits - seasonal,original_mapping,biscuits   seasonal,biscuits - seasonal
Child Bisc Chocolate Mallows,biscuits - seasonal,original_mapping,biscuits   seasonal,biscuits - seasonal
Child Bisc Coconut/Nice,biscuits - seasonal,original_mapping,biscuits   seasonal,biscuits - seasonal
Child Bisc Cookies,biscuits - seasonal,original_mapping,biscuits   seasonal,biscuits - seasonal
Child Bisc Dips,biscuits - seasonal,original_mapping,biscuits   seasonal,biscuits - seasonal
Child Bisc Fully Coated,biscuits - chocolate coated,original_mapping,biscuits   chocolate coated,biscuits - chocolate coated
Child Bisc Ginger,Ginger,food_commodity_phrase,ginger,biscuits - plain+savoury
Child Bisc Half Coated,biscuits - chocolate coated,original_mapping,biscuits   chocolate coated,biscuits - chocolate coated
Child Bisc Half Iced,biscuits - chocolate coated,original_mapping,biscuits   chocolate coated,biscuits - chocolate coated
Child Bisc Jaffa Cakes,biscuits - chocolate coated,original_mapping,biscuits   chocolate coated,biscuits - chocolate coated
Child Bisc Jam,jams & marmalades,original_mapping,jams   marmalades,jams & marmalades
Child Bisc Lunchbox,biscuits - seasonal,original_mapping,biscuits   seasonal,biscuits - seasonal
Child Bisc Other Creams,Eggs; other bird; in shell,food_commodity_token,eggs  other bird  in shell,biscuits - sweet
Child Bisc Packet Wafers,biscuits - sweet,original_mapping,biscuits   sweet,biscuits - sweet
Child Bisc Shortbread,biscuits - sweet,original_mapping,biscuits   sweet,biscuits - sweet
Child Bisc Uncoated Countlines,biscuits - sweet,original_mapping,biscuits   sweet,biscuits - sweet
Child Bisc Uncoated Mallows,biscuits - sweet,original_mapping,biscuits   sweet,biscuits - sweet
Children Biscuit Chocolate,biscuits - chocolate bisc bars,original_mapping,biscuits   chocolate bisc bars,biscuits - chocolate bisc bars
Childrens Bisc Chocolate Diges,biscuits - chocolate coated,original_mapping,biscuits   chocolate coated,biscuits - chocolate coated
Childrens Biscu Chocolate Oat,biscuits - chocolate coated,original_mapping,biscuits   chocolate coated,biscuits - chocolate coated
Childrens Biscuit Other Sweet,Eggs; other bird; in shell,food_commodity_token,eggs  other bird  in shell,biscuits - sweet
Childrens Biscuits Digestives,biscuits - chocolate coated,original_mapping,biscuits   chocolate coated,biscuits - chocolate coated
Childrens Biscuits Malted,biscuits - plain+savoury,original_mapping,biscuits   plain savoury,biscuits - plain+savoury
Childrens Biscuits Oat,biscuits - plain+savoury,original_mapping,biscuits   plain savoury,biscuits - plain+savoury
Childrens Biscuits Rich Tea,Tea,food_commodity_phrase,tea,biscuits - plain+savoury
Chilled Black+White Pudding,black+white puddings+haggis,original_mapping,black white puddings haggis,black+white puddings+haggis
Chilled Breads Bagels,bread - prepkd(400g+) / spclty,original_mapping,bread   prepkd 400g     spclty,bread - prepkd(400g+) / spclty
Chilled Breads Baguettes,bread - loose,original_mapping,bread   loose,bread - loose
Chilled Breads Ciabatta,bread - loose,original_mapping,bread   loose,bread - loose
Chilled Breads Crusty,bread - loose,original_mapping,bread   loose,bread - loose
Chilled Breads Flatbread,bread - loose,original_mapping,bread   loose,bread - loose
Chilled Breads Focaccia,bread - loose,original_mapping,bread   loose,bread - loose
Chilled Breads Garlic Slices,Garlic,food_commodity_phrase,garlic,bread - prepkd(400g+) / spclty
Chilled Breads Lavash Bread,bread - prepkd(400g+) / spclty,original_mapping,bread   prepkd 400g     spclty,bread - prepkd(400g+) / spclty
Chilled Breads Naan Bread,bread - prepkd(400g+) / spclty,original_mapping,bread   prepkd 400g     spclty,bread - prepkd(400g+) / spclty
Chilled Breads Partbaked,bread - prepkd(400g+) / spclty,original_mapping,bread   prepkd 400g     spclty,bread - prepkd(400g+) / spclty
Chilled Breads Petit Pains,bread - prepkd(400g+) / spclty,original_mapping,bread   prepkd 400g     spclty,bread - prepkd(400g+) / spclty
Chilled Breads Soft,bread - prepkd(400g+) / spclty,original_mapping,bread   prepkd 400g     spclty,bread - prepkd(400g+) / spclty
Chilled Breads Tear+Share,Tea,food_commodity_phrase,tea,bread - prepkd(400g+) / spclty
Chilled Other Bread Rolls,Eggs; other bird; in shell,food_commodity_token,eggs  other bird  in shell,bread - loose rolls
Chilled Pancakes/Griddles,bread - prepkd(400g+) / spclty,original_mapping,bread   prepkd 400g     spclty,bread - prepkd(400g+) / spclty
Burgers,meat - fresh primary,original_mapping,meat   fresh primary,meat - fresh primary
Chilled Burgers,meat - fresh primary,original_mapping,meat   fresh primary,meat - fresh primary
Chilled Burgers+Gri Meatballs,meat - fresh primary,original_mapping,meat   fresh primary,meat - fresh primary
Chilled Grills,meat - fresh primary,original_mapping,meat   fresh primary,meat - fresh primary
Chilled Cake Portions,cakes & pastries,original_mapping,cakes   pastries,cakes & pastries
Chilled Cakes Cheesecake,Cheese,food_commodity_phrase,cheese,cakes & pastries
Chilled Cakes Danish Pastries,cakes & pastries,original_mapping,cakes   pastries,cakes & pastries
Chilled Cakes Large Pies,cakes & pastries,original_mapping,cakes   pastries,cakes & pastries
Chilled Cakes Large Tarts,cakes & pastries,original_mapping,cakes   pastries,cakes & pastries
Chilled Cakes Large Whole Cake,Milk; whole fresh cow,food_commodity_token,milk  whole fresh cow,cakes & pastries
Chilled Cakes Mince Pies,cakes & pastries,original_mapping,cakes   pastries,cakes & pastries
Chilled Cakes Mini Meringue,cakes & pastries,original_mapping,cakes   pastries,cakes & pastries
Chilled Cakes Muffins,cakes & pastries,original_mapping,cakes   pastries,cakes & pastries
Chilled Cakes Other Cakes,Eggs; other bird; in shell,food_commodity_token,eggs  other bird  in shell,cakes & pastries
Chilled Cakes Slices,cakes & pastries,original_mapping,cakes   pastries,cakes & pastries
Chilled Cakes Small Cakes,cakes & pastries,original_mapping,cakes   pastries,cakes & pastries
Chilled Cakes Small Pies,cakes & pastries,original_mapping,cakes   pastries,cakes & pastries
Chilled Cakes Small Tarts,cakes & pastries,original_mapping,cakes   pastries,cakes & pastries
Chilled Cakes Sponge Sandwich,cakes & pastries,original_mapping,cakes   pastries,cakes & pastries
Chld Cakes Large Swiss Rolls,cakes & pastries,original_mapping,cakes   pastries,cakes & pastries
Chilled Ckng Liquid Cook-in,cooking sauces and condiments,original_mapping,cooking sauces and condiments,cooking sauces and condiments
Chilled Ckng Liquid Pasta Sce,cooking sauces and condiments,original_mapping,cooking sauces and condiments,cooking sauces and condiments
Chilled Ckng Liquid Pizza Sce,cooking sauces and condiments,original_mapping,cooking sauces and condiments,cooking sauces and condiments
Chilled Ckng Liquid Pour Over,cooking sauces and condiments,original_mapping,cooking sauces and condiments,cooking sauces and condiments
Chilled Cookin Redcurrant Jel,cooking sauces and condiments,original_mapping,cooking sauces and condiments,cooking sauces and condiments
Chilled Cheesecake Desserts,Cheese,food_commodity_phrase,cheese,ready to serve desserts
Chilled Creme Caramel Desserts,ready to serve desserts,original_mapping,ready to serve desserts,ready to serve desserts
Chilled Desser Crumble/Cobbler,ready to serve desserts,original_mapping,ready to serve desserts,ready to serve desserts
Chilled Desser Dessert Sauce/T,ready to serve desserts,original_mapping,ready to serve desserts,ready to serve desserts
Chilled Desser Flavoured Desse,ready to serve desserts,original_mapping,ready to serve desserts,ready to serve desserts
Chilled Desser Pancakes/Crepes,ready to serve desserts,original_mapping,ready to serve desserts,ready to serve desserts
Chilled Desser Pavlovas/Mering,ready to serve desserts,original_mapping,ready to serve desserts,ready to serve desserts
Chilled Desser Sponge Puddings,ready to serve desserts,original_mapping,ready to serve desserts,ready to serve desserts
Chilled Desser Traditional Des,ready to serve desserts,original_mapping,ready to serve desserts,ready to serve desserts
Chilled Desserts Compote,ready to serve desserts,original_mapping,ready to serve desserts,ready to serve desserts
Chilled Desserts Creme Brulee,ready to serve desserts,original_mapping,ready to serve desserts,ready to serve desserts
Chilled Desserts Custard,ready to serve desserts,original_mapping,ready to serve desserts,ready to serve desserts
Chilled Desserts Fools,ready to serve desserts,original_mapping,ready to serve desserts,ready to serve desserts
Chilled Desserts Jelly,ready to serve desserts,original_mapping,ready to serve desserts,ready to serve desserts
Chilled Desserts Pannacotta,ready to serve desserts,original_mapping,ready to serve desserts,ready to serve desserts
Chilled Desserts Profiterole,ready to serve desserts,original_mapping,ready to serve desserts,ready to serve desserts
Chilled Desserts Pudding,ready to serve desserts,original_mapping,ready to serve desserts,ready to serve desserts
Chilled Desserts Sundaes,ready to serve desserts,original_mapping,ready to serve desserts,ready to serve desserts
Chilled Desserts Terrine,ready to serve desserts,original_mapping,ready to serve desserts,ready to serve desserts
Chilled Desserts Tiramisu,ready to serve desserts,original_mapping,ready to serve desserts,ready to serve desserts
Chilled Desserts Torte,ready to serve desserts,original_mapping,ready to serve desserts,ready to serve desserts
Chilled Mousse Desserts,ready to serve desserts,original_mapping,ready to serve desserts,ready to serve desserts
Chilled Other Dessert Types,Eggs; other bird; in shell,food_commodity_token,eggs  other bird  in shell,ready to serve desserts
Chilled Rice Puddings Desserts,Rice; paddy,food_commodity_token,rice  paddy,ready to serve desserts
Chilled Souffle Desserts,ready to serve desserts,original_mapping,ready to serve desserts,ready to serve desserts
Chilled Trifle Desserts,ready to serve desserts,original_mapping,ready to serve desserts,ready to serve desserts
Chilled Xmas Desserts,ready to serve desserts,original_mapping,ready to serve desserts,ready to serve desserts
Flavoured Desserts,ready to serve desserts,original_mapping,ready to serve desserts,ready to serve desserts
Chilled Dips Dip+Accompaniment,dips - chilled,original_mapping,dips   chilled,dips - chilled
Chilled Dips Multi-Pack,dips - chilled,original_mapping,dips   chilled,dips - chilled
Chilled Dips Single,dips - chilled,original_mapping,dips   chilled,dips - chilled
Chilled Dips Trial Size,dips - chilled,original_mapping,dips   chilled,dips - chilled
Single,dips - chilled,original_mapping,dips   chilled,dips - chilled
Chilled Flavoured Milk,Milk; whole fresh cow,food_commodity_token,milk  whole fresh cow,milkshake mixes
Chilled F Ambient J Juice Drin,fruit juice & fruit drinks,original_mapping,fruit juice   fruit drinks,fruit juice & fruit drinks
Chilled F Ambient J Still Adul,fruit juice & fruit drinks,original_mapping,fruit juice   fruit drinks,fruit juice & fruit drinks
Chilled F Ambient P From Conce,fruit juice & fruit drinks,original_mapping,fruit juice   fruit drinks,fruit juice & fruit drinks
Chilled F Ambient P Not From C,fruit juice & fruit drinks,original_mapping,fruit juice   fruit drinks,fruit juice & fruit drinks
Chilled F Ambient P Still Adul,fruit juice & fruit drinks,original_mapping,fruit juice   fruit drinks,fruit juice & fruit drinks
Chilled F Chilled J Refreshmen,fruit juice & fruit drinks,original_mapping,fruit juice   fruit drinks,fruit juice & fruit drinks
Chilled F Chilled J Still Adul,fruit juice & fruit drinks,original_mapping,fruit juice   fruit drinks,fruit juice & fruit drinks
Chilled F Chilled P NFC Cold P,fruit juice & fruit drinks,original_mapping,fruit juice   fruit drinks,fruit juice & fruit drinks
Chilled F Chilled P Refreshmen,fruit juice & fruit drinks,original_mapping,fruit juice   fruit drinks,fruit juice & fruit drinks
Chilled F Chilled P Smoothie C,fruit juice & fruit drinks,original_mapping,fruit juice   fruit drinks,fruit juice & fruit drinks
Chilled F Chilled P Still Adul,fruit juice & fruit drinks,original_mapping,fruit juice   fruit drinks,fruit juice & fruit drinks
Chilled Fr Chilled J Iced Tea,Tea,food_commodity_phrase,tea,fruit juice & fruit drinks
Chilled Fruit Juice Drink,Fruit; tropical fresh nes,food_commodity_token,fruit  tropical fresh nes,fruit juice & fruit drinks
Chilled Fruit Juice FC,Fruit; tropical fresh nes,food_commodity_token,fruit  tropical fresh nes,fruit juice & fruit drinks
Chilled Fruit Juice NFC,Fruit; tropical fresh nes,food_commodity_token,fruit  tropical fresh nes,fruit juice & fruit drinks
Chilled Fruit Juice Smoothies,Fruit; tropical fresh nes,food_commodity_token,fruit  tropical fresh nes,fruit juice & fruit drinks
Chilled Pure Fruit Juice Drink,Fruit; tropical fresh nes,food_commodity_token,fruit  tropical fresh nes,fruit juice & fruit drinks
Chilled Pure Fruit Juice FC,Fruit; tropical fresh nes,food_commodity_token,fruit  tropical fresh nes,fruit juice & fruit drinks
Chilled Pure Fruit Juice NFC,Fruit; tropical fresh nes,food_commodity_token,fruit  tropical fresh nes,fruit juice & fruit drinks
Chilled Pure Fruit Smoothies,Fruit; tropical fresh nes,food_commodity_token,fruit  tropical fresh nes,fruit juice & fruit drinks
Chld Pure Frt Jce Freshly Sqzd,fruit juice & fruit drinks,original_mapping,fruit juice   fruit drinks,fruit juice & fruit drinks
Chilled Ready to Serve Gravy,gravy & stock,original_mapping,gravy   stock,gravy & stock
Chilled Olives Black,Olives,food_commodity_phrase,olives,olives
Chilled Olives Green,Olives,food_commodity_phrase,olives,olives
Chilled Olives Mixed,Olives,food_commodity_phrase,olives,olives
Chilled One Sh Functional Ener,fruit juice & fruit drinks,original_mapping,fruit juice   fruit drinks,fruit juice & fruit drinks
Chilled One Sh Functional Stil,fruit juice & fruit drinks,original_mapping,fruit juice   fruit drinks,fruit juice & fruit drinks
Chilled One Sh Juice Drinks Co,fruit juice & fruit drinks,original_mapping,fruit juice   fruit drinks,fruit juice & fruit drinks
Chilled One Sh NFC Cold Press,coffee-liquid & ground,original_mapping,coffee liquid   ground,coffee-liquid & ground
Chilled One Sh Refreshment Ene,soft drinks-crbntd flvrs cnnd,original_mapping,soft drinks crbntd flvrs cnnd,soft drinks-crbntd flvrs cnnd
Chilled One Sh Smoothie Cold P,fruit juice & fruit drinks,original_mapping,fruit juice   fruit drinks,fruit juice & fruit drinks
Chilled One Sh Still Adult Dri,soft drinks-crbntd flvrs cnnd,original_mapping,soft drinks crbntd flvrs cnnd,soft drinks-crbntd flvrs cnnd
Chilled One Sho Sports Drinks,fruit juice & fruit drinks,original_mapping,fruit juice   fruit drinks,fruit juice & fruit drinks
Chilled One Shot Dri Iced Tea,Tea,food_commodity_phrase,tea,fruit juice & fruit drinks
Chilled One Shot FC,fruit juice & fruit drinks,original_mapping,fruit juice   fruit drinks,fruit juice & fruit drinks
Chilled One Shot Frshly Sqzd,fruit juice & fruit drinks,original_mapping,fruit juice   fruit drinks,fruit juice & fruit drinks
Chilled One Shot Juice Drinks,fruit juice & fruit drinks,original_mapping,fruit juice   fruit drinks,fruit juice & fruit drinks
Chilled One Shot NFC,fruit juice & fruit drinks,original_mapping,fruit juice   fruit drinks,fruit juice & fruit drinks
Chilled One Shot Smoothies,fruit juice & fruit drinks,original_mapping,fruit juice   fruit drinks,fruit juice & fruit drinks
Chilled Pastes+Spreads,paste+spreads,original_mapping,paste spreads,paste+spreads
Chilled Pate,pate,original_mapping,pate,pate
Chilled Tapenade,paste+spreads,original_mapping,paste spreads,paste+spreads
Chilled P Chilled B Delicatess,pizza - fresh+ambient,original_mapping,pizza   fresh ambient,pizza - fresh+ambient
Chilled P Thin & Cr Garlic+Moz,Garlic,food_commodity_phrase,garlic,pizza - fresh+ambient
Chilled P Thin & Cr Stromboli,pizza - fresh+ambient,original_mapping,pizza   fresh ambient,pizza - fresh+ambient
Chilled Pizza Bases,pizza - fresh+ambient,original_mapping,pizza   fresh ambient,pizza - fresh+ambient
Chilled Pizza Boboli Prepacked,pizza - fresh+ambient,original_mapping,pizza   fresh ambient,pizza - fresh+ambient
Chilled Pizza Deep Pan Deli,pizza - fresh+ambient,original_mapping,pizza   fresh ambient,pizza - fresh+ambient
Chilled Pizza Deep Pan Prpckd,pizza - fresh+ambient,original_mapping,pizza   fresh ambient,pizza - fresh+ambient
Chilled Pizza Deli,pizza - fresh+ambient,original_mapping,pizza   fresh ambient,pizza - fresh+ambient
Chilled Pizza Kits,pizza - fresh+ambient,original_mapping,pizza   fresh ambient,pizza - fresh+ambient
Chilled Pizza Prpckd,pizza - fresh+ambient,original_mapping,pizza   fresh ambient,pizza - fresh+ambient
Chilled Pizza Slice Deli,pizza - fresh+ambient,original_mapping,pizza   fresh ambient,pizza - fresh+ambient
Chilled Pizza Slice Prpckd,pizza - fresh+ambient,original_mapping,pizza   fresh ambient,pizza - fresh+ambient
Chilled Pizza Stonebake Deli,pizza - fresh+ambient,original_mapping,pizza   fresh ambient,pizza - fresh+ambient
Chilled Pizza Stonebake Prpckd,pizza - fresh+ambient,original_mapping,pizza   fresh ambient,pizza - fresh+ambient
Chilled Pizza Stromboli,pizza - fresh+ambient,original_mapping,pizza   fresh ambient,pizza - fresh+ambient
Chld Pizza Boboli Delicatessen,pizza - fresh+ambient,original_mapping,pizza   fresh ambient,pizza - fresh+ambient
Chld Pizza Thin & Cr Prepacked,pizza - fresh+ambient,original_mapping,pizza   fresh ambient,pizza - fresh+ambient
Chld Pizza Thin & Crispy Deli,pizza - fresh+ambient,original_mapping,pizza   fresh ambient,pizza - fresh+ambient
Chilled Prepar Breaded-Kievs/E,fish - fresh prcsd ctd/snacks,original_mapping,fish   fresh prcsd ctd snacks,fish - fresh prcsd ctd/snacks
Chilled Prepar Calamari/Squid,fish - fresh wet/smoked/shell,original_mapping,fish   fresh wet smoked shell,fish - fresh wet/smoked/shell
Chilled Prepar Other Natural F,Eggs; other bird; in shell,food_commodity_token,eggs  other bird  in shell,fish - fresh wet/smoked/shell
Chilled Prepared Fis Battered,fish - fresh prcsd ctd/snacks,original_mapping,fish   fresh prcsd ctd snacks,fish - fresh prcsd ctd/snacks
Chilled Prepared Fish Breaded,Fish,food_commodity_phrase,fish,fish - fresh prcsd ctd/snacks
Chilled Prepared Fish Meals,Fish,food_commodity_phrase,fish,fish - fresh prcsd cmplt mls
Chilled Prepared Fish Natural,Fish,food_commodity_phrase,fish,fish - fresh wet/smoked/shell
Chilled Prepared Fish Plaice,Fish,food_commodity_phrase,fish,fish - fresh wet/smoked/shell
Chilled Prepared Fish Snacks,Fish,food_commodity_phrase,fish,fish - fresh prcsd ctd/snacks
Chilled Prepared Fish Sole,Fish,food_commodity_phrase,fish,fish - fresh wet/smoked/shell
Chilled Prepared Fish+Pastry,Fish,food_commodity_phrase,fish,fish - fresh wet/smoked/shell
Fish Snacks,Fish,food_commodity_phrase,fish,fish - fresh prcsd ctd/snacks
Chilled Prepar Prepared Fruit,Fruit; tropical fresh nes,food_commodity_token,fruit  tropical fresh nes,prepared chilled fruit
Chilled Prepar Prepared Vegeta,prepared chilled vegetables,original_mapping,prepared chilled vegetables,prepared chilled vegetables
Chilled Prepared Leafy Salads,prepared salads,original_mapping,prepared salads,prepared salads
Chilled Prepared Mix Try Salad,prepared salads,original_mapping,prepared salads,prepared salads
Mixed Tray Salads,Grain; mixed,food_commodity_token,grain  mixed,prepared chilled layerd salads
Prepared Fruit,Fruit; tropical fresh nes,food_commodity_token,fruit  tropical fresh nes,prepared chilled fruit
Chilled Prepar Sweet Potato+Be,prepared salads,original_mapping,prepared salads,prepared salads
Chilled Prepared Pasta Salad,prepared salads,original_mapping,prepared salads,prepared salads
Chilled Prepared Potato Salad,prepared salads,original_mapping,prepared salads,prepared salads
Chilled Prepared Sld Coleslaw,prepared salads,original_mapping,prepared salads,prepared salads
Chilled Prepared Sld Main Meal,prepared salads,original_mapping,prepared salads,prepared salads
Chilled Prepared Sld Selection,prepared salads,original_mapping,prepared salads,prepared salads
Chilled Prepared Snack For Now,prepared salads,original_mapping,prepared salads,prepared salads
Chilled Prepared Sweet Potato,prepared salads,original_mapping,prepared salads,prepared salads
Coleslaw,prepared salads,original_mapping,prepared salads,prepared salads
Other Prepared Salad,Eggs; other bird; in shell,food_commodity_token,eggs  other bird  in shell,prepared salads
Other Types,Eggs; other bird; in shell,food_commodity_token,eggs  other bird  in shell,prepared salads
Breasts+Fillets,meat - fresh prcsd ml accmp,original_mapping,meat   fresh prcsd ml accmp,meat - fresh prcsd ml accmp
Chilled P Breaded-K Meal Centr,meat - fresh prcsd ml accmp,original_mapping,meat   fresh prcsd ml accmp,meat - fresh prcsd ml accmp
Chilled P Ready To Breaded-Ki,meat - fresh prcsd ml accmp,original_mapping,meat   fresh prcsd ml accmp,meat - fresh prcsd ml accmp
Chilled Pr Ready To C Chicken,Meat; chicken,food_commodity_token,meat  chicken,meat - fresh prcsd ml accmp
Chilled Prcssd Breasts+Fillets,meat - fresh prcsd ml accmp,original_mapping,meat   fresh prcsd ml accmp,meat - fresh prcsd ml accmp
Chilled Prcssd Childrens Shape,meat - fresh prcsd ml accmp,original_mapping,meat   fresh prcsd ml accmp,meat - fresh prcsd ml accmp
Chilled Prcssd Drumstick/Thigh,meat - fresh prcsd ml accmp,original_mapping,meat   fresh prcsd ml accmp,meat - fresh prcsd ml accmp
Chilled Prcssd Pltry Drumstick,meat - fresh prcsd ml accmp,original_mapping,meat   fresh prcsd ml accmp,meat - fresh prcsd ml accmp
Chilled Prcssd Pltry Marinades,meat - fresh prcsd ml accmp,original_mapping,meat   fresh prcsd ml accmp,meat - fresh prcsd ml accmp
Chilled Prcssd Poultry Bites,meat - fresh prcsd ml accmp,original_mapping,meat   fresh prcsd ml accmp,meat - fresh prcsd ml accmp
Chilled Prcssd Poultry Burgers,meat - fresh prcsd ml accmp,original_mapping,meat   fresh prcsd ml accmp,meat - fresh prcsd ml accmp
Chilled Prcssd Poultry Goujons,meat - fresh prcsd ml accmp,original_mapping,meat   fresh prcsd ml accmp,meat - fresh prcsd ml accmp
Chilled Prcssd Poultry Nibbles,meat - fresh prcsd ml accmp,original_mapping,meat   fresh prcsd ml accmp,meat - fresh prcsd ml accmp
Chilled Prcssd Poultry Nuggets,meat - fresh prcsd ml accmp,original_mapping,meat   fresh prcsd ml accmp,meat - fresh prcsd ml accmp
Chilled Prcssd Poultry Snacks,meat - fresh prcsd ml accmp,original_mapping,meat   fresh prcsd ml accmp,meat - fresh prcsd ml accmp
Chilled Prcssd Poultry Steaks,Tea,food_commodity_phrase,tea,meat - fresh prcsd ml accmp
Chilled Prcssd Poultry Thighs,meat - fresh prcsd ml accmp,original_mapping,meat   fresh prcsd ml accmp,meat - fresh prcsd ml accmp
Chilled Prcssd Poultry Wings,meat - fresh prcsd ml accmp,original_mapping,meat   fresh prcsd ml accmp,meat - fresh prcsd ml accmp
Chilled Proces Breaded-Kievs/E,meat - fresh prcsd ml accmp,original_mapping,meat   fresh prcsd ml accmp,meat - fresh prcsd ml accmp
Chilled Processed Meal Centre,meat - fresh prcsd ml accmp,original_mapping,meat   fresh prcsd ml accmp,meat - fresh prcsd ml accmp
Chilled Processed Non Barcoded,meat - fresh prcsd ml accmp,original_mapping,meat   fresh prcsd ml accmp,meat - fresh prcsd ml accmp
Chilled Processed Po Portions,meat - fresh prcsd ml accmp,original_mapping,meat   fresh prcsd ml accmp,meat - fresh prcsd ml accmp
Marinades,meat - fresh prcsd ml accmp,original_mapping,meat   fresh prcsd ml accmp,meat - fresh prcsd ml accmp
American,meat - fresh prcsd cmplt mls,original_mapping,meat   fresh prcsd cmplt mls,meat - fresh prcsd cmplt mls
Chilled R Complete Meal Centr,meat - fresh prcsd cmplt mls,original_mapping,meat   fresh prcsd cmplt mls,meat - fresh prcsd cmplt mls
Chilled R Complete Vegetarian,veg - fresh prcsd ml accmp,original_mapping,veg   fresh prcsd ml accmp,veg - fresh prcsd ml accmp
Chilled R Meal Cent Other Meat,Eggs; other bird; in shell,food_commodity_token,eggs  other bird  in shell,meat - fresh prcsd cmplt mls
Chilled R Meal Cent Other Poul,Eggs; other bird; in shell,food_commodity_token,eggs  other bird  in shell,meat - fresh prcsd cmplt mls
Chilled R Meal Cent Vegetable,veg - fresh prcsd ml accmp,original_mapping,veg   fresh prcsd ml accmp,veg - fresh prcsd ml accmp
Chilled R Meal Cent Vegetarian,veg - fresh prcsd ml accmp,original_mapping,veg   fresh prcsd ml accmp,veg - fresh prcsd ml accmp
Chilled R Ready To Breaded-Ki,meat - fresh prcsd cmplt mls,original_mapping,meat   fresh prcsd cmplt mls,meat - fresh prcsd cmplt mls
Chilled R Ready To Complete M,meat - fresh prcsd cmplt mls,original_mapping,meat   fresh prcsd cmplt mls,meat - fresh prcsd cmplt mls
Chilled R Ready To Meal Centr,meat - fresh prcsd cmplt mls,original_mapping,meat   fresh prcsd cmplt mls,meat - fresh prcsd cmplt mls
Chilled R Ready To Other Meat,Eggs; other bird; in shell,food_commodity_token,eggs  other bird  in shell,meat - fresh prcsd cmplt mls
Chilled R Ready To Other Poul,Eggs; other bird; in shell,food_commodity_token,eggs  other bird  in shell,meat - fresh prcsd cmplt mls
Chilled R Ready To Vegetable,veg - fresh prcsd ml accmp,original_mapping,veg   fresh prcsd ml accmp,veg - fresh prcsd ml accmp
Chilled R Ready To Vegetarian,veg - fresh prcsd ml accmp,original_mapping,veg   fresh prcsd ml accmp,veg - fresh prcsd ml accmp
Chilled R Vegetable Vegetarian,veg - fresh prcsd ml accmp,original_mapping,veg   fresh prcsd ml accmp,veg - fresh prcsd ml accmp
Chilled Re Breaded-Ki Chicken,Meat; chicken,food_commodity_token,meat  chicken,meat - fresh prcsd cmplt mls
Chilled Re Complete M Chicken,Meat; chicken,food_commodity_token,meat  chicken,meat - fresh prcsd cmplt mls
Chilled Re Meal Centr Chicken,Meat; chicken,food_commodity_token,meat  chicken,meat - fresh prcsd cmplt mls
Chilled Re Ready To C Chicken,Meat; chicken,food_commodity_token,meat  chicken,meat - fresh prcsd cmplt mls
Chilled Rea Meal Centr Turkey,Meat; turkey,food_commodity_token,meat  turkey,meat - fresh prcsd cmplt mls
Chilled Rea Ready To C Turkey,Meat; turkey,food_commodity_token,meat  turkey,meat - fresh prcsd cmplt mls
Chilled Rea Ready To Co Mixed,Grain; mixed,food_commodity_token,grain  mixed,meat - fresh prcsd cmplt mls
Chilled Read Complete Me Beef,meat - fresh prcsd cmplt mls,original_mapping,meat   fresh prcsd cmplt mls,meat - fresh prcsd cmplt mls
Chilled Read Complete Me Fish,Fish,food_commodity_phrase,fish,meat - fresh prcsd cmplt mls
Chilled Read Complete Me Pork,meat - fresh prcsd cmplt mls,original_mapping,meat   fresh prcsd cmplt mls,meat - fresh prcsd cmplt mls
Chilled Read Meal Centr Mixed,Grain; mixed,food_commodity_token,grain  mixed,meat - fresh prcsd cmplt mls
Chilled Read Ready To Co Beef,meat - fresh prcsd cmplt mls,original_mapping,meat   fresh prcsd cmplt mls,meat - fresh prcsd cmplt mls
Chilled Read Ready To Co Fish,Fish,food_commodity_phrase,fish,meat - fresh prcsd cmplt mls
Chilled Read Ready To Co Lamb,meat - fresh prcsd cmplt mls,original_mapping,meat   fresh prcsd cmplt mls,meat - fresh prcsd cmplt mls
Chilled Read Ready To Co Pork,meat - fresh prcsd cmplt mls,original_mapping,meat   fresh prcsd cmplt mls,meat - fresh prcsd cmplt mls
Chilled Ready Breaded-Kievs/E,meat - fresh prcsd cmplt mls,original_mapping,meat   fresh prcsd cmplt mls,meat - fresh prcsd cmplt mls
Chilled Ready Burger in a Bun,meat - fresh prcsd cmplt mls,original_mapping,meat   fresh prcsd cmplt mls,meat - fresh prcsd cmplt mls
Chilled Ready Hot Eat Sandwic,meat - fresh prcsd cmplt mls,original_mapping,meat   fresh prcsd cmplt mls,meat - fresh prcsd cmplt mls
Chilled Ready M Complete Meal,meat - fresh prcsd cmplt mls,original_mapping,meat   fresh prcsd cmplt mls,meat - fresh prcsd cmplt mls
Chilled Ready Me Burger Bites,meat - fresh prcsd cmplt mls,original_mapping,meat   fresh prcsd cmplt mls,meat - fresh prcsd cmplt mls
Chilled Ready Mea Meal Centre,meat - fresh prcsd cmplt mls,original_mapping,meat   fresh prcsd cmplt mls,meat - fresh prcsd cmplt mls
Chilled Ready Meal Centr Beef,meat - fresh prcsd cmplt mls,original_mapping,meat   fresh prcsd cmplt mls,meat - fresh prcsd cmplt mls
Chilled Ready Meal Centr Fish,Fish,food_commodity_phrase,fish,meat - fresh prcsd cmplt mls
Chilled Ready Meal Centr Lamb,meat - fresh prcsd cmplt mls,original_mapping,meat   fresh prcsd cmplt mls,meat - fresh prcsd cmplt mls
Chilled Ready Meal Centr Pork,meat - fresh prcsd cmplt mls,original_mapping,meat   fresh prcsd cmplt mls,meat - fresh prcsd cmplt mls
Chilled Ready Meal Crispbakes,meat - fresh prcsd cmplt mls,original_mapping,meat   fresh prcsd cmplt mls,meat - fresh prcsd cmplt mls
Chilled Ready Meals Greek,meat - fresh prcsd cmplt mls,original_mapping,meat   fresh prcsd cmplt mls,meat - fresh prcsd cmplt mls
Chilled Ready Meals Indian,meat - fresh prcsd cmplt mls,original_mapping,meat   fresh prcsd cmplt mls,meat - fresh prcsd cmplt mls
Chilled Ready Vegetable Accom,veg - fresh prcsd ml accmp,original_mapping,veg   fresh prcsd ml accmp,veg - fresh prcsd ml accmp
Chinese,meat - fresh prcsd cmplt mls,original_mapping,meat   fresh prcsd cmplt mls,meat - fresh prcsd cmplt mls
English,meat - fresh prcsd cmplt mls,original_mapping,meat   fresh prcsd cmplt mls,meat - fresh prcsd cmplt mls
Indian,meat - fresh prcsd cmplt mls,original_mapping,meat   fresh prcsd cmplt mls,meat - fresh prcsd cmplt mls
Italian,meat - fresh prcsd cmplt mls,original_mapping,meat   fresh prcsd cmplt mls,meat - fresh prcsd cmplt mls
Mexican,meat - fresh prcsd cmplt mls,original_mapping,meat   fresh prcsd cmplt mls,meat - fresh prcsd cmplt mls
Chilled Rice Plain,Rice; paddy,food_commodity_token,rice  paddy,rice+savoury noodles
Chilled Rice Pouch,Rice; paddy,food_commodity_token,rice  paddy,rice+savoury noodles
Chilled Rice Savoury,Rice; paddy,food_commodity_token,rice  paddy,rice+savoury noodles
Chilled Salad Accomp Mynse,mayonnaise and salad cream,original_mapping,mayonnaise and salad cream,mayonnaise and salad cream
Chilled Salad Accomp Sld Cream,"Butter, Cream & Ghee",food_commodity_token,butter  cream   ghee,mayonnaise and salad cream
Chilled Salad Pourable Drsng,salad dressing,original_mapping,salad dressing,salad dressing
Chilled Sausage Meat,Meat; goose and guinea fowl,food_commodity_token,meat  goose and guinea fowl,meat - fresh primary
Chilled V Meal Cent Vegetarian,vegetarian - frozen meat subs,original_mapping,vegetarian   frozen meat subs,vegetarian - frozen meat subs
Chilled Vegeta Breaded-Kievs/E,vegetarian - frozen meat subs,original_mapping,vegetarian   frozen meat subs,vegetarian - frozen meat subs
Chilled Vegeta Vegetable Accom,vegetarian - frozen meat subs,original_mapping,vegetarian   frozen meat subs,vegetarian - frozen meat subs
Chilled Vegetarian Meal Centre,vegetarian - frozen meat subs,original_mapping,vegetarian   frozen meat subs,vegetarian - frozen meat subs
Chilled Vgtrn Bites/Snacks,vegetarian - frozen meat subs,original_mapping,vegetarian   frozen meat subs,vegetarian - frozen meat subs
Chilled Vgtrn Burgers+Grills,vegetarian - frozen meat subs,original_mapping,vegetarian   frozen meat subs,vegetarian - frozen meat subs
Chilled Vgtrn Ingredients,vegetarian - frozen meat subs,original_mapping,vegetarian   frozen meat subs,vegetarian - frozen meat subs
Chilled Vgtrn Sausages,vegetarian - frozen meat subs,original_mapping,vegetarian   frozen meat subs,vegetarian - frozen meat subs
Other Meal Centres,Eggs; other bird; in shell,food_commodity_token,eggs  other bird  in shell,vegetarian - frozen meat subs
Chld Frankfurters/Continental,sausages - frnkfrtr/cntntl ssg,original_mapping,sausages   frnkfrtr cntntl ssg,sausages - frnkfrtr/cntntl ssg
Chilled Sandwich Filler,sandwich fillers,original_mapping,sandwich fillers,sandwich fillers
Choc Biscs Uncoated Countlines,biscuits - chocolate bisc bars,original_mapping,biscuits   chocolate bisc bars,biscuits - chocolate bisc bars
Chocolate Biscuit Bars,biscuits - chocolate bisc bars,original_mapping,biscuits   chocolate bisc bars,biscuits - chocolate bisc bars
Bitesize,choc conf-bite size,original_mapping,choc conf bite size,choc conf-bite size
Chclte Conf Egg+Nvlty+Seasonal,choc conf-easter novelties,original_mapping,choc conf easter novelties,choc conf-easter novelties
Choc Confctnry Block Chocolate,choc conf-moulded chocolate,original_mapping,choc conf moulded chocolate,choc conf-moulded chocolate
Choc Confctnry Boxes+Gifting,choc conf-moulded chocolate,original_mapping,choc conf moulded chocolate,choc conf-moulded chocolate
Chocolate Conf Multipack Choco,choc conf-twst wrap assrtmnts,original_mapping,choc conf twst wrap assrtmnts,choc conf-twst wrap assrtmnts
Chocolate Conf Single Chocolat,choc conf-moulded chocolate,original_mapping,choc conf moulded chocolate,choc conf-moulded chocolate
Chocolate Confection Bitesize,choc conf-bite size,original_mapping,choc conf bite size,choc conf-bite size
Single Chocolate,choc conf-moulded chocolate,original_mapping,choc conf moulded chocolate,choc conf-moulded chocolate
Chocolate Spread,chocolate+sweet spreads,original_mapping,chocolate sweet spreads,chocolate+sweet spreads
Cider,alcohol-cider-all other types,original_mapping,alcohol cider all other types,alcohol-cider-all other types
Cleaning Acces Cleaning Dish B,,unmapped,,
Cleaning Accesso Cleaning Mop,,unmapped,,
Cleaning Accessories,,unmapped,,
Cleaning All Purpose Cloth,,unmapped,,
Cleaning Dry Dust Remover,Broad beans; horse beans; dry,food_commodity_token,broad beans  horse beans  dry,
Cleaning Scouring Pads,,unmapped,,
Cleaning Sponges/Sponge,,unmapped,,
Clning Sponge Backed Scourers,,unmapped,,
Cold Can Chopped Ham+Pork,canned ham,original_mapping,canned ham,canned ham
Cold Can Corned Beef,canned ham,original_mapping,canned ham,canned ham
Cold Can Ham,canned ham,original_mapping,canned ham,canned ham
Cold Can Luncheon Meats,canned ham,original_mapping,canned ham,canned ham
Cold Can Meat All Other Types,Eggs; other bird; in shell,food_commodity_token,eggs  other bird  in shell,canned ham
Cold Can Meats Tongue,canned ham,original_mapping,canned ham,canned ham
Cold Can Poultry Roll,canned ham,original_mapping,canned ham,canned ham
Cold Canned Meat Non Barcode,Meat; goose and guinea fowl,food_commodity_token,meat  goose and guinea fowl,canned ham
Cold Sore Treatment,,unmapped,,
Blackcurrant Cold Treat Powder,,unmapped,,
Cold Sachet Treatments,,unmapped,,
Cold Treatment Apple+Cinnamon,Cinnamon (cannella),food_commodity_token,cinnamon  cannella,
Cold Treatment Capsule,,unmapped,,
Cold Treatment Honey+Ginger Po,Ginger,food_commodity_phrase,ginger,
Cold Treatment Hot Berry Fruit,Fruit; tropical fresh nes,food_commodity_token,fruit  tropical fresh nes,
Cold Treatment Tablet,,unmapped,,
Cold Treatment Wild Berry+Hot,,unmapped,,
Cold Treatments Berry Fruits,,unmapped,,
Cold Treatments Caplets,,unmapped,,
Cold Treatments Gel Capsules,,unmapped,,
Cold Trtmnt Lemon+Mnthl Pastle,,unmapped,,
Hny+Lmn Pwdr Cold Treatment,,unmapped,,
Liquid Cold Treatments,,unmapped,,
Lmn Pwdr Cold Treatments,,unmapped,,
Menthol Extra Cold Treatments,,unmapped,,
Nightime Liquid Cold Treatment,,unmapped,,
Syrup Cold Treatments,,unmapped,,
Tablets,,unmapped,,
Complete Ambient M Complete D,complete dry meals,original_mapping,complete dry meals,complete dry meals
Complete Ambient M Meat Free,Meat; goose and guinea fowl,food_commodity_token,meat  goose and guinea fowl,complete dry meals
Complete Dry Ambient Mea Meat,Broad beans; horse beans; dry,food_commodity_token,broad beans  horse beans  dry,complete dry meals
Complete Dry Meals,Broad beans; horse beans; dry,food_commodity_token,broad beans  horse beans  dry,complete dry meals
Complete Dry Potatoes in Sauce,Potatoes,food_commodity_phrase,potatoes,complete dry meals
Confect+Other Choc Bisc,Eggs; other bird; in shell,food_commodity_token,eggs  other bird  in shell,biscuits - chocolate bisc bars
Confect+Other Chocolate Mallow,Eggs; other bird; in shell,food_commodity_token,eggs  other bird  in shell,choc conf - other novelties
Confect+Other Other Cnfctnry,Eggs; other bird; in shell,food_commodity_token,eggs  other bird  in shell,choc conf - other novelties
Confect. & Oth Savoury Snacks,savoury snacks,original_mapping,savoury snacks,savoury snacks
Confect. & Other Other Sweet,Eggs; other bird; in shell,food_commodity_token,eggs  other bird  in shell,sugar conf-candy
Other Confec / Excludes,Eggs; other bird; in shell,food_commodity_token,eggs  other bird  in shell,sugar conf-candy
Savoury Snacks,sugar conf-candy,original_mapping,sugar conf candy,sugar conf-candy
Contact Lens Cleaners,,unmapped,,
Continental Meat,Meat; goose and guinea fowl,food_commodity_token,meat  goose and guinea fowl,cooked meat - slcd mt+plt-ppkd
Cooked Meats Beef,cooked meat - slcd mt+plt-ppkd,original_mapping,cooked meat   slcd mt plt ppkd,cooked meat - slcd mt+plt-ppkd
Cooked Meats Chicken,Meat; chicken,food_commodity_token,meat  chicken,cooked meat - slcd mt+plt-ppkd
Cooked Meats Chicken Ham,Meat; chicken,food_commodity_token,meat  chicken,cooked meat - slcd mt+plt-ppkd
Cooked Meats Comminutes,cooked meat - slcd mt+plt-ppkd,original_mapping,cooked meat   slcd mt plt ppkd,cooked meat - slcd mt+plt-ppkd
Cooked Meats Continental Meat,Meat; goose and guinea fowl,food_commodity_token,meat  goose and guinea fowl,cooked meat - slcd mt+plt-ppkd
Cooked Meats Corned Beef,cooked meat - slcd mt+plt-ppkd,original_mapping,cooked meat   slcd mt plt ppkd,cooked meat - slcd mt+plt-ppkd
Cooked Meats Duck,Meat; duck,food_commodity_token,meat  duck,cooked meat - slcd mt+plt-ppkd
Cooked Meats Ham,cooked meat - slcd ham-prpckd,original_mapping,cooked meat   slcd ham prpckd,cooked meat - slcd ham-prpckd
Cooked Meats Meat Free Slices,Meat; goose and guinea fowl,food_commodity_token,meat  goose and guinea fowl,meat-free sliced cooked meats
Cooked Meats Other Sliced,Eggs; other bird; in shell,food_commodity_token,eggs  other bird  in shell,cooked meat - slcd mt+plt-ppkd
Cooked Meats Pork,cooked meat - slcd mt+plt-ppkd,original_mapping,cooked meat   slcd mt plt ppkd,cooked meat - slcd mt+plt-ppkd
Cooked Meats Snack Products,cooked meat - slcd mt+plt-ppkd,original_mapping,cooked meat   slcd mt plt ppkd,cooked meat - slcd mt+plt-ppkd
Cooked Meats Tongue,cooked meat - slcd mt+plt-ppkd,original_mapping,cooked meat   slcd mt plt ppkd,cooked meat - slcd mt+plt-ppkd
Cooked Meats Turkey,Meat; turkey,food_commodity_token,meat  turkey,cooked meat - slcd mt+plt-ppkd
Cooked Meats Turkey/Chicken,Meat; chicken,food_commodity_token,meat  chicken,cooked meat - slcd mt+plt-ppkd
Ham,cooked meat - slcd ham-prpckd,original_mapping,cooked meat   slcd ham prpckd,cooked meat - slcd ham-prpckd
Chicken Breast,Meat; chicken,food_commodity_token,meat  chicken,cooked meat - slcd mt+plt-ppkd
Chicken Leg,Meat; chicken,food_commodity_token,meat  chicken,cooked meat - slcd mt+plt-ppkd
Cooked Poultry Chicken Breast,Meat; chicken,food_commodity_token,meat  chicken,poultry - cooked primary
Cooked Poultry Chicken Half,Meat; chicken,food_commodity_token,meat  chicken,poultry - cooked primary
Cooked Poultry Chicken Leg,Meat; chicken,food_commodity_token,meat  chicken,poultry - cooked primary
Cooked Poultry Chicken Mixed/O,Grain; mixed,food_commodity_token,grain  mixed,poultry - cooked primary
Cooked Poultry Chicken Roll/Ro,Meat; chicken,food_commodity_token,meat  chicken,poultry - cooked primary
Cooked Poultry Chicken Wings,Meat; chicken,food_commodity_token,meat  chicken,poultry - cooked primary
Cooked Poultry Duckling Pieces,poultry - cooked primary,original_mapping,poultry   cooked primary,poultry - cooked primary
Cooked Poultry Mix Poultry Pcs,poultry - cooked primary,original_mapping,poultry   cooked primary,poultry - cooked primary
Cooked Poultry Oth Poultry Pcs,poultry - cooked primary,original_mapping,poultry   cooked primary,poultry - cooked primary
Cooked Poultry Rotisserie Chkn,poultry - cooked primary,original_mapping,poultry   cooked primary,poultry - cooked primary
Cooked Poultry Turkey Pieces,Meat; turkey,food_commodity_token,meat  turkey,poultry - cooked primary
Cooked Poultry Turkey Roll/Rst,Meat; turkey,food_commodity_token,meat  turkey,poultry - cooked primary
Cooked Poultry Whole Poussin,Milk; whole fresh cow,food_commodity_token,milk  whole fresh cow,poultry - cooked primary
Cooked Poultry Whole Turkey,Milk; whole fresh cow,food_commodity_token,milk  whole fresh cow,poultry - cooked primary
Cooked Whole Chicken,Milk; whole fresh cow,food_commodity_token,milk  whole fresh cow,poultry - cooked primary
Cooked Whole Duck,Milk; whole fresh cow,food_commodity_token,milk  whole fresh cow,poultry - cooked primary
Cking Oils Extra Virgin Olive,cooking oils,original_mapping,cooking oils,cooking oils
Cooking Oils Avacado Oil,Oil palm fruit,food_commodity_token,oil palm fruit,cooking oils
Cooking Oils Camelina Oil,Oil palm fruit,food_commodity_token,oil palm fruit,cooking oils
Cooking Oils Canola Oil,Oil palm fruit,food_commodity_token,oil palm fruit,cooking oils
Cooking Oils Chilli Oil,Oil palm fruit,food_commodity_token,oil palm fruit,cooking oils
Cooking Oils Chilli+Garlic Oil,Garlic,food_commodity_phrase,garlic,cooking oils
Cooking Oils Chilli+Rosemary O,cooking oils,original_mapping,cooking oils,cooking oils
Cooking Oils Coconut Oil,Oil palm fruit,food_commodity_token,oil palm fruit,cooking oils
Cooking Oils Corn,cooking oils,original_mapping,cooking oils,cooking oils
Cooking Oils Flaxseed Oil,Oil palm fruit,food_commodity_token,oil palm fruit,cooking oils
Cooking Oils Garlic Oil,Garlic,food_commodity_phrase,garlic,cooking oils
Cooking Oils Grapeseed,Rapeseed,food_commodity_phrase,rapeseed,cooking oils
Cooking Oils Groundnut/Peanut,cooking oils,original_mapping,cooking oils,cooking oils
Cooking Oils Hazelnut,cooking oils,original_mapping,cooking oils,cooking oils
Cooking Oils Light Olive,cooking oils,original_mapping,cooking oils,cooking oils
Cooking Oils Olive,cooking oils,original_mapping,cooking oils,cooking oils
Cooking Oils Other Cooking,Eggs; other bird; in shell,food_commodity_token,eggs  other bird  in shell,cooking oils
Cooking Oils Other Specialty,Eggs; other bird; in shell,food_commodity_token,eggs  other bird  in shell,cooking oils
Cooking Oils Rapeseed,Rapeseed,food_commodity_phrase,rapeseed,cooking oils
Cooking Oils Sesame,Sesame seed,food_commodity_token,sesame seed,cooking oils
Cooking Oils Soya,cooking oils,original_mapping,cooking oils,cooking oils
Cooking Oils Sunflower,Sunflower seed,food_commodity_token,sunflower seed,cooking oils
Cooking Oils Vegetable,cooking oils,original_mapping,cooking oils,cooking oils
Cooking Oils Walnut,cooking oils,original_mapping,cooking oils,cooking oils
Cotton Wool Buds,,unmapped,,
Cotton Wool Pads,,unmapped,,
Cotton Wool Pleats,,unmapped,,
Cotton Wool Puff/Balls,,unmapped,,
Cotton Wool Rolls,,unmapped,,
Cough Liquids,,unmapped,,
Cough Lozenges,,unmapped,,
Cous Cous,cous cous(dry),original_mapping,cous cous dry ,cous cous(dry)
Cracker+Crspbrd Brown Crackers,crispbreads,original_mapping,crispbreads,crispbreads
Cracker+Crspbrd Cornish/Puffs,crispbreads,original_mapping,crispbreads,crispbreads
Cracker+Crspbrd Cream Crackers,"Butter, Cream & Ghee",food_commodity_token,butter  cream   ghee,crispbreads
Cracker+Crspbrd Crispbreads,crispbreads,original_mapping,crispbreads,crispbreads
Cracker+Crspbrd Crisprolls,crispbreads,original_mapping,crispbreads,crispbreads
Cracker+Crspbrd Oatcakes,crispbreads,original_mapping,crispbreads,crispbreads
Cracker+Crspbrd Rice Cakes,Rice; paddy,food_commodity_token,rice  paddy,crispbreads
Cracker+Crspbrd Toasts,crispbreads,original_mapping,crispbreads,crispbreads
Cracker+Crspbrd Water Biscuits,Water,food_commodity_phrase,water,crispbreads
Crackers & Cri Cracker Assortm,crispbreads,original_mapping,crispbreads,crispbreads
Crackers & Cri Other Crackers,Eggs; other bird; in shell,food_commodity_token,eggs  other bird  in shell,crispbreads
Crackers & Cri Other Savoury B,Eggs; other bird; in shell,food_commodity_token,eggs  other bird  in shell,crispbreads
Crackers & Cri Savoury Snacks,crispbreads,original_mapping,crispbreads,crispbreads
Crackers & Crispbreads Matzos,crispbreads,original_mapping,crispbreads,crispbreads
Crisps Family,crisps,original_mapping,crisps,crisps
Crisps Maxi,crisps,original_mapping,crisps,crisps
Crisps Multi-Pack,crisps,original_mapping,crisps,crisps
Crisps Standard,crisps,original_mapping,crisps,crisps
Family,crisps,original_mapping,crisps,crisps
Decongestants,,unmapped,,
Condensed Milk,Milk; whole fresh cow,food_commodity_token,milk  whole fresh cow,canned condensed milk
Defined Ambient Cream UHT,"Butter, Cream & Ghee",food_commodity_token,butter  cream   ghee,cream-dairy and non dairy
Defined Ambnt Synthetic Cream,"Butter, Cream & Ghee",food_commodity_token,butter  cream   ghee,canned cream
Defined Canned Cream,"Butter, Cream & Ghee",food_commodity_token,butter  cream   ghee,canned cream
Defined Milk+Cream Non Barcode,Milk; whole fresh cow,food_commodity_token,milk  whole fresh cow,cream-dairy and non dairy
Defined Milk+Cream P Portions,Milk; whole fresh cow,food_commodity_token,milk  whole fresh cow,cream-dairy and non dairy
Evaporated Milk,Milk; whole fresh cow,food_commodity_token,milk  whole fresh cow,instant/skimmed/filled milk
Low Fat Evprtd/Cndnsd Milk,Milk; whole fresh cow,food_commodity_token,milk  whole fresh cow,canned condensed milk
Non Dairy Creamers,milk creamers/whiteners,original_mapping,milk creamers whiteners,milk creamers/whiteners
Prepared Dessert Topping,milk - retail,original_mapping,milk   retail,milk - retail
Dental Floss/Sticks,,unmapped,,
Denture Produc Seals/Strips/Cu,,unmapped,,
Denture Products Cream,"Butter, Cream & Ghee",food_commodity_token,butter  cream   ghee,
Denture Products Foam,,unmapped,,
Denture Products Gel,,unmapped,,
Denture Products Liquid,,unmapped,,
Denture Products Paste,,unmapped,,
Denture Products Powder,,unmapped,,
Denture products Tablets,,unmapped,,
Aerosol Deodorants,,unmapped,,
Deodorant Aerosol Deod Female,,unmapped,,
Deodorant Aerosol Deod Unisex,,unmapped,,
Deodorant Aerosol Deodor Male,,unmapped,,
Deodorant Deodorant Wi Female,,unmapped,,
Deodorant Deodorant Wi Unisex,,unmapped,,
Deodorant Deodorant Wipe Male,,unmapped,,
Deodorant Non Barcoded Unisex,,unmapped,,
Deodorants Cream Female,"Butter, Cream & Ghee",food_commodity_token,butter  cream   ghee,
Deodorants Cream Male,"Butter, Cream & Ghee",food_commodity_token,butter  cream   ghee,
Deodorants Cream Unisex,"Butter, Cream & Ghee",food_commodity_token,butter  cream   ghee,
Deodorants Gel Female,,unmapped,,
Deodorants Gel Male,,unmapped,,
Deodorants Gel Unisex,,unmapped,,
Deodorants Roll-Ons Female,,unmapped,,
Deodorants Roll-Ons Male,,unmapped,,
Deodorants Roll-Ons Unisex,,unmapped,,
Deodorants Sticks Female,,unmapped,,
Deodorants Sticks Male,,unmapped,,
Deodorants Sticks Unisex,,unmapped,,
Hair Lighteners Depilatories,,unmapped,,
Non Wax womens Depiltories,,unmapped,,
Wax Depilatory Products,,unmapped,,
Chub Pack Dog Food,,unmapped,,
Dog Food All Flexi Packs,,unmapped,,
Dog Food Canned,,unmapped,,
Dog Food Non Barcoded,,unmapped,,
Dog Food Other,Eggs; other bird; in shell,food_commodity_token,eggs  other bird  in shell,
Dog Food Trays,,unmapped,,
Dry Dog Food,Broad beans; horse beans; dry,food_commodity_token,broad beans  horse beans  dry,
Soft Moist Dog Food,,unmapped,,
Dry Meat Substitutes,Broad beans; horse beans; dry,food_commodity_token,broad beans  horse beans  dry,vegetarian - frozen meat subs
Dry Lasagne,Broad beans; horse beans; dry,food_commodity_token,broad beans  horse beans  dry,pasta-dry
Dry Macaroni,Broad beans; horse beans; dry,food_commodity_token,broad beans  horse beans  dry,pasta-dry
Dry Other Pasta,Broad beans; horse beans; dry,food_commodity_token,broad beans  horse beans  dry,pasta-dry
Dry Pasta Buckwheat,Wheat,food_commodity_phrase,wheat,pasta-dry
Dry Pasta Cannelloni,Broad beans; horse beans; dry,food_commodity_token,broad beans  horse beans  dry,pasta-dry
Dry Pasta Cappelletti,Broad beans; horse beans; dry,food_commodity_token,broad beans  horse beans  dry,pasta-dry
Dry Pasta Conchiglie,Broad beans; horse beans; dry,food_commodity_token,broad beans  horse beans  dry,pasta-dry
Dry Pasta Ditali,Broad beans; horse beans; dry,food_commodity_token,broad beans  horse beans  dry,pasta-dry
Dry Pasta Fettuce,Broad beans; horse beans; dry,food_commodity_token,broad beans  horse beans  dry,pasta-dry
Dry Pasta Fusilli,Broad beans; horse beans; dry,food_commodity_token,broad beans  horse beans  dry,pasta-dry
Dry Pasta Fusillo Gigante,Broad beans; horse beans; dry,food_commodity_token,broad beans  horse beans  dry,pasta-dry
Dry Pasta Gigli,Broad beans; horse beans; dry,food_commodity_token,broad beans  horse beans  dry,pasta-dry
Dry Pasta Makaron Jajeczny,Broad beans; horse beans; dry,food_commodity_token,broad beans  horse beans  dry,pasta-dry
Dry Pasta Non-Barcoded,Broad beans; horse beans; dry,food_commodity_token,broad beans  horse beans  dry,pasta-dry
Dry Pasta Pappardelle,Broad beans; horse beans; dry,food_commodity_token,broad beans  horse beans  dry,pasta-dry
Dry Pasta Penne Rigate,Broad beans; horse beans; dry,food_commodity_token,broad beans  horse beans  dry,pasta-dry
Dry Pasta Ravioli,Broad beans; horse beans; dry,food_commodity_token,broad beans  horse beans  dry,pasta-dry
Dry Pasta Rigatoni,Broad beans; horse beans; dry,food_commodity_token,broad beans  horse beans  dry,pasta-dry
Dry Pasta Rotelle,Broad beans; horse beans; dry,food_commodity_token,broad beans  horse beans  dry,pasta-dry
Dry Pasta Shapes,Broad beans; horse beans; dry,food_commodity_token,broad beans  horse beans  dry,pasta-dry
Dry Pasta Spaghetti,Broad beans; horse beans; dry,food_commodity_token,broad beans  horse beans  dry,pasta-dry
Dry Pasta Spirals,Broad beans; horse beans; dry,food_commodity_token,broad beans  horse beans  dry,pasta-dry
Dry Pasta Tagliolini,Broad beans; horse beans; dry,food_commodity_token,broad beans  horse beans  dry,pasta-dry
Dry Pasta Torchietti,Broad beans; horse beans; dry,food_commodity_token,broad beans  horse beans  dry,pasta-dry
Dry Pasta Tortelloni,Broad beans; horse beans; dry,food_commodity_token,broad beans  horse beans  dry,pasta-dry
Dry Tagliatelle,Broad beans; horse beans; dry,food_commodity_token,broad beans  horse beans  dry,pasta-dry
Dry Tortellini,Broad beans; horse beans; dry,food_commodity_token,broad beans  horse beans  dry,pasta-dry
Dry Pulses+Cereal,Broad beans; horse beans; dry,food_commodity_token,broad beans  horse beans  dry,dry pulses cereal & veg
Eggs Duck Free Range,Eggs; other bird; in shell,food_commodity_token,eggs  other bird  in shell,eggs
Eggs Duck Not Stated,Eggs; other bird; in shell,food_commodity_token,eggs  other bird  in shell,eggs
Eggs Goose Free Range,Eggs; other bird; in shell,food_commodity_token,eggs  other bird  in shell,eggs
Eggs Hens Barn,Eggs; other bird; in shell,food_commodity_token,eggs  other bird  in shell,eggs
Eggs Hens Free Range,Eggs; other bird; in shell,food_commodity_token,eggs  other bird  in shell,eggs
Eggs Hens Non-Free Range,Eggs; other bird; in shell,food_commodity_token,eggs  other bird  in shell,eggs
Eggs Quail Free Range,Eggs; other bird; in shell,food_commodity_token,eggs  other bird  in shell,eggs
Eggs Quail Not Stated,Eggs; other bird; in shell,food_commodity_token,eggs  other bird  in shell,eggs
Candle Light Bulbs,,unmapped,,
Elctrc Lght Bulb Gls,,unmapped,,
Elctrc Lght Bulb Large Globe,,unmapped,,
Elctrc Lght Bulb Reflector,,unmapped,,
Elctrc Lght Bulb Soft Candle,,unmapped,,
Elctrc Lght Bulb Soft Gls,,unmapped,,
Elctrc Lght Bulb Striplight,,unmapped,,
Elctrc Lght Cmpct Fluorscnt,,unmapped,,
Elctrc Lght Cmpct Fluorscnt Lo,,unmapped,,
Elctrc Lght Halogen Capsule,,unmapped,,
Elctrc Lght Halogen High Volt,,unmapped,,
Elctrc Lght Halogen Linear,,unmapped,,
Elctrc Lght Halogen Low Volt,,unmapped,,
Elctrc Lght Mini Globe (Small),,unmapped,,
Elctrc Lght Miscellaneous,,unmapped,,
Elctrc Lght Pygmy/Spt/Strplght,,unmapped,,
Elctrc Lght Soft Mini Globe,,unmapped,,
Electric Light Energy Saver Ca,,unmapped,,
Electric Light Energy Saver Fl,,unmapped,,
Electric Light Energy Saver Gl,,unmapped,,
Electric Light Energy Saver Hl,,unmapped,,
Electric Light Energy Saver Mi,,unmapped,,
Electric Light Energy Saver Re,,unmapped,,
Electric Light Energy Saver Sf,,unmapped,,
Electric Light Energy Saver So,,unmapped,,
Electric Light Energy Savr Hl,,unmapped,,
Electric Light Energy Sve,,unmapped,,
Electric Light Energy Sver Hl,,unmapped,,
Electric Light Energy Sver So,,unmapped,,
Electric Light Energy Svr Hl,,unmapped,,
Electric Light Enrgy Saver Hl,,unmapped,,
Electric Light Halogen Globe,,unmapped,,
Electric Light Halogen Reflect,,unmapped,,
Fluorescent Light Bulbs,,unmapped,,
Globe (Lrg Rnd) Light Bulbs,,unmapped,,
Ethnc Ingrdnts Chapatis,flour-chapati,original_mapping,flour chapati,flour-chapati
Ethnc Ingrdnts Chinese Vegtble,indian & chinese products,original_mapping,indian   chinese products,indian & chinese products
Ethnc Ingrdnts Coconut Milk,Milk; whole fresh cow,food_commodity_token,milk  whole fresh cow,canned condensed milk
Ethnc Ingrdnts Creamed Coconut,canned cream,original_mapping,canned cream,canned cream
Ethnc Ingrdnts Curry Paste,indian & chinese products,original_mapping,indian   chinese products,indian & chinese products
Ethnc Ingrdnts Curry Powder,indian & chinese products,original_mapping,indian   chinese products,indian & chinese products
Ethnc Ingrdnts Indian Dnr Kit,indian & chinese products,original_mapping,indian   chinese products,indian & chinese products
Ethnc Ingrdnts Mxcn Meal Kits,taco dinner kits,original_mapping,taco dinner kits,taco dinner kits
Ethnc Ingrdnts Other,Eggs; other bird; in shell,food_commodity_token,eggs  other bird  in shell,indian & chinese products
Ethnc Ingrdnts Other Paste,Eggs; other bird; in shell,food_commodity_token,eggs  other bird  in shell,paste+spreads
Ethnc Ingrdnts Poppodums,indian & chinese products,original_mapping,indian   chinese products,indian & chinese products
Ethnc Ingrdnts Prawn Crackers,indian & chinese products,original_mapping,indian   chinese products,indian & chinese products
Ethnc Ingrdnts Tortillas,taco dinner kits,original_mapping,taco dinner kits,taco dinner kits
Ethnc Ingrdnts Vegetable Curry,indian & chinese products,original_mapping,indian   chinese products,indian & chinese products
Ethnc Ingrdnts Vegetable Ghee,"Butter, Cream & Ghee",food_commodity_token,butter  cream   ghee,indian & chinese products
Ethnic Ingredi Caribbean Dinne,indian & chinese products,original_mapping,indian   chinese products,indian & chinese products
Ethnic Ingredients Parathas,indian & chinese products,original_mapping,indian   chinese products,indian & chinese products
Mexican Meal Kits,taco dinner kits,original_mapping,taco dinner kits,taco dinner kits
Everyday Biscu Bourbon Creams,biscuits - plain+savoury,original_mapping,biscuits   plain savoury,biscuits - plain+savoury
Everyday Biscu Custard Creams,biscuits - plain+savoury,original_mapping,biscuits   plain savoury,biscuits - plain+savoury
Everyday Biscu Fruit Shortcake,Fruit; tropical fresh nes,food_commodity_token,fruit  tropical fresh nes,biscuits - plain+savoury
Everyday Biscu Morning Coffee,Coffee; green,food_commodity_token,coffee  green,biscuits - plain+savoury
Everyday Biscui Packet Wafers,biscuits - plain+savoury,original_mapping,biscuits   plain savoury,biscuits - plain+savoury
Everyday Biscuit Coconut/Nice,biscuits - plain+savoury,original_mapping,biscuits   plain savoury,biscuits - plain+savoury
Everyday Biscuit Other Creams,Eggs; other bird; in shell,food_commodity_token,eggs  other bird  in shell,biscuits - plain+savoury
Everyday Biscuits Assortment,biscuits - plain+savoury,original_mapping,biscuits   plain savoury,biscuits - plain+savoury
Everyday Biscuits Butter,"Butter, Cream & Ghee",food_commodity_token,butter  cream   ghee,biscuits - plain+savoury
Everyday Biscuits Cookies,biscuits - plain+savoury,original_mapping,biscuits   plain savoury,biscuits - plain+savoury
Everyday Biscuits Digestives,biscuits - chocolate coated,original_mapping,biscuits   chocolate coated,biscuits - chocolate coated
Everyday Biscuits Fig Rolls,biscuits - plain+savoury,original_mapping,biscuits   plain savoury,biscuits - plain+savoury
Everyday Biscuits Garibaldi,biscuits - plain+savoury,original_mapping,biscuits   plain savoury,biscuits - plain+savoury
Everyday Biscuits Ginger,Ginger,food_commodity_phrase,ginger,biscuits - plain+savoury
Everyday Biscuits Jam,biscuits - plain+savoury,original_mapping,biscuits   plain savoury,biscuits - plain+savoury
Everyday Biscuits Lunchbox,biscuits - plain+savoury,original_mapping,biscuits   plain savoury,biscuits - plain+savoury
Everyday Biscuits Malted,biscuits - plain+savoury,original_mapping,biscuits   plain savoury,biscuits - plain+savoury
Everyday Biscuits Oat,biscuits - plain+savoury,original_mapping,biscuits   plain savoury,biscuits - plain+savoury
Everyday Biscuits Other Fruit,Eggs; other bird; in shell,food_commodity_token,eggs  other bird  in shell,biscuits - plain+savoury
Everyday Biscuits Other Sweet,Eggs; other bird; in shell,food_commodity_token,eggs  other bird  in shell,biscuits - plain+savoury
Everyday Biscuits Rich Tea,Tea,food_commodity_phrase,tea,biscuits - plain+savoury
Everyday Biscuits Shortcake,biscuits - plain+savoury,original_mapping,biscuits   plain savoury,biscuits - plain+savoury
Other Everyday Biscuits,Eggs; other bird; in shell,food_commodity_token,eggs  other bird  in shell,biscuits - plain+savoury
Chocolate Digestives,biscuits - chocolate coated,original_mapping,biscuits   chocolate coated,biscuits - chocolate coated
Digestives,biscuits - plain+savoury,original_mapping,biscuits   plain savoury,biscuits - plain+savoury
Everyday Treat Choc Digestives,biscuits - chocolate coated,original_mapping,biscuits   chocolate coated,biscuits - chocolate coated
Everyday Treat Chocolate Wafer,biscuits - plain+savoury,original_mapping,biscuits   plain savoury,biscuits - plain+savoury
Everyday Treat Fruit Shortcake,Fruit; tropical fresh nes,food_commodity_token,fruit  tropical fresh nes,biscuits - plain+savoury
Everyday Treat Half Iced Biscu,biscuits - plain+savoury,original_mapping,biscuits   plain savoury,biscuits - plain+savoury
Everyday Treat Uncoated Mallow,biscuits - plain+savoury,original_mapping,biscuits   plain savoury,biscuits - plain+savoury
Everyday Treats Assortment,biscuits - plain+savoury,original_mapping,biscuits   plain savoury,biscuits - plain+savoury
Everyday Treats Choc Mallows,biscuits - plain+savoury,original_mapping,biscuits   plain savoury,biscuits - plain+savoury
Everyday Treats Choc Oat,biscuits - plain+savoury,original_mapping,biscuits   plain savoury,biscuits - plain+savoury
Everyday Treats Choc Rich Tea,Tea,food_commodity_phrase,tea,biscuits - plain+savoury
Everyday Treats Coconut/Nice,biscuits - plain+savoury,original_mapping,biscuits   plain savoury,biscuits - plain+savoury
Everyday Treats Cookies,biscuits - plain+savoury,original_mapping,biscuits   plain savoury,biscuits - plain+savoury
Everyday Treats Digestives,biscuits - plain+savoury,original_mapping,biscuits   plain savoury,biscuits - plain+savoury
Everyday Treats Fully Coated,biscuits - chocolate coated,original_mapping,biscuits   chocolate coated,biscuits - chocolate coated
Everyday Treats Ginger,Ginger,food_commodity_phrase,ginger,biscuits - plain+savoury
Everyday Treats Half Coated,biscuits - chocolate coated,original_mapping,biscuits   chocolate coated,biscuits - chocolate coated
Everyday Treats Jaffa Cakes,biscuits - chocolate coated,original_mapping,biscuits   chocolate coated,biscuits - chocolate coated
Everyday Treats Jam,jams & marmalades,original_mapping,jams   marmalades,jams & marmalades
Everyday Treats Lunchbox,biscuits - plain+savoury,original_mapping,biscuits   plain savoury,biscuits - plain+savoury
Everyday Treats Oat,biscuits - plain+savoury,original_mapping,biscuits   plain savoury,biscuits - plain+savoury
Everyday Treats Other Creams,Eggs; other bird; in shell,food_commodity_token,eggs  other bird  in shell,biscuits - plain+savoury
Everyday Treats Other Fruit,Eggs; other bird; in shell,food_commodity_token,eggs  other bird  in shell,ambient fruit
Everyday Treats Other Sweet,Eggs; other bird; in shell,food_commodity_token,eggs  other bird  in shell,sugar conf-candy
Everyday Treats Packet Wafers,biscuits - plain+savoury,original_mapping,biscuits   plain savoury,biscuits - plain+savoury
Everyday Treats Shortbread,biscuits - plain+savoury,original_mapping,biscuits   plain savoury,biscuits - plain+savoury
Everyday Treats Shortcake,biscuits - plain+savoury,original_mapping,biscuits   plain savoury,biscuits - plain+savoury
Allergy Eyes Drops,,unmapped,,
Eye Care Drops,,unmapped,,
Eye Care Hayfever Allergy Drop,,unmapped,,
Eye Care Infected Eyes Drops,,unmapped,,
Eye Care Itchy Eye Drops,,unmapped,,
Eye Care Liquid Gel,,unmapped,,
Eye Care Lotion,,unmapped,,
Eye Care Mask,,unmapped,,
Eye Care Ointment,,unmapped,,
Eye Care Pads,,unmapped,,
Eye Care Screen Eye Drops,,unmapped,,
Eye Care Sparkling Clear Drops,,unmapped,,
Eye Care Spray,,unmapped,,
Eye Care Wash,,unmapped,,
Eye Care Wipes,,unmapped,,
Eye Drops,,unmapped,,
Eye Lotions,,unmapped,,
Eye Masks,,unmapped,,
Fabric Conditioners,,unmapped,,
Fabs,,unmapped,,
Boxed Mansize Facial Tissues,,unmapped,,
Cosmetic Boxed Facial Tissues,,unmapped,,
Facial Tissue Pocket Packs,,unmapped,,
Flowpack Facial Tissues,,unmapped,,
Midi-Boxed Facial Tissues,,unmapped,,
Pocket Packs,,unmapped,,
Regular Boxed Facial Tissues,,unmapped,,
Female Body Spray Pump Action,,unmapped,,
Female Body Sprays Aerosol,,unmapped,,
Female Body Sprays Wipes,,unmapped,,
Feminine Care Looped Towels,,unmapped,,
Feminine Care Non Barcoded Pro,,unmapped,,
Feminine Care Panty Liners,,unmapped,,
Feminine Care Press On Towels,,unmapped,,
Feminine Care Tampons,,unmapped,,
Firelighters/Log,,unmapped,,
Airstrip First Aid Dressings,,unmapped,,
Assorted First Aid Dressings,,unmapped,,
Clear First Aid Dressings,,unmapped,,
Cushioned First Aid Dressings,,unmapped,,
Fabric First Aid Dressings,,unmapped,,
First Aid Dressings Rolls,,unmapped,,
First Aid Dressings Tube,,unmapped,,
First Aid Drssng Adhesive,,unmapped,,
First Aid Drssng Crepe,,unmapped,,
First Aid Drssng Other,Eggs; other bird; in shell,food_commodity_token,eggs  other bird  in shell,
First Aid Drssng Spray,,unmapped,,
First Aid Drssng Support,,unmapped,,
First Aid Drssng Surgical,,unmapped,,
First Aid Drssng Tubular,,unmapped,,
First Aid Drssng Wht Open Wove,,unmapped,,
Hypo-Allergenic FrstAid Drssng,,unmapped,,
Plastic First Aid Dressing,,unmapped,,
Standard First Aid Dressings,,unmapped,,
Stretch Fabric First Aid Drsng,,unmapped,,
Various Types First Aid Drssng,,unmapped,,
Washable First Aid Dressings,,unmapped,,
Fish Foods,Fish,food_commodity_phrase,fish,fish food
Bread Flour,flour-bread,original_mapping,flour bread,flour-bread
Flour Non-Barcoded,flour-bread,original_mapping,flour bread,flour-bread
Other Plain Flour,Eggs; other bird; in shell,food_commodity_token,eggs  other bird  in shell,flour-bread
Self-Raising Flour,flour-bread,original_mapping,flour bread,flour-bread
Drinking Chocolate,drinking choc+cocoa,original_mapping,drinking choc cocoa,drinking choc+cocoa
Drinking Cocoa,Cocoa; beans,food_commodity_token,cocoa  beans,drinking choc+cocoa
Food Drinks Instant Chocolate,drinking choc+cocoa,original_mapping,drinking choc cocoa,drinking choc+cocoa
Food Drinks Instant White Choc,drinking choc+cocoa,original_mapping,drinking choc cocoa,drinking choc+cocoa
Food Drinks Non-Barcoded,drinking choc+cocoa,original_mapping,drinking choc cocoa,drinking choc+cocoa
Food Drinks Traditional White,drinking choc+cocoa,original_mapping,drinking choc cocoa,drinking choc+cocoa
Instant Malted Drink,drinking choc+cocoa,original_mapping,drinking choc cocoa,drinking choc+cocoa
Low Calorie Instant Chocolate,drinking choc+cocoa,original_mapping,drinking choc cocoa,drinking choc+cocoa
Standard Instant Choc,drinking choc+cocoa,original_mapping,drinking choc cocoa,drinking choc+cocoa
Standard Instant Choc Drink,drinking choc+cocoa,original_mapping,drinking choc cocoa,drinking choc+cocoa
Traditional Malted Drink,drinking choc+cocoa,original_mapping,drinking choc cocoa,drinking choc+cocoa
Foot Preparati Foot Accessorie,,unmapped,,
Foot Preparations Insoles,,unmapped,,
Foot Prprtns Cream/Lotion/Gel,"Butter, Cream & Ghee",food_commodity_token,butter  cream   ghee,
Foot Prprtns Other,Eggs; other bird; in shell,food_commodity_token,eggs  other bird  in shell,
Foot Prprtns Powder,,unmapped,,
Foot Prprtns Spray,,unmapped,,
Fortified Wines,alcohol-wine based drinks,original_mapping,alcohol wine based drinks,alcohol-wine based drinks
Fresh Bacon Joints Bacon,Fruit; tropical fresh nes,food_commodity_token,fruit  tropical fresh nes,bacon - fresh+frozen
Back,bacon - fresh+frozen,original_mapping,bacon   fresh frozen,bacon - fresh+frozen
Fresh Bacon Rasher Back,Fruit; tropical fresh nes,food_commodity_token,fruit  tropical fresh nes,bacon - fresh+frozen
Fresh Bacon Rasher Medallions,Fruit; tropical fresh nes,food_commodity_token,fruit  tropical fresh nes,bacon - fresh+frozen
Fresh Bacon Rasher Middle,Fruit; tropical fresh nes,food_commodity_token,fruit  tropical fresh nes,bacon - fresh+frozen
Fresh Bacon Rasher Other Type,Eggs; other bird; in shell,food_commodity_token,eggs  other bird  in shell,bacon - fresh+frozen
Fresh Bacon Rasher Streaky,Fruit; tropical fresh nes,food_commodity_token,fruit  tropical fresh nes,bacon - fresh+frozen
Fresh Bacon Rashers Lardons,Fruit; tropical fresh nes,food_commodity_token,fruit  tropical fresh nes,bacon - fresh+frozen
Fresh Bacon Steak,Tea,food_commodity_phrase,tea,bacon - fresh+frozen
Fresh 1st Qlty Roasting Beef,Fruit; tropical fresh nes,food_commodity_token,fruit  tropical fresh nes,meat - fresh primary
Fresh 1st Qlty Stewing Beef,Fruit; tropical fresh nes,food_commodity_token,fruit  tropical fresh nes,meat - fresh primary
Fresh 2nd Qlty Roasting Beef,Fruit; tropical fresh nes,food_commodity_token,fruit  tropical fresh nes,meat - fresh primary
Fresh 2nd Qlty Stewing Beef,Fruit; tropical fresh nes,food_commodity_token,fruit  tropical fresh nes,meat - fresh primary
Fresh Bee 2nd Quality Ro Veal,Fruit; tropical fresh nes,food_commodity_token,fruit  tropical fresh nes,meat - fresh primary
Fresh Bee Frying/Grillin Veal,Fruit; tropical fresh nes,food_commodity_token,fruit  tropical fresh nes,meat - fresh primary
Fresh Beef Diced/Cubed Veal,Fruit; tropical fresh nes,food_commodity_token,fruit  tropical fresh nes,meat - fresh primary
Fresh Beef Fore-Quarter,Fruit; tropical fresh nes,food_commodity_token,fruit  tropical fresh nes,meat - fresh primary
Fresh Beef Mince Veal,Fruit; tropical fresh nes,food_commodity_token,fruit  tropical fresh nes,meat - fresh primary
Fresh Beef Other Cut Veal,Eggs; other bird; in shell,food_commodity_token,eggs  other bird  in shell,meat - fresh primary
Fresh Diced/Cubed Beef,Fruit; tropical fresh nes,food_commodity_token,fruit  tropical fresh nes,meat - fresh primary
Fresh Mince Beef,Fruit; tropical fresh nes,food_commodity_token,fruit  tropical fresh nes,meat - fresh primary
Fresh Mixed Cuts Pack Beef,Fruit; tropical fresh nes,food_commodity_token,fruit  tropical fresh nes,meat - fresh primary
Fresh Other Cut Beef,Eggs; other bird; in shell,food_commodity_token,eggs  other bird  in shell,meat - fresh primary
Frsh Frying/Grillng Steak Beef,Tea,food_commodity_phrase,tea,meat - fresh primary
Fresh Crea Single Crea U.H.T.,Fruit; tropical fresh nes,food_commodity_token,fruit  tropical fresh nes,cream-dairy and non dairy
Fresh Cream Aerosols,Fruit; tropical fresh nes,food_commodity_token,fruit  tropical fresh nes,cream-dairy and non dairy
Fresh Cream Aerosols Flvrd,Fruit; tropical fresh nes,food_commodity_token,fruit  tropical fresh nes,cream-dairy and non dairy
Fresh Cream Aerosols Synthetic,Fruit; tropical fresh nes,food_commodity_token,fruit  tropical fresh nes,cream-dairy and non dairy
Fresh Cream Aerosols U.H.T.,Fruit; tropical fresh nes,food_commodity_token,fruit  tropical fresh nes,cream-dairy and non dairy
Fresh Cream Alcoholic Flvrd,Fruit; tropical fresh nes,food_commodity_token,fruit  tropical fresh nes,cream-dairy and non dairy
Fresh Cream Clotted,Fruit; tropical fresh nes,food_commodity_token,fruit  tropical fresh nes,cream-dairy and non dairy
Fresh Cream Creme Fraiche,Fruit; tropical fresh nes,food_commodity_token,fruit  tropical fresh nes,cream-dairy and non dairy
Fresh Cream Double,Fruit; tropical fresh nes,food_commodity_token,fruit  tropical fresh nes,cream-dairy and non dairy
Fresh Cream Double U.H.T.,Fruit; tropical fresh nes,food_commodity_token,fruit  tropical fresh nes,cream-dairy and non dairy
Fresh Cream Flavoured,Fruit; tropical fresh nes,food_commodity_token,fruit  tropical fresh nes,cream-dairy and non dairy
Fresh Cream Half,Fruit; tropical fresh nes,food_commodity_token,fruit  tropical fresh nes,cream-dairy and non dairy
Fresh Cream Single,Fruit; tropical fresh nes,food_commodity_token,fruit  tropical fresh nes,cream-dairy and non dairy
Fresh Cream Soured,Fruit; tropical fresh nes,food_commodity_token,fruit  tropical fresh nes,cream-dairy and non dairy
Fresh Cream Sterilised,Fruit; tropical fresh nes,food_commodity_token,fruit  tropical fresh nes,cream-dairy and non dairy
Fresh Cream Synthetic,Fruit; tropical fresh nes,food_commodity_token,fruit  tropical fresh nes,cream-dairy and non dairy
Fresh Cream Whipping,Fruit; tropical fresh nes,food_commodity_token,fruit  tropical fresh nes,cream-dairy and non dairy
Fresh Cream Whipping U.H.T.,Fruit; tropical fresh nes,food_commodity_token,fruit  tropical fresh nes,cream-dairy and non dairy
Fresh Flavoured Meats Beef,Fruit; tropical fresh nes,food_commodity_token,fruit  tropical fresh nes,meat - fresh prcsd snacks
Fresh Flavoured Meats Lamb,Fruit; tropical fresh nes,food_commodity_token,fruit  tropical fresh nes,meat - fresh prcsd snacks
Fresh Flavoured Meats Pork,Fruit; tropical fresh nes,food_commodity_token,fruit  tropical fresh nes,meat - fresh prcsd snacks
Fresh Flavoured Meats Veal,Fruit; tropical fresh nes,food_commodity_token,fruit  tropical fresh nes,meat - fresh prcsd snacks
Fresh Diced/Cubed Lamb,Fruit; tropical fresh nes,food_commodity_token,fruit  tropical fresh nes,meat - fresh primary
Fresh Frying/Grilling Chop Lmb,Fruit; tropical fresh nes,food_commodity_token,fruit  tropical fresh nes,meat - fresh primary
Fresh Frying/Grlling Steak Lmb,Tea,food_commodity_phrase,tea,meat - fresh primary
Fresh Half Lamb,Fruit; tropical fresh nes,food_commodity_token,fruit  tropical fresh nes,meat - fresh primary
Fresh Lamb Esy Crv Lg Rstng,Fruit; tropical fresh nes,food_commodity_token,fruit  tropical fresh nes,meat - fresh primary
Fresh Lamb Leg Roasting Joint,Fruit; tropical fresh nes,food_commodity_token,fruit  tropical fresh nes,meat - fresh primary
Fresh Lamb Other Cut,Eggs; other bird; in shell,food_commodity_token,eggs  other bird  in shell,meat - fresh primary
Fresh Mince Lamb,Fruit; tropical fresh nes,food_commodity_token,fruit  tropical fresh nes,meat - fresh primary
Fresh Mixed Cuts Pack Lamb,Fruit; tropical fresh nes,food_commodity_token,fruit  tropical fresh nes,meat - fresh primary
Fresh Shldr Rstng Joint Lamb,Fruit; tropical fresh nes,food_commodity_token,fruit  tropical fresh nes,meat - fresh primary
Fresh Stewing Lamb,Fruit; tropical fresh nes,food_commodity_token,fruit  tropical fresh nes,meat - fresh primary
Fresh Whole Lamb,Fruit; tropical fresh nes,food_commodity_token,fruit  tropical fresh nes,meat - fresh primary
Fresh All Other Meat,Eggs; other bird; in shell,food_commodity_token,eggs  other bird  in shell,meat - fresh primary
Fresh Kidneys,Fruit; tropical fresh nes,food_commodity_token,fruit  tropical fresh nes,meat - fresh primary
Fresh Liver,Fruit; tropical fresh nes,food_commodity_token,fruit  tropical fresh nes,meat - fresh primary
Fresh Othe All Other Venison,Eggs; other bird; in shell,food_commodity_token,eggs  other bird  in shell,meat - fresh primary
Fresh Other Me Frying/Grilling,Eggs; other bird; in shell,food_commodity_token,eggs  other bird  in shell,meat - fresh primary
Fresh Other Mea Mince Venison,Eggs; other bird; in shell,food_commodity_token,eggs  other bird  in shell,meat - fresh primary
Fresh Other Meat & Mince Veal,Eggs; other bird; in shell,food_commodity_token,eggs  other bird  in shell,meat - fresh primary
Fresh Other Meat & Offal Mince,Eggs; other bird; in shell,food_commodity_token,eggs  other bird  in shell,meat - fresh primary
Fresh Other Offal,Eggs; other bird; in shell,food_commodity_token,eggs  other bird  in shell,meat - fresh primary
Fresh Rabbit Or Hare,Fruit; tropical fresh nes,food_commodity_token,fruit  tropical fresh nes,meat - fresh primary
Fresh Pasta Fresh Cut,Fruit; tropical fresh nes,food_commodity_token,fruit  tropical fresh nes,pasta-fresh inc ndls (wout sc
Fresh Pasta Fresh Filled,Fruit; tropical fresh nes,food_commodity_token,fruit  tropical fresh nes,pasta-fresh inc ndls (wout sc
Fresh Pasta Fresh Noodles,Fruit; tropical fresh nes,food_commodity_token,fruit  tropical fresh nes,pasta-fresh inc ndls (wout sc
Fresh Belly Pork,Fruit; tropical fresh nes,food_commodity_token,fruit  tropical fresh nes,meat - fresh primary
Fresh Diced/Cubed Pork,Fruit; tropical fresh nes,food_commodity_token,fruit  tropical fresh nes,meat - fresh primary
Fresh Frying/Grilling Chop Prk,Fruit; tropical fresh nes,food_commodity_token,fruit  tropical fresh nes,meat - fresh primary
Fresh Frying/Grlling Steak Prk,Tea,food_commodity_phrase,tea,meat - fresh primary
Fresh Half Pig,Fruit; tropical fresh nes,food_commodity_token,fruit  tropical fresh nes,meat - fresh primary
Fresh Loin Roasting Pork,Fruit; tropical fresh nes,food_commodity_token,fruit  tropical fresh nes,meat - fresh primary
Fresh Mince Pork,Fruit; tropical fresh nes,food_commodity_token,fruit  tropical fresh nes,meat - fresh primary
Fresh Other Cuts Pork,Eggs; other bird; in shell,food_commodity_token,eggs  other bird  in shell,meat - fresh primary
Fresh Pork Leg Roasting Joint,Fruit; tropical fresh nes,food_commodity_token,fruit  tropical fresh nes,meat - fresh primary
Fresh Pork Marinades,Fruit; tropical fresh nes,food_commodity_token,fruit  tropical fresh nes,meat - fresh primary
Fresh Pork Mixed Cuts Pack,Fruit; tropical fresh nes,food_commodity_token,fruit  tropical fresh nes,meat - fresh primary
Fresh Pork Shldr Rstng Joint,Fruit; tropical fresh nes,food_commodity_token,fruit  tropical fresh nes,meat - fresh primary
Fresh Whole Pig,Fruit; tropical fresh nes,food_commodity_token,fruit  tropical fresh nes,meat - fresh primary
Fresh Chicken Pieces,Fruit; tropical fresh nes,food_commodity_token,fruit  tropical fresh nes,poultry - fresh primary
Fresh Duckling Pieces,Fruit; tropical fresh nes,food_commodity_token,fruit  tropical fresh nes,poultry - fresh primary
Fresh Other Poultry Pieces,Eggs; other bird; in shell,food_commodity_token,eggs  other bird  in shell,poultry - fresh primary
Fresh Pltry Chicken Roll/Roast,Fruit; tropical fresh nes,food_commodity_token,fruit  tropical fresh nes,poultry - fresh primary
Fresh Poultry Chicken Breast,Fruit; tropical fresh nes,food_commodity_token,fruit  tropical fresh nes,poultry - fresh primary
Fresh Poultry Chicken Half,Fruit; tropical fresh nes,food_commodity_token,fruit  tropical fresh nes,poultry - fresh primary
Fresh Poultry Chicken Leg,Fruit; tropical fresh nes,food_commodity_token,fruit  tropical fresh nes,poultry - fresh primary
Fresh Poultry Chicken Mixed/Ot,Fruit; tropical fresh nes,food_commodity_token,fruit  tropical fresh nes,poultry - fresh primary
Fresh Poultry Chicken Wings,Fruit; tropical fresh nes,food_commodity_token,fruit  tropical fresh nes,poultry - fresh primary
Fresh Poultry Duck Roll/Roast,Fruit; tropical fresh nes,food_commodity_token,fruit  tropical fresh nes,poultry - fresh prcsd unck/flv
Fresh Poultry Kebab,Fruit; tropical fresh nes,food_commodity_token,fruit  tropical fresh nes,poultry - fresh prcsd unck/flv
Fresh Poultry Other Poultry Ro,Eggs; other bird; in shell,food_commodity_token,eggs  other bird  in shell,poultry - fresh primary
Fresh Turkey Pieces,Fruit; tropical fresh nes,food_commodity_token,fruit  tropical fresh nes,poultry - fresh primary
Fresh Turkey Roll/Roast,Fruit; tropical fresh nes,food_commodity_token,fruit  tropical fresh nes,poultry - fresh primary
Fresh Whole Chicken,Fruit; tropical fresh nes,food_commodity_token,fruit  tropical fresh nes,poultry - fresh primary
Fresh Whole Duck,Fruit; tropical fresh nes,food_commodity_token,fruit  tropical fresh nes,poultry - fresh primary
Fresh Whole Other Poultry,Eggs; other bird; in shell,food_commodity_token,eggs  other bird  in shell,poultry - fresh primary
Fresh Whole Poussin,Fruit; tropical fresh nes,food_commodity_token,fruit  tropical fresh nes,poultry - fresh primary
Fresh Whole Turkey,Fruit; tropical fresh nes,food_commodity_token,fruit  tropical fresh nes,poultry - fresh primary
Fresh Sausages Low-Fat,Fruit; tropical fresh nes,food_commodity_token,fruit  tropical fresh nes,sausages - fresh
Fresh Sausages Original,Fruit; tropical fresh nes,food_commodity_token,fruit  tropical fresh nes,sausages - fresh
Fresh Soup,Fruit; tropical fresh nes,food_commodity_token,fruit  tropical fresh nes,soups-liquid
Fresh Stuffing,Fruit; tropical fresh nes,food_commodity_token,fruit  tropical fresh nes,stuffing - fresh+frozen
Fresh/Chilled Pastry Filo,Fruit; tropical fresh nes,food_commodity_token,fruit  tropical fresh nes,fresh/chilled pastry
Fresh/Chilled Pastry Other,Eggs; other bird; in shell,food_commodity_token,eggs  other bird  in shell,fresh/chilled pastry
Fresh/Chilled Pastry Puff,Fruit; tropical fresh nes,food_commodity_token,fruit  tropical fresh nes,fresh/chilled pastry
Fresh/Chilled Pastry Shrtcrst,Fruit; tropical fresh nes,food_commodity_token,fruit  tropical fresh nes,fresh/chilled pastry
Fromage Frais Baby/Toddler,fromage frais - plain,original_mapping,fromage frais   plain,fromage frais - plain
Fromage Frais Chldrn Character,fromage frais - plain,original_mapping,fromage frais   plain,fromage frais - plain
Fromage Frais Chldrn Standard,fromage frais - plain,original_mapping,fromage frais   plain,fromage frais - plain
Fromage Frais Indulgence,fromage frais - plain,original_mapping,fromage frais   plain,fromage frais - plain
Fromage Frais Light,fromage frais - plain,original_mapping,fromage frais   plain,fromage frais - plain
Fromage Frais Standard,fromage frais - plain,original_mapping,fromage frais   plain,fromage frais - plain
Frozen Bacon,bacon - fresh+frozen,original_mapping,bacon   fresh frozen,bacon - fresh+frozen
Frozen 1st Quality Roasti Beef,meat - frozen primary,original_mapping,meat   frozen primary,meat - frozen primary
Frozen 1st Quality Stewin Beef,meat - frozen primary,original_mapping,meat   frozen primary,meat - frozen primary
Frozen 2nd Quality Roasti beef,meat - frozen primary,original_mapping,meat   frozen primary,meat - frozen primary
Frozen 2nd Quality Stewin Beef,meat - frozen primary,original_mapping,meat   frozen primary,meat - frozen primary
Frozen Bee Frying/Grilli Veal,meat - frozen primary,original_mapping,meat   frozen primary,meat - frozen primary
Frozen Beef Diced/Cubed Veal,meat - frozen primary,original_mapping,meat   frozen primary,meat - frozen primary
Frozen Beef Other Cut Veal,Eggs; other bird; in shell,food_commodity_token,eggs  other bird  in shell,meat - frozen primary
Frozen Mince Beef,meat - frozen primary,original_mapping,meat   frozen primary,meat - frozen primary
Frozen Other Cut Beef,Eggs; other bird; in shell,food_commodity_token,eggs  other bird  in shell,meat - frozen primary
Frzn Frying/Grilling Stek Beef,meat - frozen primary,original_mapping,meat   frozen primary,meat - frozen primary
Frozen Bread Bagels,bread - prepkd(400g+) / spclty,original_mapping,bread   prepkd 400g     spclty,bread - prepkd(400g+) / spclty
Frozen Bread Baguettes,bread - loose,original_mapping,bread   loose,bread - loose
Frozen Bread Ciabatta,bread - loose,original_mapping,bread   loose,bread - loose
Frozen Bread Crumpets/Pikelets,bread - prepkd(400g+) / spclty,original_mapping,bread   prepkd 400g     spclty,bread - prepkd(400g+) / spclty
Frozen Bread Crusty,bread - loose,original_mapping,bread   loose,bread - loose
Frozen Bread Focaccia,bread - loose,original_mapping,bread   loose,bread - loose
Frozen Bread Partbaked,bread - loose,original_mapping,bread   loose,bread - loose
Frozen Bread Soft,bread - loose,original_mapping,bread   loose,bread - loose
Frozen Croissants,"bread - rolls, baps+croissants",original_mapping,bread   rolls  baps croissants,"bread - rolls, baps+croissants"
Frozen Garlic Bread,Garlic,food_commodity_phrase,garlic,bread - loose
Frozen Naan Bread,bread - loose,original_mapping,bread   loose,bread - loose
Frozen Other Bread Rolls,Eggs; other bird; in shell,food_commodity_token,eggs  other bird  in shell,"bread - rolls, baps+croissants"
Frozen Pain Au Chocolate,"bread - rolls, baps+croissants",original_mapping,bread   rolls  baps croissants,"bread - rolls, baps+croissants"
Frozen Pitta Bread,bread - loose,original_mapping,bread   loose,bread - loose
Soft,bread - loose,original_mapping,bread   loose,bread - loose
Frozen Cheesecake,Cheese,food_commodity_phrase,cheese,cakes+desserts - frozen
Frozen Cream,"Butter, Cream & Ghee",food_commodity_token,butter  cream   ghee,cakes+desserts - frozen
Frozen Cream Sponges,"Butter, Cream & Ghee",food_commodity_token,butter  cream   ghee,cakes+desserts - frozen
Frozen Cream Toppings,"Butter, Cream & Ghee",food_commodity_token,butter  cream   ghee,cakes+desserts - frozen
Frozen Danish Products,cakes+desserts - frozen,original_mapping,cakes desserts   frozen,cakes+desserts - frozen
Frozen Fromage Frais,cakes+desserts - frozen,original_mapping,cakes desserts   frozen,cakes+desserts - frozen
Frozen Fruit,Fruit; tropical fresh nes,food_commodity_token,fruit  tropical fresh nes,cakes+desserts - frozen
Frozen Fruit Juice,Fruit; tropical fresh nes,food_commodity_token,fruit  tropical fresh nes,cakes+desserts - frozen
Frozen Gateaux/Layer Cake,Tea,food_commodity_phrase,tea,cakes+desserts - frozen
Frozen Ice-Cream Roll,"Butter, Cream & Ghee",food_commodity_token,butter  cream   ghee,cakes+desserts - frozen
Frozen Individual Desserts,cakes+desserts - frozen,original_mapping,cakes desserts   frozen,cakes+desserts - frozen
Frozen Mousse,cakes+desserts - frozen,original_mapping,cakes desserts   frozen,cakes+desserts - frozen
Frozen Other Bakery Products,Eggs; other bird; in shell,food_commodity_token,eggs  other bird  in shell,cakes+desserts - frozen
Frozen Pastry,cakes+desserts - frozen,original_mapping,cakes desserts   frozen,cakes+desserts - frozen
Frozen Pies/Tarts/Flans,cakes+desserts - frozen,original_mapping,cakes desserts   frozen,cakes+desserts - frozen
Frozen Small Cakes/Pastry Cake,cakes+desserts - frozen,original_mapping,cakes desserts   frozen,cakes+desserts - frozen
Frzn Confectionry Non Barcoded,cakes+desserts - frozen,original_mapping,cakes desserts   frozen,cakes+desserts - frozen
Frozen Cooked Chicken Breast,Meat; chicken,food_commodity_token,meat  chicken,poultry - frozen primary
Frozen Cooked Chicken Mixed/O,Grain; mixed,food_commodity_token,grain  mixed,poultry - frozen primary
Frozen Cooked Duckling Pieces,poultry - frozen primary,original_mapping,poultry   frozen primary,poultry - frozen primary
Frozen Cooked P Chicken Wings,Meat; chicken,food_commodity_token,meat  chicken,poultry - frozen primary
Frozen Cooked P Turkey Pieces,Meat; turkey,food_commodity_token,meat  turkey,poultry - frozen primary
Frozen Cooked Po Chicken Half,Meat; chicken,food_commodity_token,meat  chicken,poultry - frozen primary
Frozen Cooked Pou Chicken Leg,Meat; chicken,food_commodity_token,meat  chicken,poultry - frozen primary
Frozen Cooked Whole Duck,Milk; whole fresh cow,food_commodity_token,milk  whole fresh cow,poultry - frozen primary
Frozen Breaded Steaks,Tea,food_commodity_phrase,tea,fish - frozen ctd/ntrl/spclty
Frozen Fi Battered Battered F,fish - frozen ctd/ntrl/spclty,original_mapping,fish   frozen ctd ntrl spclty,fish - frozen ctd/ntrl/spclty
Frozen Fi Battered Battered O,fish - frozen ctd/ntrl/spclty,original_mapping,fish   frozen ctd ntrl spclty,fish - frozen ctd/ntrl/spclty
Frozen Fi Battered Battered S,fish - frozen ctd/ntrl/spclty,original_mapping,fish   frozen ctd ntrl spclty,fish - frozen ctd/ntrl/spclty
Frozen Fi Fish Cake Battered O,Fish,food_commodity_phrase,fish,fish - frozen ctd/ntrl/spclty
Frozen Fi Fish Fing Battered O,Fish,food_commodity_phrase,fish,fish - frozen ctd/ntrl/spclty
Frozen Fi Fish Fing Breaded Ot,Fish,food_commodity_phrase,fish,fish - frozen ctd/ntrl/spclty
Frozen Fi Fish Fing Fishy Fing,Fish,food_commodity_phrase,fish,fish - frozen ctd/ntrl/spclty
Frozen Fi Fish Fing Other Fish,Fish,food_commodity_phrase,fish,fish - frozen ctd/ntrl/spclty
Frozen Fi Fish Read Fish Ready,Fish,food_commodity_phrase,fish,fish - frozen complete meals
Frozen Fi Natural S Other Spec,Eggs; other bird; in shell,food_commodity_token,eggs  other bird  in shell,fish - frozen ctd/ntrl/spclty
Frozen Fi Natural/S Natural Fi,fish - frozen ctd/ntrl/spclty,original_mapping,fish   frozen ctd ntrl spclty,fish - frozen ctd/ntrl/spclty
Frozen Fi Natural/S Other Fill,Eggs; other bird; in shell,food_commodity_token,eggs  other bird  in shell,fish - frozen ctd/ntrl/spclty
Frozen Fi Natural/S Other Spec,Eggs; other bird; in shell,food_commodity_token,eggs  other bird  in shell,fish - frozen ctd/ntrl/spclty
Frozen Fi Natural/S Smoked Fil,fish - frozen ctd/ntrl/spclty,original_mapping,fish   frozen ctd ntrl spclty,fish - frozen ctd/ntrl/spclty
Frozen Fi Other Fis Breaded Ot,Eggs; other bird; in shell,food_commodity_token,eggs  other bird  in shell,fish - frozen ctd/ntrl/spclty
Frozen Fi Other Fis Fish Main,Fish,food_commodity_phrase,fish,fish - frozen ctd/ntrl/spclty
Frozen Fi Other Fis Not Applic,Eggs; other bird; in shell,food_commodity_token,eggs  other bird  in shell,fish - frozen ctd/ntrl/spclty
Frozen Fi Specialit Other Fish,Fish,food_commodity_phrase,fish,fish - frozen ctd/ntrl/spclty
Frozen Fi Specialit Other Spec,Eggs; other bird; in shell,food_commodity_token,eggs  other bird  in shell,fish - frozen ctd/ntrl/spclty
Frozen Fillets Breaded,fish - frozen ctd/ntrl/spclty,original_mapping,fish   frozen ctd ntrl spclty,fish - frozen ctd/ntrl/spclty
Frozen Fis Other Fish P Prawn,Fish,food_commodity_phrase,fish,fish - frozen ctd/ntrl/spclty
Frozen Fis Speciality F Prawn,fish - frozen ctd/ntrl/spclty,original_mapping,fish   frozen ctd ntrl spclty,fish - frozen ctd/ntrl/spclty
Frozen Fis Speciality Fis Cod,fish - frozen ctd/ntrl/spclty,original_mapping,fish   frozen ctd ntrl spclty,fish - frozen ctd/ntrl/spclty
Frozen Fis Speciality Scampi,fish - frozen ctd/ntrl/spclty,original_mapping,fish   frozen ctd ntrl spclty,fish - frozen ctd/ntrl/spclty
Frozen Fish Cakes,Fish,food_commodity_phrase,fish,fish - frozen ctd/ntrl/spclty
Frozen Fish Fingers/Sticks,Fish,food_commodity_phrase,fish,fish - frozen ctd/ntrl/spclty
Frozen Fish Non-Barcoded,Fish,food_commodity_phrase,fish,fish - frozen ctd/ntrl/spclty
Frozen Natural Fish Steak,Fish,food_commodity_phrase,fish,fish - frozen ctd/ntrl/spclty
Frozen Other Fish Products,Fish,food_commodity_phrase,fish,fish - frozen ctd/ntrl/spclty
Other Fish Products,Fish,food_commodity_phrase,fish,fish - frozen ctd/ntrl/spclty
Frozen Flavoured Meats,miscellaneous foods - frozen,original_mapping,miscellaneous foods   frozen,miscellaneous foods - frozen
Frozen Diced/Cubed Lamb,meat - frozen primary,original_mapping,meat   frozen primary,meat - frozen primary
Frozen Frying/Grilling Ch Lamb,meat - frozen primary,original_mapping,meat   frozen primary,meat - frozen primary
Frozen Frying/Grilling St Lamb,meat - frozen primary,original_mapping,meat   frozen primary,meat - frozen primary
Frozen Half Lamb,meat - frozen primary,original_mapping,meat   frozen primary,meat - frozen primary
Frozen Lamb Mixed Cuts Pack,Grain; mixed,food_commodity_token,grain  mixed,meat - frozen primary
Frozen Leg Lamb Roasting Joint,meat - frozen primary,original_mapping,meat   frozen primary,meat - frozen primary
Frozen Mince Lamb,meat - frozen primary,original_mapping,meat   frozen primary,meat - frozen primary
Frozen Shoulder Roasting Lamb,meat - frozen primary,original_mapping,meat   frozen primary,meat - frozen primary
Frozen Stewing Lamb,meat - frozen primary,original_mapping,meat   frozen primary,meat - frozen primary
Frozen Whole Lamb,Milk; whole fresh cow,food_commodity_token,milk  whole fresh cow,meat - frozen primary
Frozen Burgers,meat - frozen prcsd products,original_mapping,meat   frozen prcsd products,meat - frozen prcsd products
Frozen Faggots,meat - frozen prcsd products,original_mapping,meat   frozen prcsd products,meat - frozen prcsd products
Frozen Meat Pr Bacon Beef Quar,Meat; goose and guinea fowl,food_commodity_token,meat  goose and guinea fowl,meat - frozen prcsd products
Frozen Meat Pr Sausages Wrappe,Meat; goose and guinea fowl,food_commodity_token,meat  goose and guinea fowl,meat - frozen prcsd products
Frozen Meat Prod Garnish Pack,Meat; goose and guinea fowl,food_commodity_token,meat  goose and guinea fowl,meat - frozen prcsd products
Frozen Meat Prods Non Barcoded,Meat; goose and guinea fowl,food_commodity_token,meat  goose and guinea fowl,meat - frozen prcsd products
Frozen Other Meat Products,Eggs; other bird; in shell,food_commodity_token,eggs  other bird  in shell,meat - frozen prcsd products
Frozen Pies/Puddings/Pots,meat - frozen prcsd products,original_mapping,meat   frozen prcsd products,meat - frozen prcsd products
Frzn Defined Chppd+Shaped Meat,Meat; goose and guinea fowl,food_commodity_token,meat  goose and guinea fowl,meat - frozen prcsd products
All Other Frozen Meat,Eggs; other bird; in shell,food_commodity_token,eggs  other bird  in shell,meat - frozen prcsd products
Frozen Kidney,meat - frozen prcsd products,original_mapping,meat   frozen prcsd products,meat - frozen prcsd products
Frozen Liver,meat - frozen prcsd products,original_mapping,meat   frozen prcsd products,meat - frozen prcsd products
Frozen Oth All Other Venison,Eggs; other bird; in shell,food_commodity_token,eggs  other bird  in shell,meat - frozen prcsd products
Frozen Other Meat & Off Mince,Eggs; other bird; in shell,food_commodity_token,eggs  other bird  in shell,meat - frozen prcsd products
Frozen Other Offal,Eggs; other bird; in shell,food_commodity_token,eggs  other bird  in shell,meat - frozen prcsd products
Frozen Rabbit Or Hare,Meat; rabbit,food_commodity_token,meat  rabbit,meat - frozen prcsd products
Frozen Pizzas Deep Pan,pizza - frozen,original_mapping,pizza   frozen,pizza - frozen
Frozen Pizzas French Bread,pizza - frozen,original_mapping,pizza   frozen,pizza - frozen
Frozen Pizzas Garlic Bread,Garlic,food_commodity_phrase,garlic,pizza - frozen
Frozen Pizzas Multi-Pack,pizza - frozen,original_mapping,pizza   frozen,pizza - frozen
Frozen Pizzas Other Pizza,Eggs; other bird; in shell,food_commodity_token,eggs  other bird  in shell,pizza - frozen
Frozen Pizzas Pizza Slices,pizza - frozen,original_mapping,pizza   frozen,pizza - frozen
Frozen Pizzas Thin & Crispy,pizza - frozen,original_mapping,pizza   frozen,pizza - frozen
Thin & Crispy Pizzas,pizza - frozen,original_mapping,pizza   frozen,pizza - frozen
Frozen Belly Pork,meat - frozen primary,original_mapping,meat   frozen primary,meat - frozen primary
Frozen Diced/Cubed Pork,meat - frozen primary,original_mapping,meat   frozen primary,meat - frozen primary
Frozen Frying/Grilling Ch Pork,meat - frozen primary,original_mapping,meat   frozen primary,meat - frozen primary
Frozen Frying/Grilling St Pork,meat - frozen primary,original_mapping,meat   frozen primary,meat - frozen primary
Frozen Half Pig,Meat; pig,food_commodity_token,meat  pig,meat - frozen primary
Frozen Loin Roasting Pork,meat - frozen primary,original_mapping,meat   frozen primary,meat - frozen primary
Frozen Mince Pork,meat - frozen primary,original_mapping,meat   frozen primary,meat - frozen primary
Frozen Other Cut Pork,Eggs; other bird; in shell,food_commodity_token,eggs  other bird  in shell,meat - frozen primary
Frozen Pork Leg Roasting Joint,meat - frozen primary,original_mapping,meat   frozen primary,meat - frozen primary
Frozen Pork Shoulder Roasting,meat - frozen primary,original_mapping,meat   frozen primary,meat - frozen primary
Coated Oven/Fry Products,veg - frozen chips+potato prds,original_mapping,veg   frozen chips potato prds,veg - frozen chips+potato prds
Frozen Fry Chips,veg - frozen chips+potato prds,original_mapping,veg   frozen chips potato prds,veg - frozen chips+potato prds
Frozen Microchips,veg - frozen chips+potato prds,original_mapping,veg   frozen chips potato prds,veg - frozen chips+potato prds
Frozen Oven Chips,veg - frozen chips+potato prds,original_mapping,veg   frozen chips potato prds,veg - frozen chips+potato prds
Frozen Potato Potato Products,veg - frozen chips+potato prds,original_mapping,veg   frozen chips potato prds,veg - frozen chips+potato prds
Frzn Potato Coated Oven/Fry,veg - frozen chips+potato prds,original_mapping,veg   frozen chips potato prds,veg - frozen chips+potato prds
Frzn Potato Three Way Cook,veg - frozen chips+potato prds,original_mapping,veg   frozen chips potato prds,veg - frozen chips+potato prds
Potato Products,veg - frozen chips+potato prds,original_mapping,veg   frozen chips potato prds,veg - frozen chips+potato prds
Frozen Duck Roll/Roast,Meat; duck,food_commodity_token,meat  duck,poultry - frozen prcsd unck/fl
Frozen Duckling Pieces,poultry - frozen primary,original_mapping,poultry   frozen primary,poultry - frozen primary
Frozen Other Poultry Pcs,Eggs; other bird; in shell,food_commodity_token,eggs  other bird  in shell,poultry - frozen primary
Frozen Poultry Chicken Breast,Meat; chicken,food_commodity_token,meat  chicken,poultry - frozen primary
Frozen Poultry Chicken Half,Meat; chicken,food_commodity_token,meat  chicken,poultry - frozen primary
Frozen Poultry Chicken Leg,Meat; chicken,food_commodity_token,meat  chicken,poultry - frozen primary
Frozen Poultry Chicken Mixed/O,Grain; mixed,food_commodity_token,grain  mixed,poultry - frozen primary
Frozen Poultry Chicken Wings,Meat; chicken,food_commodity_token,meat  chicken,poultry - frozen primary
Frozen Poultry Other Poultry R,Eggs; other bird; in shell,food_commodity_token,eggs  other bird  in shell,poultry - frozen prcsd unck/fl
Frozen Turkey Pieces,Meat; turkey,food_commodity_token,meat  turkey,poultry - frozen primary
Frozen Turkey Roll/Roast,Meat; turkey,food_commodity_token,meat  turkey,poultry - frozen prcsd unck/fl
Frozen Whole Chicken,Milk; whole fresh cow,food_commodity_token,milk  whole fresh cow,poultry - frozen primary
Frozen Whole Duck,Milk; whole fresh cow,food_commodity_token,milk  whole fresh cow,poultry - frozen primary
Frozen Whole Other Poultry,Eggs; other bird; in shell,food_commodity_token,eggs  other bird  in shell,poultry - frozen primary
Frozen Whole Poussin,Milk; whole fresh cow,food_commodity_token,milk  whole fresh cow,poultry - frozen primary
Frozen Whole Turkey,Milk; whole fresh cow,food_commodity_token,milk  whole fresh cow,poultry - frozen primary
Frzn Pltry Chicken Roll/Roast,Meat; chicken,food_commodity_token,meat  chicken,poultry - frozen primary
Bites,poultry - frozen prcsd ctd/flv,original_mapping,poultry   frozen prcsd ctd flv,poultry - frozen prcsd ctd/flv
Frozen Processed Non Barcoded,poultry - frozen prcsd ctd/flv,original_mapping,poultry   frozen prcsd ctd flv,poultry - frozen prcsd ctd/flv
Frzn Processed Bite Size Snack,poultry - frozen prcsd ctd/flv,original_mapping,poultry   frozen prcsd ctd flv,poultry - frozen prcsd ctd/flv
Frzn Processed Breasts+Fillets,poultry - frozen prcsd ctd/flv,original_mapping,poultry   frozen prcsd ctd flv,poultry - frozen prcsd ctd/flv
Frzn Processed Childrens Shape,poultry - frozen prcsd ctd/flv,original_mapping,poultry   frozen prcsd ctd flv,poultry - frozen prcsd ctd/flv
Frzn Processed Drumstick/Thigh,poultry - frozen prcsd ctd/flv,original_mapping,poultry   frozen prcsd ctd flv,poultry - frozen prcsd ctd/flv
Frzn Processed Pltry Drumstick,poultry - frozen prcsd ctd/flv,original_mapping,poultry   frozen prcsd ctd flv,poultry - frozen prcsd ctd/flv
Frzn Processed Pltry Marinades,poultry - frozen prcsd ctd/flv,original_mapping,poultry   frozen prcsd ctd flv,poultry - frozen prcsd ctd/flv
Frzn Processed Pltry Portions,poultry - frozen prcsd ctd/flv,original_mapping,poultry   frozen prcsd ctd flv,poultry - frozen prcsd ctd/flv
Frzn Processed Poultry Bites,poultry - frozen prcsd ctd/flv,original_mapping,poultry   frozen prcsd ctd flv,poultry - frozen prcsd ctd/flv
Frzn Processed Poultry Burgers,poultry - frozen prcsd ctd/flv,original_mapping,poultry   frozen prcsd ctd flv,poultry - frozen prcsd ctd/flv
Frzn Processed Poultry Goujons,poultry - frozen prcsd ctd/flv,original_mapping,poultry   frozen prcsd ctd flv,poultry - frozen prcsd ctd/flv
Frzn Processed Poultry Grills,poultry - frozen prcsd ctd/flv,original_mapping,poultry   frozen prcsd ctd flv,poultry - frozen prcsd ctd/flv
Frzn Processed Poultry Nibbles,poultry - frozen prcsd ctd/flv,original_mapping,poultry   frozen prcsd ctd flv,poultry - frozen prcsd ctd/flv
Frzn Processed Poultry Nuggets,poultry - frozen prcsd ctd/flv,original_mapping,poultry   frozen prcsd ctd flv,poultry - frozen prcsd ctd/flv
Frzn Processed Poultry Snacks,poultry - frozen prcsd ctd/flv,original_mapping,poultry   frozen prcsd ctd flv,poultry - frozen prcsd ctd/flv
Frzn Processed Poultry Steaks,Tea,food_commodity_phrase,tea,poultry - frozen prcsd ctd/flv
Frzn Processed Poultry Thighs,poultry - frozen prcsd ctd/flv,original_mapping,poultry   frozen prcsd ctd flv,poultry - frozen prcsd ctd/flv
Frzn Processed Poultry Wings,poultry - frozen prcsd ctd/flv,original_mapping,poultry   frozen prcsd ctd flv,poultry - frozen prcsd ctd/flv
Nuggets,poultry - frozen prcsd ctd/flv,original_mapping,poultry   frozen prcsd ctd flv,poultry - frozen prcsd ctd/flv
Frozen Rdy Mls Other European,Eggs; other bird; in shell,food_commodity_token,eggs  other bird  in shell,miscellaneous foods - frozen
Frozen Rdy Mls Other Intrntnl,Eggs; other bird; in shell,food_commodity_token,eggs  other bird  in shell,miscellaneous foods - frozen
Frozen Re Other Eur Fish in Sa,Fish,food_commodity_phrase,fish,miscellaneous foods - frozen
Frozen Re Other Int Fish in Sa,Fish,food_commodity_phrase,fish,miscellaneous foods - frozen
Frozen Re Other Int Other Euro,Eggs; other bird; in shell,food_commodity_token,eggs  other bird  in shell,miscellaneous foods - frozen
Frozen Rea American Fish in Sa,Fish,food_commodity_phrase,fish,miscellaneous foods - frozen
Frozen Rea American Other Inte,Eggs; other bird; in shell,food_commodity_token,eggs  other bird  in shell,miscellaneous foods - frozen
Frozen Rea Chinese Fish in Sau,Fish,food_commodity_phrase,fish,miscellaneous foods - frozen
Frozen Rea English Fish in Sau,Fish,food_commodity_phrase,fish,miscellaneous foods - frozen
Frozen Rea English Jacket Pota,miscellaneous foods - frozen,original_mapping,miscellaneous foods   frozen,miscellaneous foods - frozen
Frozen Rea English Other Inter,Eggs; other bird; in shell,food_commodity_token,eggs  other bird  in shell,miscellaneous foods - frozen
Frozen Rea Italian Fish in Sau,Fish,food_commodity_phrase,fish,miscellaneous foods - frozen
Frozen Rea Oriental Fish in Sa,Fish,food_commodity_phrase,fish,miscellaneous foods - frozen
Frozen Rea Oriental Other Inte,Eggs; other bird; in shell,food_commodity_token,eggs  other bird  in shell,miscellaneous foods - frozen
Frozen Rea Other Euro Spanish,Eggs; other bird; in shell,food_commodity_token,eggs  other bird  in shell,miscellaneous foods - frozen
Frozen Rea Other Int Oriental,Eggs; other bird; in shell,food_commodity_token,eggs  other bird  in shell,miscellaneous foods - frozen
Frozen Rea Other Inte English,Eggs; other bird; in shell,food_commodity_token,eggs  other bird  in shell,miscellaneous foods - frozen
Frozen Rea Spanish Fish in Sau,Fish,food_commodity_phrase,fish,miscellaneous foods - frozen
Frozen Read French Fish in Sau,Fish,food_commodity_phrase,fish,miscellaneous foods - frozen
Frozen Read Greek Other Europe,Eggs; other bird; in shell,food_commodity_token,eggs  other bird  in shell,miscellaneous foods - frozen
Frozen Read Greek Other Intern,Eggs; other bird; in shell,food_commodity_token,eggs  other bird  in shell,miscellaneous foods - frozen
Frozen Read Other Euro French,Eggs; other bird; in shell,food_commodity_token,eggs  other bird  in shell,miscellaneous foods - frozen
Frozen Read Other Europ Kievs,Eggs; other bird; in shell,food_commodity_token,eggs  other bird  in shell,miscellaneous foods - frozen
Frozen Ready American Mexican,miscellaneous foods - frozen,original_mapping,miscellaneous foods   frozen,miscellaneous foods - frozen
Frozen Ready Chinese Oriental,miscellaneous foods - frozen,original_mapping,miscellaneous foods   frozen,miscellaneous foods - frozen
Frozen Ready English Spanish,miscellaneous foods - frozen,original_mapping,miscellaneous foods   frozen,miscellaneous foods - frozen
Frozen Ready Italian English,miscellaneous foods - frozen,original_mapping,miscellaneous foods   frozen,miscellaneous foods - frozen
Frozen Ready M English French,miscellaneous foods - frozen,original_mapping,miscellaneous foods   frozen,miscellaneous foods - frozen
Frozen Ready M English Indian,miscellaneous foods - frozen,original_mapping,miscellaneous foods   frozen,miscellaneous foods - frozen
Frozen Ready M Indian English,miscellaneous foods - frozen,original_mapping,miscellaneous foods   frozen,miscellaneous foods - frozen
Frozen Ready Me Chinese Kievs,miscellaneous foods - frozen,original_mapping,miscellaneous foods   frozen,miscellaneous foods - frozen
Frozen Ready Me English Kievs,miscellaneous foods - frozen,original_mapping,miscellaneous foods   frozen,miscellaneous foods - frozen
Frozen Ready Me Italian Kievs,miscellaneous foods - frozen,original_mapping,miscellaneous foods   frozen,miscellaneous foods - frozen
Frozen Ready Me Mexican Kievs,miscellaneous foods - frozen,original_mapping,miscellaneous foods   frozen,miscellaneous foods - frozen
Frozen Ready Me Thai Oriental,miscellaneous foods - frozen,original_mapping,miscellaneous foods   frozen,miscellaneous foods - frozen
Frozen Ready Mea Chinese Thai,miscellaneous foods - frozen,original_mapping,miscellaneous foods   frozen,miscellaneous foods - frozen
Frozen Ready Mea French Kievs,miscellaneous foods - frozen,original_mapping,miscellaneous foods   frozen,miscellaneous foods - frozen
Frozen Ready Mea Indian Kievs,miscellaneous foods - frozen,original_mapping,miscellaneous foods   frozen,miscellaneous foods - frozen
Frozen Ready Meals American,miscellaneous foods - frozen,original_mapping,miscellaneous foods   frozen,miscellaneous foods - frozen
Frozen Ready Meals Chinese,miscellaneous foods - frozen,original_mapping,miscellaneous foods   frozen,miscellaneous foods - frozen
Frozen Ready Meals English,miscellaneous foods - frozen,original_mapping,miscellaneous foods   frozen,miscellaneous foods - frozen
Frozen Ready Meals French,miscellaneous foods - frozen,original_mapping,miscellaneous foods   frozen,miscellaneous foods - frozen
Frozen Ready Meals Greek,miscellaneous foods - frozen,original_mapping,miscellaneous foods   frozen,miscellaneous foods - frozen
Frozen Ready Meals Indian,miscellaneous foods - frozen,original_mapping,miscellaneous foods   frozen,miscellaneous foods - frozen
Frozen Ready Meals Italian,miscellaneous foods - frozen,original_mapping,miscellaneous foods   frozen,miscellaneous foods - frozen
Frozen Ready Meals Mexican,miscellaneous foods - frozen,original_mapping,miscellaneous foods   frozen,miscellaneous foods - frozen
Frozen Ready Meals Oriental,miscellaneous foods - frozen,original_mapping,miscellaneous foods   frozen,miscellaneous foods - frozen
Frozen Ready Meals Spanish,miscellaneous foods - frozen,original_mapping,miscellaneous foods   frozen,miscellaneous foods - frozen
Frozen Ready Meals Thai,miscellaneous foods - frozen,original_mapping,miscellaneous foods   frozen,miscellaneous foods - frozen
Frozen Ready Mexican American,miscellaneous foods - frozen,original_mapping,miscellaneous foods   frozen,miscellaneous foods - frozen
Frozen Ready Spanish Chinese,miscellaneous foods - frozen,original_mapping,miscellaneous foods   frozen,miscellaneous foods - frozen
Frozen Sausage Meat,Meat; goose and guinea fowl,food_commodity_token,meat  goose and guinea fowl,sausagemeat - fresh+frozen
Frozen Sausages Low-Fat,sausages - frozen,original_mapping,sausages   frozen,sausages - frozen
Frozen Sausages Original,sausages - frozen,original_mapping,sausages   frozen,sausages - frozen
Original,sausages - frozen,original_mapping,sausages   frozen,sausages - frozen
Frozen Sa Filo/Vol- Meat Free,Meat; goose and guinea fowl,food_commodity_token,meat  goose and guinea fowl,cakes+desserts - frozen
Frozen Savo Pasties Meat Free,Meat; goose and guinea fowl,food_commodity_token,meat  goose and guinea fowl,cakes+desserts - frozen
Frozen Savour Slice Meat Free,Meat; goose and guinea fowl,food_commodity_token,meat  goose and guinea fowl,cakes+desserts - frozen
Frozen Savoury B Pasties Meat,Meat; goose and guinea fowl,food_commodity_token,meat  goose and guinea fowl,cakes+desserts - frozen
Frozen Savoury Bak Slice Meat,Meat; goose and guinea fowl,food_commodity_token,meat  goose and guinea fowl,cakes+desserts - frozen
Frozen Savoury Bake Pies Meat,Meat; goose and guinea fowl,food_commodity_token,meat  goose and guinea fowl,cakes+desserts - frozen
Frozen Savoury Bakery Pasties,cakes+desserts - frozen,original_mapping,cakes desserts   frozen,cakes+desserts - frozen
Frozen Savoury Bakery Pies,cakes+desserts - frozen,original_mapping,cakes desserts   frozen,cakes+desserts - frozen
Frozen Savoury Bakery Quiches,cakes+desserts - frozen,original_mapping,cakes desserts   frozen,cakes+desserts - frozen
Frozen Savoury Meat Puddings,Meat; goose and guinea fowl,food_commodity_token,meat  goose and guinea fowl,cakes+desserts - frozen
Frozen Savoury Sausage Rolls,cakes+desserts - frozen,original_mapping,cakes desserts   frozen,cakes+desserts - frozen
Frozen Savoury Slice Pasties,cakes+desserts - frozen,original_mapping,cakes desserts   frozen,cakes+desserts - frozen
Frzn Savoury Filo/Vol-Au-Vents,cakes+desserts - frozen,original_mapping,cakes desserts   frozen,cakes+desserts - frozen
Frozen Stuffing,stuffing-packet,original_mapping,stuffing packet,stuffing-packet
Frozen Broad Beans,Broad beans; horse beans; dry,food_commodity_token,broad beans  horse beans  dry,veg - frozen vegetables
Frozen Broccoli/Calabrese,Cauliflowers and broccoli,food_commodity_token,cauliflowers and broccoli,veg - frozen vegetables
Frozen Brussel Sprouts,veg - frozen vegetables,original_mapping,veg   frozen vegetables,veg - frozen vegetables
Frozen Carrots,Carrots and turnips,food_commodity_token,carrots and turnips,veg - frozen vegetables
Frozen Cauliflower,veg - frozen vegetables,original_mapping,veg   frozen vegetables,veg - frozen vegetables
Frozen Green Beans,Broad beans; horse beans; dry,food_commodity_token,broad beans  horse beans  dry,veg - frozen vegetables
Frozen Onions,Onions; shallots; green,food_commodity_token,onions  shallots  green,veg - frozen vegetables
Frozen Other Natural Vegetable,Eggs; other bird; in shell,food_commodity_token,eggs  other bird  in shell,veg - frozen vegetables
Frozen Peas,Chick peas,food_commodity_token,chick peas,veg - frozen vegetables
Frozen Soya Beans,Broad beans; horse beans; dry,food_commodity_token,broad beans  horse beans  dry,veg - frozen vegetables
Frozen Spinach,Spinach,food_commodity_phrase,spinach,veg - frozen vegetables
Frozen Sweetcorn,veg - frozen vegetables,original_mapping,veg   frozen vegetables,veg - frozen vegetables
Frozen Veg/Rice Mixtures,Rice; paddy,food_commodity_token,rice  paddy,veg - frozen vegetables
Frozen Vegetab Broccoli+Green,Chillies and peppers; green,food_commodity_token,chillies and peppers  green,veg - frozen vegetables
Frozen Vegetab Carrot+Parsnip,veg - frozen vegetables,original_mapping,veg   frozen vegetables,veg - frozen vegetables
Frozen Vegetab Cauliflower Che,veg - frozen vegetables,original_mapping,veg   frozen vegetables,veg - frozen vegetables
Frozen Vegetab Red Hot Chilli,veg - frozen vegetables,original_mapping,veg   frozen vegetables,veg - frozen vegetables
Frozen Vegetab Sticky Texas On,veg - frozen vegetables,original_mapping,veg   frozen vegetables,veg - frozen vegetables
Frozen Vegetab Vegetable+Quino,veg - frozen vegetables,original_mapping,veg   frozen vegetables,veg - frozen vegetables
Frozen Vegetable Butter Beans,Broad beans; horse beans; dry,food_commodity_token,broad beans  horse beans  dry,veg - frozen vegetables
Frozen Vegetable Kidney Beans,Broad beans; horse beans; dry,food_commodity_token,broad beans  horse beans  dry,veg - frozen vegetables
Frozen Vegetables Broccoli,Leeks; other alliaceous vegetables,food_commodity_token,leeks  other alliaceous vegetables,veg - frozen vegetables
Frozen Vegetables Mushroom,Leeks; other alliaceous vegetables,food_commodity_token,leeks  other alliaceous vegetables,veg - frozen vegetables
Frozen Vegetables Non-Barcoded,Leeks; other alliaceous vegetables,food_commodity_token,leeks  other alliaceous vegetables,veg - frozen vegetables
Frozen Vegetables Other,Eggs; other bird; in shell,food_commodity_token,eggs  other bird  in shell,veg - frozen vegetables
Frozen Vegetables Quinoa,Quinoa,food_commodity_phrase,quinoa,veg - frozen vegetables
Frozen Vegetables Turnip,Leeks; other alliaceous vegetables,food_commodity_token,leeks  other alliaceous vegetables,veg - frozen vegetables
Veg/Rice Mixtures,Rice; paddy,food_commodity_token,rice  paddy,veg - frozen vegetables
Frozen Ve Miscellan Vegetarian,vegetarian - frozen meat subs,original_mapping,vegetarian   frozen meat subs,vegetarian - frozen meat subs
Frozen Ve Other Fro Vegetarian,Eggs; other bird; in shell,food_commodity_token,eggs  other bird  in shell,vegetarian - frozen meat subs
Frozen Ve Vegetable Vegetarian,vegetarian - frozen meat subs,original_mapping,vegetarian   frozen meat subs,vegetarian - frozen meat subs
Frozen Ve Vegetaria Vegetarian,vegetarian - frozen meat subs,original_mapping,vegetarian   frozen meat subs,vegetarian - frozen meat subs
Frozen Veg Other Fro Freeform,Eggs; other bird; in shell,food_commodity_token,eggs  other bird  in shell,vegetarian - frozen meat subs
Frozen Veg Vegetable Freeform,vegetarian - frozen meat subs,original_mapping,vegetarian   frozen meat subs,vegetarian - frozen meat subs
Frozen Vegemince,vegetarian - frozen meat subs,original_mapping,vegetarian   frozen meat subs,vegetarian - frozen meat subs
Vegetable Sausages,vegetarian - frozen meat subs,original_mapping,vegetarian   frozen meat subs,vegetarian - frozen meat subs
Vegetarian Burger,vegetarian - frozen meat subs,original_mapping,vegetarian   frozen meat subs,vegetarian - frozen meat subs
Berries+Currants,Currants,food_commodity_phrase,currants,ambient fruit
Black Seeded Grapes,Grapes,food_commodity_phrase,grapes,fruit - grapes
Black Seedless Grapes,Grapes,food_commodity_phrase,grapes,fruit - grapes
Clementine Easy Peelers,fruit - oranges,original_mapping,fruit   oranges,fruit - oranges
Fruit Apricot,Fruit; tropical fresh nes,food_commodity_token,fruit  tropical fresh nes,ambient fruit
Fruit Apricot Apricots Ripe+RT,Apricots,food_commodity_phrase,apricots,ambient fruit
Fruit Avocado Avocado Medium,Fruit; tropical fresh nes,food_commodity_token,fruit  tropical fresh nes,fruit - tropical fruit
Fruit Banana Banana Frtrd Vl/F,Fruit; tropical fresh nes,food_commodity_token,fruit  tropical fresh nes,fruit - bananas
Fruit Banana Eat Now/Eat Later,Fruit; tropical fresh nes,food_commodity_token,fruit  tropical fresh nes,fruit - bananas
Fruit Banana Fairtrade Hm Rpng,Fruit; tropical fresh nes,food_commodity_token,fruit  tropical fresh nes,fruit - bananas
Fruit Banana Fairtrade Loose,Fruit; tropical fresh nes,food_commodity_token,fruit  tropical fresh nes,fruit - bananas
Fruit Banana Fairtrade PP Std,Fruit; tropical fresh nes,food_commodity_token,fruit  tropical fresh nes,fruit - bananas
Fruit Banana Fairtrade Small,Fruit; tropical fresh nes,food_commodity_token,fruit  tropical fresh nes,fruit - bananas
Fruit Banana Home Ripening,Fruit; tropical fresh nes,food_commodity_token,fruit  tropical fresh nes,fruit - bananas
Fruit Banana Loose,Fruit; tropical fresh nes,food_commodity_token,fruit  tropical fresh nes,fruit - bananas
Fruit Banana Other/Specialty,Eggs; other bird; in shell,food_commodity_token,eggs  other bird  in shell,fruit - bananas
Fruit Banana Prepacked,Fruit; tropical fresh nes,food_commodity_token,fruit  tropical fresh nes,fruit - bananas
Fruit Banana Small,Fruit; tropical fresh nes,food_commodity_token,fruit  tropical fresh nes,fruit - bananas
Fruit Banana Value/Family,Fruit; tropical fresh nes,food_commodity_token,fruit  tropical fresh nes,fruit - bananas
Fruit Berries+Cur Fairtrade Bl,Fruit; tropical fresh nes,food_commodity_token,fruit  tropical fresh nes,ambient fruit
Fruit Berries+Cur Mixed Berrie,Fruit; tropical fresh nes,food_commodity_token,fruit  tropical fresh nes,ambient fruit
Fruit Berries+Currant Blbrry,Fruit; tropical fresh nes,food_commodity_token,fruit  tropical fresh nes,ambient fruit
Fruit Berries+Currant Blckbrry,Fruit; tropical fresh nes,food_commodity_token,fruit  tropical fresh nes,ambient fruit
Fruit Berries+Currant Blckcrnt,Fruit; tropical fresh nes,food_commodity_token,fruit  tropical fresh nes,ambient fruit
Fruit Berries+Currant Cranbry,Fruit; tropical fresh nes,food_commodity_token,fruit  tropical fresh nes,ambient fruit
Fruit Berries+Currant Gsberry,Fruit; tropical fresh nes,food_commodity_token,fruit  tropical fresh nes,ambient fruit
Fruit Berries+Currant Lgnbry,Fruit; tropical fresh nes,food_commodity_token,fruit  tropical fresh nes,ambient fruit
Fruit Berries+Currant Rdcrnt,Fruit; tropical fresh nes,food_commodity_token,fruit  tropical fresh nes,ambient fruit
Fruit Berries+Currant Rspbrry,Fruit; tropical fresh nes,food_commodity_token,fruit  tropical fresh nes,ambient fruit
Fruit Berries+Currant Strwbry,Fruit; tropical fresh nes,food_commodity_token,fruit  tropical fresh nes,ambient fruit
Fruit Berries+Currants Other,Currants,food_commodity_phrase,currants,ambient fruit
Fruit Cherries,Cherries,food_commodity_phrase,cherries,ambient fruit
Fruit Coconut,Fruit; tropical fresh nes,food_commodity_token,fruit  tropical fresh nes,fruit - tropical fruit
Fruit Coconut Fairtrade Coconu,Fruit; tropical fresh nes,food_commodity_token,fruit  tropical fresh nes,fruit - tropical fruit
Fruit Cooking Apples,Apples,food_commodity_phrase,apples,fruit - apples
Fruit Dates,Dates,food_commodity_phrase,dates,fruit - tropical fruit
Fruit Dessert App Cooking Appl,Fruit; tropical fresh nes,food_commodity_token,fruit  tropical fresh nes,fruit - apples
Fruit Dessert Apples,Apples,food_commodity_phrase,apples,fruit - apples
Fruit Dessert Apples Fairtrade,Apples,food_commodity_phrase,apples,fruit - apples
Fruit Easy Peeler Other Orange,Eggs; other bird; in shell,food_commodity_token,eggs  other bird  in shell,fruit - oranges
Fruit Esy Plrs Clementines,Fruit; tropical fresh nes,food_commodity_token,fruit  tropical fresh nes,fruit - oranges
Fruit Esy Plrs Fairtrade Other,Eggs; other bird; in shell,food_commodity_token,eggs  other bird  in shell,fruit - oranges
Fruit Esy Plrs Mandarins,Fruit; tropical fresh nes,food_commodity_token,fruit  tropical fresh nes,fruit - oranges
Fruit Esy Plrs Other Citrus,Eggs; other bird; in shell,food_commodity_token,eggs  other bird  in shell,fruit - oranges
Fruit Esy Plrs Satsumas,Fruit; tropical fresh nes,food_commodity_token,fruit  tropical fresh nes,fruit - oranges
Fruit Esy Plrs Tangerine,Fruit; tropical fresh nes,food_commodity_token,fruit  tropical fresh nes,fruit - oranges
Fruit Figs,Figs,food_commodity_phrase,figs,ambient fruit
Fruit Figs Figs Ripe+RTE,Figs,food_commodity_phrase,figs,ambient fruit
Fruit Grape-Mixed Fairtrade Gr,Fruit; tropical fresh nes,food_commodity_token,fruit  tropical fresh nes,fruit - grapes
Fruit Grape-Red Fairtrade,Fruit; tropical fresh nes,food_commodity_token,fruit  tropical fresh nes,fruit - grapes
Fruit Grape-White Fairtrade,Fruit; tropical fresh nes,food_commodity_token,fruit  tropical fresh nes,fruit - grapes
Fruit Grapefrui Fairtrade Grap,Fruit; tropical fresh nes,food_commodity_token,fruit  tropical fresh nes,fruit -grapefruit/lemons/limes
Fruit Grapefruit Other,Eggs; other bird; in shell,food_commodity_token,eggs  other bird  in shell,fruit -grapefruit/lemons/limes
Fruit Grapefruit Pink,Fruit; tropical fresh nes,food_commodity_token,fruit  tropical fresh nes,fruit -grapefruit/lemons/limes
Fruit Grapefruit White,Fruit; tropical fresh nes,food_commodity_token,fruit  tropical fresh nes,fruit -grapefruit/lemons/limes
Fruit Kiwi,Fruit; tropical fresh nes,food_commodity_token,fruit  tropical fresh nes,fruit - tropical fruit
Fruit Kiwi Berries,Fruit; tropical fresh nes,food_commodity_token,fruit  tropical fresh nes,fruit - tropical fruit
Fruit Kiwi Frui Kiwi Frt Golde,Fruit; tropical fresh nes,food_commodity_token,fruit  tropical fresh nes,fruit - tropical fruit
Fruit Kiwi Frui Kiwi Fruit Rip,Kiwi fruit,food_commodity_phrase,kiwi fruit,fruit - tropical fruit
Fruit Kiwi Golden,Fruit; tropical fresh nes,food_commodity_token,fruit  tropical fresh nes,fruit - tropical fruit
Fruit Kumquats,Fruit; tropical fresh nes,food_commodity_token,fruit  tropical fresh nes,fruit - tropical fruit
Fruit Lemon,Fruit; tropical fresh nes,food_commodity_token,fruit  tropical fresh nes,fruit -grapefruit/lemons/limes
Fruit Lemon Fairtrade,Fruit; tropical fresh nes,food_commodity_token,fruit  tropical fresh nes,fruit -grapefruit/lemons/limes
Fruit Lemon+Lime,Fruit; tropical fresh nes,food_commodity_token,fruit  tropical fresh nes,fruit -grapefruit/lemons/limes
Fruit Lime,Fruit; tropical fresh nes,food_commodity_token,fruit  tropical fresh nes,fruit -grapefruit/lemons/limes
Fruit Lime Fairtrade Lime,Fruit; tropical fresh nes,food_commodity_token,fruit  tropical fresh nes,fruit -grapefruit/lemons/limes
Fruit Lychees,Fruit; tropical fresh nes,food_commodity_token,fruit  tropical fresh nes,fruit - tropical fruit
Fruit Lychees Fairtrade,Fruit; tropical fresh nes,food_commodity_token,fruit  tropical fresh nes,fruit - tropical fruit
Fruit Mango,Fruit; tropical fresh nes,food_commodity_token,fruit  tropical fresh nes,fruit - tropical fruit
Fruit Mango Fairtrade,Fruit; tropical fresh nes,food_commodity_token,fruit  tropical fresh nes,fruit - tropical fruit
Fruit Mango Mango Ripe+RTE,Fruit; tropical fresh nes,food_commodity_token,fruit  tropical fresh nes,fruit - tropical fruit
Fruit Melons Cantaloupe,Fruit; tropical fresh nes,food_commodity_token,fruit  tropical fresh nes,fruit - melons
Fruit Melons Charentais,Fruit; tropical fresh nes,food_commodity_token,fruit  tropical fresh nes,fruit - melons
Fruit Melons Galia,Fruit; tropical fresh nes,food_commodity_token,fruit  tropical fresh nes,fruit - melons
Fruit Melons Honeydew/Yellow,Fruit; tropical fresh nes,food_commodity_token,fruit  tropical fresh nes,fruit - melons
Fruit Melons Other,Eggs; other bird; in shell,food_commodity_token,eggs  other bird  in shell,fruit - melons
Fruit Melons Piel De Sapo,Fruit; tropical fresh nes,food_commodity_token,fruit  tropical fresh nes,fruit - melons
Fruit Melons Water,Water,food_commodity_phrase,water,fruit - melons
Fruit Melons Water Baby,Water,food_commodity_phrase,water,fruit - melons
Fruit Mixed Berries,Fruit; tropical fresh nes,food_commodity_token,fruit  tropical fresh nes,prepared chilled fruit
Fruit Nectarine Nectarines Whi,Fruit; tropical fresh nes,food_commodity_token,fruit  tropical fresh nes,fruit - nectarines
Fruit Nectarine Nectarines Yel,Fruit; tropical fresh nes,food_commodity_token,fruit  tropical fresh nes,fruit - nectarines
Fruit Orange Delta,Fruit; tropical fresh nes,food_commodity_token,fruit  tropical fresh nes,fruit - oranges
Fruit Orange Fairtrade,Fruit; tropical fresh nes,food_commodity_token,fruit  tropical fresh nes,fruit - oranges
Fruit Orange Other,Eggs; other bird; in shell,food_commodity_token,eggs  other bird  in shell,fruit - oranges
Fruit Other Other Citrus,Eggs; other bird; in shell,food_commodity_token,eggs  other bird  in shell,fruit -grapefruit/lemons/limes
Fruit Other Soft Fruit,Eggs; other bird; in shell,food_commodity_token,eggs  other bird  in shell,fruit - soft fruit
Fruit Other Tropical Fruit,Eggs; other bird; in shell,food_commodity_token,eggs  other bird  in shell,fruit - tropical fruit
Fruit Others,Fruit; tropical fresh nes,food_commodity_token,fruit  tropical fresh nes,ambient fruit
Fruit Passion Fru Fairtrade Pa,Fruit; tropical fresh nes,food_commodity_token,fruit  tropical fresh nes,fruit - tropical fruit
Fruit Passion Fruit,Fruit; tropical fresh nes,food_commodity_token,fruit  tropical fresh nes,fruit - tropical fruit
Fruit Paw-Paws,Fruit; tropical fresh nes,food_commodity_token,fruit  tropical fresh nes,fruit - tropical fruit
Fruit Paw-Paws Paw-Paws Ripe+R,Fruit; tropical fresh nes,food_commodity_token,fruit  tropical fresh nes,fruit - tropical fruit
Fruit Peaches Peaches White,Fruit; tropical fresh nes,food_commodity_token,fruit  tropical fresh nes,fruit - peaches
Fruit Peaches Peaches White Ri,Fruit; tropical fresh nes,food_commodity_token,fruit  tropical fresh nes,fruit - peaches
Fruit Peaches Peaches Yellow,Fruit; tropical fresh nes,food_commodity_token,fruit  tropical fresh nes,fruit - peaches
Fruit Peaches Peaches Yellow R,Fruit; tropical fresh nes,food_commodity_token,fruit  tropical fresh nes,fruit - peaches
Fruit Pears,Pears,food_commodity_phrase,pears,fruit - pears
Fruit Pears Fairtrade,Pears,food_commodity_phrase,pears,fruit - pears
Fruit Pears Pears Ripe+Rdy,Pears,food_commodity_phrase,pears,fruit - pears
Fruit Persimmon F Persimmon Fr,Fruit; tropical fresh nes,food_commodity_token,fruit  tropical fresh nes,ambient fruit
Fruit Persimmon Fruit,Fruit; tropical fresh nes,food_commodity_token,fruit  tropical fresh nes,ambient fruit
Fruit Physalis,Fruit; tropical fresh nes,food_commodity_token,fruit  tropical fresh nes,fruit - tropical fruit
Fruit Pineapple Baby,Fruit; tropical fresh nes,food_commodity_token,fruit  tropical fresh nes,fruit - tropical fruit
Fruit Pineapple Fairtrade,Fruit; tropical fresh nes,food_commodity_token,fruit  tropical fresh nes,fruit - tropical fruit
Fruit Pineapple Other,Eggs; other bird; in shell,food_commodity_token,eggs  other bird  in shell,fruit - tropical fruit
Fruit Pineberries,Fruit; tropical fresh nes,food_commodity_token,fruit  tropical fresh nes,fruit - tropical fruit
Fruit Plums Angelino,Fruit; tropical fresh nes,food_commodity_token,fruit  tropical fresh nes,fruit - plums
Fruit Plums Fairtrade,Fruit; tropical fresh nes,food_commodity_token,fruit  tropical fresh nes,fruit - plums
Fruit Plums Greengages,Fruit; tropical fresh nes,food_commodity_token,fruit  tropical fresh nes,fruit - plums
Fruit Plums Greengages Ripe+Rd,Fruit; tropical fresh nes,food_commodity_token,fruit  tropical fresh nes,fruit - plums
Fruit Plums Plums Red,Fruit; tropical fresh nes,food_commodity_token,fruit  tropical fresh nes,fruit - plums
Fruit Plums Plums Red Ripe+Rdy,Fruit; tropical fresh nes,food_commodity_token,fruit  tropical fresh nes,fruit - plums
Fruit Plums Plums Yellow,Fruit; tropical fresh nes,food_commodity_token,fruit  tropical fresh nes,fruit - plums
Fruit Plums Plums Yellow Ripe+,Fruit; tropical fresh nes,food_commodity_token,fruit  tropical fresh nes,fruit - plums
Fruit Plums Santa Rosa,Fruit; tropical fresh nes,food_commodity_token,fruit  tropical fresh nes,fruit - plums
Fruit Pomegranate Pomegranates,Fruit; tropical fresh nes,food_commodity_token,fruit  tropical fresh nes,fruit - tropical fruit
Fruit Pomegranates,Fruit; tropical fresh nes,food_commodity_token,fruit  tropical fresh nes,fruit - tropical fruit
Fruit Rhubarb,Fruit; tropical fresh nes,food_commodity_token,fruit  tropical fresh nes,ambient fruit
Fruit Sharon Frui Sharon Fruit,Fruit; tropical fresh nes,food_commodity_token,fruit  tropical fresh nes,ambient fruit
Fruit Sharon Fruit,Fruit; tropical fresh nes,food_commodity_token,fruit  tropical fresh nes,ambient fruit
Fruit Star Fruit,Fruit; tropical fresh nes,food_commodity_token,fruit  tropical fresh nes,fruit - tropical fruit
Fruit Ugli Fruit,Fruit; tropical fresh nes,food_commodity_token,fruit  tropical fresh nes,fruit - tropical fruit
Grape-Red,fruit - grapes,original_mapping,fruit   grapes,fruit - grapes
Mandarin Easy Peelers,fruit - grapes,original_mapping,fruit   grapes,fruit - grapes
Mixed Pack Seeded Grapes,Grapes,food_commodity_phrase,grapes,fruit - grapes
Mixed Pack Seedless Grapes,Grapes,food_commodity_phrase,grapes,fruit - grapes
Nectarines,Peaches and nectarines,food_commodity_token,peaches and nectarines,fruit - nectarines
Red Seeded Grapes,Grapes,food_commodity_phrase,grapes,fruit - grapes
Red Seedless Grapes,Grapes,food_commodity_phrase,grapes,fruit - grapes
White Seeded Grapes,Grapes,food_commodity_phrase,grapes,fruit - grapes
White Seedless Grape,fruit - grapes,original_mapping,fruit   grapes,fruit - grapes
Fruit Filling,Fruit; tropical fresh nes,food_commodity_token,fruit  tropical fresh nes,fruit pie filling-ambient
Furniture Polish,,unmapped,,
Low Calorie Ginger Ale,Ginger,food_commodity_phrase,ginger,soft drinks-crbntd flvrs bttls
Standard Ginger Ale,Ginger,food_commodity_phrase,ginger,soft drinks-crbntd flvrs bttls
Gum Confectionery Bubble Gum,,unmapped,,
Gum Confectionery Chewing Gum,,unmapped,,
Blachs/Lghtnrs/Strk Kts Hr Clr,,unmapped,,
Hair Colour Restorers,,unmapped,,
Permanent Hair Colourant,,unmapped,,
Semi-Permanent Hair Colourants,,unmapped,,
Sprays Hair Colourants,,unmapped,,
Temporary Hair Rinses,,unmapped,,
Tone On Hair Colourants,,unmapped,,
Hair Condition Dry Conditioner,Broad beans; horse beans; dry,food_commodity_token,broad beans  horse beans  dry,
Hair Condition Non Barcoded Pr,,unmapped,,
Hair Conditioners Intensive,,unmapped,,
Hair Conditioners Oil,Oil palm fruit,food_commodity_token,oil palm fruit,
Hair Conditioners Serum,,unmapped,,
Hair Conditioners Standard,,unmapped,,
Hair Styling Non Barcoded Prod,,unmapped,,
Hair Styling Setting Gels,,unmapped,,
Hair Styling Setting Sprays,,unmapped,,
Hair Styling Styling Lotions /,,unmapped,,
Hair Styling Styling Mousses,,unmapped,,
Hair Styling Waxes / Creams,,unmapped,,
Hairsprays 24Hr Body Amplifix,,unmapped,,
Hairsprays Texture Blaster,,unmapped,,
Pump Action Hairsprays,,unmapped,,
Standard Hairsprays,,unmapped,,
Hand Wash Products,,unmapped,,
Creme Hayfever Remedies,,unmapped,,
Hayfever Allergy Drops,,unmapped,,
Hayfever Other Remedies,Eggs; other bird; in shell,food_commodity_token,eggs  other bird  in shell,
Hayfever Remed Liquid Capsules,,unmapped,,
Hayfever Remedies Balm,,unmapped,,
Hayfever Remedies Capsules,,unmapped,,
Hayfever Remedies Lozenges,,unmapped,,
Hayfever Remedies Syrup,,unmapped,,
Hayfever Remedies Tablet,,unmapped,,
Hayfever Remedy Drops,,unmapped,,
Nasal Spray Hayfever Remedies,,unmapped,,
Cookies,biscuits - plain+savoury,original_mapping,biscuits   plain savoury,biscuits - plain+savoury
Health Bisc Bourbon Creams,biscuits - chocolate coated,original_mapping,biscuits   chocolate coated,biscuits - chocolate coated
Health Bisc Choc Digestives,biscuits - chocolate coated,original_mapping,biscuits   chocolate coated,biscuits - chocolate coated
Health Bisc Chocolate Mallows,biscuits - sweet,original_mapping,biscuits   sweet,biscuits - sweet
Health Bisc Coconut/Nice,biscuits - plain+savoury,original_mapping,biscuits   plain savoury,biscuits - plain+savoury
Health Bisc Cookies,biscuits - plain+savoury,original_mapping,biscuits   plain savoury,biscuits - plain+savoury
Health Bisc Custard Creams,biscuits - chocolate coated,original_mapping,biscuits   chocolate coated,biscuits - chocolate coated
Health Bisc Digestives,biscuits - chocolate coated,original_mapping,biscuits   chocolate coated,biscuits - chocolate coated
Health Bisc Fig Rolls,biscuits - plain+savoury,original_mapping,biscuits   plain savoury,biscuits - plain+savoury
Health Bisc Fruit Shortcake,Fruit; tropical fresh nes,food_commodity_token,fruit  tropical fresh nes,biscuits - plain+savoury
Health Bisc Fully Coated,biscuits - chocolate coated,original_mapping,biscuits   chocolate coated,biscuits - chocolate coated
Health Bisc Ginger,Ginger,food_commodity_phrase,ginger,biscuits - plain+savoury
Health Bisc Half Coated,biscuits - chocolate coated,original_mapping,biscuits   chocolate coated,biscuits - chocolate coated
Health Bisc Lunchbox,biscuits - plain+savoury,original_mapping,biscuits   plain savoury,biscuits - plain+savoury
Health Bisc Oat,biscuits - plain+savoury,original_mapping,biscuits   plain savoury,biscuits - plain+savoury
Health Bisc Oth Confectionery,biscuits - plain+savoury,original_mapping,biscuits   plain savoury,biscuits - plain+savoury
Health Bisc Other Creams,Eggs; other bird; in shell,food_commodity_token,eggs  other bird  in shell,biscuits - plain+savoury
Health Bisc Packet Wafers,biscuits - sweet,original_mapping,biscuits   sweet,biscuits - sweet
Health Bisc Rich Tea,Tea,food_commodity_phrase,tea,biscuits - plain+savoury
Health Bisc Shortbread,biscuits - plain+savoury,original_mapping,biscuits   plain savoury,biscuits - plain+savoury
Health Bisc Shortcake,biscuits - plain+savoury,original_mapping,biscuits   plain savoury,biscuits - plain+savoury
Health Bisc Uncoated Mallows,biscuits - sweet,original_mapping,biscuits   sweet,biscuits - sweet
Health Biscuits Oth Everyday,biscuits - sweet,original_mapping,biscuits   sweet,biscuits - sweet
Healthier Bisc Breakfast Biscu,biscuits - sweet,original_mapping,biscuits   sweet,biscuits - sweet
Healthier Bisc Chocolate Wafer,biscuits - sweet,original_mapping,biscuits   sweet,biscuits - sweet
Healthier Bisc Morning Coffee,Coffee; green,food_commodity_token,coffee  green,biscuits - sweet
Healthier Bisc Uncoated Countl,biscuits - sweet,original_mapping,biscuits   sweet,biscuits - sweet
Healthier Biscu Chocolate Oat,biscuits - sweet,original_mapping,biscuits   sweet,biscuits - sweet
Healthier Biscuit Jaffa Cakes,biscuits - sweet,original_mapping,biscuits   sweet,biscuits - sweet
Healthier Biscuit Other Fruit,Eggs; other bird; in shell,food_commodity_token,eggs  other bird  in shell,biscuits - sweet
Healthier Biscuit Other Sweet,Eggs; other bird; in shell,food_commodity_token,eggs  other bird  in shell,biscuits - sweet
Healthier Biscuits Chocolate,biscuits - chocolate bisc bars,original_mapping,biscuits   chocolate bisc bars,biscuits - chocolate bisc bars
Healthier Biscuits Dips,biscuits - sweet,original_mapping,biscuits   sweet,biscuits - sweet
Healthier Biscuits Jam,biscuits - sweet,original_mapping,biscuits   sweet,biscuits - sweet
Healthier Biscuits Malted,biscuits - sweet,original_mapping,biscuits   sweet,biscuits - sweet
Herbal Tea Decaffeinated,Tea,food_commodity_phrase,tea,tea-fruit & herbal bags
Herbal Tea Fruit+Herbal,Tea,food_commodity_phrase,tea,tea-fruit & herbal bags
Herbal Tea Green Bags,Tea,food_commodity_phrase,tea,tea-fruit & herbal bags
Herbal Tea Instant,Tea,food_commodity_phrase,tea,tea-fruit & herbal bags
Herbal Tea Loose,Tea,food_commodity_phrase,tea,tea-fruit & herbal bags
Herbal Tea Ordinary Bags,Tea,food_commodity_phrase,tea,tea-fruit & herbal bags
Herbal Tea Organic Bags,Tea,food_commodity_phrase,tea,tea-fruit & herbal bags
Herbal Tea Speciality Bags,Tea,food_commodity_phrase,tea,tea-fruit & herbal bags
Herbs+Spices,Spices nes,food_commodity_token,spices nes,herbs and spices
Herbs+Spices Herbs,Spices nes,food_commodity_token,spices nes,herbs and spices
Herbs+Spices Pepper,Pepper (piper spp.),food_commodity_token,pepper  piper spp,herbs and spices
Herbs+Spices Pepper+Salt,Pepper (piper spp.),food_commodity_token,pepper  piper spp,herbs and spices
Herbs+Spices Seasoning,Spices nes,food_commodity_token,spices nes,herbs and spices
Herbs+Spices Spices,Spices nes,food_commodity_token,spices nes,herbs and spices
Home Baking Almonds,Almonds; with shell,food_commodity_token,almonds  with shell,home baking
Home Baking Baking Fruits,home baking,original_mapping,home baking,home baking
Home Baking Cake Coverings,home baking,original_mapping,home baking,home baking
Home Baking Cherries+Peel,Cherries,food_commodity_phrase,cherries,home baking
Home Baking Snacking Fruit+Nut,Fruit; tropical fresh nes,food_commodity_token,fruit  tropical fresh nes,home baking
Home Baking Snacking Fruits,home baking,original_mapping,home baking,home baking
Other Baking Ingredients,Eggs; other bird; in shell,food_commodity_token,eggs  other bird  in shell,home baking
Home Perms,,unmapped,,
Honey,honey,original_mapping,honey,honey
Drain,,unmapped,,
Household Cleaner Non-Barcoded,,unmapped,,
Household Cleaners,,unmapped,,
Hshld Clnrs Drain,,unmapped,,
Hshld Clnrs Fridge/Freezer,,unmapped,,
Hshld Clnrs Hob,,unmapped,,
Hshld Clnrs Metal,,unmapped,,
Hshld Clnrs Microwave/Fridge,,unmapped,,
Hshld Clnrs Oven,,unmapped,,
Limescale Removers,,unmapped,,
Liquid Scourers,,unmapped,,
Scouring Powders,,unmapped,,
Window Cleaners,,unmapped,,
Household Food Cooking Liners,,unmapped,,
Household Food Poaching Bags,,unmapped,,
Household Food Wr Cheese Bags,Cheese,food_commodity_phrase,cheese,
Household Food Wra Steam Bags,Tea,food_commodity_phrase,tea,
Household Food Wra Toast Bags,,unmapped,,
Household Food Wrap Foil Bags,,unmapped,,
Hshld Food Greaseproof Paper,,unmapped,,
Hshld Food Ice-Cube Bags,,unmapped,,
Hshld Food Roasting Bags,,unmapped,,
Hshld Food Wraps BBQ Bags,,unmapped,,
Hshld Food Wraps Bags,,unmapped,,
Hshld Food Wraps Baking Paper,,unmapped,,
Hshld Food Wraps Cling Film,,unmapped,,
Hshld Food Wraps Foil,,unmapped,,
Aerosol,,unmapped,,
Household Aerosol Insecticides,,unmapped,,
Household Insec Trigger Spray,,unmapped,,
Hshld Insecticides Gel,,unmapped,,
Insecticide Pens,,unmapped,,
Insecticide Traps,,unmapped,,
Liquid Insecticides,,unmapped,,
Other Insecticides,Eggs; other bird; in shell,food_commodity_token,eggs  other bird  in shell,
Powder Insecticides,,unmapped,,
Strips Insecticides,,unmapped,,
Ice Cream Cone,"Butter, Cream & Ghee",food_commodity_token,butter  cream   ghee,ice cream tubs+handheld mltpck
Incontinence Products,,unmapped,,
Extra Strngth Indgstn Tblts,,unmapped,,
Extra Strngth Lqd Indgstn,,unmapped,,
Fruit Indgstion Remedy Tablet,Fruit; tropical fresh nes,food_commodity_token,fruit  tropical fresh nes,
Indgstn Remedy Caplets,,unmapped,,
Indgstn Remedy Capsule,,unmapped,,
Indgstn Remedy Gel Capsules,,unmapped,,
Indgstn Remedy Tablets,,unmapped,,
Liquid Indigestion Remedies,,unmapped,,
Liquid Indigestion Suspension,,unmapped,,
Original Indgstn Remedy Tablet,,unmapped,,
Peppermint Indigestion Tablets,,unmapped,,
Powder Indigestion Remedies,,unmapped,,
Chicory Mixture Instant Coffee,Lettuce and chicory,food_commodity_token,lettuce and chicory,coffee-instant
Decaf Freeze Dried Inst Coffee,Coffee; green,food_commodity_token,coffee  green,coffee-instant
Decaf Non-Freeze Dried Coffee,Coffee; green,food_commodity_token,coffee  green,coffee-instant
Freeze Dried Instant Coffee,Coffee; green,food_commodity_token,coffee  green,coffee-instant
Instant Coffee Granules,Coffee; green,food_commodity_token,coffee  green,coffee-instant
Instant Coffee Micro Ground,Coffee; green,food_commodity_token,coffee  green,coffee-instant
Instant Coffee Non-Barcoded,Coffee; green,food_commodity_token,coffee  green,coffee-instant
Instant Coffee Powder,Coffee; green,food_commodity_token,coffee  green,coffee-instant
Spclty Instant Coffee,Coffee; green,food_commodity_token,coffee  green,coffee-instant
Speciality Instant Coffee,Coffee; green,food_commodity_token,coffee  green,coffee-instant
Instant Hot Snacks,instant hot snacks,original_mapping,instant hot snacks,instant hot snacks
Instant Mashed Potato,instant mashed potatoes,original_mapping,instant mashed potatoes,instant mashed potatoes
Instant Milk,Milk; whole fresh cow,food_commodity_token,milk  whole fresh cow,instant/skimmed/filled milk
Kitchen Towels,,unmapped,,
Lard+Compound Compounds,white fats,original_mapping,white fats,white fats
Lard+Compound Lard,white fats,original_mapping,white fats,white fats
Lard+Compound Solid Vegetable,white fats,original_mapping,white fats,white fats
Lards+Compounds Dripping,white fats,original_mapping,white fats,white fats
Lards+Compounds Duck Fat,Meat; duck,food_commodity_token,meat  duck,white fats
Lards+Compounds Goose Fat,Meat; goose and guinea fowl,food_commodity_token,meat  goose and guinea fowl,white fats
Laxatives,,unmapped,,
Lemon+Lime Juices Lemon,lemon and lime juices,original_mapping,lemon and lime juices,lemon and lime juices
Lemon+Lime Juices Lime,lemon and lime juices,original_mapping,lemon and lime juices,lemon and lime juices
Liquid Soap,,unmapped,,
Liquid+Grd Coffee Non Barcoded,Coffee; green,food_commodity_token,coffee  green,coffee-liquid & ground
Liquid+Ground Coffee Bags,Coffee; green,food_commodity_token,coffee  green,coffee-liquid & ground
Liquid+Ground Coffee Beans,Broad beans; horse beans; dry,food_commodity_token,broad beans  horse beans  dry,coffee-liquid & ground
Liquid+Ground Coffee Ground,Coffee; green,food_commodity_token,coffee  green,coffee-liquid & ground
Lmscle Rmvrs/Water Softener,Water,food_commodity_phrase,water,
Loose Chld Pasties/Sausage Rll,meat+pastry products - prpckd,original_mapping,meat pastry products   prpckd,meat+pastry products - prpckd
Loose Chld Quiches/Flans,meat+pastry products - prpckd,original_mapping,meat pastry products   prpckd,meat+pastry products - prpckd
Loose Chld Sliced Pies/Pudding,meat+pastry products - prpckd,original_mapping,meat pastry products   prpckd,meat+pastry products - prpckd
Loose Chld Whole Pork Pie,Milk; whole fresh cow,food_commodity_token,milk  whole fresh cow,meat+pastry products - prpckd
Lse Chld Othr Whl Pie/Pudding,meat+pastry products - prpckd,original_mapping,meat pastry products   prpckd,meat+pastry products - prpckd
Scotch Eggs,Eggs; other bird; in shell,food_commodity_token,eggs  other bird  in shell,meat+pastry products - prpckd
Gel,,unmapped,,
Machine Wash Non Barcoded,,unmapped,,
Machine Wash Produc Powergems,,unmapped,,
Machine Wash Products Gel,,unmapped,,
Mchn Wsh Prds Tmble Dryer Shot,,unmapped,,
Mchn Wsh Prdts Liquid,,unmapped,,
Mchn Wsh Prdts One Shot Tablet,,unmapped,,
Mchn Wsh Prdts One Sht Capsule,,unmapped,,
Mchn Wsh Prdts Powder,,unmapped,,
One Shot Capsule,,unmapped,,
Dairy Spreads,margarine,original_mapping,margarine,margarine
Margarine Liquid Margarine,margarine,original_mapping,margarine,margarine
Margarine Non-Barcoded,margarine,original_mapping,margarine,margarine
Non Pufa Low Fat Spread,margarine,original_mapping,margarine,margarine
Other Soft Margarine,Eggs; other bird; in shell,food_commodity_token,eggs  other bird  in shell,margarine
P.U.F.A Soya Margarine/Spread,margarine,original_mapping,margarine,margarine
Packet Margarine,margarine,original_mapping,margarine,margarine
Pufa/Mufa Margarine/Spread,margarine,original_mapping,margarine,margarine
Meat Extract Cubes,Meat; goose and guinea fowl,food_commodity_token,meat  goose and guinea fowl,gravy & stock
Meat Extract Gravy Browning,Meat; goose and guinea fowl,food_commodity_token,meat  goose and guinea fowl,gravy & stock
Meat Extract Gravy Powder/Gran,Meat; goose and guinea fowl,food_commodity_token,meat  goose and guinea fowl,gravy & stock
Meat Extract Gravy Salt,Meat; goose and guinea fowl,food_commodity_token,meat  goose and guinea fowl,gravy & stock
Meat Extract Non-Barcoded,Meat; goose and guinea fowl,food_commodity_token,meat  goose and guinea fowl,gravy & stock
Meat Extract R.T.S. Gravy,Meat; goose and guinea fowl,food_commodity_token,meat  goose and guinea fowl,gravy & stock
Mt Extrct Pastes/Savoury Drink,gravy & stock,original_mapping,gravy   stock,gravy & stock
Dry Look Mens Hairsprays,Broad beans; horse beans; dry,food_commodity_token,broad beans  horse beans  dry,
Firm Hold Mens Hairsprays,,unmapped,,
Mens Hairsprays Extra Firm,,unmapped,,
Mens Hairsprays Extra Hold,,unmapped,,
Mens Hairsprays Normal,,unmapped,,
Mens Hairsprays Thickening,,unmapped,,
Standard Mens Hairsprays,,unmapped,,
Mens Mass Fragrances,,unmapped,,
Mens Skincare,,unmapped,,
Milkshake Mixes Liquid,milkshake mixes,original_mapping,milkshake mixes,milkshake mixes
Milkshake Mixes Powder,milkshake mixes,original_mapping,milkshake mixes,milkshake mixes
Mincemeat (Sweet) Luxury,mincemeat(sweet),original_mapping,mincemeat sweet ,mincemeat(sweet)
Mincemeat (Sweet) Standard,mincemeat(sweet),original_mapping,mincemeat sweet ,mincemeat(sweet)
Carbonated Mineral Water,Water,food_commodity_phrase,water,soft drinks-mineral water
Flavoured,soft drinks-mineral water,original_mapping,soft drinks mineral water,soft drinks-mineral water
Flavoured Mineral Water,Water,food_commodity_phrase,water,soft drinks-mineral water
Still,soft drinks-mineral water,original_mapping,soft drinks mineral water,soft drinks-mineral water
Still Mineral Water,Water,food_commodity_phrase,water,soft drinks-mineral water
Mixers,soft drinks-mixers,original_mapping,soft drinks mixers,soft drinks-mixers
Baby Wipes,,unmapped,,
Moist Wipes,,unmapped,,
Bagels,bread - loose,original_mapping,bread   loose,bread - loose
Croissants,bread - loose,original_mapping,bread   loose,bread - loose
Crumpets/Pikelets,bread - loose,original_mapping,bread   loose,bread - loose
Crusty Bread Rolls,bread - loose,original_mapping,bread   loose,bread - loose
Fruited Iced Buns,bread - loose,original_mapping,bread   loose,bread - loose
Fruited Other Buns,Eggs; other bird; in shell,food_commodity_token,eggs  other bird  in shell,bread - loose
Hotcross Buns,bread - loose,original_mapping,bread   loose,bread - loose
Lavash Bread,bread - loose,original_mapping,bread   loose,bread - loose
Morning Goods Bagels,bread - loose,original_mapping,bread   loose,bread - loose
Morning Goods Baguettes,bread - loose,original_mapping,bread   loose,bread - loose
Morning Goods Brown,bread - loose,original_mapping,bread   loose,bread - loose
Morning Goods Ciabatta,bread - loose,original_mapping,bread   loose,bread - loose
Morning Goods Flatbread,bread - loose,original_mapping,bread   loose,bread - loose
Morning Goods Focaccia,bread - loose,original_mapping,bread   loose,bread - loose
Morning Goods Pain Au Choc,"bread - rolls, baps+croissants",original_mapping,bread   rolls  baps croissants,"bread - rolls, baps+croissants"
Morning Goods Petit Pains,bread - loose,original_mapping,bread   loose,bread - loose
Morning Goods Sub Roll,bread - loose,original_mapping,bread   loose,bread - loose
Morning Goods Tear+Share,Tea,food_commodity_phrase,tea,bread - loose
Morning Goods Tortilla Wraps,tortilla wraps,original_mapping,tortilla wraps,tortilla wraps
Morning Goods White,bread - loose,original_mapping,bread   loose,bread - loose
Muffins,bread - loose,original_mapping,bread   loose,bread - loose
Naan Bread,bread - loose,original_mapping,bread   loose,bread - loose
Other Bread Rolls/Baps,Eggs; other bird; in shell,food_commodity_token,eggs  other bird  in shell,bread - loose
Pancakes/Griddle Scones,bread - loose,original_mapping,bread   loose,bread - loose
Part Baked Bread,bread - loose,original_mapping,bread   loose,bread - loose
Partbaked,bread - loose,original_mapping,bread   loose,bread - loose
Pitta Bread,bread - loose,original_mapping,bread   loose,bread - loose
Potato Cakes/Soda Farl,bread - loose,original_mapping,bread   loose,bread - loose
Scones,bread - loose,original_mapping,bread   loose,bread - loose
Soft Bread Rolls,bread - loose,original_mapping,bread   loose,bread - loose
Teacakes,Tea,food_commodity_phrase,tea,bread - loose
Unfruited Iced Buns,bread - loose,original_mapping,bread   loose,bread - loose
Unfruited Other Buns,Eggs; other bird; in shell,food_commodity_token,eggs  other bird  in shell,bread - loose
Waffles,bread - loose,original_mapping,bread   loose,bread - loose
Mouthwashes,,unmapped,,
Mustard American,Mustard seed,food_commodity_token,mustard seed,mustard
Mustard Australian,Mustard seed,food_commodity_token,mustard seed,mustard
Mustard Dijon,Mustard seed,food_commodity_token,mustard seed,mustard
Mustard English,Mustard seed,food_commodity_token,mustard seed,mustard
Mustard Flavoured/Other,Eggs; other bird; in shell,food_commodity_token,eggs  other bird  in shell,mustard
Mustard French,Mustard seed,food_commodity_token,mustard seed,mustard
Mustard Irish,Mustard seed,food_commodity_token,mustard seed,mustard
Mustard Polish,Mustard seed,food_commodity_token,mustard seed,mustard
Mustard Powder,Mustard seed,food_commodity_token,mustard seed,mustard
Mustard Russian,Mustard seed,food_commodity_token,mustard seed,mustard
Mustard Sandwich,Mustard seed,food_commodity_token,mustard seed,mustard
Mustard Wholegrain,Mustard seed,food_commodity_token,mustard seed,mustard
Non Alcoholic Beer,alcohol-beer-low alcohol,original_mapping,alcohol beer low alcohol,alcohol-beer-low alcohol
Brazil Nuts,Brazil nuts; with shell,food_commodity_token,brazil nuts  with shell,nuts & nut mixtures
Flavoured Peanuts,nuts & nut mixtures,original_mapping,nuts   nut mixtures,nuts & nut mixtures
Monkey Nuts,Brazil nuts; with shell,food_commodity_token,brazil nuts  with shell,nuts & nut mixtures
Nuts Almond+Hazelnut,Brazil nuts; with shell,food_commodity_token,brazil nuts  with shell,nuts & nut mixtures
Nuts Almonds,Brazil nuts; with shell,food_commodity_token,brazil nuts  with shell,nuts & nut mixtures
Nuts Cashews,Brazil nuts; with shell,food_commodity_token,brazil nuts  with shell,nuts & nut mixtures
Nuts Chestnut,Chestnut,food_commodity_phrase,chestnut,nuts & nut mixtures
Nuts Chestnuts,Chestnut,food_commodity_phrase,chestnut,nuts & nut mixtures
Nuts Chopped Brazil Nuts,Brazil nuts; with shell,food_commodity_token,brazil nuts  with shell,nuts & nut mixtures
Nuts Chopped Mixed Nuts,Brazil nuts; with shell,food_commodity_token,brazil nuts  with shell,nuts & nut mixtures
Nuts Cobnuts,Brazil nuts; with shell,food_commodity_token,brazil nuts  with shell,nuts & nut mixtures
Nuts Coconut Powder,Brazil nuts; with shell,food_commodity_token,brazil nuts  with shell,nuts & nut mixtures
Nuts Desiccated Coconut,Brazil nuts; with shell,food_commodity_token,brazil nuts  with shell,nuts & nut mixtures
Nuts Dry Roast Peanuts,Broad beans; horse beans; dry,food_commodity_token,broad beans  horse beans  dry,nuts & nut mixtures
Nuts Fruit+Nut Mixtures,Brazil nuts; with shell,food_commodity_token,brazil nuts  with shell,nuts & nut mixtures
Nuts Hazelnuts,Brazil nuts; with shell,food_commodity_token,brazil nuts  with shell,nuts & nut mixtures
Nuts Large Peanuts,Brazil nuts; with shell,food_commodity_token,brazil nuts  with shell,nuts & nut mixtures
Nuts Macademia,Brazil nuts; with shell,food_commodity_token,brazil nuts  with shell,nuts & nut mixtures
Nuts Mixed Nuts,Brazil nuts; with shell,food_commodity_token,brazil nuts  with shell,nuts & nut mixtures
Nuts Mixtures,Brazil nuts; with shell,food_commodity_token,brazil nuts  with shell,nuts & nut mixtures
Nuts Other,Eggs; other bird; in shell,food_commodity_token,eggs  other bird  in shell,nuts in shells
Nuts Peanut,Brazil nuts; with shell,food_commodity_token,brazil nuts  with shell,nuts & nut mixtures
Nuts Peanuts,Brazil nuts; with shell,food_commodity_token,brazil nuts  with shell,nuts & nut mixtures
Nuts Pistachio,Brazil nuts; with shell,food_commodity_token,brazil nuts  with shell,nuts & nut mixtures
Nuts Soya Nuts,Brazil nuts; with shell,food_commodity_token,brazil nuts  with shell,nuts & nut mixtures
Nuts Standard Peanuts,Brazil nuts; with shell,food_commodity_token,brazil nuts  with shell,nuts & nut mixtures
Nuts Stoned Dates+Marzipan,Dates,food_commodity_phrase,dates,nuts & nut mixtures
Nuts Stoned Dates+Walnuts,Dates,food_commodity_phrase,dates,nuts & nut mixtures
Nuts corn+nut,Brazil nuts; with shell,food_commodity_token,brazil nuts  with shell,nuts & nut mixtures
Pecan Nuts,Brazil nuts; with shell,food_commodity_token,brazil nuts  with shell,nuts & nut mixtures
Pine Nut Kernels,nuts & nut mixtures,original_mapping,nuts   nut mixtures,nuts & nut mixtures
Walnuts,Walnuts; with shell,food_commodity_token,walnuts  with shell,nuts & nut mixtures
Aspirin Oral Analgesics,,unmapped,,
Ibuprofen Oral Analgesics,,unmapped,,
Oral Analgesics Compounds,,unmapped,,
Oral Paracetamol Analgesics,,unmapped,,
Adult Oral Lesion Gel,,unmapped,,
Mouth Ulcer Gel,,unmapped,,
Mouth Ulcer Liquid,,unmapped,,
Oral Lesion Teething Pastilles,,unmapped,,
Oral Lesion/te Mouth Ulcer Spr,,unmapped,,
Oral Lesion/teething Mrk Buds,,unmapped,,
Pain Relief Oral Gel,,unmapped,,
Sore Mouth Gel,,unmapped,,
Teething Gel,,unmapped,,
Teething Granules,,unmapped,,
Teething Powder,,unmapped,,
Chld Prawn Ccktl/Seafood Sauce,fish-jar(inc.seafood/shellfsh),original_mapping,fish jar inc seafood shellfsh ,fish-jar(inc.seafood/shellfsh)
Oth Chld Cnvnce All Othr Types,,unmapped,,
Oth Chld Cnvnce Apple Sauces,prepared chilled fruit,original_mapping,prepared chilled fruit,prepared chilled fruit
Oth Chld Cnvnce Bhajis,indian & chinese products,original_mapping,indian   chinese products,indian & chinese products
Oth Chld Cnvnce Other Snacks,Eggs; other bird; in shell,food_commodity_token,eggs  other bird  in shell,savoury snacks
Oth Chld Cnvnce Pakoras,savoury snacks,original_mapping,savoury snacks,savoury snacks
Oth Chld Cnvnce Potato Skins,savoury snacks,original_mapping,savoury snacks,savoury snacks
Oth Chld Cnvnce Potato Wedges,savoury snacks,original_mapping,savoury snacks,savoury snacks
Oth Chld Cnvnce Samosa,savoury snacks,original_mapping,savoury snacks,savoury snacks
Oth Chld Cnvnce Sausage Wraps,savoury snacks,original_mapping,savoury snacks,savoury snacks
Oth Chld Cnvnce Spring Rolls,savoury snacks,original_mapping,savoury snacks,savoury snacks
Oth Chld Cnvnce Tartare Sauce,savoury snacks,original_mapping,savoury snacks,savoury snacks
Oth Chld Cooked Cocktail,savoury snacks,original_mapping,savoury snacks,savoury snacks
Oth Chld Cranberry Sauce,cooking sauces and condiments,original_mapping,cooking sauces and condiments,cooking sauces and condiments
Oth Chld Snack Selection,savoury snacks,original_mapping,savoury snacks,savoury snacks
Other Chi Meal Cent Other Poul,Eggs; other bird; in shell,food_commodity_token,eggs  other bird  in shell,savoury snacks
Other Chilled Co Bites/Snacks,Eggs; other bird; in shell,food_commodity_token,eggs  other bird  in shell,savoury snacks
Other Chilled Con Meal Centre,Eggs; other bird; in shell,food_commodity_token,eggs  other bird  in shell,savoury snacks
Other Chilled Conven American,Eggs; other bird; in shell,food_commodity_token,eggs  other bird  in shell,savoury snacks
Other Chilled Conveni Mexican,Eggs; other bird; in shell,food_commodity_token,eggs  other bird  in shell,savoury snacks
Other Chilled Horseradish Sau,Eggs; other bird; in shell,food_commodity_token,eggs  other bird  in shell,cooking sauces and condiments
Other Chilled Vegetable Accom,Eggs; other bird; in shell,food_commodity_token,eggs  other bird  in shell,savoury snacks
Other Snacks,Eggs; other bird; in shell,food_commodity_token,eggs  other bird  in shell,savoury snacks
Frozen Cooking Sauces,cooking sauces and condiments,original_mapping,cooking sauces and condiments,cooking sauces and condiments
Frozen Unfilled Yorkshire Puds,miscellaneous foods - frozen,original_mapping,miscellaneous foods   frozen,miscellaneous foods - frozen
Other Frozen Foods,Eggs; other bird; in shell,food_commodity_token,eggs  other bird  in shell,miscellaneous foods - frozen
P/P Fresh Me Ready To Co Fish,Fish,food_commodity_phrase,fish,meat+pastry products - prpckd
P/P Fresh Meat+ Complete Meal,Meat; goose and guinea fowl,food_commodity_token,meat  goose and guinea fowl,meat+pastry products - prpckd
P/P Fresh Meat+V Bites/Snacks,Meat; goose and guinea fowl,food_commodity_token,meat  goose and guinea fowl,meat+pastry products - prpckd
P/P Fresh Meat+V Other Snacks,Eggs; other bird; in shell,food_commodity_token,eggs  other bird  in shell,meat+pastry products - prpckd
P/P Fresh Meat+Ve Meal Centre,Meat; goose and guinea fowl,food_commodity_token,meat  goose and guinea fowl,meat+pastry products - prpckd
PP Fsh Mt+Vg Filo/Vol-Au-Vent,meat+pastry products - prpckd,original_mapping,meat pastry products   prpckd,meat+pastry products - prpckd
PP Fsh Mt+Vg Hot Meat Pudding,Meat; goose and guinea fowl,food_commodity_token,meat  goose and guinea fowl,meat+pastry products - prpckd
PP Fsh Mt+Vg Hot Pies,meat+pastry products - prpckd,original_mapping,meat pastry products   prpckd,meat+pastry products - prpckd
PP Fsh Mt+Vg Non Meat Pasties,Meat; goose and guinea fowl,food_commodity_token,meat  goose and guinea fowl,meat+pastry products - prpckd
PP Fsh Mt+Vg Other Cold Pies,Eggs; other bird; in shell,food_commodity_token,eggs  other bird  in shell,meat+pastry products - prpckd
PP Fsh Mt+Vg Pasties,meat+pastry products - prpckd,original_mapping,meat pastry products   prpckd,meat+pastry products - prpckd
PP Fsh Mt+Vg Pick N Mix Quiche,meat+pastry products - prpckd,original_mapping,meat pastry products   prpckd,meat+pastry products - prpckd
PP Fsh Mt+Vg Pick-n-Mix Pies,meat+pastry products - prpckd,original_mapping,meat pastry products   prpckd,meat+pastry products - prpckd
PP Fsh Mt+Vg Pick-n-Mix Snack,meat+pastry products - prpckd,original_mapping,meat pastry products   prpckd,meat+pastry products - prpckd
PP Fsh Mt+Vg Pork Pies,meat+pastry products - prpckd,original_mapping,meat pastry products   prpckd,meat+pastry products - prpckd
PP Fsh Mt+Vg Quiches/Flans,meat+pastry products - prpckd,original_mapping,meat pastry products   prpckd,meat+pastry products - prpckd
PP Fsh Mt+Vg Sausage Rolls,meat+pastry products - prpckd,original_mapping,meat pastry products   prpckd,meat+pastry products - prpckd
PP Fsh Mt+Vg Scotch Eggs,Eggs; other bird; in shell,food_commodity_token,eggs  other bird  in shell,meat+pastry products - prpckd
Sausage Rolls,meat+pastry products - prpckd,original_mapping,meat pastry products   prpckd,meat+pastry products - prpckd
Packet Instant Soup,soup-dried,original_mapping,soup dried,soup-dried
Packet Soup Non-Barcoded,soup-dried,original_mapping,soup dried,soup-dried
Packet Standard Soup,soup-dried,original_mapping,soup dried,soup-dried
Packet Stuffing,stuffing-packet,original_mapping,stuffing packet,stuffing-packet
Peanut Butter,"Butter, Cream & Ghee",food_commodity_token,butter  cream   ghee,peanut butter
Chutney,chutney & relish,original_mapping,chutney   relish,chutney & relish
Piccalilli+Mustard Pickle,Mustard seed,food_commodity_token,mustard seed,chutney & relish
Relishes,chutney & relish,original_mapping,chutney   relish,chutney & relish
Sweet Pickles,chutney & relish,original_mapping,chutney   relish,chutney & relish
Popcorn Savoury,popcorn - savoury,original_mapping,popcorn   savoury,popcorn - savoury
Popcorn Sweet,popcorn - sweet,original_mapping,popcorn   sweet,popcorn - sweet
Popcorn Sweet+Savoury,popcorn - savoury,original_mapping,popcorn   savoury,popcorn - savoury
Pot Pourri+Scented Candles+Oil,Oil palm fruit,food_commodity_token,oil palm fruit,
Custard Powder,custard,original_mapping,custard,custard
Instant Custard Powder,custard,original_mapping,custard,custard
Powder Blancmanges,desserts+dessert sauces,original_mapping,desserts dessert sauces,desserts+dessert sauces
Powder Cornflour,desserts+dessert sauces,original_mapping,desserts dessert sauces,desserts+dessert sauces
Powder Desserts+Cstrds Non Bar,desserts+dessert sauces,original_mapping,desserts dessert sauces,desserts+dessert sauces
Powder Hot Instant Desserts,desserts+dessert sauces,original_mapping,desserts dessert sauces,desserts+dessert sauces
Powder Ice Cream/Dessert Sauce,"Butter, Cream & Ghee",food_commodity_token,butter  cream   ghee,desserts+dessert sauces
Powder Instant Desserts,desserts+dessert sauces,original_mapping,desserts dessert sauces,desserts+dessert sauces
Powder Prpard Dessert Topping,desserts+dessert sauces,original_mapping,desserts dessert sauces,desserts+dessert sauces
Powder Thickeners,desserts+dessert sauces,original_mapping,desserts dessert sauces,desserts+dessert sauces
Powder Trifle,desserts+dessert sauces,original_mapping,desserts dessert sauces,desserts+dessert sauces
Powdered Dessert Topping,desserts+dessert sauces,original_mapping,desserts dessert sauces,desserts+dessert sauces
Canned Bean Salad,vegetables-canned peas & beans,original_mapping,vegetables canned peas   beans,vegetables-canned peas & beans
Canned Beans In Sauce,Broad beans; horse beans; dry,food_commodity_token,broad beans  horse beans  dry,vegetables-canned peas & beans
Canned Butter Beans,Broad beans; horse beans; dry,food_commodity_token,broad beans  horse beans  dry,vegetables-canned peas & beans
Canned Garden Peas,Chick peas,food_commodity_token,chick peas,vegetables-canned peas & beans
Canned Kidney Beans,Broad beans; horse beans; dry,food_commodity_token,broad beans  horse beans  dry,vegetables-canned peas & beans
Canned Other Beans In Brine,Broad beans; horse beans; dry,food_commodity_token,broad beans  horse beans  dry,vegetables-canned peas & beans
Canned Pease Pudding,vegetables-canned peas & beans,original_mapping,vegetables canned peas   beans,vegetables-canned peas & beans
Canned Processed Tinned Peas,Chick peas,food_commodity_token,chick peas,vegetables-canned peas & beans
Canned Tinned Mushy Peas,Chick peas,food_commodity_token,chick peas,vegetables-canned peas & beans
Canned+Bottled Green Beans,Broad beans; horse beans; dry,food_commodity_token,broad beans  horse beans  dry,vegetables-canned peas & beans
Prepared Peas&B Mogette Beans,Broad beans; horse beans; dry,food_commodity_token,broad beans  horse beans  dry,vegetables-canned peas & beans
Prepared Peas&B Refried Beans,Broad beans; horse beans; dry,food_commodity_token,broad beans  horse beans  dry,vegetables-canned peas & beans
Prepared Peas&Beans Broad,Broad beans; horse beans; dry,food_commodity_token,broad beans  horse beans  dry,vegetables-canned peas & beans
Prepared Peas&Beans Mixed,Broad beans; horse beans; dry,food_commodity_token,broad beans  horse beans  dry,vegetables-canned peas & beans
Prepared Peas&Beans Soya,Broad beans; horse beans; dry,food_commodity_token,broad beans  horse beans  dry,vegetables-canned peas & beans
Extra Jam Preserve,jams & marmalades,original_mapping,jams   marmalades,jams & marmalades
Fruit Cheese Preserve,Cheese,food_commodity_phrase,cheese,sandwich spread
Lemon Curd Preserve,paste+spreads,original_mapping,paste spreads,paste+spreads
Make It Yourself Marmalade,paste+spreads,original_mapping,paste spreads,paste+spreads
Medium Cut Preserve,paste+spreads,original_mapping,paste spreads,paste+spreads
Perserve Non-Barcoded,paste+spreads,original_mapping,paste spreads,paste+spreads
Preserves Alphonso Mango Curd,paste+spreads,original_mapping,paste spreads,paste+spreads
Preserves Banana Curd,paste+spreads,original_mapping,paste spreads,paste+spreads
Preserves Banana+Kiwi Curd,Kiwi fruit,food_commodity_token,kiwi fruit,paste+spreads
Preserves Blackcurrant Curd,paste+spreads,original_mapping,paste spreads,paste+spreads
Preserves Butterscotch Curd,paste+spreads,original_mapping,paste spreads,paste+spreads
Preserves Cranberry Curd,paste+spreads,original_mapping,paste spreads,paste+spreads
Preserves Fine Cut,paste+spreads,original_mapping,paste spreads,paste+spreads
Preserves Fruit Cake,Fruit; tropical fresh nes,food_commodity_token,fruit  tropical fresh nes,paste+spreads
Preserves Ginger Curd,Ginger,food_commodity_phrase,ginger,paste+spreads
Preserves Jaffa Orange Curd,paste+spreads,original_mapping,paste spreads,paste+spreads
Preserves Lime Curd,paste+spreads,original_mapping,paste spreads,paste+spreads
Preserves Luscious Lemon Curd,paste+spreads,original_mapping,paste spreads,paste+spreads
Preserves No Added Sugar,Sugar beet,food_commodity_token,sugar beet,paste+spreads
Preserves Orange Curd,paste+spreads,original_mapping,paste spreads,paste+spreads
Preserves Passionfruit Curd,paste+spreads,original_mapping,paste spreads,paste+spreads
Preserves Pink Grapefruit Curd,Grapefruit (inc. pomelos),food_commodity_token,grapefruit  inc  pomelos,paste+spreads
Preserves Raspberry+Lime Curd,paste+spreads,original_mapping,paste spreads,paste+spreads
Preserves Red Velvet Curd,paste+spreads,original_mapping,paste spreads,paste+spreads
Preserves Rhubarb+Custard Curd,paste+spreads,original_mapping,paste spreads,paste+spreads
Preserves Sour Cherry Curd,Cherries; sour,food_commodity_token,cherries  sour,paste+spreads
Preserves Summer Fruit Curd,Fruit; tropical fresh nes,food_commodity_token,fruit  tropical fresh nes,paste+spreads
Pure Fruit Spread Preserve,Fruit; tropical fresh nes,food_commodity_token,fruit  tropical fresh nes,paste+spreads
Reduced Sugar Preserve,Sugar beet,food_commodity_token,sugar beet,paste+spreads
Standard Jam Preserve,paste+spreads,original_mapping,paste spreads,paste+spreads
Thick Cut Preserves,paste+spreads,original_mapping,paste spreads,paste+spreads
Thin Cut Preserves,paste+spreads,original_mapping,paste spreads,paste+spreads
R.T.S. Custard Big Pot,custard,original_mapping,custard,custard
R.T.S. Custard Can,custard,original_mapping,custard,custard
R.T.S. Custard Carton,custard,original_mapping,custard,custard
R.T.S. Custard Individual Pot,custard,original_mapping,custard,custard
R.T.S. Custard Pouch,custard,original_mapping,custard,custard
Bought With Razor,Brazil nuts; with shell,food_commodity_token,brazil nuts  with shell,
Bought With Razor Razor Blades,Brazil nuts; with shell,food_commodity_token,brazil nuts  with shell,
Disposable Razor Blades,,unmapped,,
Double Edge Razor Blades,,unmapped,,
Razor Blades Non-Barcoded,,unmapped,,
Razor Blades System,,unmapped,,
System Blades,,unmapped,,
Ready To Use Icing,icing-ready to use,original_mapping,icing ready to use,icing-ready to use
RTS Desserts Lng Lf Creme Crml,ready to serve desserts,original_mapping,ready to serve desserts,ready to serve desserts
RTS Desserts Lng Lf Custard,ready to serve desserts,original_mapping,ready to serve desserts,ready to serve desserts
RTS Desserts Lng Lf Mousse,ready to serve desserts,original_mapping,ready to serve desserts,ready to serve desserts
RTS Desserts Lng Lf Other Type,Eggs; other bird; in shell,food_commodity_token,eggs  other bird  in shell,ready to serve desserts
RTS Desserts Lng Lf Rice Pudng,Rice; paddy,food_commodity_token,rice  paddy,ready to serve desserts
RTS Desserts Lng Lf Trifle,ready to serve desserts,original_mapping,ready to serve desserts,ready to serve desserts
RTS Desserts Lng Lf Whip,ready to serve desserts,original_mapping,ready to serve desserts,ready to serve desserts
RTS Desserts Long Life Jelly,ready to serve desserts,original_mapping,ready to serve desserts,ready to serve desserts
Salt Cooking Salt,salt,original_mapping,salt,salt
Salt Low Salt,salt,original_mapping,salt,salt
Salt Mediterranean Sea/Rock,salt,original_mapping,salt,salt
Salt Sea Salt+Garlic,Garlic,food_commodity_phrase,garlic,salt
Salt Sea/Rock,salt,original_mapping,salt,salt
Salt Speciality/Flavours,salt,original_mapping,salt,salt
Salt Table,salt,original_mapping,salt,salt
Savoury Biscui Other Savoury B,Eggs; other bird; in shell,food_commodity_token,eggs  other bird  in shell,biscuits - plain+savoury
Savoury Biscui Pastries+Twists,biscuits - plain+savoury,original_mapping,biscuits   plain savoury,biscuits - plain+savoury
Savoury Biscui Savoury Snacks,biscuits - plain+savoury,original_mapping,biscuits   plain savoury,biscuits - plain+savoury
Svry Bisc Breadsticks,biscuits - plain+savoury,original_mapping,biscuits   plain savoury,biscuits - plain+savoury
Multi-Pack,savoury snacks,original_mapping,savoury snacks,savoury snacks
Savoury Snacks Family,savoury snacks,original_mapping,savoury snacks,savoury snacks
Savoury Snacks Maxi,savoury snacks,original_mapping,savoury snacks,savoury snacks
Savoury Snacks Multi-Pack,savoury snacks,original_mapping,savoury snacks,savoury snacks
Savoury Snacks Standard,savoury snacks,original_mapping,savoury snacks,savoury snacks
Savoury Snacks Tray,savoury snacks,original_mapping,savoury snacks,savoury snacks
Seasonal Biscu Bourbon Creams,biscuits - seasonal,original_mapping,biscuits   seasonal,biscuits - seasonal
Seasonal Biscu Chocolate Biscu,biscuits - seasonal,original_mapping,biscuits   seasonal,biscuits - seasonal
Seasonal Biscu Chocolate Diges,biscuits - seasonal,original_mapping,biscuits   seasonal,biscuits - seasonal
Seasonal Biscu Chocolate Mallo,biscuits - seasonal,original_mapping,biscuits   seasonal,biscuits - seasonal
Seasonal Biscu Chocolate Wafer,biscuits - seasonal,original_mapping,biscuits   seasonal,biscuits - seasonal
Seasonal Biscu Custard Creams,biscuits - seasonal,original_mapping,biscuits   seasonal,biscuits - seasonal
Seasonal Biscu Fruit Shortcake,Fruit; tropical fresh nes,food_commodity_token,fruit  tropical fresh nes,biscuits - seasonal
Seasonal Biscu Half Iced Biscu,biscuits - seasonal,original_mapping,biscuits   seasonal,biscuits - seasonal
Seasonal Biscu Uncoated Mallow,biscuits - seasonal,original_mapping,biscuits   seasonal,biscuits - seasonal
Seasonal Biscui Packet Wafers,biscuits - seasonal,original_mapping,biscuits   seasonal,biscuits - seasonal
Seasonal Biscuit Coconut/Nice,biscuits - seasonal,original_mapping,biscuits   seasonal,biscuits - seasonal
Seasonal Biscuit Fully Coated,biscuits - seasonal,original_mapping,biscuits   seasonal,biscuits - seasonal
Seasonal Biscuit Other Creams,Eggs; other bird; in shell,food_commodity_token,eggs  other bird  in shell,biscuits - seasonal
Seasonal Biscuits Cookies,biscuits - seasonal,original_mapping,biscuits   seasonal,biscuits - seasonal
Seasonal Biscuits Ginger,Ginger,food_commodity_phrase,ginger,biscuits - seasonal
Seasonal Biscuits Half Coated,biscuits - seasonal,original_mapping,biscuits   seasonal,biscuits - seasonal
Seasonal Biscuits Jaffa Cakes,biscuits - seasonal,original_mapping,biscuits   seasonal,biscuits - seasonal
Seasonal Biscuits Jam,biscuits - seasonal,original_mapping,biscuits   seasonal,biscuits - seasonal
Seasonal Biscuits Lunchbox,biscuits - seasonal,original_mapping,biscuits   seasonal,biscuits - seasonal
Seasonal Biscuits Oat,biscuits - seasonal,original_mapping,biscuits   seasonal,biscuits - seasonal
Seasonal Biscuits Other Sweet,Eggs; other bird; in shell,food_commodity_token,eggs  other bird  in shell,biscuits - seasonal
Ssnl Bisc Assortment,biscuits - seasonal,original_mapping,biscuits   seasonal,biscuits - seasonal
Ssnl Bisc Shortbread,biscuits - seasonal,original_mapping,biscuits   seasonal,biscuits - seasonal
Ssnl Bisc Shortcake,biscuits - seasonal,original_mapping,biscuits   seasonal,biscuits - seasonal
Shampoo,,unmapped,,
Shampoo Dry Shampoo,Broad beans; horse beans; dry,food_commodity_token,broad beans  horse beans  dry,
Shampoo Non-Barcoded,,unmapped,,
Shampoo Oil,Oil palm fruit,food_commodity_token,oil palm fruit,
Shampoo and Conditioner,Meat; goose and guinea fowl,food_commodity_token,meat  goose and guinea fowl,
Shaving Soaps Bowl/Soap,,unmapped,,
Shaving Soaps Cream,"Butter, Cream & Ghee",food_commodity_token,butter  cream   ghee,
Shaving Soaps Foam,,unmapped,,
Shaving Soaps Gel,,unmapped,,
Shaving Soaps Mousse,,unmapped,,
Shaving Soaps Oil,Oil palm fruit,food_commodity_token,oil palm fruit,
Shaving Soaps Serum,,unmapped,,
Shaving Soaps Spray,,unmapped,,
Shaving Soaps Sticks,,unmapped,,
Fresh Crab,Fruit; tropical fresh nes,food_commodity_token,fruit  tropical fresh nes,fish-jar(inc.seafood/shellfsh)
Fresh Crab Sticks,Fruit; tropical fresh nes,food_commodity_token,fruit  tropical fresh nes,fish-jar(inc.seafood/shellfsh)
Fresh Lobster,Fruit; tropical fresh nes,food_commodity_token,fruit  tropical fresh nes,fish-jar(inc.seafood/shellfsh)
Fresh Other Shellfish,Fish,food_commodity_phrase,fish,fish-jar(inc.seafood/shellfsh)
Fresh Prawns,Fruit; tropical fresh nes,food_commodity_token,fruit  tropical fresh nes,fish-jar(inc.seafood/shellfsh)
Fresh Scampi,Fruit; tropical fresh nes,food_commodity_token,fruit  tropical fresh nes,fish-jar(inc.seafood/shellfsh)
Fresh Shrimps,Fruit; tropical fresh nes,food_commodity_token,fruit  tropical fresh nes,fish-jar(inc.seafood/shellfsh)
Shellfish Crayfish,Fish,food_commodity_phrase,fish,fish-jar(inc.seafood/shellfsh)
Shellfish Mussels,Fish,food_commodity_phrase,fish,fish-jar(inc.seafood/shellfsh)
Shellfish Scallops,Fish,food_commodity_phrase,fish,fish-jar(inc.seafood/shellfsh)
Shellfish Selection,Fish,food_commodity_phrase,fish,fish-jar(inc.seafood/shellfsh)
Shellfish Smoked Prawn,Fish,food_commodity_phrase,fish,fish-jar(inc.seafood/shellfsh)
Shoe Care Products,,unmapped,,
Baby Skincare,,unmapped,,
Facial Moisturisers Skincare,,unmapped,,
General Purpose,,unmapped,,
General Purpose Skincare,,unmapped,,
Hand Preparations Skincare,,unmapped,,
Lip Preparations,,unmapped,,
Petroleum Jelly Skincare,,unmapped,,
Skincare Cleansers,,unmapped,,
Skincare Non Barcoded,,unmapped,,
Skincare Toners,,unmapped,,
Sleeping Aids Caplets,,unmapped,,
Sleeping Aids Capsules,,unmapped,,
Sleeping Aids Liquid,,unmapped,,
Sleeping Aids Lozenges,,unmapped,,
Sleeping Aids Pastille,,unmapped,,
Sleeping Aids Plug Ins,,unmapped,,
Sleeping Aids Spray,,unmapped,,
Sleeping Aids Tablet,,unmapped,,
Smoking Cessat Inhaler/Inhalat,,unmapped,,
Smoking Cessation Capsules,,unmapped,,
Smoking Cessation Gel,,unmapped,,
Smoking Cessation Gum,,unmapped,,
Smoking Cessation Lozenge,,unmapped,,
Smoking Cessation Mouth Spray,,unmapped,,
Smoking Cessation Nasal Spray,,unmapped,,
Smoking Cessation Patch,,unmapped,,
Smoking Cessation Pouch,,unmapped,,
Smoking Cessation Strips,,unmapped,,
Smoking Cessation Tablet,,unmapped,,
Soda Water,Water,food_commodity_phrase,water,soft drinks-crbntd flvrs bttls
Sour+Specialit Beetroot+Onion,Cherries; sour,food_commodity_token,cherries  sour,pickles-speciality
Sour+Specialit Beetroot+Roaste,Cherries; sour,food_commodity_token,cherries  sour,pickles-speciality
Sour+Specialit Pink Pickled Sl,Cherries; sour,food_commodity_token,cherries  sour,pickles-speciality
Sour+Specialit Tangy White Pic,Cherries; sour,food_commodity_token,cherries  sour,pickles-speciality
Sour+Specialit White Pickled S,Cherries; sour,food_commodity_token,cherries  sour,pickles-speciality
Sour+Speciality P Burger Slaw,Cherries; sour,food_commodity_token,cherries  sour,pickles-speciality
Sour+Speciality P Cauliflower,Cherries; sour,food_commodity_token,cherries  sour,pickles-speciality
Sour+Speciality Pi Spicy Slaw,Cherries; sour,food_commodity_token,cherries  sour,pickles-speciality
Sour+Speciality Pick Red Slaw,Cherries; sour,food_commodity_token,cherries  sour,pickles-speciality
Sour+Speciality Pickle Celery,Cherries; sour,food_commodity_token,cherries  sour,pickles-speciality
Sr+Spclty Pickled Beetroot,pickles-speciality,original_mapping,pickles speciality,pickles-speciality
Sr+Spclty Pickled Cocktail,pickles-speciality,original_mapping,pickles speciality,pickles-speciality
Sr+Spclty Pickled Gherkins,Cucumbers and gherkins,food_commodity_token,cucumbers and gherkins,pickles-speciality
Sr+Spclty Pickled Mixed,Grain; mixed,food_commodity_token,grain  mixed,pickles-speciality
Sr+Spclty Pickled Onions,Onions; shallots; green,food_commodity_token,onions  shallots  green,pickles-speciality
Sr+Spclty Pickled Other,Eggs; other bird; in shell,food_commodity_token,eggs  other bird  in shell,pickles-sour
Sr+Spclty Pickled Red Cabbage,pickles-speciality,original_mapping,pickles speciality,pickles-speciality
Sr+Spclty Pickled Silverskins,pickles-speciality,original_mapping,pickles speciality,pickles-speciality
Sr+Spclty Pickled Speciality,pickles-speciality,original_mapping,pickles speciality,pickles-speciality
Sparkling Wine Red,alcohol-chmpgne/spkl wine/prry,original_mapping,alcohol chmpgne spkl wine prry,alcohol-chmpgne/spkl wine/prry
Sparkling Wine Rose,alcohol-chmpgne/spkl wine/prry,original_mapping,alcohol chmpgne spkl wine prry,alcohol-chmpgne/spkl wine/prry
Sparkling Wine Sparkling,alcohol-chmpgne/spkl wine/prry,original_mapping,alcohol chmpgne spkl wine prry,alcohol-chmpgne/spkl wine/prry
Spcl Trts  Assortment,biscuits - sweet,original_mapping,biscuits   sweet,biscuits - sweet
Spcl Trts  Chocolate Mallows,biscuits - sweet,original_mapping,biscuits   sweet,biscuits - sweet
Spcl Trts  Chocolate Wafer,biscuits - sweet,original_mapping,biscuits   sweet,biscuits - sweet
Spcl Trts  Cookies,biscuits - sweet,original_mapping,biscuits   sweet,biscuits - sweet
Spcl Trts  Fully Coated,biscuits - sweet,original_mapping,biscuits   sweet,biscuits - sweet
Spcl Trts  Half Coated,biscuits - sweet,original_mapping,biscuits   sweet,biscuits - sweet
Spcl Trts  Jaffa Cakes,biscuits - sweet,original_mapping,biscuits   sweet,biscuits - sweet
Spcl Trts  Other Creams,Eggs; other bird; in shell,food_commodity_token,eggs  other bird  in shell,biscuits - sweet
Spcl Trts  Packet Wafers,biscuits - sweet,original_mapping,biscuits   sweet,biscuits - sweet
Spcl Trts  Shortbread,biscuits - sweet,original_mapping,biscuits   sweet,biscuits - sweet
Special Treats Butter,"Butter, Cream & Ghee",food_commodity_token,butter  cream   ghee,biscuits - sweet
Special Treats Chocolate Diges,biscuits - sweet,original_mapping,biscuits   sweet,biscuits - sweet
Special Treats Coconut/Nice,biscuits - sweet,original_mapping,biscuits   sweet,biscuits - sweet
Special Treats Fruit Shortcake,Fruit; tropical fresh nes,food_commodity_token,fruit  tropical fresh nes,biscuits - sweet
Special Treats Ginger,Ginger,food_commodity_phrase,ginger,biscuits - sweet
Special Treats Jam,biscuits - sweet,original_mapping,biscuits   sweet,biscuits - sweet
Special Treats Lunchbox,biscuits - sweet,original_mapping,biscuits   sweet,biscuits - sweet
Special Treats Oat,biscuits - sweet,original_mapping,biscuits   sweet,biscuits - sweet
Special Treats Other Everyday,Eggs; other bird; in shell,food_commodity_token,eggs  other bird  in shell,biscuits - sweet
Special Treats Other Fruit,Eggs; other bird; in shell,food_commodity_token,eggs  other bird  in shell,biscuits - sweet
Special Treats Other Sweet,Eggs; other bird; in shell,food_commodity_token,eggs  other bird  in shell,biscuits - sweet
Special Treats Shortcake,biscuits - sweet,original_mapping,biscuits   sweet,biscuits - sweet
Gin,alcohol-gin,original_mapping,alcohol gin,alcohol-gin
Rum,alcohol-rum,original_mapping,alcohol rum,alcohol-rum
Spirits Brandy,alcohol-othr spirits & liqueur,original_mapping,alcohol othr spirits   liqueur,alcohol-othr spirits & liqueur
Spirits Gin,alcohol-gin,original_mapping,alcohol gin,alcohol-gin
Spirits Other,Eggs; other bird; in shell,food_commodity_token,eggs  other bird  in shell,alcohol-othr spirits & liqueur
Spirits Rum,alcohol-rum,original_mapping,alcohol rum,alcohol-rum
Spirits Vodka,alcohol-vodka,original_mapping,alcohol vodka,alcohol-vodka
Spirits Whisky,alcohol-othr spirits & liqueur,original_mapping,alcohol othr spirits   liqueur,alcohol-othr spirits & liqueur
Vodka,alcohol-vodka,original_mapping,alcohol vodka,alcohol-vodka
Spray Insecticide,,unmapped,,
Suet Beef,white fats,original_mapping,white fats,white fats
Suet Vegetable,white fats,original_mapping,white fats,white fats
Brown Sugar,Sugar beet,food_commodity_token,sugar beet,sugar
Caster Sugar,Sugar beet,food_commodity_token,sugar beet,sugar
Cube Sugar,Sugar beet,food_commodity_token,sugar beet,sugar
Demerara Sugar,Sugar beet,food_commodity_token,sugar beet,sugar
Golden Granulated Sugar,Sugar beet,food_commodity_token,sugar beet,sugar
Icing Sugar,Sugar beet,food_commodity_token,sugar beet,sugar
Low Calorie Sugar,Sugar beet,food_commodity_token,sugar beet,sugar
Other Sugars,Eggs; other bird; in shell,food_commodity_token,eggs  other bird  in shell,sugar
Preserving Sugar,Sugar beet,food_commodity_token,sugar beet,sugar
Sugar Non-Barcoded,Sugar beet,food_commodity_token,sugar beet,sugar
White Granulated Sugar,Sugar beet,food_commodity_token,sugar beet,sugar
Sugar Confecti Egg+Novelty+Sea,Sugar beet,food_commodity_token,sugar beet,sugar conf-candy
Sugar Confecti Sugar Multipack,Sugar beet,food_commodity_token,sugar beet,sugar conf-candy
Sugar Confectio Boxes+Gifting,Sugar beet,food_commodity_token,sugar beet,sugar conf-candy
Sugar Confectio Sugar Sharing,Sugar beet,food_commodity_token,sugar beet,sugar conf-candy
Sugar Confectio Sugar Singles,Sugar beet,food_commodity_token,sugar beet,sugar conf-candy
Sun Care Aftersun,,unmapped,,
Sun Care Artificial Tans,,unmapped,,
Sun Care Non Barcoded Products,,unmapped,,
Sun Care Pre-Tans,,unmapped,,
Sun Care Sun Tans,,unmapped,,
Sweet+Savoury Mix Bread,sweet & savoury mixes,original_mapping,sweet   savoury mixes,sweet & savoury mixes
Sweet+Savoury Mix Breadcrumb,sweet & savoury mixes,original_mapping,sweet   savoury mixes,sweet & savoury mixes
Sweet+Savoury Mix Cake,sweet & savoury mixes,original_mapping,sweet   savoury mixes,sweet & savoury mixes
Sweet+Savoury Mix Crumble,sweet & savoury mixes,original_mapping,sweet   savoury mixes,sweet & savoury mixes
Sweet+Savoury Mix Dessert Cake,sweet & savoury mixes,original_mapping,sweet   savoury mixes,sweet & savoury mixes
Sweet+Savoury Mix Pastry,sweet & savoury mixes,original_mapping,sweet   savoury mixes,sweet & savoury mixes
Sweet+Savoury Mix Savoury,sweet & savoury mixes,original_mapping,sweet   savoury mixes,sweet & savoury mixes
Sweet+Savoury Mixes Biscuit,sweet & savoury mixes,original_mapping,sweet   savoury mixes,sweet & savoury mixes
Sweet+Savoury Mixes Choux Mix,sweet & savoury mixes,original_mapping,sweet   savoury mixes,sweet & savoury mixes
Sweet+Savoury Mixes Crumbs,sweet & savoury mixes,original_mapping,sweet   savoury mixes,sweet & savoury mixes
Sweet+Savoury Mixes Icing Mix,sweet & savoury mixes,original_mapping,sweet   savoury mixes,sweet & savoury mixes
Syrup,syrup and treacle,original_mapping,syrup and treacle,syrup and treacle
Treacle,syrup and treacle,original_mapping,syrup and treacle,syrup and treacle
Table Sauces Non Barcoded,sauces-table & ketchups,original_mapping,sauces table   ketchups,sauces-table & ketchups
Tbl Scs Other,Eggs; other bird; in shell,food_commodity_token,eggs  other bird  in shell,sauces-table & ketchups
Tbl Scs Thick Brown Sauce,sauces-table & ketchups,original_mapping,sauces table   ketchups,sauces-table & ketchups
Tbl Scs Tomato Sauce/Ketchup,sauces-table & ketchups,original_mapping,sauces table   ketchups,sauces-table & ketchups
Tbl Scs Worcester Sauce,sauces-table & ketchups,original_mapping,sauces table   ketchups,sauces-table & ketchups
Table+Qck Set Jellies Crystals,jellies,original_mapping,jellies,jellies
Table+Quick Set Jellie Liquid,jellies,original_mapping,jellies,jellies
Table+Quick Set Jellies Other,Eggs; other bird; in shell,food_commodity_token,eggs  other bird  in shell,jellies
Table+Quick Set Jellies Tablet,jellies,original_mapping,jellies,jellies
Baby Talcum Powder,,unmapped,,
Mens Talcum Powder,,unmapped,,
Talcum Powder Non Barcoded,,unmapped,,
Womens/Family Talcum Powder,,unmapped,,
Packet Tea,Tea,food_commodity_phrase,tea,tea-standard
Tea Decaffeinated,Tea,food_commodity_phrase,tea,tea-standard
Tea Fruit+Herbal,Tea,food_commodity_phrase,tea,tea-fruit & herbal bags
Tea Green Bags,Tea,food_commodity_phrase,tea,tea-standard
Tea Instant,Tea,food_commodity_phrase,tea,tea-standard
Tea Loose,Tea,food_commodity_phrase,tea,tea-standard
Tea Non-Barcoded,Tea,food_commodity_phrase,tea,tea-standard
Tea Ordinary Bags,Tea,food_commodity_phrase,tea,tea-standard
Tea Organic Bags,Tea,food_commodity_phrase,tea,tea-standard
Tea Speciality Bags,Tea,food_commodity_phrase,tea,tea-standard
Canned Fruit Cocktail/Salad,Fruit; tropical fresh nes,food_commodity_token,fruit  tropical fresh nes,ambient fruit
Canned Fruit Non-Barcoded,Fruit; tropical fresh nes,food_commodity_token,fruit  tropical fresh nes,ambient fruit
Canned Other Fruits,Eggs; other bird; in shell,food_commodity_token,eggs  other bird  in shell,ambient fruit
Canned Peaches,Peaches and nectarines,food_commodity_token,peaches and nectarines,fruit - peaches
Canned Pears,Pears,food_commodity_phrase,pears,fruit - pears
Canned Pineapples,Pineapples,food_commodity_phrase,pineapples,fruit - tropical fruit
Tinned Fruit Mandarin+Pineappl,Fruit; tropical fresh nes,food_commodity_token,fruit  tropical fresh nes,fruit - tropical fruit
Tinned Fruit Pineapple,Fruit; tropical fresh nes,food_commodity_token,fruit  tropical fresh nes,fruit - tropical fruit
Tinned Sponge Puddings,ready to serve desserts,original_mapping,ready to serve desserts,ready to serve desserts
Toaster Pastries,cakes & pastries,original_mapping,cakes   pastries,cakes & pastries
Flat Pack Toilet Tissues,,unmapped,,
Hard Roll Toilet Tissues,,unmapped,,
Moist Toilet Tissue,,unmapped,,
Soft Toilet Rolls,,unmapped,,
Toilet Tissues Non Barcoded,,unmapped,,
Tomato Products Chopped,vegetables - tomatoes,original_mapping,vegetables   tomatoes,vegetables - tomatoes
Tomato Products Passata,vegetables - tomatoes,original_mapping,vegetables   tomatoes,vegetables - tomatoes
Tomato Products Pastes/Puree,vegetables - tomatoes,original_mapping,vegetables   tomatoes,vegetables - tomatoes
Tomato Products Sieved,vegetables - tomatoes,original_mapping,vegetables   tomatoes,vegetables - tomatoes
Tomato Products Whole,Milk; whole fresh cow,food_commodity_token,milk  whole fresh cow,vegetables - tomatoes
Low Calorie Tonic Water,Water,food_commodity_phrase,water,soft drinks-mineral water
Regular Tonic Water,Water,food_commodity_phrase,water,soft drinks-mineral water
Standard Tonic Water,Water,food_commodity_phrase,water,soft drinks-mineral water
ToothPastes Pastes,,unmapped,,
ToothPastes Polishes/Powders,,unmapped,,
ToothPastes Wipes,,unmapped,,
Topical Analge Devils Claw Cre,,unmapped,,
Topical Analgesic Cold Gel,,unmapped,,
Topical Analgesic Cream,"Butter, Cream & Ghee",food_commodity_token,butter  cream   ghee,
Topical Analgesic Embrocation,,unmapped,,
Topical Analgesic Extra/Maxim,,unmapped,,
Topical Analgesic Freeze Spray,,unmapped,,
Topical Analgesic Gel,,unmapped,,
Topical Analgesic Icy Gel,,unmapped,,
Topical Analgesic Ointment,,unmapped,,
Topical Analgesic Patch,,unmapped,,
Topical Analgesic Rub,,unmapped,,
Topical Analgesics Balm,,unmapped,,
Topical Analgesics Cold Spray,,unmapped,,
Topical Analgesics Freeze Gel,,unmapped,,
Topical Analgesics Mousse,,unmapped,,
Topical Analgesics Muscle Oil,Oil palm fruit,food_commodity_token,oil palm fruit,
Topical Analgesics Plasters,,unmapped,,
Topical Analgesics Roll-Ons,,unmapped,,
Topical Analgesics Spray,,unmapped,,
Topical Analgesics Stick,,unmapped,,
Topical Analgesics Wraps,,unmapped,,
Tpcl Analgesic Devils Claw Gel,,unmapped,,
Tpcl Analgesic Ibuprofen Gel,,unmapped,,
Tpcl Analgesic Low Odour Spray,,unmapped,,
Tpcl Analgesic Muscle Lotion,,unmapped,,
Topical Antiseptics Cream,"Butter, Cream & Ghee",food_commodity_token,butter  cream   ghee,
Topical Antiseptics Gel,,unmapped,,
Topical Antiseptics Liquid,,unmapped,,
Topical Antiseptics Lotion,,unmapped,,
Topical Antiseptics Ointment,,unmapped,,
Topical Antiseptics Other,Eggs; other bird; in shell,food_commodity_token,eggs  other bird  in shell,
Topical Antiseptics Patches,,unmapped,,
Topical Antiseptics Spray,,unmapped,,
Topical Antiseptics Wipes,,unmapped,,
Brown,bread - loose,original_mapping,bread   loose,bread - loose
Total Bread Grained,bread - loose,original_mapping,bread   loose,bread - loose
Total Bread Other,Eggs; other bird; in shell,food_commodity_token,eggs  other bird  in shell,bread - loose
Total Bread Wheat,Wheat,food_commodity_phrase,wheat,bread - loose
Total Bread Wholewheat,Wheat,food_commodity_phrase,wheat,bread - loose
Wrapped Bread Bran,bread - loose,original_mapping,bread   loose,bread - loose
Wrapped Bread Brown,bread - loose,original_mapping,bread   loose,bread - loose
Wrapped Bread Country Bran,bread - loose,original_mapping,bread   loose,bread - loose
Wrapped Bread Country Brown,bread - loose,original_mapping,bread   loose,bread - loose
Wrapped Bread Danish Brown,bread - loose,original_mapping,bread   loose,bread - loose
Wrapped Bread Danish White,bread - loose,original_mapping,bread   loose,bread - loose
Wrapped Bread Garlic,Garlic,food_commodity_phrase,garlic,bread - loose
Wrapped Bread Granary Malt Bro,bread - loose,original_mapping,bread   loose,bread - loose
Wrapped Bread Hi Bran,bread - loose,original_mapping,bread   loose,bread - loose
Wrapped Bread Italian,bread - loose,original_mapping,bread   loose,bread - loose
Wrapped Bread Malt Wheatgrain,Wheat,food_commodity_phrase,wheat,bread - loose
Wrapped Bread Malted Brown,bread - loose,original_mapping,bread   loose,bread - loose
Wrapped Bread Oatmeal,bread - loose,original_mapping,bread   loose,bread - loose
Wrapped Bread Other Speciality,Eggs; other bird; in shell,food_commodity_token,eggs  other bird  in shell,bread - loose
Wrapped Bread Soft Wholemeal,bread - loose,original_mapping,bread   loose,bread - loose
Wrapped Bread Softgrain,bread - loose,original_mapping,bread   loose,bread - loose
Wrapped Bread Stoneground,bread - loose,original_mapping,bread   loose,bread - loose
Wrapped Bread Stongrnd Whole,Milk; whole fresh cow,food_commodity_token,milk  whole fresh cow,bread - loose
Wrapped Bread Wheatgerm,Wheat,food_commodity_phrase,wheat,bread - loose
Wrapped Bread White,bread - loose,original_mapping,bread   loose,bread - loose
Wrapped Bread Wholemeal,bread - loose,original_mapping,bread   loose,bread - loose
Wrapped Bread Wholemeal Light,bread - loose,original_mapping,bread   loose,bread - loose
Wrapped Bread Wholewhite,bread - loose,original_mapping,bread   loose,bread - loose
All Flexi Packs,,unmapped,,
Canned Cat Food,,unmapped,,
Cat Food All Chub Packs,,unmapped,,
Cat Food All Flexi Packs,,unmapped,,
Cat Food Bulk,,unmapped,,
Cat Food Canned,,unmapped,,
Cat Food Dried,,unmapped,,
Cat Food Non Barcoded,,unmapped,,
Cat Food Soft Moist,,unmapped,,
Dried Cat Food,,unmapped,,
Bavarian Blue Cheese,Cheese,food_commodity_phrase,cheese,cheese - natural
Blue Brie,Blueberries,food_commodity_fuzzy,blueberries,cheese - natural
Brie Cheese,Cheese,food_commodity_phrase,cheese,cheese - natural
Buxton Blue,cheese - natural,original_mapping,cheese   natural,cheese - natural
Caerphilly Cheese,Cheese,food_commodity_phrase,cheese,cheese - natural
Cambazola Cheese,Cheese,food_commodity_phrase,cheese,cheese - natural
Camembert Cheese,Cheese,food_commodity_phrase,cheese,cheese - natural
Cheddar Cheese,Cheese,food_commodity_phrase,cheese,cheese - natural
Cheese Mini Portions,Cheese,food_commodity_phrase,cheese,cheese - natural
Cheshire Cheese,Cheese,food_commodity_phrase,cheese,cheese - natural
Cottage Cheese,Cheese,food_commodity_phrase,cheese,cheese-cottage
Cow Mozzarella,Milk; whole fresh cow,food_commodity_token,milk  whole fresh cow,cheese - natural
Curd Cheese,Cheese,food_commodity_phrase,cheese,cheese - natural
Danish Blue Cheese,Cheese,food_commodity_phrase,cheese,cheese - natural
Derby/Sage Derby Cheese,Cheese,food_commodity_phrase,cheese,cheese - natural
Dolcelatte Cheese,Cheese,food_commodity_phrase,cheese,cheese - natural
Double Gloucester Cheese,Cheese,food_commodity_phrase,cheese,cheese - natural
Dovedale Cheese,Cheese,food_commodity_phrase,cheese,cheese - natural
Dubliner Cheese,Cheese,food_commodity_phrase,cheese,cheese - natural
Edam Cheese,Cheese,food_commodity_phrase,cheese,cheese - natural
Emmental Cheese,Cheese,food_commodity_phrase,cheese,cheese - natural
Feta Cheese,Cheese,food_commodity_phrase,cheese,cheese - natural
Goats Cheddar,Oats,food_commodity_phrase,oats,cheese - natural
Goats Cheese,Cheese,food_commodity_phrase,cheese,cheese - natural
Gorgonzola Cheese,Cheese,food_commodity_phrase,cheese,cheese - natural
Gouda Cheese,Cheese,food_commodity_phrase,cheese,cheese - natural
Gruyere Cheese,Cheese,food_commodity_phrase,cheese,cheese - natural
Jarlsberg Cheese,Cheese,food_commodity_phrase,cheese,cheese - natural
Lancashire Cheese,Cheese,food_commodity_phrase,cheese,cheese - natural
Leerdammer Cheese,Cheese,food_commodity_phrase,cheese,cheese - natural
Leicester/Red Cheese,Cheese,food_commodity_phrase,cheese,cheese - natural
Leicester/Red Leicester,cheese - natural,original_mapping,cheese   natural,cheese - natural
Maasdam Cheese,Cheese,food_commodity_phrase,cheese,cheese - natural
Manchego Cheese,Cheese,food_commodity_phrase,cheese,cheese - natural
Mascarpone Cheese,Cheese,food_commodity_phrase,cheese,cheese - natural
Monterey Jack Cheese,Cheese,food_commodity_phrase,cheese,cheese - natural
Mycella Cheese,Cheese,food_commodity_phrase,cheese,cheese - natural
Other British Blue,Eggs; other bird; in shell,food_commodity_token,eggs  other bird  in shell,cheese - natural
Other British Blue Cheese,Cheese,food_commodity_phrase,cheese,cheese - natural
Other Hard British Cheese,Cheese,food_commodity_phrase,cheese,cheese - natural
Other Hard Cheese,Cheese,food_commodity_phrase,cheese,cheese - natural
Other Processed Cheese,Cheese,food_commodity_phrase,cheese,cheese - processed
Other Processed Smoked,Eggs; other bird; in shell,food_commodity_token,eggs  other bird  in shell,cheese - processed
Other Soft Blue Cheese,Cheese,food_commodity_phrase,cheese,cheese - natural
Other Soft Cheese,Cheese,food_commodity_phrase,cheese,cheese - natural
Parmesan Cheese,Cheese,food_commodity_phrase,cheese,cheese - natural
Processed Cheese Slices,Cheese,food_commodity_phrase,cheese,cheese - processed
Processed Cheese Snack,Cheese,food_commodity_phrase,cheese,cheese - processed
Processed Cheese Spread,Cheese,food_commodity_phrase,cheese,cheese - processed
Ricotta Cheese,Cheese,food_commodity_phrase,cheese,cheese - natural
Roquefort,cheese - natural,original_mapping,cheese   natural,cheese - natural
Roule/Rulle,cheese - natural,original_mapping,cheese   natural,cheese - natural
Salad Cheese,Cheese,food_commodity_phrase,cheese,cheese - natural
Shropshire Blue Cheese,Cheese,food_commodity_phrase,cheese,cheese - natural
Soft White Cheese,Cheese,food_commodity_phrase,cheese,cheese - natural
St Agur Cheese,Cheese,food_commodity_phrase,cheese,cheese - natural
St Paulin Cheese,Cheese,food_commodity_phrase,cheese,cheese - natural
Stilton Blue,cheese - natural,original_mapping,cheese   natural,cheese - natural
Stilton White,cheese - natural,original_mapping,cheese   natural,cheese - natural
Total Cheese Brie Somerset,Cheese,food_commodity_phrase,cheese,cheese - natural
Total Cheese Buffalo Mozzarell,Cheese,food_commodity_phrase,cheese,cheese - natural
Total Cheese Comte,Cheese,food_commodity_phrase,cheese,cheese - natural
Total Cheese Cow Mozzarella,Cheese,food_commodity_phrase,cheese,cheese - natural
Total Cheese Grana Padano,Cheese,food_commodity_phrase,cheese,cheese - natural
Total Cheese Halloumi,Cheese,food_commodity_phrase,cheese,cheese - natural
Total Cheese Paneer,Cheese,food_commodity_phrase,cheese,cheese - natural
Total Cheese Pecorino Romano,Cheese,food_commodity_phrase,cheese,cheese - natural
Total Cheese Pecorino Toscano,Cheese,food_commodity_phrase,cheese,cheese - natural
Total Cheese Quark,Cheese,food_commodity_phrase,cheese,cheese - natural
Wensleydale Cheese,Cheese,food_commodity_phrase,cheese,cheese - natural
Dry Dog Food Bulk,Broad beans; horse beans; dry,food_commodity_token,broad beans  horse beans  dry,
Dry Dog Food Prepacked Biscuit,Broad beans; horse beans; dry,food_commodity_token,broad beans  horse beans  dry,
Dry Dog Food Prepacked Meal,Broad beans; horse beans; dry,food_commodity_token,broad beans  horse beans  dry,
Dry Dog Food Soft Moist,Broad beans; horse beans; dry,food_commodity_token,broad beans  horse beans  dry,
Fruit Squash Non Barcode,Fruit; tropical fresh nes,food_commodity_token,fruit  tropical fresh nes,fruit squashes
High Juice Fruit Squash,Fruit; tropical fresh nes,food_commodity_token,fruit  tropical fresh nes,fruit squashes
Real Fruit Squash,Fruit; tropical fresh nes,food_commodity_token,fruit  tropical fresh nes,fruit squashes
Regular Fruit Squash,Fruit; tropical fresh nes,food_commodity_token,fruit  tropical fresh nes,fruit squashes
Whole Fruit Squash,Fruit; tropical fresh nes,food_commodity_token,fruit  tropical fresh nes,fruit squashes
1 Litre Standard Ice-Cream,"Butter, Cream & Ghee",food_commodity_token,butter  cream   ghee,ice cream tubs+handheld mltpck
2 Litre Standard Ice-Cream,"Butter, Cream & Ghee",food_commodity_token,butter  cream   ghee,ice cream tubs+handheld mltpck
3 Litre+Over Standrd Ice-Cream,"Butter, Cream & Ghee",food_commodity_token,butter  cream   ghee,ice cream tubs+handheld mltpck
Choc Ices,ice cream tubs+handheld mltpck,original_mapping,ice cream tubs handheld mltpck,ice cream tubs+handheld mltpck
Complete Ice-Cream Desserts,"Butter, Cream & Ghee",food_commodity_token,butter  cream   ghee,ice cream tubs+handheld mltpck
Filled Cones,ice cream tubs+handheld mltpck,original_mapping,ice cream tubs handheld mltpck,ice cream tubs+handheld mltpck
Filled Ice-Cream Cones,"Butter, Cream & Ghee",food_commodity_token,butter  cream   ghee,ice cream tubs+handheld mltpck
Ice Cream 4 Litres and over,Meat; goose and guinea fowl,food_commodity_token,meat  goose and guinea fowl,ice cream tubs+handheld mltpck
Ice Cream Cups/Tubs,"Butter, Cream & Ghee",food_commodity_token,butter  cream   ghee,ice cream tubs+handheld mltpck
Ice Cream Healthy,"Butter, Cream & Ghee",food_commodity_token,butter  cream   ghee,ice cream tubs+handheld mltpck
Ice Cream Non-Barcoded,"Butter, Cream & Ghee",food_commodity_token,butter  cream   ghee,ice cream tubs+handheld mltpck
Ice Cream Sorbet,"Butter, Cream & Ghee",food_commodity_token,butter  cream   ghee,ice cream tubs+handheld mltpck
Lollies,ice cream tubs+handheld mltpck,original_mapping,ice cream tubs handheld mltpck,ice cream tubs+handheld mltpck
Other Ice-Cream Multipacks,Eggs; other bird; in shell,food_commodity_token,eggs  other bird  in shell,ice cream tubs+handheld mltpck
Premium Ice-Cream,"Butter, Cream & Ghee",food_commodity_token,butter  cream   ghee,ice cream tubs+handheld mltpck
Up to 1 Litre Stndrd Ice-Cream,"Butter, Cream & Ghee",food_commodity_token,butter  cream   ghee,ice cream tubs+handheld mltpck
Milk Buttermilk Other Type,Eggs; other bird; in shell,food_commodity_token,eggs  other bird  in shell,milk - retail
Milk Modified Pasteurised,Milk; whole fresh cow,food_commodity_token,milk  whole fresh cow,milk - retail
Milk Modified U.H.T.,Milk; whole fresh cow,food_commodity_token,milk  whole fresh cow,milk - retail
Milk Non Other Type,Eggs; other bird; in shell,food_commodity_token,eggs  other bird  in shell,milk - retail
Milk Other Type,Eggs; other bird; in shell,food_commodity_token,eggs  other bird  in shell,milk - retail
Milk Pasteurised,Milk; whole fresh cow,food_commodity_token,milk  whole fresh cow,milk - retail
Milk Semi-Skimmed Filtered,Milk; whole fresh cow,food_commodity_token,milk  whole fresh cow,milk - retail
Milk Semi-Skimmed Pasteurised,Milk; whole fresh cow,food_commodity_token,milk  whole fresh cow,milk - retail
Milk Semi-Skimmed Sterilised,Milk; whole fresh cow,food_commodity_token,milk  whole fresh cow,
Milk Semi-Skimmed U.H.T.,Milk; whole fresh cow,food_commodity_token,milk  whole fresh cow,milk - retail
Milk Skimmed Filtered,Milk; whole fresh cow,food_commodity_token,milk  whole fresh cow,milk - retail
Milk Skimmed Pasteurised,Milk; whole fresh cow,food_commodity_token,milk  whole fresh cow,milk - retail
Milk Skimmed Sterilised,Milk; whole fresh cow,food_commodity_token,milk  whole fresh cow,milk - retail
Milk Skimmed U.H.T.,Milk; whole fresh cow,food_commodity_token,milk  whole fresh cow,milk - retail
Milk Soya,Milk; whole fresh cow,food_commodity_token,milk  whole fresh cow,milk - retail
Milk Whole Filtered,Milk; whole fresh cow,food_commodity_token,milk  whole fresh cow,milk - retail
Milk Whole Pasteurised,Milk; whole fresh cow,food_commodity_token,milk  whole fresh cow,milk - retail
Milk Whole Sterilised,Milk; whole fresh cow,food_commodity_token,milk  whole fresh cow,milk - retail
Milk Whole U.H.T.,Milk; whole fresh cow,food_commodity_token,milk  whole fresh cow,milk - retail
Total Mil Rice Drin Other Type,Eggs; other bird; in shell,food_commodity_token,eggs  other bird  in shell,milk - retail
Total Mil Semi-Skim Other Type,Eggs; other bird; in shell,food_commodity_token,eggs  other bird  in shell,milk - retail
Total Mil Soya Milk Other Type,Eggs; other bird; in shell,food_commodity_token,eggs  other bird  in shell,milk - retail
Total Mil Specific Low U.H.T.,milk - retail,original_mapping,milk   retail,milk - retail
Total Mil Specific Pasteurise,milk - retail,original_mapping,milk   retail,milk - retail
Total Milk Buttermilk U.H.T.,Milk; whole fresh cow,food_commodity_token,milk  whole fresh cow,milk - retail
Total Milk Rice Drink U.H.T.,Milk; whole fresh cow,food_commodity_token,milk  whole fresh cow,milk - retail
Total Toothbrushes,,unmapped,,
Fruit/Salt Upset Stomach Powdr,Fruit; tropical fresh nes,food_commodity_token,fruit  tropical fresh nes,
Health Upset Stmch Slt/Pwdr,,unmapped,,
Liquid Upset Stomach Remedy,,unmapped,,
Lmn Pwdr Upset Stomach Remedy,,unmapped,,
Lmn Tblt Upset Stomach Remedy,,unmapped,,
Original Upset Stomach Tablet,,unmapped,,
Upset Stomach Remedy Powder,,unmapped,,
Upset Stomach Remedy Salt/Pwdr,,unmapped,,
Upset Stomach Remedy Tablets,,unmapped,,
Asparagus Spears/Other,Asparagus,food_commodity_phrase,asparagus,vegetables - asparagus etc
Asparagus Tips,Asparagus,food_commodity_phrase,asparagus,vegetables - asparagus etc
Avocado,Avocados,food_commodity_fuzzy,avocados,vegetables - asparagus etc
Beans,Broad beans; horse beans; dry,food_commodity_token,broad beans  horse beans  dry,vegetables - beans etc
Broccoli Purple,Cauliflowers and broccoli,food_commodity_token,cauliflowers and broccoli,ambient vegetables-other veg
Cabbage Pnted/Crispy,ambient vegetables-other veg,original_mapping,ambient vegetables other veg,ambient vegetables-other veg
Cauliflower Baby,ambient vegetables-other veg,original_mapping,ambient vegetables other veg,ambient vegetables-other veg
Cauliflower Whlhds/Other,Eggs; other bird; in shell,food_commodity_token,eggs  other bird  in shell,ambient vegetables-other veg
Lettuce Lollo Rosso,Lettuce and chicory,food_commodity_token,lettuce and chicory,vegetables - lettuce
Mixed Pack-Baby Veg,Grain; mixed,food_commodity_token,grain  mixed,ambient vegetables-other veg
Mixed Pack-Brassicas,Cabbages and other brassicas,food_commodity_token,cabbages and other brassicas,ambient vegetables-other veg
Mixed Pack-Root Crops,Grain; mixed,food_commodity_token,grain  mixed,vegetables - roots etc
New Potatoes,Potatoes,food_commodity_phrase,potatoes,vegetables - potatoes
Old Potatoes,Potatoes,food_commodity_phrase,potatoes,vegetables - potatoes
Onions Cooking Other,Eggs; other bird; in shell,food_commodity_token,eggs  other bird  in shell,vegetables - onions
Onions Cooking Red,Onions; shallots; green,food_commodity_token,onions  shallots  green,vegetables - onions
Onions Cooking White,Onions; shallots; green,food_commodity_token,onions  shallots  green,vegetables - onions
Spring Greens Baby,ambient vegetables-other veg,original_mapping,ambient vegetables other veg,ambient vegetables-other veg
Spring Greens-Other,Eggs; other bird; in shell,food_commodity_token,eggs  other bird  in shell,ambient vegetables-other veg
Sweetcorn Baby,ambient vegetables-sweetcorn,original_mapping,ambient vegetables sweetcorn,ambient vegetables-sweetcorn
Sweetcorn Other,Eggs; other bird; in shell,food_commodity_token,eggs  other bird  in shell,ambient vegetables-sweetcorn
Vegetabl Brussel S Brussel Sp,ambient vegetables-other veg,original_mapping,ambient vegetables other veg,ambient vegetables-other veg
Vegetable Artichoke Artichokes,Artichokes,food_commodity_phrase,artichokes,ambient vegetables-other veg
Vegetable Artichokes,Artichokes,food_commodity_phrase,artichokes,ambient vegetables-other veg
Vegetable Asparagus Asparagus,Asparagus,food_commodity_phrase,asparagus,vegetables - asparagus etc
Vegetable Asparagus Extra Fine,Asparagus,food_commodity_phrase,asparagus,vegetables - asparagus etc
Vegetable Aubergine Aubergines,Eggplants (aubergines),food_commodity_token,eggplants  aubergines,ambient vegetables-other veg
Vegetable Aubergines,Eggplants (aubergines),food_commodity_token,eggplants  aubergines,ambient vegetables-other veg
Vegetable Avocado Avocado Baby,ambient vegetables-other veg,original_mapping,ambient vegetables other veg,ambient vegetables-other veg
Vegetable Avocado Avocado Larg,ambient vegetables-other veg,original_mapping,ambient vegetables other veg,ambient vegetables-other veg
Vegetable Avocado Avocado Medi,ambient vegetables-other veg,original_mapping,ambient vegetables other veg,ambient vegetables-other veg
Vegetable Avocado Avocado Smal,ambient vegetables-other veg,original_mapping,ambient vegetables other veg,ambient vegetables-other veg
Vegetable Avocado Baby,ambient vegetables-other veg,original_mapping,ambient vegetables other veg,ambient vegetables-other veg
Vegetable Avocado Fairtrade,ambient vegetables-other veg,original_mapping,ambient vegetables other veg,ambient vegetables-other veg
Vegetable Avocado Fairtrade Av,ambient vegetables-other veg,original_mapping,ambient vegetables other veg,ambient vegetables-other veg
Vegetable Avocado Ripe,ambient vegetables-other veg,original_mapping,ambient vegetables other veg,ambient vegetables-other veg
Vegetable Baby Brussel Sprouts,ambient vegetables-other veg,original_mapping,ambient vegetables other veg,ambient vegetables-other veg
Vegetable Baking Potatoes,Potatoes,food_commodity_phrase,potatoes,vegetables - potatoes
Vegetable Basil,ambient vegetables-other veg,original_mapping,ambient vegetables other veg,ambient vegetables-other veg
Vegetable Bean Sprouts,vegetables - beans etc,original_mapping,vegetables   beans etc,vegetables - beans etc
Vegetable Beans Baby,Broad beans; horse beans; dry,food_commodity_token,broad beans  horse beans  dry,vegetables - beans etc
Vegetable Beans Broad,Broad beans; horse beans; dry,food_commodity_token,broad beans  horse beans  dry,vegetables - beans etc
Vegetable Beans Dwarf/Green,Broad beans; horse beans; dry,food_commodity_token,broad beans  horse beans  dry,vegetables - beans etc
Vegetable Beans Extra Fine,Broad beans; horse beans; dry,food_commodity_token,broad beans  horse beans  dry,vegetables - beans etc
Vegetable Beans Fairtrade,Broad beans; horse beans; dry,food_commodity_token,broad beans  horse beans  dry,vegetables - beans etc
Vegetable Beans Fine,Broad beans; horse beans; dry,food_commodity_token,broad beans  horse beans  dry,vegetables - beans etc
Vegetable Beans Flat/String,Broad beans; horse beans; dry,food_commodity_token,broad beans  horse beans  dry,vegetables - beans etc
Vegetable Beans Mixed Pack-Oth,Broad beans; horse beans; dry,food_commodity_token,broad beans  horse beans  dry,vegetables - beans etc
Vegetable Beans Other,Broad beans; horse beans; dry,food_commodity_token,broad beans  horse beans  dry,vegetables - beans etc
Vegetable Beans Runner,Broad beans; horse beans; dry,food_commodity_token,broad beans  horse beans  dry,vegetables - beans etc
Vegetable Beetroot Baby,ambient vegetables-other veg,original_mapping,ambient vegetables other veg,ambient vegetables-other veg
Vegetable Beetroot Fresh,Fruit; tropical fresh nes,food_commodity_token,fruit  tropical fresh nes,ambient vegetables-other veg
Vegetable Beetroot Golden,ambient vegetables-other veg,original_mapping,ambient vegetables other veg,ambient vegetables-other veg
Vegetable Beetroot Vac-Pack,ambient vegetables-other veg,original_mapping,ambient vegetables other veg,ambient vegetables-other veg
Vegetable Broccoli Broccoli Pu,Cauliflowers and broccoli,food_commodity_token,cauliflowers and broccoli,ambient vegetables-other veg
Vegetable Broccoli Florets,Cauliflowers and broccoli,food_commodity_token,cauliflowers and broccoli,ambient vegetables-other veg
Vegetable Broccoli Other,Eggs; other bird; in shell,food_commodity_token,eggs  other bird  in shell,ambient vegetables-other veg
Vegetable Broccoli Tenderstem,Cauliflowers and broccoli,food_commodity_token,cauliflowers and broccoli,ambient vegetables-other veg
Vegetable Brussel S Brussel Sp,ambient vegetables-other veg,original_mapping,ambient vegetables other veg,ambient vegetables-other veg
Vegetable Brussel Sprouts,ambient vegetables-other veg,original_mapping,ambient vegetables other veg,ambient vegetables-other veg
Vegetable Cabbage Baby,ambient vegetables-other veg,original_mapping,ambient vegetables other veg,ambient vegetables-other veg
Vegetable Cabbage Cabbage Cavo,ambient vegetables-other veg,original_mapping,ambient vegetables other veg,ambient vegetables-other veg
Vegetable Cabbage Cabbage Choi,ambient vegetables-other veg,original_mapping,ambient vegetables other veg,ambient vegetables-other veg
Vegetable Cabbage Cabbage Janu,ambient vegetables-other veg,original_mapping,ambient vegetables other veg,ambient vegetables-other veg
Vegetable Cabbage Green,Chillies and peppers; green,food_commodity_token,chillies and peppers  green,ambient vegetables-other veg
Vegetable Cabbage Halves,ambient vegetables-other veg,original_mapping,ambient vegetables other veg,ambient vegetables-other veg
Vegetable Cabbage Other,Eggs; other bird; in shell,food_commodity_token,eggs  other bird  in shell,ambient vegetables-other veg
Vegetable Cabbage Red,ambient vegetables-other veg,original_mapping,ambient vegetables other veg,ambient vegetables-other veg
Vegetable Cabbage Savoy,ambient vegetables-other veg,original_mapping,ambient vegetables other veg,ambient vegetables-other veg
Vegetable Cabbage Spring,ambient vegetables-other veg,original_mapping,ambient vegetables other veg,ambient vegetables-other veg
Vegetable Cabbage White,ambient vegetables-other veg,original_mapping,ambient vegetables other veg,ambient vegetables-other veg
Vegetable Carrots Baby,Carrots and turnips,food_commodity_token,carrots and turnips,vegetables - carrots
Vegetable Carrots Bunch,Carrots and turnips,food_commodity_token,carrots and turnips,vegetables - carrots
Vegetable Carrots Carrots Baby,Carrots and turnips,food_commodity_token,carrots and turnips,vegetables - carrots
Vegetable Carrots Carrots Tops,Carrots and turnips,food_commodity_token,carrots and turnips,vegetables - carrots
Vegetable Carrots Chantenay,Carrots and turnips,food_commodity_token,carrots and turnips,vegetables - carrots
Vegetable Carrots Other,Eggs; other bird; in shell,food_commodity_token,eggs  other bird  in shell,vegetables - carrots
Vegetable Carrots Purple,Carrots and turnips,food_commodity_token,carrots and turnips,vegetables - carrots
Vegetable Cauliflow Cauliflowe,ambient vegetables-other veg,original_mapping,ambient vegetables other veg,ambient vegetables-other veg
Vegetable Cauliflower,ambient vegetables-other veg,original_mapping,ambient vegetables other veg,ambient vegetables-other veg
Vegetable Celeriac,ambient vegetables-other veg,original_mapping,ambient vegetables other veg,ambient vegetables-other veg
Vegetable Celery Celery Hearts,ambient vegetables-other veg,original_mapping,ambient vegetables other veg,ambient vegetables-other veg
Vegetable Celery Celery Other,Eggs; other bird; in shell,food_commodity_token,eggs  other bird  in shell,ambient vegetables-other veg
Vegetable Celery Celery Sticks,ambient vegetables-other veg,original_mapping,ambient vegetables other veg,ambient vegetables-other veg
Vegetable Chicory,Lettuce and chicory,food_commodity_token,lettuce and chicory,ambient vegetables-other veg
Vegetable Chillies Chillies Ch,Chillies and peppers; dry,food_commodity_token,chillies and peppers  dry,ambient vegetables-other veg
Vegetable Chillies Chillies Fi,Chillies and peppers; dry,food_commodity_token,chillies and peppers  dry,ambient vegetables-other veg
Vegetable Chillies Chillies Ro,Chillies and peppers; dry,food_commodity_token,chillies and peppers  dry,ambient vegetables-other veg
Vegetable Chillies Chillies Sc,Chillies and peppers; dry,food_commodity_token,chillies and peppers  dry,ambient vegetables-other veg
Vegetable Chillies Green,Chillies and peppers; dry,food_commodity_token,chillies and peppers  dry,ambient vegetables-other veg
Vegetable Chillies Mixed,Chillies and peppers; dry,food_commodity_token,chillies and peppers  dry,ambient vegetables-other veg
Vegetable Chillies Other,Eggs; other bird; in shell,food_commodity_token,eggs  other bird  in shell,ambient vegetables-other veg
Vegetable Chillies Red,Chillies and peppers; dry,food_commodity_token,chillies and peppers  dry,ambient vegetables-other veg
Vegetable Chinese Leaves,ambient vegetables-other veg,original_mapping,ambient vegetables other veg,ambient vegetables-other veg
Vegetable Chives,ambient vegetables-other veg,original_mapping,ambient vegetables other veg,ambient vegetables-other veg
Vegetable Chives Other Herbs,Eggs; other bird; in shell,food_commodity_token,eggs  other bird  in shell,ambient vegetables-other veg
Vegetable Coriander,Anise; badian; fennel; coriander,food_commodity_token,anise  badian  fennel  coriander,ambient vegetables-other veg
Vegetable Courgette Courgettes,ambient vegetables-other veg,original_mapping,ambient vegetables other veg,ambient vegetables-other veg
Vegetable Courgettes,ambient vegetables-other veg,original_mapping,ambient vegetables other veg,ambient vegetables-other veg
Vegetable Cucumber Half,vegetables - cucumber,original_mapping,vegetables   cucumber,vegetables - cucumber
Vegetable Cucumber Whole,Milk; whole fresh cow,food_commodity_token,milk  whole fresh cow,vegetables - cucumber
Vegetable Dill,ambient vegetables-other veg,original_mapping,ambient vegetables other veg,ambient vegetables-other veg
Vegetable Endive,ambient vegetables-other veg,original_mapping,ambient vegetables other veg,ambient vegetables-other veg
Vegetable Fennel,Anise; badian; fennel; coriander,food_commodity_token,anise  badian  fennel  coriander,ambient vegetables-other veg
Vegetable Fenugreek,ambient vegetables-other veg,original_mapping,ambient vegetables other veg,ambient vegetables-other veg
Vegetable Garlic,Garlic,food_commodity_phrase,garlic,ambient vegetables-other veg
Vegetable Ginger,Ginger,food_commodity_phrase,ginger,ambient vegetables-other veg
Vegetable Herb Selection,ambient vegetables-other veg,original_mapping,ambient vegetables other veg,ambient vegetables-other veg
Vegetable Kale,ambient vegetables-other veg,original_mapping,ambient vegetables other veg,ambient vegetables-other veg
Vegetable Kale Kale Baby,ambient vegetables-other veg,original_mapping,ambient vegetables other veg,ambient vegetables-other veg
Vegetable Kalettes,ambient vegetables-other veg,original_mapping,ambient vegetables other veg,ambient vegetables-other veg
Vegetable Leeks,Leeks; other alliaceous vegetables,food_commodity_token,leeks  other alliaceous vegetables,ambient vegetables-other veg
Vegetable Leeks Baby,Leeks; other alliaceous vegetables,food_commodity_token,leeks  other alliaceous vegetables,ambient vegetables-other veg
Vegetable Lemongrass,ambient vegetables-other veg,original_mapping,ambient vegetables other veg,ambient vegetables-other veg
Vegetable Lettuce Cos,Lettuce and chicory,food_commodity_token,lettuce and chicory,vegetables - lettuce
Vegetable Lettuce Crisp,Lettuce and chicory,food_commodity_token,lettuce and chicory,vegetables - lettuce
Vegetable Lettuce Curl,Lettuce and chicory,food_commodity_token,lettuce and chicory,vegetables - lettuce
Vegetable Lettuce Iceberg,Lettuce and chicory,food_commodity_token,lettuce and chicory,vegetables - lettuce
Vegetable Lettuce Lettuce Cos,Lettuce and chicory,food_commodity_token,lettuce and chicory,vegetables - lettuce
Vegetable Lettuce Lettuce Red,Lettuce and chicory,food_commodity_token,lettuce and chicory,vegetables - lettuce
Vegetable Lettuce Lettuce Rock,Lettuce and chicory,food_commodity_token,lettuce and chicory,vegetables - lettuce
Vegetable Lettuce Lettuce Roma,Lettuce and chicory,food_commodity_token,lettuce and chicory,vegetables - lettuce
Vegetable Lettuce Little,Lettuce and chicory,food_commodity_token,lettuce and chicory,vegetables - lettuce
Vegetable Lettuce Other,Eggs; other bird; in shell,food_commodity_token,eggs  other bird  in shell,vegetables - lettuce
Vegetable Lettuce Round,Lettuce and chicory,food_commodity_token,lettuce and chicory,vegetables - lettuce
Vegetable Lettuce Webb,Lettuce and chicory,food_commodity_token,lettuce and chicory,vegetables - lettuce
Vegetable Marjoram,ambient vegetables-other veg,original_mapping,ambient vegetables other veg,ambient vegetables-other veg
Vegetable Marrow,ambient vegetables-other veg,original_mapping,ambient vegetables other veg,ambient vegetables-other veg
Vegetable Mint,ambient vegetables-other veg,original_mapping,ambient vegetables other veg,ambient vegetables-other veg
Vegetable Mint Basil,ambient vegetables-other veg,original_mapping,ambient vegetables other veg,ambient vegetables-other veg
Vegetable Mixed Pac Mixed Pack,Grain; mixed,food_commodity_token,grain  mixed,ambient vegetables-other veg
Vegetable Mixed Pac Mixed Pck,Grain; mixed,food_commodity_token,grain  mixed,ambient vegetables-other veg
Vegetable Mushroom Brown/Chest,vegetables - mushrooms,original_mapping,vegetables   mushrooms,vegetables - mushrooms
Vegetable Mushroom Button/Clos,vegetables - mushrooms,original_mapping,vegetables   mushrooms,vegetables - mushrooms
Vegetable Mushroom Exotic Mush,vegetables - mushrooms,original_mapping,vegetables   mushrooms,vegetables - mushrooms
Vegetable Mushroom Flat/Open M,vegetables - mushrooms,original_mapping,vegetables   mushrooms,vegetables - mushrooms
Vegetable Mushroom Oyster Mush,vegetables - mushrooms,original_mapping,vegetables   mushrooms,vegetables - mushrooms
Vegetable Mushroom Portabello,vegetables - mushrooms,original_mapping,vegetables   mushrooms,vegetables - mushrooms
Vegetable Mushroom Shitake Mus,vegetables - mushrooms,original_mapping,vegetables   mushrooms,vegetables - mushrooms
Vegetable Mushroom Sliced Mush,vegetables - mushrooms,original_mapping,vegetables   mushrooms,vegetables - mushrooms
Vegetable Mushroom Value Mushr,vegetables - mushrooms,original_mapping,vegetables   mushrooms,vegetables - mushrooms
Vegetable Mustard+Cress,Mustard seed,food_commodity_token,mustard seed,ambient vegetables-other veg
Vegetable New Potat New Potato,vegetables - potatoes,original_mapping,vegetables   potatoes,vegetables - potatoes
Vegetable New Potatoes,Potatoes,food_commodity_phrase,potatoes,vegetables - potatoes
Vegetable Okra,ambient vegetables-other veg,original_mapping,ambient vegetables other veg,ambient vegetables-other veg
Vegetable Old Potat Old Potato,vegetables - potatoes,original_mapping,vegetables   potatoes,vegetables - potatoes
Vegetable Old Potatoes,Potatoes,food_commodity_phrase,potatoes,vegetables - potatoes
Vegetable Onions All Other,Eggs; other bird; in shell,food_commodity_token,eggs  other bird  in shell,vegetables - onions
Vegetable Onions Cooking Large,Onions; shallots; green,food_commodity_token,onions  shallots  green,vegetables - onions
Vegetable Onions Pickling,Onions; shallots; green,food_commodity_token,onions  shallots  green,vegetables - onions
Vegetable Onions Shallot,Onions; shallots; green,food_commodity_token,onions  shallots  green,vegetables - onions
Vegetable Onions Sweet,Onions; shallots; green,food_commodity_token,onions  shallots  green,vegetables - onions
Vegetable Oregano,ambient vegetables-other veg,original_mapping,ambient vegetables other veg,ambient vegetables-other veg
Vegetable Other,Eggs; other bird; in shell,food_commodity_token,eggs  other bird  in shell,vegetables - onions
Vegetable Other Brassica,Eggs; other bird; in shell,food_commodity_token,eggs  other bird  in shell,vegetables - onions
Vegetable Other Her Lettuce Ro,Eggs; other bird; in shell,food_commodity_token,eggs  other bird  in shell,herbs and spices
Vegetable Other Herbs,Eggs; other bird; in shell,food_commodity_token,eggs  other bird  in shell,herbs and spices
Vegetable Other New Potatoes,Potatoes,food_commodity_phrase,potatoes,vegetables - potatoes
Vegetable Other Old Potatoes,Potatoes,food_commodity_phrase,potatoes,vegetables - potatoes
Vegetable Other Other Vegetabl,Eggs; other bird; in shell,food_commodity_token,eggs  other bird  in shell,vegetables - onions
Vegetable Other Pot Old Potato,Eggs; other bird; in shell,food_commodity_token,eggs  other bird  in shell,vegetables - potatoes
Vegetable Other Root Crops,Eggs; other bird; in shell,food_commodity_token,eggs  other bird  in shell,vegetables - roots etc
Vegetable Other Sweet Potatoes,Potatoes,food_commodity_phrase,potatoes,ambient vegetables-other veg
Vegetable Other Vegetables,Eggs; other bird; in shell,food_commodity_token,eggs  other bird  in shell,ambient vegetables-other veg
Vegetable Pak Choi,ambient vegetables-other veg,original_mapping,ambient vegetables other veg,ambient vegetables-other veg
Vegetable Parsley-Curly,ambient vegetables-other veg,original_mapping,ambient vegetables other veg,ambient vegetables-other veg
Vegetable Parsley-F Parsley-Cu,ambient vegetables-other veg,original_mapping,ambient vegetables other veg,ambient vegetables-other veg
Vegetable Parsley-Flat Leaf,ambient vegetables-other veg,original_mapping,ambient vegetables other veg,ambient vegetables-other veg
Vegetable Parsnips,ambient vegetables-other veg,original_mapping,ambient vegetables other veg,ambient vegetables-other veg
Vegetable Peas Mangetout,Chick peas,food_commodity_token,chick peas,ambient vegetables-other veg
Vegetable Peas Other,Eggs; other bird; in shell,food_commodity_token,eggs  other bird  in shell,ambient vegetables-other veg
Vegetable Peas Sugarsnap,Chick peas,food_commodity_token,chick peas,ambient vegetables-other veg
Vegetable Pepper Green,Chillies and peppers; green,food_commodity_token,chillies and peppers  green,vegetables - peppers
Vegetable Pepper Large,Pepper (piper spp.),food_commodity_token,pepper  piper spp,vegetables - peppers
Vegetable Pepper Loose,Pepper (piper spp.),food_commodity_token,pepper  piper spp,vegetables - peppers
Vegetable Pepper Orange,Pepper (piper spp.),food_commodity_token,pepper  piper spp,vegetables - peppers
Vegetable Pepper Other,Eggs; other bird; in shell,food_commodity_token,eggs  other bird  in shell,vegetables - peppers
Vegetable Pepper Prepacked,Pepper (piper spp.),food_commodity_token,pepper  piper spp,vegetables - peppers
Vegetable Pepper Red,Pepper (piper spp.),food_commodity_token,pepper  piper spp,vegetables - peppers
Vegetable Pepper Small,Pepper (piper spp.),food_commodity_token,pepper  piper spp,vegetables - peppers
Vegetable Pepper Specialty,Pepper (piper spp.),food_commodity_token,pepper  piper spp,vegetables - peppers
Vegetable Pepper Traffic Light,Pepper (piper spp.),food_commodity_token,pepper  piper spp,vegetables - peppers
Vegetable Pepper Yellow,Pepper (piper spp.),food_commodity_token,pepper  piper spp,vegetables - peppers
Vegetable Peppers Peppers Baby,Chillies and peppers; dry,food_commodity_token,chillies and peppers  dry,vegetables - peppers
Vegetable Peppers Peppers Rami,Chillies and peppers; dry,food_commodity_token,chillies and peppers  dry,vegetables - peppers
Vegetable Pumpkin,ambient vegetables-other veg,original_mapping,ambient vegetables other veg,ambient vegetables-other veg
Vegetable Radish,ambient vegetables-other veg,original_mapping,ambient vegetables other veg,ambient vegetables-other veg
Vegetable Raw Beetroot,ambient vegetables-other veg,original_mapping,ambient vegetables other veg,ambient vegetables-other veg
Vegetable Rosemary,herbs and spices,original_mapping,herbs and spices,herbs and spices
Vegetable Sage,herbs and spices,original_mapping,herbs and spices,herbs and spices
Vegetable Spinach,Spinach,food_commodity_phrase,spinach,ambient vegetables-other veg
Vegetable Spinach Baby,Spinach,food_commodity_phrase,spinach,ambient vegetables-other veg
Vegetable Spring Onions,Onions; shallots; green,food_commodity_token,onions  shallots  green,ambient vegetables-other veg
Vegetable Squash,Pumpkins; squash and gourds,food_commodity_token,pumpkins  squash and gourds,vegetables - roots etc
Vegetable Swedes,vegetables - roots etc,original_mapping,vegetables   roots etc,vegetables - roots etc
Vegetable Swedes Baby,vegetables - roots etc,original_mapping,vegetables   roots etc,vegetables - roots etc
Vegetable Swedes Portion,vegetables - roots etc,original_mapping,vegetables   roots etc,vegetables - roots etc
Vegetable Sweet Potatoes,Potatoes,food_commodity_phrase,potatoes,vegetables - roots etc
Vegetable Sweetcorn Sweetcorn,ambient vegetables-sweetcorn,original_mapping,ambient vegetables sweetcorn,ambient vegetables-sweetcorn
Vegetable Tarragon,herbs and spices,original_mapping,herbs and spices,herbs and spices
Vegetable Thyme,herbs and spices,original_mapping,herbs and spices,herbs and spices
Vegetable Tomato Cherry,vegetables - tomatoes,original_mapping,vegetables   tomatoes,vegetables - tomatoes
Vegetable Tomato Fairtrade Tom,vegetables - tomatoes,original_mapping,vegetables   tomatoes,vegetables - tomatoes
Vegetable Tomato Mixed,Grain; mixed,food_commodity_token,grain  mixed,vegetables - tomatoes
Vegetable Tomato Ordinary,vegetables - tomatoes,original_mapping,vegetables   tomatoes,vegetables - tomatoes
Vegetable Tomato Thick Flesh,vegetables - tomatoes,original_mapping,vegetables   tomatoes,vegetables - tomatoes
Vegetable Tomato Tomato Baby P,vegetables - tomatoes,original_mapping,vegetables   tomatoes,vegetables - tomatoes
Vegetable Tomato Tomato Cherry,vegetables - tomatoes,original_mapping,vegetables   tomatoes,vegetables - tomatoes
Vegetable Tomato Tomato Piccol,vegetables - tomatoes,original_mapping,vegetables   tomatoes,vegetables - tomatoes
Vegetable Tomato Tomato Plum B,vegetables - tomatoes,original_mapping,vegetables   tomatoes,vegetables - tomatoes
Vegetable Tomato Tomato Plum O,vegetables - tomatoes,original_mapping,vegetables   tomatoes,vegetables - tomatoes
Vegetable Tomato Vine,vegetables - tomatoes,original_mapping,vegetables   tomatoes,vegetables - tomatoes
Vegetable Turnips,Carrots and turnips,food_commodity_token,carrots and turnips,vegetables - roots etc
Vegetable Turnips Bab Turnips,Carrots and turnips,food_commodity_token,carrots and turnips,vegetables - roots etc
Vegetable Watercress,Water,food_commodity_phrase,water,ambient vegetables-other veg
Antipasti Ambient,vegetable in a jar,original_mapping,vegetable in a jar,vegetable in a jar
Antipasti Chilled,vegetable in a jar,original_mapping,vegetable in a jar,vegetable in a jar
Vegetable in Jar,vegetable in a jar,original_mapping,vegetable in a jar,vegetable in a jar
Vinegar Balsamic Vinegar,vinegar,original_mapping,vinegar,vinegar
Vinegar Brown/Malt,vinegar,original_mapping,vinegar,vinegar
Vinegar Other Vinegar,Eggs; other bird; in shell,food_commodity_token,eggs  other bird  in shell,vinegar
Fish Oil Supplements,Fish,food_commodity_phrase,fish,
Garlic Supplements,Garlic,food_commodity_phrase,garlic,
Other Vitamin Supplements,Eggs; other bird; in shell,food_commodity_token,eggs  other bird  in shell,
Royal Jelly Supplements,,unmapped,,
Single Vitamin Supplements,,unmapped,,
Vitamins+Minerals Non Barcoded,,unmapped,,
Vitamins.Miner 50 Plus Multivi,,unmapped,,
Vitamins.Miner Pregnancy Multi,,unmapped,,
Vitamins.Minera Vitamin E Oil,Oil palm fruit,food_commodity_token,oil palm fruit,
Vitamins.Minerals/s Vitamin A,,unmapped,,
Vtm Mnrl Glucosamine,,unmapped,,
Vtm Mnrl/Splmnt Adult Multvtm,,unmapped,,
Vtm Mnrl/Splmnt Chldrn Multvtm,,unmapped,,
Vtm Mnrl/Splmnt Cod Liver Oil,Oil palm fruit,food_commodity_token,oil palm fruit,
Vtm Mnrl/Splmnt Hrbl Splmnt,,unmapped,,
Vtm Mnrl/Splmnt Mineral,,unmapped,,
Vtm Mnrl/Splmnt Vitamin B,,unmapped,,
Vtm Mnrl/Splmnt Vitamin C,,unmapped,,
Vtm Mnrl/Splmnt Vitamin D,,unmapped,,
Vtm Mnrl/Spplmnts GLA,,unmapped,,
Vtm Mnrl/Spplmnts Vitamin E,,unmapped,,
Wash Additives,,unmapped,,
Dishwasher Product,,unmapped,,
Dishwashers,,unmapped,,
Rinse Aids,,unmapped,,
Washing Up Liquids,,unmapped,,
Washing Up Prods Non Barcoded,,unmapped,,
Wshng Up Prodct Pre-Wsh Trtmnt,,unmapped,,
Fresh Cod,Fruit; tropical fresh nes,food_commodity_token,fruit  tropical fresh nes,fish - fresh wet/smoked/shell
Fresh Coley,Fruit; tropical fresh nes,food_commodity_token,fruit  tropical fresh nes,fish - fresh wet/smoked/shell
Fresh Haddock,Fruit; tropical fresh nes,food_commodity_token,fruit  tropical fresh nes,fish - fresh wet/smoked/shell
Fresh Hake,Fruit; tropical fresh nes,food_commodity_token,fruit  tropical fresh nes,fish - fresh wet/smoked/shell
Fresh Herring,Fruit; tropical fresh nes,food_commodity_token,fruit  tropical fresh nes,fish - fresh wet/smoked/shell
Fresh Hoki,Fruit; tropical fresh nes,food_commodity_token,fruit  tropical fresh nes,fish - fresh wet/smoked/shell
Fresh Kippers,Fruit; tropical fresh nes,food_commodity_token,fruit  tropical fresh nes,fish - fresh wet/smoked/shell
Fresh Mackerel,Fruit; tropical fresh nes,food_commodity_token,fruit  tropical fresh nes,fish - fresh wet/smoked/shell
Fresh Other Natural Fish,Fish,food_commodity_phrase,fish,fish - fresh wet/smoked/shell
Fresh Other Smoked Fish,Fish,food_commodity_phrase,fish,fish - fresh wet/smoked/shell
Fresh Plaice,Fruit; tropical fresh nes,food_commodity_token,fruit  tropical fresh nes,fish - fresh wet/smoked/shell
Fresh Rock Salmon,Fruit; tropical fresh nes,food_commodity_token,fruit  tropical fresh nes,fish - fresh wet/smoked/shell
Fresh Salmon,Fruit; tropical fresh nes,food_commodity_token,fruit  tropical fresh nes,fish - fresh wet/smoked/shell
Fresh Skate,Fruit; tropical fresh nes,food_commodity_token,fruit  tropical fresh nes,fish - fresh wet/smoked/shell
Fresh Smoked Cod,Fruit; tropical fresh nes,food_commodity_token,fruit  tropical fresh nes,fish - fresh wet/smoked/shell
Fresh Smoked Coley,Fruit; tropical fresh nes,food_commodity_token,fruit  tropical fresh nes,fish - fresh wet/smoked/shell
Fresh Smoked Haddock,Fruit; tropical fresh nes,food_commodity_token,fruit  tropical fresh nes,fish - fresh wet/smoked/shell
Fresh Smoked Hake,Fruit; tropical fresh nes,food_commodity_token,fruit  tropical fresh nes,fish - fresh wet/smoked/shell
Fresh Smoked Mackerel,Fruit; tropical fresh nes,food_commodity_token,fruit  tropical fresh nes,fish - fresh wet/smoked/shell
Fresh Smoked Salmon,Fruit; tropical fresh nes,food_commodity_token,fruit  tropical fresh nes,fish - fresh wet/smoked/shell
Fresh Smoked Trout,Fruit; tropical fresh nes,food_commodity_token,fruit  tropical fresh nes,fish - fresh wet/smoked/shell
Fresh Smoked Whiting,Fruit; tropical fresh nes,food_commodity_token,fruit  tropical fresh nes,fish - fresh wet/smoked/shell
Fresh Sole Dover,Fruit; tropical fresh nes,food_commodity_token,fruit  tropical fresh nes,fish - fresh wet/smoked/shell
Fresh Sole Lemon,Fruit; tropical fresh nes,food_commodity_token,fruit  tropical fresh nes,fish - fresh wet/smoked/shell
Fresh Trout,Fruit; tropical fresh nes,food_commodity_token,fruit  tropical fresh nes,fish - fresh wet/smoked/shell
Fresh Tuna,Fruit; tropical fresh nes,food_commodity_token,fruit  tropical fresh nes,fish - fresh wet/smoked/shell
Fresh Whiting,Fruit; tropical fresh nes,food_commodity_token,fruit  tropical fresh nes,fish - fresh wet/smoked/shell
Wet/Smoked Fis Hot Smoked Mack,fish - fresh wet/smoked/shell,original_mapping,fish   fresh wet smoked shell,fish - fresh wet/smoked/shell
Wet/Smoked Fis Smoked Loch Tro,fish - fresh wet/smoked/shell,original_mapping,fish   fresh wet smoked shell,fish - fresh wet/smoked/shell
Wet/Smoked Fis Smoked Pollock,fish - fresh wet/smoked/shell,original_mapping,fish   fresh wet smoked shell,fish - fresh wet/smoked/shell
Wet/Smoked Fis Smoked Sea Bass,fish - fresh wet/smoked/shell,original_mapping,fish   fresh wet smoked shell,fish - fresh wet/smoked/shell
Wet/Smoked Fis Wild Smoked Sal,fish - fresh wet/smoked/shell,original_mapping,fish   fresh wet smoked shell,fish - fresh wet/smoked/shell
Wet/Smoked Fish Battered,Fish,food_commodity_phrase,fish,fish - fresh wet/smoked/shell
Wet/Smoked Fish Breaded,Fish,food_commodity_phrase,fish,fish - fresh wet/smoked/shell
Wet/Smoked Fish Loch Trout,Fish,food_commodity_phrase,fish,fish - fresh wet/smoked/shell
Wet/Smoked Fish Pollock,Fish,food_commodity_phrase,fish,fish - fresh wet/smoked/shell
Wet/Smoked Fish Sea Bream,Fish,food_commodity_phrase,fish,fish - fresh wet/smoked/shell
Wet/Smoked Fish Selection,Fish,food_commodity_phrase,fish,fish - fresh wet/smoked/shell
Wet/Smoked Fish Wild Salmon,Fish,food_commodity_phrase,fish,fish - fresh wet/smoked/shell
Wet/Smoked Halibut,fish - fresh wet/smoked/shell,original_mapping,fish   fresh wet smoked shell,fish - fresh wet/smoked/shell
Wet/Smoked Monkfish,Fish,food_commodity_phrase,fish,fish - fresh wet/smoked/shell
Wet/Smoked Sardines,fish - fresh wet/smoked/shell,original_mapping,fish   fresh wet smoked shell,fish - fresh wet/smoked/shell
Wet/Smoked Sea Bass,fish - fresh wet/smoked/shell,original_mapping,fish   fresh wet smoked shell,fish - fresh wet/smoked/shell
Wet/Smoked Smoked Halibut,fish - fresh wet/smoked/shell,original_mapping,fish   fresh wet smoked shell,fish - fresh wet/smoked/shell
Wet/Smoked Smoked Hoki,fish - fresh wet/smoked/shell,original_mapping,fish   fresh wet smoked shell,fish - fresh wet/smoked/shell
Wet/Smoked Smoked Tuna,fish - fresh wet/smoked/shell,original_mapping,fish   fresh wet smoked shell,fish - fresh wet/smoked/shell
Wet/Smoked Sole,fish - fresh wet/smoked/shell,original_mapping,fish   fresh wet smoked shell,fish - fresh wet/smoked/shell
Wet/Smoked Squid/Calamari,fish - fresh wet/smoked/shell,original_mapping,fish   fresh wet smoked shell,fish - fresh wet/smoked/shell
Wet/Smoked Swordfish,Fish,food_commodity_phrase,fish,fish - fresh wet/smoked/shell
Wet/Smoked Tilapia,fish - fresh wet/smoked/shell,original_mapping,fish   fresh wet smoked shell,fish - fresh wet/smoked/shell
Wet/Smoked White Fish,Fish,food_commodity_phrase,fish,fish - fresh wet/smoked/shell
Red,wine,original_mapping,wine,wine
White,wine,original_mapping,wine,wine
Wine Red,wine,original_mapping,wine,wine
Wine Rose,wine,original_mapping,wine,wine
Wine White,wine,original_mapping,wine,wine
Luxury,yoghurt,original_mapping,yoghurt,yoghurt
Split Pots,yoghurt,original_mapping,yoghurt,yoghurt
Yoghurt Active Health,yoghurt,original_mapping,yoghurt,yoghurt
Yoghurt Big Pot Flavoured,yoghurt,original_mapping,yoghurt,yoghurt
Yoghurt Big Pot Plain,yoghurt,original_mapping,yoghurt,yoghurt
Yoghurt Cholesterol Lowering,yoghurt,original_mapping,yoghurt,yoghurt
Yoghurt Fat Free,yoghurt,original_mapping,yoghurt,yoghurt
Yoghurt Kids Handheld,yoghurt,original_mapping,yoghurt,yoghurt
Yoghurt Kids Pots,yoghurt,original_mapping,yoghurt,yoghurt
Yoghurt Luxury,yoghurt,original_mapping,yoghurt,yoghurt
Yoghurt Other Health Benefit,Eggs; other bird; in shell,food_commodity_token,eggs  other bird  in shell,yoghurt
Yoghurt Soya/Dairy Free,yoghurt,original_mapping,yoghurt,yoghurt
Yoghurt Split Pots,yoghurt,original_mapping,yoghurt,yoghurt
Yoghurt Standard,yoghurt,original_mapping,yoghurt,yoghurt
Ygrht Drinks Non Active Health,yoghurt drinks and juices,original_mapping,yoghurt drinks and juices,yoghurt drinks and juices
Yoghurt Drinks Active Health,yoghurt drinks and juices,original_mapping,yoghurt drinks and juices,yoghurt drinks and juices
Yoghurt Drinks And Juices,Meat; goose and guinea fowl,food_commodity_token,meat  goose and guinea fowl,yoghurt drinks and juices
